
--- dgtw/dx: Hashin sensitivity w.r.t. density ---
Element AnalyticValue Numericvalue Abs.Err Rel.Err
1        -2.739514e-02  -2.658360e-02  8.115411e-04   2.96e-02  
2        -1.497371e-02  -1.577880e-02  8.050900e-04   5.38e-02  
3        -6.001883e-03  -5.855858e-03  1.460245e-04   2.43e-02  
4        -2.147900e-03  -2.046223e-03  1.016768e-04   4.73e-02  
5        -4.472247e-04  -3.771317e-04  7.009303e-05   1.57e-01  
6        2.683836e-04   3.219736e-04   5.358991e-05   2.00e-01  
7        5.635773e-04   6.099810e-04   4.640366e-05   8.23e-02  
8        5.848328e-04   6.282064e-04   4.337361e-05   7.42e-02  
9        5.149386e-04   5.568768e-04   4.193820e-05   8.14e-02  
10       4.729437e-04   5.132073e-04   4.026358e-05   8.51e-02  
11       4.224243e-04   4.622036e-04   3.977927e-05   9.42e-02  
12       3.055807e-04   3.437961e-04   3.821541e-05   1.25e-01  
13       1.268379e-04   1.641021e-04   3.726419e-05   2.94e-01  
14       -2.212069e-05  1.398215e-05   3.610283e-05   1.63e+00  
15       -1.932897e-04  -1.572698e-04  3.601992e-05   1.86e-01  
16       -3.504728e-04  -3.166556e-04  3.381717e-05   9.65e-02  
17       -5.360366e-04  -5.030287e-04  3.300789e-05   6.16e-02  
18       -7.351050e-04  -7.052692e-04  2.983580e-05   4.06e-02  
19       -8.472607e-04  -8.196288e-04  2.763189e-05   3.26e-02  
20       -9.166473e-04  -8.906897e-04  2.595755e-05   2.83e-02  
21       -1.016665e-03  -9.926970e-04  2.396841e-05   2.36e-02  
22       -1.032884e-03  -1.009404e-03  2.348027e-05   2.27e-02  
23       -1.064919e-03  -1.041998e-03  2.292146e-05   2.15e-02  
24       -1.026262e-03  -9.974777e-04  2.878438e-05   2.80e-02  
25       -9.604019e-04  -9.172019e-04  4.320004e-05   4.50e-02  
26       -9.780837e-04  -9.328960e-04  4.518776e-05   4.62e-02  
27       -1.071926e-03  -1.035076e-03  3.684957e-05   3.44e-02  
28       -1.075097e-03  -1.040399e-03  3.469842e-05   3.23e-02  
29       -9.940083e-04  -9.570855e-04  3.692276e-05   3.71e-02  
30       -1.048019e-03  -1.012959e-03  3.506040e-05   3.35e-02  
31       -1.083875e-03  -1.044269e-03  3.960620e-05   3.65e-02  
32       -9.468605e-04  -9.151124e-04  3.174803e-05   3.35e-02  
33       -8.353816e-04  -8.073853e-04  2.799631e-05   3.35e-02  
34       -7.288401e-04  -6.991607e-04  2.967940e-05   4.07e-02  
35       -5.596507e-04  -5.342238e-04  2.542688e-05   4.54e-02  
36       -3.895045e-04  -3.698064e-04  1.969811e-05   5.06e-02  
37       -2.368843e-04  -2.225309e-04  1.435341e-05   6.06e-02  
38       -1.357204e-04  -1.273315e-04  8.388891e-06   6.18e-02  
39       -7.939142e-05  -7.442269e-05  4.968729e-06   6.26e-02  
40       -4.909840e-05  -4.677148e-05  2.326921e-06   4.74e-02  
41       -3.350922e-05  -3.231637e-05  1.192848e-06   3.56e-02  
42       -2.287451e-05  -2.218892e-05  6.855897e-07   3.00e-02  
43       -1.446008e-05  -1.434630e-05  1.137822e-07   7.87e-03  
44       -8.704186e-06  -8.482104e-06  2.220823e-07   2.55e-02  
45       -4.907849e-06  -5.262457e-06  3.546082e-07   7.23e-02  
46       -2.623608e-06  -2.926548e-06  3.029394e-07   1.15e-01  
47       -1.314800e-06  -1.629807e-06  3.150076e-07   2.40e-01  
48       -5.787137e-07  -4.352074e-07  1.435063e-07   2.48e-01  
49       -1.937326e-07  1.110223e-08   2.048348e-07   1.06e+00  
50       -3.717116e-08  3.486100e-07   3.857812e-07   1.04e+01  
51       -1.484180e-02  -1.564684e-02  8.050381e-04   5.42e-02  
52       -9.601820e-03  -1.019382e-02  5.920037e-04   6.17e-02  
53       -6.325616e-03  -6.429528e-03  1.039120e-04   1.64e-02  
54       -4.306141e-03  -4.332243e-03  2.610258e-05   6.06e-03  
55       -3.043173e-03  -3.037224e-03  5.949402e-06   1.95e-03  
56       -2.342825e-03  -2.325160e-03  1.766506e-05   7.54e-03  
57       -2.001570e-03  -1.978409e-03  2.316150e-05   1.16e-02  
58       -1.857231e-03  -1.835179e-03  2.205281e-05   1.19e-02  
59       -1.784527e-03  -1.765124e-03  1.940312e-05   1.09e-02  
60       -1.724367e-03  -1.705378e-03  1.898878e-05   1.10e-02  
61       -1.672161e-03  -1.654072e-03  1.808812e-05   1.08e-02  
62       -1.639857e-03  -1.624678e-03  1.517855e-05   9.26e-03  
63       -1.626603e-03  -1.617211e-03  9.392426e-06   5.77e-03  
64       -1.585017e-03  -1.578704e-03  6.312909e-06   3.98e-03  
65       -1.544780e-03  -1.543774e-03  1.005626e-06   6.51e-04  
66       -1.485914e-03  -1.487828e-03  1.913710e-06   1.29e-03  
67       -1.450359e-03  -1.456812e-03  6.453940e-06   4.45e-03  
68       -1.395611e-03  -1.408877e-03  1.326654e-05   9.51e-03  
69       -1.334048e-03  -1.350298e-03  1.624950e-05   1.22e-02  
70       -1.273290e-03  -1.291378e-03  1.808808e-05   1.42e-02  
71       -1.246355e-03  -1.269076e-03  2.272133e-05   1.82e-02  
72       -1.261800e-03  -1.283174e-03  2.137338e-05   1.69e-02  
73       -1.287260e-03  -1.310101e-03  2.284119e-05   1.77e-02  
74       -1.438322e-03  -1.459455e-03  2.113259e-05   1.47e-02  
75       -1.753054e-03  -1.767739e-03  1.468540e-05   8.38e-03  
76       -1.819614e-03  -1.834637e-03  1.502242e-05   8.26e-03  
77       -1.692293e-03  -1.714395e-03  2.210237e-05   1.31e-02  
78       -1.585502e-03  -1.606417e-03  2.091507e-05   1.32e-02  
79       -1.556554e-03  -1.572906e-03  1.635250e-05   1.05e-02  
80       -1.540816e-03  -1.560803e-03  1.998667e-05   1.30e-02  
81       -1.643887e-03  -1.664442e-03  2.055457e-05   1.25e-02  
82       -1.469818e-03  -1.487390e-03  1.757178e-05   1.20e-02  
83       -1.349088e-03  -1.365568e-03  1.647931e-05   1.22e-02  
84       -1.278384e-03  -1.291254e-03  1.286935e-05   1.01e-02  
85       -1.138599e-03  -1.147693e-03  9.094353e-06   7.99e-03  
86       -9.142680e-04  -9.206658e-04  6.397813e-06   7.00e-03  
87       -6.956855e-04  -6.982415e-04  2.555958e-06   3.67e-03  
88       -4.577725e-04  -4.591283e-04  1.355832e-06   2.96e-03  
89       -2.734031e-04  -2.739187e-04  5.156057e-07   1.89e-03  
90       -1.537571e-04  -1.550582e-04  1.301120e-06   8.46e-03  
91       -8.810362e-05  -8.927303e-05  1.169410e-06   1.33e-02  
92       -5.294250e-05  -5.316636e-05  2.238578e-07   4.23e-03  
93       -3.221061e-05  -3.232969e-05  1.190880e-07   3.70e-03  
94       -1.981886e-05  -1.967537e-05  1.434844e-07   7.24e-03  
95       -1.206630e-05  -1.208367e-05  1.736831e-08   1.44e-03  
96       -7.164236e-06  -7.522871e-06  3.586347e-07   5.01e-02  
97       -4.084299e-06  -4.549694e-06  4.653950e-07   1.14e-01  
98       -2.166997e-06  -1.694200e-06  4.727970e-07   2.18e-01  
99       -9.637647e-07  -6.150636e-07  3.487011e-07   3.62e-01  
100      -3.164925e-07  -1.221245e-07  1.943680e-07   6.14e-01  
101      -2.682791e-03  -2.633331e-03  4.945921e-05   1.84e-02  
102      -2.922002e-03  -2.923537e-03  1.534593e-06   5.25e-04  
103      -3.493792e-03  -3.494307e-03  5.155199e-07   1.48e-04  
104      -3.601088e-03  -3.600025e-03  1.063149e-06   2.95e-04  
105      -3.514280e-03  -3.514244e-03  3.572114e-08   1.02e-05  
106      -3.401185e-03  -3.400475e-03  7.099736e-07   2.09e-04  
107      -3.316039e-03  -3.316343e-03  3.034659e-07   9.15e-05  
108      -3.202572e-03  -3.202374e-03  1.983644e-07   6.19e-05  
109      -3.099428e-03  -3.099023e-03  4.043695e-07   1.30e-04  
110      -3.011267e-03  -3.012262e-03  9.948227e-07   3.30e-04  
111      -2.900259e-03  -2.899641e-03  6.182646e-07   2.13e-04  
112      -2.784064e-03  -2.784504e-03  4.399056e-07   1.58e-04  
113      -2.640666e-03  -2.640850e-03  1.840201e-07   6.97e-05  
114      -2.458290e-03  -2.459628e-03  1.337767e-06   5.44e-04  
115      -2.263777e-03  -2.263754e-03  2.354847e-08   1.04e-05  
116      -2.093181e-03  -2.092890e-03  2.907306e-07   1.39e-04  
117      -1.982414e-03  -1.983116e-03  7.014951e-07   3.54e-04  
118      -1.887321e-03  -1.886924e-03  3.972377e-07   2.10e-04  
119      -1.866720e-03  -1.866638e-03  8.192842e-08   4.39e-05  
120      -1.884698e-03  -1.883727e-03  9.716443e-07   5.16e-04  
121      -1.894268e-03  -1.894742e-03  4.743709e-07   2.50e-04  
122      -1.956271e-03  -1.956688e-03  4.169636e-07   2.13e-04  
123      -1.899191e-03  -1.899185e-03  6.074502e-09   3.20e-06  
124      -1.774530e-03  -1.775826e-03  1.296310e-06   7.31e-04  
125      -1.754948e-03  -1.755007e-03  5.887922e-08   3.36e-05  
126      -1.745956e-03  -1.747031e-03  1.075002e-06   6.16e-04  
127      -1.690873e-03  -1.691600e-03  7.275195e-07   4.30e-04  
128      -1.532829e-03  -1.532454e-03  3.749815e-07   2.45e-04  
129      -1.344232e-03  -1.343694e-03  5.383077e-07   4.00e-04  
130      -1.176726e-03  -1.177292e-03  5.653595e-07   4.80e-04  
131      -1.368906e-03  -1.369367e-03  4.609283e-07   3.37e-04  
132      -1.441881e-03  -1.442133e-03  2.521101e-07   1.75e-04  
133      -1.479673e-03  -1.480125e-03  4.515950e-07   3.05e-04  
134      -1.457876e-03  -1.458396e-03  5.196196e-07   3.56e-04  
135      -1.475859e-03  -1.476861e-03  1.001975e-06   6.79e-04  
136      -1.304640e-03  -1.305274e-03  6.337342e-07   4.86e-04  
137      -1.221431e-03  -1.221199e-03  2.319064e-07   1.90e-04  
138      -9.339942e-04  -9.339929e-04  1.283366e-09   1.37e-06  
139      -6.086413e-04  -6.093459e-04  7.046212e-07   1.16e-03  
140      -3.551346e-04  -3.545875e-04  5.471066e-07   1.54e-03  
141      -1.916981e-04  -1.919465e-04  2.483400e-07   1.30e-03  
142      -1.049942e-04  -1.047229e-04  2.713276e-07   2.58e-03  
143      -6.033806e-05  -6.053380e-05  1.957447e-07   3.24e-03  
144      -3.580116e-05  -3.570477e-05  9.638676e-08   2.69e-03  
145      -2.171013e-05  -2.253309e-05  8.229549e-07   3.79e-02  
146      -1.324701e-05  -1.408873e-05  8.417205e-07   6.35e-02  
147      -7.993186e-06  -8.357759e-06  3.645727e-07   4.56e-02  
148      -4.698570e-06  -4.545253e-06  1.533170e-07   3.26e-02  
149      -2.473182e-06  -1.838529e-06  6.346526e-07   2.57e-01  
150      -1.149195e-06  -6.861178e-07  4.630775e-07   4.03e-01  
151      -3.398309e-05  -3.226308e-05  1.720011e-06   5.06e-02  
152      -3.911571e-04  -3.915068e-04  3.496840e-07   8.94e-04  
153      -7.000161e-04  -6.994583e-04  5.578659e-07   7.97e-04  
154      -9.765726e-04  -9.758461e-04  7.265764e-07   7.44e-04  
155      -1.258336e-03  -1.258500e-03  1.636502e-07   1.30e-04  
156      -1.535424e-03  -1.535874e-03  4.495105e-07   2.93e-04  
157      -1.819518e-03  -1.820126e-03  6.080315e-07   3.34e-04  
158      -2.055513e-03  -2.055143e-03  3.701149e-07   1.80e-04  
159      -2.268828e-03  -2.268437e-03  3.913969e-07   1.73e-04  
160      -2.439540e-03  -2.439406e-03  1.334724e-07   5.47e-05  
161      -2.516767e-03  -2.516545e-03  2.226153e-07   8.85e-05  
162      -2.537467e-03  -2.538074e-03  6.069068e-07   2.39e-04  
163      -2.501632e-03  -2.501392e-03  2.392583e-07   9.56e-05  
164      -2.414522e-03  -2.414249e-03  2.732406e-07   1.13e-04  
165      -2.323961e-03  -2.323770e-03  1.909731e-07   8.22e-05  
166      -2.279890e-03  -2.279585e-03  3.042209e-07   1.33e-04  
167      -2.239191e-03  -2.239580e-03  3.886452e-07   1.74e-04  
168      -2.189108e-03  -2.189819e-03  7.113937e-07   3.25e-04  
169      -2.163273e-03  -2.163973e-03  7.000225e-07   3.24e-04  
170      -2.131754e-03  -2.132330e-03  5.763237e-07   2.70e-04  
171      -2.057878e-03  -2.057698e-03  1.791402e-07   8.71e-05  
172      -2.022336e-03  -2.022493e-03  1.576853e-07   7.80e-05  
173      -2.047137e-03  -2.047340e-03  2.032116e-07   9.93e-05  
174      -1.984745e-03  -1.984755e-03  9.160888e-09   4.62e-06  
175      -1.861666e-03  -1.862070e-03  4.045840e-07   2.17e-04  
176      -1.910047e-03  -1.910825e-03  7.782320e-07   4.07e-04  
177      -1.910890e-03  -1.911520e-03  6.296884e-07   3.30e-04  
178      -1.652378e-03  -1.653053e-03  6.755837e-07   4.09e-04  
179      -1.209097e-03  -1.209408e-03  3.112964e-07   2.57e-04  
180      -9.012859e-04  -9.005729e-04  7.129900e-07   7.91e-04  
181      -8.899685e-04  -8.899126e-04  5.592820e-08   6.28e-05  
182      -9.921804e-04  -9.919110e-04  2.694123e-07   2.72e-04  
183      -7.991014e-04  -7.990852e-04  1.620082e-08   2.03e-05  
184      -1.074734e-03  -1.075240e-03  5.059832e-07   4.71e-04  
185      -1.228220e-03  -1.227594e-03  6.267381e-07   5.10e-04  
186      -1.305427e-03  -1.305593e-03  1.661116e-07   1.27e-04  
187      -1.535604e-03  -1.536922e-03  1.317527e-06   8.58e-04  
188      -1.487487e-03  -1.487610e-03  1.234706e-07   8.30e-05  
189      -1.158021e-03  -1.158360e-03  3.390012e-07   2.93e-04  
190      -7.655399e-04  -7.657674e-04  2.275777e-07   2.97e-04  
191      -4.233486e-04  -4.227219e-04  6.267336e-07   1.48e-03  
192      -2.079182e-04  -2.077116e-04  2.066105e-07   9.94e-04  
193      -1.009011e-04  -1.012368e-04  3.357042e-07   3.33e-03  
194      -5.345348e-05  -5.437428e-05  9.208044e-07   1.72e-02  
195      -3.079624e-05  -3.111289e-05  3.166508e-07   1.03e-02  
196      -1.852613e-05  -1.902922e-05  5.030930e-07   2.72e-02  
197      -1.147002e-05  -1.218359e-05  7.135653e-07   6.22e-02  
198      -7.116914e-06  -7.764900e-06  6.479859e-07   9.10e-02  
199      -4.180565e-06  -4.498624e-06  3.180591e-07   7.61e-02  
200      -2.480518e-06  -3.146372e-06  6.658544e-07   2.68e-01  
201      -1.507119e-05  -1.447065e-05  6.005442e-07   3.98e-02  
202      -2.324068e-05  -2.309708e-05  1.435966e-07   6.18e-03  
203      -6.380569e-05  -6.300072e-05  8.049753e-07   1.26e-02  
204      -1.516856e-04  -1.516232e-04  6.243111e-08   4.12e-04  
205      -2.904039e-04  -2.905232e-04  1.192146e-07   4.11e-04  
206      -4.713972e-04  -4.710587e-04  3.384200e-07   7.18e-04  
207      -6.959502e-04  -6.952594e-04  6.907986e-07   9.93e-04  
208      -9.411315e-04  -9.414269e-04  2.954711e-07   3.14e-04  
209      -1.204705e-03  -1.204754e-03  4.925027e-08   4.09e-05  
210      -1.461804e-03  -1.461486e-03  3.174673e-07   2.17e-04  
211      -1.669080e-03  -1.669451e-03  3.713771e-07   2.23e-04  
212      -1.816288e-03  -1.816336e-03  4.816363e-08   2.65e-05  
213      -1.922533e-03  -1.923286e-03  7.530518e-07   3.92e-04  
214      -1.995434e-03  -1.994613e-03  8.205887e-07   4.11e-04  
215      -2.066203e-03  -2.067098e-03  8.941307e-07   4.33e-04  
216      -2.148608e-03  -2.148342e-03  2.664964e-07   1.24e-04  
217      -2.156097e-03  -2.155527e-03  5.699708e-07   2.64e-04  
218      -2.107606e-03  -2.106970e-03  6.358049e-07   3.02e-04  
219      -2.032306e-03  -2.032026e-03  2.806495e-07   1.38e-04  
220      -1.927866e-03  -1.927347e-03  5.187454e-07   2.69e-04  
221      -1.835966e-03  -1.836737e-03  7.710865e-07   4.20e-04  
222      -1.833122e-03  -1.833578e-03  4.558945e-07   2.49e-04  
223      -2.036373e-03  -2.037015e-03  6.423811e-07   3.15e-04  
224      -2.253837e-03  -2.253757e-03  7.970384e-08   3.54e-05  
225      -2.419908e-03  -2.420240e-03  3.315149e-07   1.37e-04  
226      -2.718413e-03  -2.718099e-03  3.141097e-07   1.16e-04  
227      -2.909741e-03  -2.910143e-03  4.019862e-07   1.38e-04  
228      -2.980745e-03  -2.981251e-03  5.060147e-07   1.70e-04  
229      -3.124535e-03  -3.124987e-03  4.517525e-07   1.45e-04  
230      -3.656195e-03  -3.656606e-03  4.108940e-07   1.12e-04  
231      -4.119370e-03  -4.119121e-03  2.494677e-07   6.06e-05  
232      -3.931684e-03  -3.930762e-03  9.218005e-07   2.34e-04  
233      -2.030921e-03  -2.030129e-03  7.913787e-07   3.90e-04  
234      -1.295906e-03  -1.296097e-03  1.902668e-07   1.47e-04  
235      -9.322832e-04  -9.327450e-04  4.618222e-07   4.95e-04  
236      -8.292804e-04  -8.289636e-04  3.168390e-07   3.82e-04  
237      -1.304183e-03  -1.303329e-03  8.540253e-07   6.55e-04  
238      -1.803951e-03  -1.803875e-03  7.627517e-08   4.23e-05  
239      -1.712870e-03  -1.713008e-03  1.375759e-07   8.03e-05  
240      -1.343992e-03  -1.344531e-03  5.391824e-07   4.01e-04  
241      -8.635986e-04  -8.630519e-04  5.467261e-07   6.33e-04  
242      -4.555040e-04  -4.556155e-04  1.115825e-07   2.45e-04  
243      -2.041106e-04  -2.040235e-04  8.715918e-08   4.27e-04  
244      -8.771407e-05  -8.841594e-05  7.018734e-07   8.00e-03  
245      -4.298822e-05  -4.318768e-05  1.994590e-07   4.64e-03  
246      -2.427950e-05  -2.496447e-05  6.849778e-07   2.82e-02  
247      -1.485542e-05  -1.540101e-05  5.455948e-07   3.67e-02  
248      -9.369131e-06  -9.237056e-06  1.320757e-07   1.41e-02  
249      -5.842663e-06  -6.086243e-06  2.435792e-07   4.17e-02  
250      -4.001160e-06  -4.192202e-06  1.910422e-07   4.77e-02  
251      -6.354674e-06  -6.352696e-06  1.977503e-09   3.11e-04  
252      -1.219281e-05  -1.288969e-05  6.968753e-07   5.72e-02  
253      -2.493138e-05  -2.505329e-05  1.219170e-07   4.89e-03  
254      -4.925237e-05  -4.918732e-05  6.505127e-08   1.32e-03  
255      -9.620671e-05  -9.628298e-05  7.627421e-08   7.93e-04  
256      -1.751064e-04  -1.751865e-04  8.013616e-08   4.58e-04  
257      -2.927999e-04  -2.931477e-04  3.478721e-07   1.19e-03  
258      -4.380211e-04  -4.377609e-04  2.601435e-07   5.94e-04  
259      -6.237208e-04  -6.239209e-04  2.001324e-07   3.21e-04  
260      -8.577531e-04  -8.578094e-04  5.632539e-08   6.57e-05  
261      -1.135709e-03  -1.136000e-03  2.915189e-07   2.57e-04  
262      -1.398025e-03  -1.397640e-03  3.849149e-07   2.75e-04  
263      -1.665213e-03  -1.665310e-03  9.700314e-08   5.83e-05  
264      -1.936492e-03  -1.937235e-03  7.429764e-07   3.84e-04  
265      -2.165420e-03  -2.165326e-03  9.446371e-08   4.36e-05  
266      -2.290842e-03  -2.290581e-03  2.609223e-07   1.14e-04  
267      -2.258025e-03  -2.257898e-03  1.269157e-07   5.62e-05  
268      -2.119663e-03  -2.118594e-03  1.069001e-06   5.04e-04  
269      -1.913335e-03  -1.913991e-03  6.562222e-07   3.43e-04  
270      -1.771129e-03  -1.770681e-03  4.480363e-07   2.53e-04  
271      -1.809096e-03  -1.809273e-03  1.764093e-07   9.75e-05  
272      -1.988888e-03  -1.989420e-03  5.320237e-07   2.67e-04  
273      -2.277161e-03  -2.276892e-03  2.694785e-07   1.18e-04  
274      -2.533143e-03  -2.532974e-03  1.692984e-07   6.68e-05  
275      -2.656465e-03  -2.655822e-03  6.423075e-07   2.42e-04  
276      -2.746335e-03  -2.745610e-03  7.247966e-07   2.64e-04  
277      -2.320212e-03  -2.320022e-03  1.902799e-07   8.20e-05  
278      -1.284339e-03  -1.284486e-03  1.466309e-07   1.14e-04  
279      -6.422925e-04  -6.436029e-04  1.310415e-06   2.04e-03  
280      -1.091793e-03  -1.091289e-03  5.032806e-07   4.61e-04  
281      -1.650919e-03  -1.651106e-03  1.871033e-07   1.13e-04  
282      -3.229443e-03  -3.228677e-03  7.658333e-07   2.37e-04  
283      -3.490536e-03  -3.490555e-03  1.871104e-08   5.36e-06  
284      -4.022049e-03  -4.021741e-03  3.087686e-07   7.68e-05  
285      -3.996586e-03  -3.996239e-03  3.469381e-07   8.68e-05  
286      -2.113153e-03  -2.113760e-03  6.071882e-07   2.87e-04  
287      -1.517968e-03  -1.517269e-03  6.994025e-07   4.61e-04  
288      -1.524339e-03  -1.524902e-03  5.632646e-07   3.70e-04  
289      -1.916480e-03  -1.915712e-03  7.683570e-07   4.01e-04  
290      -1.801853e-03  -1.801861e-03  7.998282e-09   4.44e-06  
291      -1.419822e-03  -1.419764e-03  5.795014e-08   4.08e-05  
292      -8.931721e-04  -8.922463e-04  9.258136e-07   1.04e-03  
293      -4.440855e-04  -4.450063e-04  9.207606e-07   2.07e-03  
294      -1.818576e-04  -1.816325e-04  2.250898e-07   1.24e-03  
295      -6.985690e-05  -6.999290e-05  1.360014e-07   1.95e-03  
296      -3.191175e-05  -3.184342e-05  6.833485e-08   2.14e-03  
297      -1.823270e-05  -1.833200e-05  9.930261e-08   5.45e-03  
298      -1.141641e-05  -1.203704e-05  6.206260e-07   5.44e-02  
299      -7.325989e-06  -7.911449e-06  5.854605e-07   7.99e-02  
300      -5.248757e-06  -5.868639e-06  6.198818e-07   1.18e-01  
301      5.285938e-06   4.767298e-06   5.186402e-07   9.81e-02  
302      -1.662857e-05  -1.707967e-05  4.511032e-07   2.71e-02  
303      -4.614853e-05  -4.593881e-05  2.097238e-07   4.54e-03  
304      -6.892709e-05  -6.911582e-05  1.887391e-07   2.74e-03  
305      -9.744001e-05  -9.743761e-05  2.395563e-09   2.46e-05  
306      -1.407463e-04  -1.398237e-04  9.226192e-07   6.56e-03  
307      -2.045985e-04  -2.043898e-04  2.086780e-07   1.02e-03  
308      -2.910153e-04  -2.908873e-04  1.280036e-07   4.40e-04  
309      -4.411020e-04  -4.416867e-04  5.847316e-07   1.33e-03  
310      -6.575819e-04  -6.578804e-04  2.985270e-07   4.54e-04  
311      -8.957688e-04  -8.956835e-04  8.525369e-08   9.52e-05  
312      -1.037962e-03  -1.038503e-03  5.404668e-07   5.21e-04  
313      -1.105314e-03  -1.105103e-03  2.109566e-07   1.91e-04  
314      -1.114662e-03  -1.113902e-03  7.594109e-07   6.81e-04  
315      -1.096800e-03  -1.096527e-03  2.724265e-07   2.48e-04  
316      -1.069922e-03  -1.070328e-03  4.061404e-07   3.80e-04  
317      -1.021865e-03  -1.021314e-03  5.504609e-07   5.39e-04  
318      -9.995527e-04  -9.992718e-04  2.809355e-07   2.81e-04  
319      -9.225509e-04  -9.237699e-04  1.219077e-06   1.32e-03  
320      -8.872722e-04  -8.867196e-04  5.525828e-07   6.23e-04  
321      -9.983171e-04  -9.977796e-04  5.374163e-07   5.38e-04  
322      -1.111595e-03  -1.111675e-03  8.056452e-08   7.25e-05  
323      -1.183310e-03  -1.183593e-03  2.831693e-07   2.39e-04  
324      -1.269662e-03  -1.270219e-03  5.576687e-07   4.39e-04  
325      -1.384823e-03  -1.384153e-03  6.699499e-07   4.84e-04  
326      -1.601226e-03  -1.601224e-03  2.015090e-09   1.26e-06  
327      -1.229324e-03  -1.228893e-03  4.311483e-07   3.51e-04  
328      -2.192451e-04  -2.192824e-04  3.725582e-08   1.70e-04  
329      -1.921982e-04  -1.916978e-04  5.004400e-07   2.60e-03  
330      -6.028718e-04  -6.021117e-04  7.601399e-07   1.26e-03  
331      1.535715e-04   1.532707e-04   3.007314e-07   1.96e-03  
332      -4.962437e-04  -4.962986e-04  5.485266e-08   1.11e-04  
333      -1.121832e-03  -1.122311e-03  4.786405e-07   4.27e-04  
334      -1.807229e-03  -1.807752e-03  5.224152e-07   2.89e-04  
335      -4.021645e-03  -4.021579e-03  6.660764e-08   1.66e-05  
336      -3.726230e-03  -3.726845e-03  6.157056e-07   1.65e-04  
337      -3.922685e-03  -3.922709e-03  2.392730e-08   6.10e-06  
338      -1.399762e-03  -1.400082e-03  3.207655e-07   2.29e-04  
339      -1.717396e-03  -1.717202e-03  1.940686e-07   1.13e-04  
340      -1.880833e-03  -1.880904e-03  7.179207e-08   3.82e-05  
341      -1.787874e-03  -1.787792e-03  8.170890e-08   4.57e-05  
342      -1.377582e-03  -1.377503e-03  7.900137e-08   5.73e-05  
343      -8.209030e-04  -8.201129e-04  7.900920e-07   9.62e-04  
344      -3.818052e-04  -3.808842e-04  9.210058e-07   2.41e-03  
345      -1.483024e-04  -1.472023e-04  1.100108e-06   7.42e-03  
346      -5.132058e-05  -5.156764e-05  2.470579e-07   4.81e-03  
347      -2.274894e-05  -2.276179e-05  1.285551e-08   5.65e-04  
348      -1.376776e-05  -1.459499e-05  8.272343e-07   6.01e-02  
349      -8.747869e-06  -8.735235e-06  1.263435e-08   1.44e-03  
350      -6.035134e-06  -5.271339e-06  7.637955e-07   1.27e-01  
351      1.880707e-05   1.938671e-05   5.796461e-07   3.08e-02  
352      -2.423121e-05  -2.374323e-05  4.879836e-07   2.01e-02  
353      -7.909207e-05  -7.880585e-05  2.862224e-07   3.62e-03  
354      -1.130593e-04  -1.138023e-04  7.429799e-07   6.57e-03  
355      -1.511646e-04  -1.517142e-04  5.496085e-07   3.64e-03  
356      -1.917850e-04  -1.915823e-04  2.026940e-07   1.06e-03  
357      -2.497367e-04  -2.501488e-04  4.121383e-07   1.65e-03  
358      -3.597624e-04  -3.589440e-04  8.184444e-07   2.27e-03  
359      -5.635168e-04  -5.631562e-04  3.606485e-07   6.40e-04  
360      -8.346873e-04  -8.346746e-04  1.279010e-08   1.53e-05  
361      -1.087126e-03  -1.087559e-03  4.329043e-07   3.98e-04  
362      -1.276385e-03  -1.276268e-03  1.167694e-07   9.15e-05  
363      -1.411952e-03  -1.411757e-03  1.943930e-07   1.38e-04  
364      -1.368756e-03  -1.368448e-03  3.083029e-07   2.25e-04  
365      -1.134322e-03  -1.134564e-03  2.420367e-07   2.13e-04  
366      -8.339722e-04  -8.334911e-04  4.811636e-07   5.77e-04  
367      -5.275159e-04  -5.262302e-04  1.285696e-06   2.44e-03  
368      -2.816152e-04  -2.813816e-04  2.336622e-07   8.30e-04  
369      -2.761739e-04  -2.754819e-04  6.920298e-07   2.51e-03  
370      -6.705263e-04  -6.707035e-04  1.771668e-07   2.64e-04  
371      -1.241148e-03  -1.240750e-03  3.978117e-07   3.21e-04  
372      -1.539608e-03  -1.539666e-03  5.793976e-08   3.76e-05  
373      -1.640477e-03  -1.640983e-03  5.058006e-07   3.08e-04  
374      -1.820230e-03  -1.819476e-03  7.542428e-07   4.14e-04  
375      -1.992818e-03  -1.993161e-03  3.435843e-07   1.72e-04  
376      -1.892265e-03  -1.892455e-03  1.897103e-07   1.00e-04  
377      -1.084666e-03  -1.085421e-03  7.549387e-07   6.96e-04  
378      -4.632787e-04  -4.631096e-04  1.691772e-07   3.65e-04  
379      -8.029908e-04  -8.032219e-04  2.311200e-07   2.88e-04  
380      -8.008214e-04  -8.010459e-04  2.245187e-07   2.80e-04  
381      -4.538415e-04  -4.544298e-04  5.883411e-07   1.30e-03  
382      -1.061916e-03  -1.061580e-03  3.360070e-07   3.16e-04  
383      -9.557604e-04  -9.564216e-04  6.612484e-07   6.92e-04  
384      -4.717691e-04  -4.717604e-04  8.682469e-09   1.84e-05  
385      -1.600321e-03  -1.600602e-03  2.811039e-07   1.76e-04  
386      -1.787109e-03  -1.786711e-03  3.987053e-07   2.23e-04  
387      -3.899221e-03  -3.898333e-03  8.879933e-07   2.28e-04  
388      -7.006118e-04  -7.004242e-04  1.876211e-07   2.68e-04  
389      -1.620544e-03  -1.621405e-03  8.608145e-07   5.31e-04  
390      -1.743868e-03  -1.743299e-03  5.690947e-07   3.26e-04  
391      -1.834813e-03  -1.834564e-03  2.491545e-07   1.36e-04  
392      -1.706970e-03  -1.705984e-03  9.858110e-07   5.78e-04  
393      -1.239744e-03  -1.239759e-03  1.569073e-08   1.27e-05  
394      -6.722449e-04  -6.727952e-04  5.502500e-07   8.19e-04  
395      -3.129740e-04  -3.129319e-04  4.207518e-08   1.34e-04  
396      -1.211361e-04  -1.216205e-04  4.844215e-07   4.00e-03  
397      -3.666176e-05  -3.596456e-05  6.971919e-07   1.90e-02  
398      -1.740773e-05  -1.727063e-05  1.371031e-07   7.88e-03  
399      -1.086980e-05  -1.161737e-05  7.475748e-07   6.88e-02  
400      -6.606720e-06  -5.899725e-06  7.069945e-07   1.07e-01  
401      2.107587e-05   2.132738e-05   2.515101e-07   1.19e-02  
402      -3.266663e-05  -3.222977e-05  4.368528e-07   1.34e-02  
403      -9.896883e-05  -9.906520e-05  9.636588e-08   9.74e-04  
404      -1.390648e-04  -1.389422e-04  1.225655e-07   8.81e-04  
405      -1.852321e-04  -1.849698e-04  2.622950e-07   1.42e-03  
406      -2.265369e-04  -2.264522e-04  8.467555e-08   3.74e-04  
407      -2.917685e-04  -2.917888e-04  2.028524e-08   6.95e-05  
408      -4.476507e-04  -4.475087e-04  1.420244e-07   3.17e-04  
409      -6.503610e-04  -6.499845e-04  3.765053e-07   5.79e-04  
410      -9.163995e-04  -9.162959e-04  1.035517e-07   1.13e-04  
411      -1.210274e-03  -1.210141e-03  1.328106e-07   1.10e-04  
412      -1.529164e-03  -1.528964e-03  2.005904e-07   1.31e-04  
413      -1.708265e-03  -1.708498e-03  2.325580e-07   1.36e-04  
414      -1.545945e-03  -1.546097e-03  1.519678e-07   9.83e-05  
415      -9.835198e-04  -9.832490e-04  2.707454e-07   2.75e-04  
416      -3.612195e-04  -3.618950e-04  6.754376e-07   1.87e-03  
417      1.975300e-05   1.937117e-05   3.818299e-07   1.93e-02  
418      2.533882e-04   2.531064e-04   2.817886e-07   1.11e-03  
419      -2.352345e-04  -2.358913e-04  6.568168e-07   2.79e-03  
420      -1.367669e-03  -1.366631e-03  1.037827e-06   7.59e-04  
421      -2.112256e-03  -2.111884e-03  3.721697e-07   1.76e-04  
422      -2.109031e-03  -2.109160e-03  1.289754e-07   6.12e-05  
423      -2.128876e-03  -2.128953e-03  7.671430e-08   3.60e-05  
424      -2.540437e-03  -2.540037e-03  3.997875e-07   1.57e-04  
425      -2.636915e-03  -2.637484e-03  5.687731e-07   2.16e-04  
426      -1.559688e-03  -1.560168e-03  4.791587e-07   3.07e-04  
427      -4.226372e-04  -4.225043e-04  1.329008e-07   3.14e-04  
428      -5.575721e-04  -5.581802e-04  6.080884e-07   1.09e-03  
429      -1.163034e-03  -1.163818e-03  7.836429e-07   6.74e-04  
430      -1.188815e-03  -1.189042e-03  2.268801e-07   1.91e-04  
431      -1.550166e-03  -1.550575e-03  4.087804e-07   2.64e-04  
432      -1.901027e-03  -1.901632e-03  6.052714e-07   3.18e-04  
433      -2.464939e-03  -2.464857e-03  8.148351e-08   3.31e-05  
434      -3.354571e-03  -3.355254e-03  6.827932e-07   2.04e-04  
435      -2.441433e-03  -2.441578e-03  1.450558e-07   5.94e-05  
436      -4.871259e-04  -4.878342e-04  7.083477e-07   1.45e-03  
437      -2.598459e-03  -2.598313e-03  1.464260e-07   5.64e-05  
438      -7.225295e-04  -7.213696e-04  1.159850e-06   1.61e-03  
439      -1.962820e-03  -1.962273e-03  5.474434e-07   2.79e-04  
440      -1.692437e-03  -1.692342e-03  9.470606e-08   5.60e-05  
441      -1.693251e-03  -1.693292e-03  4.128929e-08   2.44e-05  
442      -1.795675e-03  -1.795200e-03  4.751823e-07   2.65e-04  
443      -1.616019e-03  -1.615035e-03  9.846673e-07   6.09e-04  
444      -9.398050e-04  -9.400325e-04  2.274980e-07   2.42e-04  
445      -4.975932e-04  -4.966827e-04  9.104853e-07   1.83e-03  
446      -2.587256e-04  -2.587819e-04  5.632464e-08   2.18e-04  
447      -9.104881e-05  -9.148238e-05  4.335700e-07   4.76e-03  
448      -2.766241e-05  -2.734923e-05  3.131786e-07   1.13e-02  
449      -1.569806e-05  -1.538547e-05  3.125936e-07   1.99e-02  
450      -7.715312e-06  -7.234213e-06  4.810990e-07   6.24e-02  
451      -5.094809e-06  -5.178080e-06  8.327131e-08   1.63e-02  
452      -3.231918e-05  -3.172129e-05  5.978901e-07   1.85e-02  
453      -7.052814e-05  -7.090772e-05  3.795849e-07   5.38e-03  
454      -1.160844e-04  -1.167577e-04  6.733352e-07   5.80e-03  
455      -1.898658e-04  -1.890599e-04  8.059154e-07   4.24e-03  
456      -2.514898e-04  -2.513745e-04  1.153376e-07   4.59e-04  
457      -3.157059e-04  -3.151346e-04  5.713625e-07   1.81e-03  
458      -4.641895e-04  -4.637002e-04  4.893160e-07   1.05e-03  
459      -6.017594e-04  -6.012213e-04  5.380783e-07   8.94e-04  
460      -8.186256e-04  -8.186629e-04  3.735029e-08   4.56e-05  
461      -1.139901e-03  -1.140235e-03  3.338138e-07   2.93e-04  
462      -1.321192e-03  -1.321010e-03  1.817406e-07   1.38e-04  
463      -1.324546e-03  -1.324123e-03  4.228137e-07   3.19e-04  
464      -1.095418e-03  -1.095464e-03  4.547888e-08   4.15e-05  
465      -4.548840e-04  -4.546585e-04  2.254264e-07   4.96e-04  
466      3.809020e-05   3.782530e-05   2.649038e-07   6.95e-03  
467      2.892958e-04   2.889822e-04   3.136394e-07   1.08e-03  
468      2.607430e-04   2.606271e-04   1.159386e-07   4.45e-04  
469      -8.611200e-04  -8.603740e-04  7.460085e-07   8.66e-04  
470      -2.178668e-03  -2.178453e-03  2.148132e-07   9.86e-05  
471      -2.593995e-03  -2.593790e-03  2.055721e-07   7.92e-05  
472      -2.405744e-03  -2.405260e-03  4.834420e-07   2.01e-04  
473      -2.550350e-03  -2.550589e-03  2.388692e-07   9.37e-05  
474      -2.672503e-03  -2.672778e-03  2.748620e-07   1.03e-04  
475      -1.993479e-03  -1.993306e-03  1.739327e-07   8.73e-05  
476      -1.336506e-04  -1.336620e-04  1.136215e-08   8.50e-05  
477      -2.534919e-04  -2.528311e-04  6.608321e-07   2.61e-03  
478      -1.426248e-03  -1.427014e-03  7.657527e-07   5.37e-04  
479      -1.965877e-03  -1.966174e-03  2.972603e-07   1.51e-04  
480      -2.078059e-03  -2.078127e-03  6.795539e-08   3.27e-05  
481      -2.598676e-03  -2.598319e-03  3.564546e-07   1.37e-04  
482      -3.155916e-03  -3.155753e-03  1.621960e-07   5.14e-05  
483      -3.755973e-03  -3.755993e-03  2.024025e-08   5.39e-06  
484      -4.043753e-03  -4.043408e-03  3.449894e-07   8.53e-05  
485      -2.279168e-03  -2.278893e-03  2.752517e-07   1.21e-04  
486      -3.399145e-04  -3.405098e-04  5.953589e-07   1.75e-03  
487      -1.711616e-03  -1.711051e-03  5.647905e-07   3.30e-04  
488      -9.834799e-04  -9.830581e-04  4.217921e-07   4.29e-04  
489      -2.253725e-03  -2.253271e-03  4.543766e-07   2.02e-04  
490      -1.744968e-03  -1.744505e-03  4.630929e-07   2.65e-04  
491      -1.649916e-03  -1.649680e-03  2.358287e-07   1.43e-04  
492      -1.754771e-03  -1.755192e-03  4.206133e-07   2.40e-04  
493      -1.913740e-03  -1.912972e-03  7.675211e-07   4.01e-04  
494      -1.267366e-03  -1.267322e-03  4.391040e-08   3.46e-05  
495      -6.452999e-04  -6.453638e-04  6.388887e-08   9.90e-05  
496      -3.844839e-04  -3.837375e-04  7.463909e-07   1.94e-03  
497      -2.051422e-04  -2.058198e-04  6.776264e-07   3.30e-03  
498      -6.775067e-05  -6.698642e-05  7.642552e-07   1.13e-02  
499      -2.387420e-05  -2.378986e-05  8.433992e-08   3.53e-03  
500      -9.657938e-06  -9.938717e-06  2.807782e-07   2.91e-02  
501      -2.468112e-04  -2.443712e-04  2.440051e-06   9.89e-03  
502      -2.090970e-04  -2.103406e-04  1.243630e-06   5.95e-03  
503      -1.460109e-04  -1.460010e-04  9.953855e-09   6.82e-05  
504      -1.127894e-04  -1.129030e-04  1.136179e-07   1.01e-03  
505      -1.549450e-04  -1.549916e-04  4.658371e-08   3.01e-04  
506      -2.649960e-04  -2.657186e-04  7.225758e-07   2.73e-03  
507      -4.183752e-04  -4.185341e-04  1.589283e-07   3.80e-04  
508      -6.245268e-04  -6.240186e-04  5.082347e-07   8.14e-04  
509      -7.289452e-04  -7.287082e-04  2.369944e-07   3.25e-04  
510      -7.935706e-04  -7.936274e-04  5.679279e-08   7.16e-05  
511      -8.553477e-04  -8.553336e-04  1.413957e-08   1.65e-05  
512      -6.329021e-04  -6.320233e-04  8.787610e-07   1.39e-03  
513      -4.413643e-04  -4.416001e-04  2.357661e-07   5.34e-04  
514      -4.365945e-04  -4.365042e-04  9.033904e-08   2.07e-04  
515      -4.529656e-04  -4.532974e-04  3.317895e-07   7.32e-04  
516      -7.807663e-04  -7.810907e-04  3.244900e-07   4.16e-04  
517      -5.289256e-04  -5.306644e-04  1.738846e-06   3.29e-03  
518      -3.069266e-04  -3.070344e-04  1.077874e-07   3.51e-04  
519      -1.480855e-03  -1.480300e-03  5.545611e-07   3.74e-04  
520      -2.897175e-03  -2.897544e-03  3.698256e-07   1.28e-04  
521      -3.325731e-03  -3.325260e-03  4.706631e-07   1.42e-04  
522      -3.177321e-03  -3.178089e-03  7.675416e-07   2.42e-04  
523      -2.803234e-03  -2.803449e-03  2.149779e-07   7.67e-05  
524      -1.599961e-03  -1.600726e-03  7.653469e-07   4.78e-04  
525      9.226661e-05   9.278578e-05   5.191656e-07   5.63e-03  
526      -3.943153e-04  -3.953238e-04  1.008482e-06   2.56e-03  
527      -1.954058e-03  -1.953686e-03  3.718420e-07   1.90e-04  
528      -2.279637e-03  -2.280187e-03  5.501911e-07   2.41e-04  
529      -2.309713e-03  -2.309357e-03  3.558716e-07   1.54e-04  
530      -2.343670e-03  -2.343856e-03  1.862637e-07   7.95e-05  
531      -2.282044e-03  -2.282834e-03  7.903448e-07   3.46e-04  
532      -2.048476e-03  -2.048139e-03  3.366506e-07   1.64e-04  
533      -1.872518e-03  -1.872933e-03  4.146179e-07   2.21e-04  
534      -1.773259e-03  -1.772453e-03  8.052483e-07   4.54e-04  
535      -1.272200e-03  -1.271727e-03  4.725341e-07   3.71e-04  
536      -4.129444e-04  -4.135670e-04  6.225455e-07   1.51e-03  
537      -8.911458e-04  -8.906476e-04  4.982455e-07   5.59e-04  
538      -6.739076e-04  -6.739564e-04  4.881533e-08   7.24e-05  
539      -1.836780e-03  -1.836273e-03  5.070998e-07   2.76e-04  
540      -1.781701e-03  -1.781528e-03  1.724210e-07   9.68e-05  
541      -1.776846e-03  -1.777274e-03  4.276648e-07   2.41e-04  
542      -1.414206e-03  -1.414975e-03  7.685048e-07   5.43e-04  
543      -1.234811e-03  -1.234453e-03  3.581308e-07   2.90e-04  
544      -1.102885e-03  -1.101474e-03  1.410905e-06   1.28e-03  
545      -8.601032e-04  -8.595213e-04  5.818767e-07   6.77e-04  
546      -3.682835e-04  -3.687384e-04  4.549007e-07   1.24e-03  
547      -3.190635e-04  -3.181122e-04  9.513128e-07   2.98e-03  
548      -1.888495e-04  -1.894751e-04  6.255972e-07   3.31e-03  
549      -5.170098e-05  -5.382583e-05  2.124848e-06   4.11e-02  
550      -1.649016e-05  -1.581624e-05  6.739261e-07   4.09e-02  
551      -1.079435e-03  -1.057292e-03  2.214283e-05   2.05e-02  
552      -9.404859e-04  -9.630119e-04  2.252598e-05   2.40e-02  
553      -8.898375e-04  -8.895085e-04  3.290036e-07   3.70e-04  
554      -8.323871e-04  -8.322765e-04  1.105807e-07   1.33e-04  
555      -8.463994e-04  -8.462209e-04  1.785666e-07   2.11e-04  
556      -8.641120e-04  -8.645351e-04  4.231502e-07   4.90e-04  
557      -8.890483e-04  -8.890622e-04  1.382288e-08   1.55e-05  
558      -9.679508e-04  -9.679280e-04  2.285414e-08   2.36e-05  
559      -1.031121e-03  -1.030844e-03  2.766321e-07   2.68e-04  
560      -1.059484e-03  -1.059064e-03  4.196597e-07   3.96e-04  
561      -1.033287e-03  -1.032681e-03  6.059729e-07   5.86e-04  
562      -6.159261e-04  -6.153322e-04  5.938421e-07   9.64e-04  
563      1.500975e-04   1.506328e-04   5.353358e-07   3.57e-03  
564      8.270733e-04   8.270606e-04   1.264390e-08   1.53e-05  
565      7.134074e-04   7.129231e-04   4.843006e-07   6.79e-04  
566      -4.456224e-04  -4.450218e-04  6.005717e-07   1.35e-03  
567      -1.201133e-03  -1.201772e-03  6.389545e-07   5.32e-04  
568      -1.283819e-03  -1.284202e-03  3.831200e-07   2.98e-04  
569      -1.550138e-03  -1.550136e-03  2.250972e-09   1.45e-06  
570      -2.537608e-03  -2.537570e-03  3.833147e-08   1.51e-05  
571      -3.507474e-03  -3.507696e-03  2.222723e-07   6.34e-05  
572      -3.352892e-03  -3.352862e-03  2.930289e-08   8.74e-06  
573      -1.510970e-03  -1.510814e-03  1.563124e-07   1.03e-04  
574      1.234725e-03   1.234324e-03   4.014689e-07   3.25e-04  
575      1.359741e-04   1.364531e-04   4.789440e-07   3.52e-03  
576      -2.982551e-03  -2.983105e-03  5.537798e-07   1.86e-04  
577      -1.652941e-03  -1.653691e-03  7.495470e-07   4.53e-04  
578      -1.136391e-03  -1.137066e-03  6.747920e-07   5.94e-04  
579      -1.867055e-03  -1.867451e-03  3.956590e-07   2.12e-04  
580      -2.781188e-03  -2.781040e-03  1.477501e-07   5.31e-05  
581      -2.336051e-03  -2.334928e-03  1.122994e-06   4.81e-04  
582      -1.421095e-03  -1.421436e-03  3.413039e-07   2.40e-04  
583      -1.096762e-03  -1.096045e-03  7.164693e-07   6.53e-04  
584      -1.177751e-03  -1.178653e-03  9.021385e-07   7.66e-04  
585      -8.708448e-04  -8.710965e-04  2.517182e-07   2.89e-04  
586      -4.622068e-04  -4.614398e-04  7.670063e-07   1.66e-03  
587      -6.273883e-04  -6.276313e-04  2.429432e-07   3.87e-04  
588      -1.127712e-03  -1.127654e-03  5.826731e-08   5.17e-05  
589      -2.202864e-03  -2.202760e-03  1.034017e-07   4.69e-05  
590      -2.608248e-03  -2.608203e-03  4.539386e-08   1.74e-05  
591      -2.346640e-03  -2.346490e-03  1.501934e-07   6.40e-05  
592      -1.181305e-03  -1.180853e-03  4.520933e-07   3.83e-04  
593      -3.410003e-04  -3.408607e-04  1.395998e-07   4.09e-04  
594      -7.803696e-04  -7.802514e-04  1.182006e-07   1.51e-04  
595      -1.098260e-03  -1.098568e-03  3.077039e-07   2.80e-04  
596      -4.888622e-04  -4.912093e-04  2.347085e-06   4.80e-03  
597      -2.999259e-04  -2.986500e-04  1.275916e-06   4.25e-03  
598      -4.211767e-04  -4.223022e-04  1.125513e-06   2.67e-03  
599      -1.619771e-04  -1.632361e-04  1.258946e-06   7.77e-03  
600      -5.439425e-05  -5.258238e-05  1.811866e-06   3.33e-02  
601      -1.888139e-03  -1.862797e-03  2.534218e-05   1.34e-02  
602      -1.310586e-03  -1.352409e-03  4.182362e-05   3.19e-02  
603      -1.347492e-03  -1.347418e-03  7.464361e-08   5.54e-05  
604      -1.330988e-03  -1.331046e-03  5.802780e-08   4.36e-05  
605      -1.406979e-03  -1.406837e-03  1.418790e-07   1.01e-04  
606      -1.436089e-03  -1.436145e-03  5.583847e-08   3.89e-05  
607      -1.361123e-03  -1.360716e-03  4.074523e-07   2.99e-04  
608      -1.271032e-03  -1.270941e-03  9.093248e-08   7.15e-05  
609      -1.100973e-03  -1.101796e-03  8.235506e-07   7.48e-04  
610      -8.794310e-04  -8.794676e-04  3.661088e-08   4.16e-05  
611      -5.412775e-04  -5.408962e-04  3.812777e-07   7.04e-04  
612      -2.332868e-05  -2.321032e-05  1.183537e-07   5.07e-03  
613      6.672993e-04   6.666556e-04   6.436752e-07   9.65e-04  
614      1.286175e-03   1.285454e-03   7.212560e-07   5.61e-04  
615      1.201490e-03   1.201277e-03   2.133230e-07   1.78e-04  
616      3.552738e-04   3.548695e-04   4.042988e-07   1.14e-03  
617      -7.283651e-04  -7.285417e-04  1.765388e-07   2.42e-04  
618      -1.975635e-03  -1.976268e-03  6.327595e-07   3.20e-04  
619      -2.468781e-03  -2.470131e-03  1.349865e-06   5.47e-04  
620      -2.625058e-03  -2.625016e-03  4.205245e-08   1.60e-05  
621      -3.289868e-03  -3.290075e-03  2.069952e-07   6.29e-05  
622      -3.154520e-03  -3.154701e-03  1.810906e-07   5.74e-05  
623      -1.792549e-03  -1.792340e-03  2.091035e-07   1.17e-04  
624      -1.964081e-03  -1.963709e-03  3.714480e-07   1.89e-04  
625      -5.297978e-03  -5.297522e-03  4.558465e-07   8.60e-05  
626      -2.600582e-03  -2.601492e-03  9.098573e-07   3.50e-04  
627      3.269680e-03   3.270062e-03   3.822210e-07   1.17e-04  
628      -9.188307e-04  -9.185430e-04  2.876691e-07   3.13e-04  
629      -2.607926e-03  -2.607832e-03  9.473927e-08   3.63e-05  
630      -2.683773e-03  -2.683369e-03  4.043169e-07   1.51e-04  
631      -2.481157e-03  -2.480864e-03  2.926689e-07   1.18e-04  
632      -2.065780e-03  -2.066400e-03  6.208354e-07   3.01e-04  
633      -2.024978e-03  -2.025069e-03  9.067594e-08   4.48e-05  
634      -2.012271e-03  -2.012455e-03  1.833901e-07   9.11e-05  
635      -2.221954e-03  -2.221929e-03  2.498974e-08   1.12e-05  
636      -2.726163e-03  -2.726486e-03  3.226018e-07   1.18e-04  
637      -2.031061e-03  -2.031233e-03  1.714775e-07   8.44e-05  
638      -2.292236e-03  -2.291423e-03  8.137604e-07   3.55e-04  
639      -2.439489e-03  -2.438683e-03  8.060282e-07   3.30e-04  
640      -2.775277e-03  -2.775342e-03  6.525422e-08   2.35e-05  
641      -3.241443e-03  -3.241716e-03  2.730771e-07   8.42e-05  
642      -3.176375e-03  -3.176555e-03  1.800376e-07   5.67e-05  
643      -2.671623e-03  -2.671234e-03  3.887406e-07   1.46e-04  
644      -2.220788e-03  -2.220719e-03  6.869127e-08   3.09e-05  
645      -1.311489e-03  -1.312428e-03  9.393264e-07   7.16e-04  
646      -5.098551e-04  -5.095080e-04  3.470897e-07   6.81e-04  
647      -3.387999e-04  -3.383094e-04  4.905237e-07   1.45e-03  
648      -5.584500e-04  -5.591883e-04  7.382442e-07   1.32e-03  
649      -4.601516e-04  -4.635292e-04  3.377650e-06   7.34e-03  
650      -1.858782e-04  -1.785372e-04  7.341021e-06   3.95e-02  
651      -2.201214e-03  -2.181835e-03  1.937914e-05   8.80e-03  
652      -1.362176e-03  -1.421581e-03  5.940449e-05   4.36e-02  
653      -1.008812e-03  -1.009042e-03  2.301839e-07   2.28e-04  
654      -1.058884e-03  -1.059319e-03  4.348763e-07   4.11e-04  
655      -9.049058e-04  -9.060752e-04  1.169465e-06   1.29e-03  
656      -9.665688e-04  -9.662271e-04  3.417357e-07   3.54e-04  
657      -1.006129e-03  -1.007006e-03  8.762646e-07   8.71e-04  
658      -1.128018e-03  -1.128100e-03  8.175701e-08   7.25e-05  
659      -1.082076e-03  -1.082008e-03  6.784710e-08   6.27e-05  
660      -1.069215e-03  -1.069229e-03  1.366334e-08   1.28e-05  
661      -1.050010e-03  -1.049993e-03  1.652644e-08   1.57e-05  
662      -8.650044e-04  -8.652168e-04  2.123701e-07   2.46e-04  
663      -8.078844e-04  -8.086198e-04  7.354275e-07   9.10e-04  
664      -9.256334e-04  -9.263390e-04  7.055762e-07   7.62e-04  
665      -1.416435e-03  -1.416447e-03  1.205638e-08   8.51e-06  
666      -2.556052e-03  -2.556191e-03  1.393126e-07   5.45e-05  
667      -4.239841e-03  -4.239020e-03  8.211313e-07   1.94e-04  
668      -6.195163e-03  -6.195451e-03  2.879225e-07   4.65e-05  
669      -7.272500e-03  -7.272483e-03  1.701142e-08   2.34e-06  
670      -8.049573e-03  -8.049759e-03  1.853498e-07   2.30e-05  
671      -9.089197e-03  -9.089791e-03  5.942119e-07   6.54e-05  
672      -9.761900e-03  -9.762169e-03  2.693441e-07   2.76e-05  
673      -1.133928e-02  -1.133943e-02  1.491316e-07   1.32e-05  
674      -1.168794e-02  -1.168745e-02  4.870455e-07   4.17e-05  
675      -8.902177e-03  -8.902339e-03  1.623502e-07   1.82e-05  
676      -1.397174e-03  -1.397058e-03  1.164656e-07   8.34e-05  
677      9.224446e-04   9.223911e-04   5.358725e-08   5.81e-05  
678      -3.314305e-03  -3.313860e-03  4.451490e-07   1.34e-04  
679      -3.078683e-03  -3.078939e-03  2.566529e-07   8.34e-05  
680      -2.642731e-03  -2.643050e-03  3.194295e-07   1.21e-04  
681      -3.066736e-03  -3.066354e-03  3.825456e-07   1.25e-04  
682      -3.320709e-03  -3.321008e-03  2.985932e-07   8.99e-05  
683      -3.690079e-03  -3.689771e-03  3.082937e-07   8.35e-05  
684      -3.739826e-03  -3.740603e-03  7.776063e-07   2.08e-04  
685      -5.326555e-03  -5.327698e-03  1.143764e-06   2.15e-04  
686      -5.950491e-03  -5.950960e-03  4.688282e-07   7.88e-05  
687      -4.762924e-03  -4.762948e-03  2.367520e-08   4.97e-06  
688      -3.910163e-03  -3.910838e-03  6.748623e-07   1.73e-04  
689      -2.947925e-03  -2.946954e-03  9.710880e-07   3.29e-04  
690      -2.082063e-03  -2.082232e-03  1.695523e-07   8.14e-05  
691      -1.887963e-03  -1.888483e-03  5.200092e-07   2.75e-04  
692      -1.841094e-03  -1.840172e-03  9.220167e-07   5.01e-04  
693      -1.560684e-03  -1.560467e-03  2.171031e-07   1.39e-04  
694      -1.204623e-03  -1.205203e-03  5.797223e-07   4.81e-04  
695      -5.254998e-04  -5.243406e-04  1.159181e-06   2.21e-03  
696      -3.136024e-04  -3.125167e-04  1.085679e-06   3.46e-03  
697      -8.576300e-05  -8.473444e-05  1.028558e-06   1.20e-02  
698      2.364102e-05   2.372769e-05   8.666419e-08   3.67e-03  
699      -5.379557e-04  -5.458700e-04  7.914320e-06   1.47e-02  
700      -3.988901e-04  -3.811818e-04  1.770831e-05   4.44e-02  
701      -1.491089e-03  -1.457516e-03  3.357315e-05   2.25e-02  
702      -1.158469e-03  -1.188571e-03  3.010207e-05   2.60e-02  
703      -5.000452e-04  -4.996381e-04  4.070806e-07   8.14e-04  
704      -7.549925e-04  -7.540368e-04  9.556836e-07   1.27e-03  
705      -1.713004e-04  -1.716272e-04  3.267549e-07   1.91e-03  
706      -2.040081e-04  -2.042544e-04  2.462426e-07   1.21e-03  
707      -4.085198e-04  -4.079648e-04  5.550254e-07   1.36e-03  
708      -8.517523e-04  -8.516965e-04  5.578607e-08   6.55e-05  
709      -1.023650e-03  -1.024054e-03  4.040349e-07   3.95e-04  
710      -1.183723e-03  -1.183900e-03  1.767148e-07   1.49e-04  
711      -1.417526e-03  -1.417788e-03  2.624302e-07   1.85e-04  
712      -1.468373e-03  -1.468536e-03  1.631561e-07   1.11e-04  
713      -1.750801e-03  -1.751390e-03  5.893513e-07   3.37e-04  
714      -2.398160e-03  -2.398755e-03  5.941670e-07   2.48e-04  
715      -2.677796e-03  -2.678537e-03  7.409689e-07   2.77e-04  
716      -2.507967e-03  -2.508147e-03  1.796198e-07   7.16e-05  
717      -2.471693e-03  -2.471736e-03  4.322720e-08   1.75e-05  
718      -2.972012e-03  -2.972349e-03  3.374813e-07   1.14e-04  
719      -3.018888e-03  -3.018807e-03  8.051680e-08   2.67e-05  
720      -3.388580e-03  -3.388700e-03  1.204075e-07   3.55e-05  
721      -3.922304e-03  -3.922245e-03  5.950902e-08   1.52e-05  
722      -4.577077e-03  -4.576819e-03  2.577033e-07   5.63e-05  
723      -6.444117e-03  -6.443739e-03  3.777998e-07   5.86e-05  
724      -8.696063e-03  -8.696643e-03  5.801569e-07   6.67e-05  
725      -9.867100e-03  -9.866870e-03  2.306559e-07   2.34e-05  
726      -5.634944e-03  -5.634415e-03  5.289517e-07   9.39e-05  
727      -3.402114e-03  -3.402250e-03  1.356450e-07   3.99e-05  
728      -2.473102e-03  -2.472986e-03  1.155783e-07   4.67e-05  
729      -3.224492e-03  -3.225185e-03  6.929064e-07   2.15e-04  
730      -4.021832e-03  -4.021761e-03  7.135570e-08   1.77e-05  
731      -4.154926e-03  -4.155194e-03  2.676006e-07   6.44e-05  
732      -4.176924e-03  -4.176892e-03  3.196035e-08   7.65e-06  
733      -3.477721e-03  -3.477445e-03  2.761781e-07   7.94e-05  
734      -3.056681e-03  -3.056655e-03  2.647425e-08   8.66e-06  
735      -5.635025e-03  -5.635918e-03  8.929183e-07   1.58e-04  
736      -5.284676e-03  -5.284200e-03  4.759015e-07   9.01e-05  
737      -4.261340e-03  -4.260350e-03  9.906247e-07   2.32e-04  
738      -2.404586e-03  -2.404306e-03  2.800086e-07   1.16e-04  
739      -1.725326e-03  -1.724327e-03  9.982240e-07   5.79e-04  
740      -1.030830e-03  -1.031106e-03  2.765183e-07   2.68e-04  
741      -7.834532e-04  -7.835621e-04  1.088911e-07   1.39e-04  
742      -1.132645e-03  -1.133487e-03  8.420283e-07   7.43e-04  
743      -1.367461e-03  -1.367246e-03  2.142195e-07   1.57e-04  
744      -1.393238e-03  -1.393532e-03  2.943008e-07   2.11e-04  
745      -1.423587e-03  -1.424874e-03  1.286533e-06   9.04e-04  
746      -1.688059e-03  -1.687186e-03  8.732791e-07   5.17e-04  
747      -1.507729e-03  -1.508713e-03  9.845977e-07   6.53e-04  
748      -1.194091e-03  -1.195701e-03  1.609995e-06   1.35e-03  
749      -1.618530e-03  -1.627836e-03  9.305158e-06   5.75e-03  
750      -1.148850e-03  -1.134437e-03  1.441302e-05   1.25e-02  
751      -4.924375e-04  -4.747314e-04  1.770612e-05   3.60e-02  
752      -6.731394e-04  -6.783196e-04  5.180233e-06   7.70e-03  
753      -2.586963e-04  -2.578049e-04  8.914122e-07   3.45e-03  
754      -5.891162e-04  -5.882139e-04  9.022463e-07   1.53e-03  
755      -2.087971e-06  -2.331468e-06  2.434977e-07   1.17e-01  
756      -1.816918e-04  -1.817191e-04  2.729699e-08   1.50e-04  
757      -1.960829e-04  -1.963318e-04  2.489073e-07   1.27e-03  
758      -2.413689e-04  -2.426259e-04  1.257009e-06   5.21e-03  
759      -3.593833e-04  -3.600831e-04  6.997619e-07   1.95e-03  
760      -5.826753e-04  -5.830403e-04  3.650099e-07   6.26e-04  
761      -7.760680e-04  -7.753820e-04  6.859907e-07   8.84e-04  
762      -8.058984e-04  -8.062839e-04  3.855466e-07   4.78e-04  
763      -1.012749e-03  -1.012865e-03  1.159339e-07   1.14e-04  
764      -1.285934e-03  -1.284806e-03  1.128568e-06   8.78e-04  
765      -4.605062e-04  -4.598411e-04  6.651177e-07   1.44e-03  
766      1.159270e-03   1.159686e-03   4.161781e-07   3.59e-04  
767      2.106987e-03   2.107055e-03   6.744012e-08   3.20e-05  
768      1.886649e-03   1.886638e-03   1.138848e-08   6.04e-06  
769      1.630618e-03   1.630254e-03   3.644323e-07   2.23e-04  
770      3.975087e-04   3.977108e-04   2.020086e-07   5.08e-04  
771      -9.982710e-04  -9.979750e-04  2.959168e-07   2.96e-04  
772      -1.881030e-03  -1.880704e-03  3.250440e-07   1.73e-04  
773      -2.990734e-03  -2.990086e-03  6.480573e-07   2.17e-04  
774      -5.513155e-03  -5.512599e-03  5.558375e-07   1.01e-04  
775      -1.038821e-02  -1.038881e-02  5.952705e-07   5.73e-05  
776      -1.011534e-02  -1.011507e-02  2.714521e-07   2.68e-05  
777      -7.781792e-03  -7.781824e-03  3.240350e-08   4.16e-06  
778      -3.178172e-03  -3.178857e-03  6.848189e-07   2.15e-04  
779      -4.142147e-03  -4.142220e-03  7.247814e-08   1.75e-05  
780      -4.027457e-03  -4.027780e-03  3.236659e-07   8.04e-05  
781      -1.558526e-03  -1.558722e-03  1.961449e-07   1.26e-04  
782      -1.629164e-03  -1.628773e-03  3.914046e-07   2.40e-04  
783      -1.696234e-03  -1.695311e-03  9.231730e-07   5.44e-04  
784      -2.065792e-03  -2.067009e-03  1.217077e-06   5.89e-04  
785      -4.737994e-03  -4.737337e-03  6.570336e-07   1.39e-04  
786      -3.918576e-03  -3.919047e-03  4.716102e-07   1.20e-04  
787      -3.662689e-03  -3.663743e-03  1.053324e-06   2.88e-04  
788      -2.504940e-03  -2.504508e-03  4.325766e-07   1.73e-04  
789      -8.988793e-04  -8.997136e-04  8.343442e-07   9.28e-04  
790      -4.531904e-04  -4.535328e-04  3.423929e-07   7.56e-04  
791      -9.125529e-04  -9.127032e-04  1.503038e-07   1.65e-04  
792      -1.555762e-03  -1.556657e-03  8.947110e-07   5.75e-04  
793      -1.565546e-03  -1.565503e-03  4.255398e-08   2.72e-05  
794      -1.821328e-03  -1.820000e-03  1.328594e-06   7.29e-04  
795      -2.360125e-03  -2.360847e-03  7.224990e-07   3.06e-04  
796      -3.811730e-03  -3.811698e-03  3.188187e-08   8.36e-06  
797      -6.076394e-03  -6.075325e-03  1.069640e-06   1.76e-04  
798      -7.888891e-03  -7.887453e-03  1.438320e-06   1.82e-04  
799      -7.315616e-03  -7.419274e-03  1.036582e-04   1.42e-02  
800      -5.364639e-03  -5.164655e-03  1.999834e-04   3.73e-02  
801      -4.033985e-05  -3.873790e-05  1.601945e-06   3.97e-02  
802      -1.392912e-04  -1.392464e-04  4.481988e-08   3.22e-04  
803      -1.817214e-05  -1.734612e-05  8.260203e-07   4.55e-02  
804      -1.887776e-04  -1.887646e-04  1.304143e-08   6.91e-05  
805      5.974214e-05   5.933698e-05   4.051597e-07   6.78e-03  
806      -1.243923e-04  -1.240630e-04  3.293025e-07   2.65e-03  
807      -2.114341e-04  -2.118083e-04  3.742594e-07   1.77e-03  
808      -1.031464e-04  -1.035083e-04  3.618951e-07   3.51e-03  
809      -5.645521e-05  -5.755396e-05  1.098754e-06   1.95e-02  
810      -1.454565e-04  -1.461298e-04  6.733146e-07   4.63e-03  
811      -1.269901e-04  -1.275002e-04  5.101177e-07   4.02e-03  
812      -8.481110e-05  -8.447909e-05  3.320132e-07   3.91e-03  
813      -1.047303e-04  -1.034484e-04  1.281983e-06   1.22e-02  
814      -2.057911e-04  -2.060108e-04  2.196434e-07   1.07e-03  
815      1.273720e-04   1.277667e-04   3.946728e-07   3.10e-03  
816      8.973624e-04   8.975087e-04   1.463415e-07   1.63e-04  
817      1.679785e-03   1.679719e-03   6.608619e-08   3.93e-05  
818      2.103217e-03   2.103062e-03   1.550631e-07   7.37e-05  
819      2.332285e-03   2.332510e-03   2.249446e-07   9.64e-05  
820      1.052048e-03   1.052265e-03   2.172745e-07   2.07e-04  
821      -1.455034e-03  -1.454890e-03  1.444591e-07   9.93e-05  
822      -3.464125e-03  -3.463818e-03  3.069234e-07   8.86e-05  
823      -4.755670e-03  -4.755440e-03  2.290554e-07   4.82e-05  
824      -4.322419e-03  -4.322911e-03  4.922702e-07   1.14e-04  
825      -6.252543e-03  -6.252245e-03  2.979451e-07   4.77e-05  
826      -1.319933e-02  -1.319925e-02  8.137677e-08   6.17e-06  
827      -2.035458e-02  -2.035442e-02  1.624567e-07   7.98e-06  
828      -1.641975e-02  -1.641995e-02  2.001039e-07   1.22e-05  
829      -8.317862e-03  -8.317182e-03  6.796984e-07   8.17e-05  
830      -1.324834e-03  -1.324529e-03  3.044787e-07   2.30e-04  
831      1.991270e-03   1.990403e-03   8.662480e-07   4.35e-04  
832      -9.280092e-04  -9.290124e-04  1.003191e-06   1.08e-03  
833      -2.445292e-03  -2.445362e-03  6.995683e-08   2.86e-05  
834      -2.780880e-03  -2.781471e-03  5.905976e-07   2.12e-04  
835      -4.296592e-03  -4.296190e-03  4.023566e-07   9.36e-05  
836      -4.000698e-03  -4.001381e-03  6.837362e-07   1.71e-04  
837      -4.267360e-03  -4.268010e-03  6.505718e-07   1.52e-04  
838      -3.735699e-03  -3.735410e-03  2.893371e-07   7.75e-05  
839      5.877356e-04   5.880674e-04   3.317282e-07   5.64e-04  
840      -1.317365e-04  -1.321898e-04  4.533022e-07   3.44e-03  
841      -1.534735e-03  -1.535132e-03  3.965297e-07   2.58e-04  
842      -6.788819e-04  -6.791345e-04  2.526259e-07   3.72e-04  
843      2.984517e-04   2.991984e-04   7.467702e-07   2.50e-03  
844      -2.168178e-03  -2.167992e-03  1.856040e-07   8.56e-05  
845      -3.614514e-03  -3.613245e-03  1.268841e-06   3.51e-04  
846      -5.064668e-03  -5.065022e-03  3.538262e-07   6.99e-05  
847      -6.373061e-03  -6.372032e-03  1.029466e-06   1.62e-04  
848      -6.921828e-03  -6.921774e-03  5.401381e-08   7.80e-06  
849      -6.968570e-03  -7.136547e-03  1.679767e-04   2.41e-02  
850      -7.647724e-03  -7.532093e-03  1.156316e-04   1.51e-02  
851      6.945113e-05   6.745715e-05   1.993977e-06   2.87e-02  
852      4.950148e-05   5.092593e-05   1.424450e-06   2.88e-02  
853      2.429861e-05   2.479794e-05   4.993342e-07   2.05e-02  
854      -9.004559e-06  -9.428014e-06  4.234549e-07   4.70e-02  
855      1.452544e-05   1.440403e-05   1.214056e-07   8.36e-03  
856      -8.990080e-06  -8.681944e-06  3.081358e-07   3.43e-02  
857      -6.556502e-05  -6.588285e-05  3.178383e-07   4.85e-03  
858      -6.926955e-06  -7.460699e-06  5.337437e-07   7.71e-02  
859      -4.925537e-06  -5.824230e-06  8.986933e-07   1.82e-01  
860      -1.074628e-04  -1.081601e-04  6.973260e-07   6.49e-03  
861      -7.300695e-05  -7.260859e-05  3.983601e-07   5.46e-03  
862      -1.875119e-05  -1.947553e-05  7.243377e-07   3.86e-02  
863      1.239010e-05   1.338485e-05   9.947514e-07   8.03e-02  
864      3.597372e-05   3.636202e-05   3.883040e-07   1.08e-02  
865      1.000032e-04   9.953371e-05   4.695021e-07   4.69e-03  
866      1.808273e-04   1.812217e-04   3.944540e-07   2.18e-03  
867      2.219418e-04   2.220668e-04   1.250319e-07   5.63e-04  
868      2.241626e-04   2.245892e-04   4.266645e-07   1.90e-03  
869      4.482297e-04   4.479062e-04   3.235885e-07   7.22e-04  
870      1.095027e-04   1.095102e-04   7.429574e-09   6.78e-05  
871      -1.342209e-03  -1.342118e-03  9.115930e-08   6.79e-05  
872      -2.560077e-03  -2.558962e-03  1.115412e-06   4.36e-04  
873      -2.625025e-03  -2.624556e-03  4.692705e-07   1.79e-04  
874      -2.502949e-04  -2.496758e-04  6.190787e-07   2.47e-03  
875      3.252761e-03   3.253213e-03   4.520866e-07   1.39e-04  
876      2.616818e-03   2.616927e-03   1.091688e-07   4.17e-05  
877      -8.967647e-03  -8.967875e-03  2.280910e-07   2.54e-05  
878      -2.633500e-02  -2.633517e-02  1.766225e-07   6.71e-06  
879      -3.215627e-02  -3.215578e-02  4.968117e-07   1.54e-05  
880      -1.814546e-02  -1.814538e-02  8.104487e-08   4.47e-06  
881      -3.314450e-03  -3.314928e-03  4.786179e-07   1.44e-04  
882      -3.115501e-03  -3.115594e-03  9.358608e-08   3.00e-05  
883      -4.152217e-03  -4.152030e-03  1.871099e-07   4.51e-05  
884      -3.432229e-03  -3.432410e-03  1.805752e-07   5.26e-05  
885      -2.722304e-03  -2.722302e-03  1.324670e-09   4.87e-07  
886      -2.835520e-03  -2.834797e-03  7.229829e-07   2.55e-04  
887      -1.038365e-03  -1.039289e-03  9.240883e-07   8.90e-04  
888      3.161800e-03   3.161080e-03   7.193178e-07   2.28e-04  
889      2.422069e-03   2.421725e-03   3.442058e-07   1.42e-04  
890      -6.298802e-04  -6.299361e-04  5.592840e-08   8.88e-05  
891      3.800854e-04   3.799205e-04   1.648809e-07   4.34e-04  
892      4.771756e-03   4.771681e-03   7.543663e-08   1.58e-05  
893      5.177555e-03   5.177805e-03   2.497970e-07   4.82e-05  
894      -2.728046e-03  -2.727951e-03  9.525659e-08   3.49e-05  
895      -6.211425e-03  -6.211813e-03  3.881971e-07   6.25e-05  
896      -6.978143e-03  -6.978209e-03  6.621126e-08   9.49e-06  
897      -7.476881e-03  -7.478360e-03  1.479605e-06   1.98e-04  
898      -7.879542e-03  -7.878374e-03  1.168136e-06   1.48e-04  
899      -9.101869e-03  -9.347740e-03  2.458718e-04   2.70e-02  
900      -1.075830e-02  -1.056466e-02  1.936313e-04   1.80e-02  
901      6.809837e-05   6.555645e-05   2.541924e-06   3.73e-02  
902      6.788711e-05   7.062351e-05   2.736397e-06   4.03e-02  
903      1.651743e-05   1.629141e-05   2.260192e-07   1.37e-02  
904      2.330412e-06   3.628209e-06   1.297797e-06   5.57e-01  
905      -2.396643e-05  -2.194245e-05  2.023984e-06   8.45e-02  
906      -1.549392e-05  -1.361355e-05  1.880365e-06   1.21e-01  
907      3.916828e-06   6.106227e-06   2.189399e-06   5.59e-01  
908      1.366014e-05   1.464828e-05   9.881445e-07   7.23e-02  
909      7.397240e-06   6.872281e-06   5.249599e-07   7.10e-02  
910      -3.436692e-05  -3.492540e-05  5.584783e-07   1.63e-02  
911      -1.066275e-05  -1.092459e-05  2.618462e-07   2.46e-02  
912      7.311270e-06   7.249756e-06   6.151385e-08   8.41e-03  
913      -2.451614e-06  -3.268497e-06  8.168824e-07   3.33e-01  
914      1.059097e-05   1.196376e-05   1.372791e-06   1.30e-01  
915      4.247766e-05   4.279466e-05   3.169952e-07   7.46e-03  
916      4.328631e-05   4.372280e-05   4.364945e-07   1.01e-02  
917      2.461614e-05   2.504663e-05   4.304890e-07   1.75e-02  
918      -2.710173e-05  -2.672307e-05  3.786621e-07   1.40e-02  
919      1.482545e-05   1.408873e-05   7.367188e-07   4.97e-02  
920      3.351986e-05   3.335998e-05   1.598754e-07   4.77e-03  
921      -1.994443e-04  -1.986167e-04  8.276651e-07   4.15e-03  
922      -3.456430e-04  -3.455569e-04  8.604203e-08   2.49e-04  
923      -1.444511e-04  -1.437162e-04  7.349692e-07   5.09e-03  
924      1.609346e-03   1.607796e-03   1.549735e-06   9.63e-04  
925      6.961175e-03   6.954322e-03   6.852951e-06   9.84e-04  
926      1.800034e-02   1.794746e-02   5.288343e-05   2.94e-03  
927      2.174507e-02   2.147203e-02   2.730422e-04   1.26e-02  
928      -6.199282e-03  -6.792660e-03  5.933782e-04   9.57e-02  
929      -4.913286e-02  -5.008309e-02  9.502295e-04   1.93e-02  
930      -5.095230e-02  -5.173201e-02  7.797105e-04   1.53e-02  
931      -2.358351e-02  -2.358423e-02  7.204215e-07   3.05e-05  
932      -6.810929e-03  -6.810781e-03  1.481333e-07   2.17e-05  
933      -3.020161e-03  -3.020648e-03  4.868959e-07   1.61e-04  
934      -3.347746e-03  -3.346901e-03  8.453108e-07   2.53e-04  
935      3.644900e-04   3.645395e-04   4.950894e-08   1.36e-04  
936      -3.172734e-04  -3.170464e-04  2.270281e-07   7.16e-04  
937      2.661006e-04   2.664358e-04   3.351484e-07   1.26e-03  
938      5.652791e-03   5.653060e-03   2.691279e-07   4.76e-05  
939      5.507283e-04   5.512613e-04   5.329979e-07   9.68e-04  
940      -8.501271e-04  -8.508505e-04  7.233808e-07   8.51e-04  
941      3.645989e-03   3.646852e-03   8.625681e-07   2.37e-04  
942      5.652991e-03   5.653131e-03   1.407524e-07   2.49e-05  
943      3.708008e-03   3.708460e-03   4.522151e-07   1.22e-04  
944      -6.790673e-03  -6.791101e-03  4.283173e-07   6.31e-05  
945      -9.720466e-03  -9.721108e-03  6.427770e-07   6.61e-05  
946      -9.319151e-03  -9.320051e-03  9.000881e-07   9.66e-05  
947      -9.286501e-03  -9.286905e-03  4.032015e-07   4.34e-05  
948      -9.757867e-03  -9.758108e-03  2.404245e-07   2.46e-05  
949      -1.077745e-02  -1.102835e-02  2.509057e-04   2.33e-02  
950      -1.159102e-02  -1.135948e-02  2.315339e-04   2.00e-02  
951      2.730938e-05   2.239764e-05   4.911738e-06   1.80e-01  
952      5.470238e-05   5.318190e-05   1.520473e-06   2.78e-02  
953      2.892646e-05   2.841727e-05   5.091951e-07   1.76e-02  
954      4.596805e-05   4.520828e-05   7.597662e-07   1.65e-02  
955      6.670297e-05   6.854073e-05   1.837758e-06   2.76e-02  
956      1.028991e-04   1.036637e-04   7.646853e-07   7.43e-03  
957      1.010445e-04   1.012901e-04   2.456133e-07   2.43e-03  
958      5.254171e-05   5.222933e-05   3.123824e-07   5.95e-03  
959      7.773300e-06   7.747136e-06   2.616334e-08   3.37e-03  
960      -1.792768e-05  -1.694422e-05  9.834579e-07   5.49e-02  
961      -6.923334e-06  -7.640555e-06  7.172205e-07   1.04e-01  
962      -8.865196e-06  -8.963941e-06  9.874479e-08   1.11e-02  
963      -1.803273e-05  -1.817879e-05  1.460629e-07   8.10e-03  
964      5.430992e-06   5.255796e-06   1.751963e-07   3.23e-02  
965      1.653694e-05   1.593836e-05   5.985832e-07   3.62e-02  
966      1.365254e-05   1.283418e-05   8.183574e-07   5.99e-02  
967      5.079912e-06   4.143352e-06   9.365593e-07   1.84e-01  
968      4.185199e-06   3.568257e-06   6.169418e-07   1.47e-01  
969      -1.335158e-06  -1.325606e-06  9.551481e-09   7.15e-03  
970      2.175680e-06   1.625367e-06   5.503138e-07   2.53e-01  
971      1.813390e-06   1.485478e-06   3.279115e-07   1.81e-01  
972      4.283823e-06   3.721468e-06   5.623557e-07   1.31e-01  
973      1.618659e-05   1.136202e-05   4.824564e-06   2.98e-01  
974      9.885967e-05   7.004841e-05   2.881126e-05   2.91e-01  
975      4.665141e-04   3.232481e-04   1.432660e-04   3.07e-01  
976      1.640297e-04   -3.226064e-04  4.866361e-04   2.97e+00  
977      -4.886030e-03  -5.806753e-03  9.207233e-04   1.88e-01  
978      -2.191717e-02  -2.221142e-02  2.942467e-04   1.34e-02  
979      -4.445935e-02  -4.308074e-02  1.378608e-03   3.10e-02  
980      -4.742486e-02  -4.464324e-02  2.781622e-03   5.87e-02  
981      -4.277698e-02  -4.394241e-02  1.165428e-03   2.72e-02  
982      -3.639631e-02  -3.639425e-02  2.060157e-06   5.66e-05  
983      -1.859782e-02  -1.860059e-02  2.762066e-06   1.49e-04  
984      -8.090078e-03  -8.089946e-03  1.311114e-07   1.62e-05  
985      -3.650914e-03  -3.651053e-03  1.389262e-07   3.81e-05  
986      -3.722268e-03  -3.721441e-03  8.272672e-07   2.22e-04  
987      -6.032028e-03  -6.031480e-03  5.484284e-07   9.09e-05  
988      -3.050490e-03  -3.049925e-03  5.648698e-07   1.85e-04  
989      -1.911632e-03  -1.911584e-03  4.781673e-08   2.50e-05  
990      2.838761e-04   2.839262e-04   5.009858e-08   1.76e-04  
991      2.050459e-03   2.050622e-03   1.630825e-07   7.95e-05  
992      1.712355e-03   1.712834e-03   4.793512e-07   2.80e-04  
993      1.464059e-03   1.463727e-03   3.317708e-07   2.27e-04  
994      -8.450064e-03  -8.449839e-03  2.252673e-07   2.67e-05  
995      -1.209163e-02  -1.209153e-02  1.019893e-07   8.43e-06  
996      -1.116210e-02  -1.116351e-02  1.412573e-06   1.27e-04  
997      -1.093576e-02  -1.093569e-02  7.592758e-08   6.94e-06  
998      -1.118861e-02  -1.118870e-02  8.994446e-08   8.04e-06  
999      -1.143831e-02  -1.167337e-02  2.350616e-04   2.06e-02  
1000     -1.133112e-02  -1.108797e-02  2.431502e-04   2.15e-02  
1001     -2.599996e-02  -2.393629e-02  2.063668e-03   7.94e-02  
1002     -3.769098e-02  -3.807794e-02  3.869591e-04   1.03e-02  
1003     -3.944374e-02  -3.944506e-02  1.318867e-06   3.34e-05  
1004     -3.314183e-02  -3.314088e-02  9.495818e-07   2.87e-05  
1005     -2.207511e-02  -2.207732e-02  2.216850e-06   1.00e-04  
1006     -1.175322e-02  -1.175563e-02  2.412823e-06   2.05e-04  
1007     -6.236610e-03  -6.238468e-03  1.857092e-06   2.98e-04  
1008     -1.392946e-03  -1.393330e-03  3.835583e-07   2.75e-04  
1009     1.794067e-03   1.794402e-03   3.356437e-07   1.87e-04  
1010     7.900282e-04   7.892109e-04   8.172473e-07   1.03e-03  
1011     4.000980e-04   3.996914e-04   4.066207e-07   1.02e-03  
1012     -5.205883e-05  -5.225154e-05  1.927060e-07   3.70e-03  
1013     -1.991137e-04  -1.994738e-04  3.601138e-07   1.81e-03  
1014     -8.260764e-03  -8.260790e-03  2.538083e-08   3.07e-06  
1015     -1.217947e-02  -1.218097e-02  1.502875e-06   1.23e-04  
1016     -1.184871e-02  -1.184908e-02  3.657019e-07   3.09e-05  
1017     -1.204513e-02  -1.204685e-02  1.727232e-06   1.43e-04  
1018     -1.233014e-02  -1.232950e-02  6.472325e-07   5.25e-05  
1019     -1.214767e-02  -1.238750e-02  2.398379e-04   1.97e-02  
1020     -1.162900e-02  -1.137109e-02  2.579059e-04   2.22e-02  
1021     -1.174790e-02  -1.127058e-02  4.773192e-04   4.06e-02  
1022     -2.263950e-02  -2.276333e-02  1.238301e-04   5.47e-03  
1023     -2.317445e-02  -2.317283e-02  1.624858e-06   7.01e-05  
1024     -1.945808e-02  -1.945806e-02  1.780565e-08   9.15e-07  
1025     -1.062410e-02  -1.062152e-02  2.575778e-06   2.42e-04  
1026     -6.757913e-03  -6.756880e-03  1.033729e-06   1.53e-04  
1027     -2.711419e-03  -2.712166e-03  7.470042e-07   2.76e-04  
1028     2.265004e-04   2.251310e-04   1.369402e-06   6.05e-03  
1029     8.905874e-04   8.908208e-04   2.333639e-07   2.62e-04  
1030     9.896186e-05   9.898748e-05   2.562362e-08   2.59e-04  
1031     8.583327e-06   8.864021e-06   2.806934e-07   3.27e-02  
1032     1.265824e-05   1.321387e-05   5.556345e-07   4.39e-02  
1033     -9.143027e-04  -9.142909e-04  1.181072e-08   1.29e-05  
1034     -6.559693e-03  -6.559882e-03  1.883281e-07   2.87e-05  
1035     -1.092480e-02  -1.092527e-02  4.747507e-07   4.35e-05  
1036     -1.159081e-02  -1.159246e-02  1.652994e-06   1.43e-04  
1037     -1.265405e-02  -1.265188e-02  2.168574e-06   1.71e-04  
1038     -1.337363e-02  -1.337107e-02  2.561259e-06   1.92e-04  
1039     -1.327968e-02  -1.354613e-02  2.664493e-04   2.01e-02  
1040     -1.281221e-02  -1.253240e-02  2.798064e-04   2.18e-02  
1041     -1.331550e-02  -1.279715e-02  5.183485e-04   3.89e-02  
1042     -1.996939e-02  -2.026646e-02  2.970720e-04   1.49e-02  
1043     -1.625767e-02  -1.625732e-02  3.522949e-07   2.17e-05  
1044     -2.193319e-02  -2.193169e-02  1.496009e-06   6.82e-05  
1045     -1.334079e-02  -1.333983e-02  9.565759e-07   7.17e-05  
1046     -9.694472e-03  -9.695071e-03  5.994509e-07   6.18e-05  
1047     -1.446054e-03  -1.447189e-03  1.135404e-06   7.85e-04  
1048     4.605223e-04   4.609180e-04   3.956659e-07   8.59e-04  
1049     -3.345471e-06  -2.629008e-06  7.164628e-07   2.14e-01  
1050     1.912604e-04   1.906364e-04   6.239875e-07   3.26e-03  
1051     -2.660633e-05  -2.710943e-05  5.030914e-07   1.89e-02  
1052     -3.253231e-04  -3.233347e-04  1.988430e-06   6.11e-03  
1053     -1.081375e-03  -1.080818e-03  5.574120e-07   5.15e-04  
1054     -4.868076e-03  -4.864493e-03  3.582260e-06   7.36e-04  
1055     -9.301730e-03  -9.300332e-03  1.398363e-06   1.50e-04  
1056     -1.101324e-02  -1.101276e-02  4.751745e-07   4.31e-05  
1057     -1.298691e-02  -1.298527e-02  1.635961e-06   1.26e-04  
1058     -1.437095e-02  -1.437151e-02  5.592952e-07   3.89e-05  
1059     -1.476884e-02  -1.507416e-02  3.053140e-04   2.07e-02  
1060     -1.461544e-02  -1.430602e-02  3.094250e-04   2.12e-02  
1061     -7.581806e-03  -7.345917e-03  2.358886e-04   3.11e-02  
1062     -9.022487e-03  -9.159318e-03  1.368306e-04   1.52e-02  
1063     -4.190054e-03  -4.189442e-03  6.118889e-07   1.46e-04  
1064     -1.558495e-02  -1.558387e-02  1.080039e-06   6.93e-05  
1065     -1.305349e-02  -1.305369e-02  2.012104e-07   1.54e-05  
1066     -1.068513e-02  -1.068460e-02  5.308069e-07   4.97e-05  
1067     -1.208854e-03  -1.209122e-03  2.672508e-07   2.21e-04  
1068     1.012061e-03   1.010745e-03   1.316215e-06   1.30e-03  
1069     -5.093680e-04  -5.096279e-04  2.599008e-07   5.10e-04  
1070     -3.481426e-04  -3.468714e-04  1.271223e-06   3.65e-03  
1071     -7.953537e-04  -7.949086e-04  4.450680e-07   5.60e-04  
1072     -1.392313e-03  -1.394604e-03  2.291340e-06   1.65e-03  
1073     -1.792623e-03  -1.792473e-03  1.499967e-07   8.37e-05  
1074     -4.120785e-03  -4.121297e-03  5.119123e-07   1.24e-04  
1075     -8.063721e-03  -8.063836e-03  1.150777e-07   1.43e-05  
1076     -1.041642e-02  -1.041642e-02  1.135064e-09   1.09e-07  
1077     -1.303676e-02  -1.303684e-02  8.483368e-08   6.51e-06  
1078     -1.516945e-02  -1.516875e-02  7.054548e-07   4.65e-05  
1079     -1.640631e-02  -1.675798e-02  3.516701e-04   2.14e-02  
1080     -1.675560e-02  -1.640813e-02  3.474723e-04   2.07e-02  
1081     -2.351448e-03  -2.252329e-03  9.911900e-05   4.22e-02  
1082     -5.037811e-03  -5.062513e-03  2.470178e-05   4.90e-03  
1083     -3.470190e-03  -3.469660e-03  5.294594e-07   1.53e-04  
1084     -7.674772e-03  -7.676746e-03  1.974086e-06   2.57e-04  
1085     -9.726336e-03  -9.725838e-03  4.983000e-07   5.12e-05  
1086     -1.232315e-02  -1.232582e-02  2.668001e-06   2.17e-04  
1087     -4.254253e-03  -4.253742e-03  5.107068e-07   1.20e-04  
1088     1.237648e-03   1.236431e-03   1.216562e-06   9.83e-04  
1089     -2.181682e-04  -2.172640e-04  9.041717e-07   4.14e-03  
1090     -1.165549e-03  -1.165030e-03  5.191226e-07   4.45e-04  
1091     -1.275732e-03  -1.275895e-03  1.633026e-07   1.28e-04  
1092     -1.458684e-03  -1.457152e-03  1.531914e-06   1.05e-03  
1093     -1.625106e-03  -1.625955e-03  8.491441e-07   5.23e-04  
1094     -4.031941e-03  -4.030483e-03  1.458667e-06   3.62e-04  
1095     -7.662244e-03  -7.662697e-03  4.534051e-07   5.92e-05  
1096     -9.853740e-03  -9.854400e-03  6.599630e-07   6.70e-05  
1097     -1.263042e-02  -1.263079e-02  3.681528e-07   2.91e-05  
1098     -1.550464e-02  -1.550444e-02  2.028431e-07   1.31e-05  
1099     -1.793796e-02  -1.834410e-02  4.061405e-04   2.26e-02  
1100     -1.913908e-02  -1.875449e-02  3.845928e-04   2.01e-02  
1101     -7.974518e-04  -7.177325e-04  7.971926e-05   1.00e-01  
1102     -3.172042e-03  -3.170721e-03  1.321025e-06   4.16e-04  
1103     -4.423875e-03  -4.424257e-03  3.812466e-07   8.62e-05  
1104     -1.168450e-03  -1.167098e-03  1.352782e-06   1.16e-03  
1105     -1.709949e-03  -1.709171e-03  7.782324e-07   4.55e-04  
1106     -6.427385e-03  -6.427781e-03  3.952580e-07   6.15e-05  
1107     -6.452956e-03  -6.454182e-03  1.225519e-06   1.90e-04  
1108     -1.211346e-03  -1.206026e-03  5.319415e-06   4.39e-03  
1109     8.659306e-04   8.646195e-04   1.311125e-06   1.51e-03  
1110     4.542763e-04   4.529777e-04   1.298612e-06   2.86e-03  
1111     1.694742e-04   1.713163e-04   1.842067e-06   1.09e-02  
1112     -6.201648e-06  -7.367440e-06  1.165792e-06   1.88e-01  
1113     -6.062517e-04  -6.084844e-04  2.232676e-06   3.68e-03  
1114     -3.955019e-03  -3.951350e-03  3.668621e-06   9.28e-04  
1115     -7.954328e-03  -7.952339e-03  1.988877e-06   2.50e-04  
1116     -9.625651e-03  -9.624237e-03  1.414219e-06   1.47e-04  
1117     -1.187870e-02  -1.187868e-02  2.010277e-08   1.69e-06  
1118     -1.506638e-02  -1.506837e-02  1.989526e-06   1.32e-04  
1119     -1.884962e-02  -1.931338e-02  4.637619e-04   2.46e-02  
1120     -2.129879e-02  -2.089071e-02  4.080747e-04   1.92e-02  
1121     -6.464514e-05  -5.717427e-05  7.470876e-06   1.16e-01  
1122     -1.468768e-03  -1.469092e-03  3.234065e-07   2.20e-04  
1123     -4.185089e-03  -4.185330e-03  2.410155e-07   5.76e-05  
1124     -2.887939e-03  -2.889218e-03  1.278537e-06   4.43e-04  
1125     -1.737843e-03  -1.736662e-03  1.181399e-06   6.80e-04  
1126     -1.805846e-03  -1.805840e-03  6.089668e-09   3.37e-06  
1127     -3.799982e-03  -3.800256e-03  2.738921e-07   7.21e-05  
1128     -2.626342e-03  -2.624974e-03  1.368605e-06   5.21e-04  
1129     -3.341685e-04  -3.345724e-04  4.038985e-07   1.21e-03  
1130     5.398185e-04   5.381828e-04   1.635630e-06   3.03e-03  
1131     7.175155e-04   7.180034e-04   4.879639e-07   6.80e-04  
1132     3.314391e-04   3.304135e-04   1.025603e-06   3.09e-03  
1133     -1.531074e-05  -1.562528e-05  3.145386e-07   2.05e-02  
1134     -2.185992e-03  -2.184177e-03  1.815169e-06   8.30e-04  
1135     -5.766022e-03  -5.768437e-03  2.414378e-06   4.19e-04  
1136     -7.993895e-03  -7.992706e-03  1.188883e-06   1.49e-04  
1137     -1.022320e-02  -1.022183e-02  1.362739e-06   1.33e-04  
1138     -1.356445e-02  -1.356329e-02  1.158408e-06   8.54e-05  
1139     -1.802095e-02  -1.850392e-02  4.829668e-04   2.68e-02  
1140     -2.122083e-02  -2.083227e-02  3.885593e-04   1.83e-02  
1141     -9.585152e-06  -9.467982e-06  1.171705e-07   1.22e-02  
1142     -5.360815e-04  -5.329825e-04  3.098927e-06   5.78e-03  
1143     -2.836371e-03  -2.834606e-03  1.765324e-06   6.22e-04  
1144     -2.567550e-03  -2.567728e-03  1.785087e-07   6.95e-05  
1145     -1.911882e-03  -1.912419e-03  5.374383e-07   2.81e-04  
1146     -1.029358e-03  -1.031035e-03  1.677501e-06   1.63e-03  
1147     -1.898699e-03  -1.897229e-03  1.470303e-06   7.74e-04  
1148     -1.839164e-03  -1.838494e-03  6.700864e-07   3.64e-04  
1149     -8.794561e-04  -8.782108e-04  1.245266e-06   1.42e-03  
1150     -4.244163e-04  -4.241030e-04  3.133605e-07   7.38e-04  
1151     -4.712716e-04  -4.716227e-04  3.511511e-07   7.45e-04  
1152     -5.224092e-04  -5.218670e-04  5.422421e-07   1.04e-03  
1153     -5.923202e-04  -5.930323e-04  7.121091e-07   1.20e-03  
1154     -1.078861e-03  -1.079039e-03  1.780932e-07   1.65e-04  
1155     -2.371387e-03  -2.371863e-03  4.759184e-07   2.01e-04  
1156     -4.344253e-03  -4.342360e-03  1.893616e-06   4.36e-04  
1157     -7.289828e-03  -7.285943e-03  3.884615e-06   5.33e-04  
1158     -1.149755e-02  -1.149832e-02  7.719642e-07   6.71e-05  
1159     -1.504455e-02  -1.541421e-02  3.696575e-04   2.46e-02  
1160     -1.667705e-02  -1.635790e-02  3.191434e-04   1.91e-02  
1161     7.041090e-06   7.571721e-06   5.306309e-07   7.54e-02  
1162     -1.166718e-04  -1.183320e-04  1.660221e-06   1.42e-02  
1163     -1.214249e-03  -1.213514e-03  7.352174e-07   6.05e-04  
1164     -1.654098e-03  -1.653444e-03  6.542748e-07   3.96e-04  
1165     -1.388903e-03  -1.389600e-03  6.964880e-07   5.01e-04  
1166     -1.431297e-03  -1.430263e-03  1.034054e-06   7.22e-04  
1167     -1.290938e-03  -1.291878e-03  9.401240e-07   7.28e-04  
1168     -1.573313e-03  -1.573814e-03  5.011716e-07   3.19e-04  
1169     -7.034501e-04  -7.040257e-04  5.756046e-07   8.18e-04  
1170     -8.375705e-05  -8.185008e-05  1.906963e-06   2.28e-02  
1171     -1.718802e-04  -1.717226e-04  1.576127e-07   9.17e-04  
1172     -5.276887e-04  -5.287926e-04  1.103848e-06   2.09e-03  
1173     -9.940192e-04  -9.941870e-04  1.678036e-07   1.69e-04  
1174     -1.502631e-03  -1.503564e-03  9.334055e-07   6.21e-04  
1175     -2.620527e-03  -2.620268e-03  2.586222e-07   9.87e-05  
1176     -4.949320e-03  -4.944314e-03  5.005833e-06   1.01e-03  
1177     -7.479705e-03  -7.479766e-03  6.048704e-08   8.09e-06  
1178     -1.000791e-02  -1.000880e-02  8.882290e-07   8.88e-05  
1179     -1.047688e-02  -1.066978e-02  1.929024e-04   1.84e-02  
1180     -8.971232e-03  -8.719196e-03  2.520354e-04   2.81e-02  
1181     4.115591e-05   4.078959e-05   3.663115e-07   8.90e-03  
1182     6.000056e-06   6.805667e-06   8.056112e-07   1.34e-01  
1183     -6.828342e-04  -6.828338e-04  4.376975e-10   6.41e-07  
1184     -1.259674e-03  -1.258176e-03  1.498485e-06   1.19e-03  
1185     -1.468388e-03  -1.468441e-03  5.313618e-08   3.62e-05  
1186     -7.894260e-04  -7.909140e-04  1.487986e-06   1.88e-03  
1187     -1.916187e-04  -1.900879e-04  1.530748e-06   7.99e-03  
1188     -8.565944e-04  -8.564172e-04  1.772672e-07   2.07e-04  
1189     -6.600967e-04  -6.604717e-04  3.749857e-07   5.68e-04  
1190     1.838667e-04   1.820721e-04   1.794568e-06   9.76e-03  
1191     5.480001e-04   5.492762e-04   1.276064e-06   2.33e-03  
1192     1.837839e-04   1.860423e-04   2.258417e-06   1.23e-02  
1193     -4.210002e-04  -4.211498e-04  1.495740e-07   3.55e-04  
1194     -1.121047e-03  -1.121592e-03  5.443642e-07   4.86e-04  
1195     -2.350958e-03  -2.350977e-03  1.942339e-08   8.26e-06  
1196     -3.481587e-03  -3.477654e-03  3.933419e-06   1.13e-03  
1197     -2.984993e-03  -2.985137e-03  1.435661e-07   4.81e-05  
1198     -2.610421e-03  -2.609557e-03  8.642894e-07   3.31e-04  
1199     -1.466818e-03  -1.401719e-03  6.509907e-05   4.44e-02  
1200     3.959087e-04   3.927791e-04   3.129598e-06   7.90e-03  
1201     1.336502e-04   1.283573e-04   5.292829e-06   3.96e-02  
1202     7.823726e-05   8.199441e-05   3.757149e-06   4.80e-02  
1203     -5.256824e-04  -5.284173e-04  2.734960e-06   5.20e-03  
1204     -1.106930e-03  -1.106846e-03  8.405389e-08   7.59e-05  
1205     -1.827741e-03  -1.827798e-03  5.715377e-08   3.13e-05  
1206     -7.763784e-04  -7.770073e-04  6.289200e-07   8.10e-04  
1207     -9.269474e-05  -9.322543e-05  5.306857e-07   5.73e-03  
1208     -3.034256e-04  -3.025380e-04  8.875894e-07   2.93e-03  
1209     -3.378100e-04  -3.346945e-04  3.115523e-06   9.22e-03  
1210     3.683447e-05   3.520961e-05   1.624861e-06   4.41e-02  
1211     3.128396e-04   3.144174e-04   1.577758e-06   5.04e-03  
1212     1.691819e-04   1.686917e-04   4.901321e-07   2.90e-03  
1213     -1.519390e-04  -1.539147e-04  1.975694e-06   1.30e-02  
1214     -5.991824e-04  -5.982415e-04  9.409296e-07   1.57e-03  
1215     -1.770378e-03  -1.771812e-03  1.433701e-06   8.10e-04  
1216     -2.496893e-03  -2.497713e-03  8.196566e-07   3.28e-04  
1217     -8.172463e-04  -8.152901e-04  1.956250e-06   2.39e-03  
1218     -1.207684e-03  -1.208147e-03  4.633545e-07   3.84e-04  
1219     -7.173796e-04  -6.869816e-04  3.039799e-05   4.24e-02  
1220     1.022215e-03   1.041942e-03   1.972724e-05   1.93e-02  
1221     5.512844e-05   5.551559e-05   3.871491e-07   7.02e-03  
1222     -3.027183e-05  -2.860379e-05  1.668040e-06   5.51e-02  
1223     -3.130937e-04  -3.145550e-04  1.461303e-06   4.67e-03  
1224     -7.177284e-04  -7.170109e-04  7.174845e-07   1.00e-03  
1225     -1.353908e-03  -1.354699e-03  7.900834e-07   5.84e-04  
1226     -5.459038e-04  -5.456213e-04  2.824804e-07   5.17e-04  
1227     -1.193815e-04  -1.188671e-04  5.144015e-07   4.31e-03  
1228     -2.124982e-04  -2.127254e-04  2.271872e-07   1.07e-03  
1229     -3.203803e-04  -3.212519e-04  8.715895e-07   2.72e-03  
1230     -2.514336e-04  -2.532485e-04  1.814961e-06   7.22e-03  
1231     -2.814872e-04  -2.783085e-04  3.178758e-06   1.13e-02  
1232     -6.302580e-04  -6.321033e-04  1.845291e-06   2.93e-03  
1233     -1.160968e-03  -1.161378e-03  4.096663e-07   3.53e-04  
1234     -1.702216e-03  -1.701199e-03  1.016894e-06   5.97e-04  
1235     -2.208381e-03  -2.212373e-03  3.991234e-06   1.81e-03  
1236     -2.033085e-03  -2.034368e-03  1.282844e-06   6.31e-04  
1237     3.148028e-04   3.183009e-04   3.498178e-06   1.11e-02  
1238     -2.184461e-03  -2.188136e-03  3.675257e-06   1.68e-03  
1239     -2.372208e-03  -2.380687e-03  8.478839e-06   3.57e-03  
1240     -9.850083e-04  -9.351275e-04  4.988078e-05   5.06e-02  
1241     -3.281151e-05  -2.591261e-05  6.898906e-06   2.10e-01  
1242     -1.955770e-04  -1.957279e-04  1.508432e-07   7.71e-04  
1243     -2.626484e-04  -2.628697e-04  2.213465e-07   8.43e-04  
1244     -6.686593e-04  -6.676881e-04  9.711904e-07   1.45e-03  
1245     -1.037499e-03  -1.038059e-03  5.591390e-07   5.39e-04  
1246     -7.726868e-04  -7.745338e-04  1.846946e-06   2.39e-03  
1247     -4.260900e-04  -4.277090e-04  1.619005e-06   3.80e-03  
1248     -3.108844e-04  -3.126410e-04  1.756655e-06   5.65e-03  
1249     -5.260878e-04  -5.240031e-04  2.084725e-06   3.96e-03  
1250     -6.867451e-04  -6.875900e-04  8.448627e-07   1.23e-03  
1251     -1.186953e-03  -1.187981e-03  1.028083e-06   8.66e-04  
1252     -1.736084e-03  -1.732525e-03  3.559190e-06   2.05e-03  
1253     -2.144795e-03  -2.145266e-03  4.708655e-07   2.20e-04  
1254     -2.215834e-03  -2.220006e-03  4.172684e-06   1.88e-03  
1255     -2.040471e-03  -2.038769e-03  1.701658e-06   8.34e-04  
1256     -6.458706e-04  -6.492229e-04  3.352311e-06   5.19e-03  
1257     1.400571e-03   1.403984e-03   3.412535e-06   2.44e-03  
1258     -4.176223e-03  -4.173391e-03  2.832585e-06   6.78e-04  
1259     -5.301209e-03  -5.378669e-03  7.746006e-05   1.46e-02  
1260     -3.904504e-03  -3.777980e-03  1.265238e-04   3.24e-02  
1261     -1.191842e-04  -1.103806e-04  8.803581e-06   7.39e-02  
1262     -4.040125e-04  -4.054623e-04  1.449835e-06   3.59e-03  
1263     -5.059337e-04  -5.037104e-04  2.223284e-06   4.39e-03  
1264     -8.645492e-04  -8.633894e-04  1.159793e-06   1.34e-03  
1265     -9.944196e-04  -9.985035e-04  4.083861e-06   4.11e-03  
1266     -1.048233e-03  -1.046041e-03  2.191972e-06   2.09e-03  
1267     -8.232864e-04  -8.248424e-04  1.556063e-06   1.89e-03  
1268     -4.870266e-04  -4.844725e-04  2.554180e-06   5.24e-03  
1269     -9.798923e-04  -9.807710e-04  8.787087e-07   8.97e-04  
1270     -1.597763e-03  -1.595075e-03  2.687997e-06   1.68e-03  
1271     -2.442285e-03  -2.442384e-03  9.882907e-08   4.05e-05  
1272     -2.726801e-03  -2.726428e-03  3.729889e-07   1.37e-04  
1273     -2.514833e-03  -2.516192e-03  1.358807e-06   5.40e-04  
1274     -2.350430e-03  -2.350007e-03  4.226992e-07   1.80e-04  
1275     -1.987435e-03  -1.987366e-03  6.950623e-08   3.50e-05  
1276     2.357860e-05   2.617684e-05   2.598238e-06   1.10e-01  
1277     1.505838e-03   1.505558e-03   2.802378e-07   1.86e-04  
1278     -4.447113e-03  -4.446232e-03  8.802478e-07   1.98e-04  
1279     -6.282808e-03  -6.400129e-03  1.173213e-04   1.87e-02  
1280     -5.397795e-03  -5.251830e-03  1.459647e-04   2.70e-02  
1281     -2.600615e-04  -2.443201e-04  1.574134e-05   6.05e-02  
1282     -6.861626e-04  -6.892487e-04  3.086063e-06   4.50e-03  
1283     -8.309631e-04  -8.309620e-04  1.091185e-09   1.31e-06  
1284     -1.011397e-03  -1.012410e-03  1.013559e-06   1.00e-03  
1285     -1.006921e-03  -1.002927e-03  3.994774e-06   3.97e-03  
1286     -1.116405e-03  -1.116665e-03  2.595808e-07   2.33e-04  
1287     -1.142002e-03  -1.144718e-03  2.715905e-06   2.38e-03  
1288     -9.994916e-04  -9.994783e-04  1.329912e-08   1.33e-05  
1289     -1.592110e-03  -1.590015e-03  2.095220e-06   1.32e-03  
1290     -2.062497e-03  -2.060447e-03  2.049724e-06   9.94e-04  
1291     -2.603395e-03  -2.606215e-03  2.819926e-06   1.08e-03  
1292     -2.560147e-03  -2.561640e-03  1.492593e-06   5.83e-04  
1293     -2.385732e-03  -2.384963e-03  7.683431e-07   3.22e-04  
1294     -1.787942e-03  -1.789158e-03  1.215683e-06   6.80e-04  
1295     -6.297206e-04  -6.291057e-04  6.149746e-07   9.77e-04  
1296     5.991930e-04   5.977796e-04   1.413445e-06   2.36e-03  
1297     -4.546665e-04  -4.561440e-04  1.477539e-06   3.25e-03  
1298     -4.321714e-03  -4.323524e-03  1.810088e-06   4.19e-04  
1299     -5.261692e-03  -5.350187e-03  8.849479e-05   1.68e-02  
1300     -4.389417e-03  -4.277336e-03  1.120804e-04   2.55e-02  
1301     -4.119242e-04  -3.914358e-04  2.048847e-05   4.97e-02  
1302     -8.851609e-04  -8.885093e-04  3.348408e-06   3.78e-03  
1303     -1.076024e-03  -1.077078e-03  1.054186e-06   9.80e-04  
1304     -1.133073e-03  -1.130889e-03  2.184257e-06   1.93e-03  
1305     -1.119265e-03  -1.114278e-03  4.987715e-06   4.46e-03  
1306     -1.120548e-03  -1.119083e-03  1.465860e-06   1.31e-03  
1307     -1.368113e-03  -1.369140e-03  1.027722e-06   7.51e-04  
1308     -1.727920e-03  -1.729450e-03  1.529536e-06   8.85e-04  
1309     -1.901585e-03  -1.902194e-03  6.093900e-07   3.20e-04  
1310     -1.599631e-03  -1.599598e-03  3.289973e-08   2.06e-05  
1311     -1.876398e-03  -1.874025e-03  2.372576e-06   1.26e-03  
1312     -2.183506e-03  -2.184375e-03  8.692069e-07   3.98e-04  
1313     -2.142780e-03  -2.142237e-03  5.422113e-07   2.53e-04  
1314     -6.277332e-04  -6.237877e-04  3.945511e-06   6.29e-03  
1315     9.733181e-04   9.710277e-04   2.290421e-06   2.35e-03  
1316     9.712422e-04   9.791123e-04   7.870128e-06   8.10e-03  
1317     -1.763373e-03  -1.760934e-03  2.439438e-06   1.38e-03  
1318     -3.724360e-03  -3.726301e-03  1.941587e-06   5.21e-04  
1319     -3.780633e-03  -3.825011e-03  4.437880e-05   1.17e-02  
1320     -2.617192e-03  -2.531124e-03  8.606760e-05   3.29e-02  
1321     -5.672688e-04  -5.409917e-04  2.627709e-05   4.63e-02  
1322     -1.028208e-03  -1.038216e-03  1.000774e-05   9.73e-03  
1323     -1.259119e-03  -1.257223e-03  1.895383e-06   1.51e-03  
1324     -1.313477e-03  -1.311933e-03  1.544432e-06   1.18e-03  
1325     -1.406674e-03  -1.406273e-03  4.012288e-07   2.85e-04  
1326     -1.272789e-03  -1.275131e-03  2.342400e-06   1.84e-03  
1327     -1.439844e-03  -1.438132e-03  1.712267e-06   1.19e-03  
1328     -2.073322e-03  -2.076950e-03  3.627599e-06   1.75e-03  
1329     -2.327787e-03  -2.326694e-03  1.092821e-06   4.69e-04  
1330     -1.877035e-03  -1.880718e-03  3.683274e-06   1.96e-03  
1331     -2.216510e-03  -2.212048e-03  4.461234e-06   2.01e-03  
1332     -1.794997e-03  -1.792282e-03  2.714734e-06   1.51e-03  
1333     -1.358612e-03  -1.358569e-03  4.349620e-08   3.20e-05  
1334     -1.750610e-04  -1.765965e-04  1.535493e-06   8.77e-03  
1335     6.613068e-04   6.659384e-04   4.631588e-06   7.00e-03  
1336     1.673413e-04   1.677014e-04   3.601583e-07   2.15e-03  
1337     -2.208913e-03  -2.210847e-03  1.934361e-06   8.76e-04  
1338     -3.157433e-03  -3.153555e-03  3.877895e-06   1.23e-03  
1339     -2.759481e-03  -2.786036e-03  2.655435e-05   9.62e-03  
1340     -1.561979e-03  -1.493377e-03  6.860218e-05   4.39e-02  
1341     -6.430491e-04  -6.198952e-04  2.315390e-05   3.60e-02  
1342     -1.114299e-03  -1.125684e-03  1.138468e-05   1.02e-02  
1343     -1.391018e-03  -1.389211e-03  1.806697e-06   1.30e-03  
1344     -1.519980e-03  -1.521490e-03  1.509632e-06   9.93e-04  
1345     -1.739926e-03  -1.738301e-03  1.625293e-06   9.34e-04  
1346     -1.686455e-03  -1.688749e-03  2.293815e-06   1.36e-03  
1347     -1.627100e-03  -1.624814e-03  2.286184e-06   1.41e-03  
1348     -2.071850e-03  -2.071134e-03  7.154946e-07   3.45e-04  
1349     -2.785067e-03  -2.786813e-03  1.746301e-06   6.27e-04  
1350     -2.857725e-03  -2.853426e-03  4.298947e-06   1.50e-03  
1351     -3.046916e-03  -3.045950e-03  9.656365e-07   3.17e-04  
1352     -1.956942e-03  -1.956495e-03  4.474127e-07   2.29e-04  
1353     -7.756184e-04  -7.771783e-04  1.559935e-06   2.01e-03  
1354     -4.088131e-05  -3.797185e-05  2.909466e-06   7.12e-02  
1355     -3.190558e-06  -1.936229e-06  1.254329e-06   3.93e-01  
1356     -1.136484e-03  -1.131291e-03  5.193725e-06   4.57e-03  
1357     -2.462114e-03  -2.459406e-03  2.708068e-06   1.10e-03  
1358     -2.738141e-03  -2.734273e-03  3.868360e-06   1.41e-03  
1359     -2.179958e-03  -2.195952e-03  1.599431e-05   7.34e-03  
1360     -1.171948e-03  -1.122118e-03  4.983045e-05   4.25e-02  
1361     -4.589460e-04  -4.389311e-04  2.001489e-05   4.36e-02  
1362     -9.905190e-04  -9.974999e-04  6.980878e-06   7.05e-03  
1363     -1.443169e-03  -1.439748e-03  3.421024e-06   2.37e-03  
1364     -1.618624e-03  -1.618432e-03  1.919277e-07   1.19e-04  
1365     -1.868643e-03  -1.869460e-03  8.173352e-07   4.37e-04  
1366     -1.919250e-03  -1.920584e-03  1.333635e-06   6.95e-04  
1367     -1.850062e-03  -1.851819e-03  1.756483e-06   9.49e-04  
1368     -1.941022e-03  -1.940583e-03  4.389638e-07   2.26e-04  
1369     -2.325894e-03  -2.327813e-03  1.919641e-06   8.25e-04  
1370     -2.409094e-03  -2.410010e-03  9.157681e-07   3.80e-04  
1371     -2.406810e-03  -2.405882e-03  9.277521e-07   3.85e-04  
1372     -1.751256e-03  -1.750011e-03  1.245138e-06   7.11e-04  
1373     -1.236454e-03  -1.233158e-03  3.296007e-06   2.67e-03  
1374     -9.738013e-04  -9.718693e-04  1.932005e-06   1.98e-03  
1375     -7.151049e-04  -7.125722e-04  2.532691e-06   3.54e-03  
1376     -1.607202e-03  -1.609317e-03  2.114916e-06   1.32e-03  
1377     -2.390755e-03  -2.389304e-03  1.450844e-06   6.07e-04  
1378     -2.405745e-03  -2.407654e-03  1.908761e-06   7.93e-04  
1379     -1.877685e-03  -1.903613e-03  2.592781e-05   1.38e-02  
1380     -1.187498e-03  -1.145359e-03  4.213818e-05   3.55e-02  
1381     -2.936304e-04  -2.769363e-04  1.669410e-05   5.69e-02  
1382     -8.479761e-04  -8.492429e-04  1.266797e-06   1.49e-03  
1383     -1.426935e-03  -1.427125e-03  1.904958e-07   1.34e-04  
1384     -1.613760e-03  -1.611939e-03  1.820606e-06   1.13e-03  
1385     -1.876339e-03  -1.876321e-03  1.740806e-08   9.28e-06  
1386     -1.996778e-03  -1.994935e-03  1.843060e-06   9.23e-04  
1387     -1.818902e-03  -1.818576e-03  3.252002e-07   1.79e-04  
1388     -1.718411e-03  -1.720228e-03  1.817645e-06   1.06e-03  
1389     -1.974584e-03  -1.973099e-03  1.484641e-06   7.52e-04  
1390     -2.243581e-03  -2.242582e-03  9.989791e-07   4.45e-04  
1391     -2.232452e-03  -2.235083e-03  2.631086e-06   1.18e-03  
1392     -2.051654e-03  -2.049565e-03  2.089040e-06   1.02e-03  
1393     -1.768243e-03  -1.768607e-03  3.643866e-07   2.06e-04  
1394     -1.570079e-03  -1.569178e-03  9.010349e-07   5.74e-04  
1395     -1.253809e-03  -1.258216e-03  4.406772e-06   3.51e-03  
1396     -1.836546e-03  -1.842353e-03  5.806528e-06   3.16e-03  
1397     -2.307516e-03  -2.303844e-03  3.671835e-06   1.59e-03  
1398     -2.184626e-03  -2.185183e-03  5.569401e-07   2.55e-04  
1399     -1.802020e-03  -1.833631e-03  3.161112e-05   1.75e-02  
1400     -1.495048e-03  -1.451004e-03  4.404466e-05   2.95e-02  
1401     -1.979630e-04  -1.847722e-04  1.319084e-05   6.66e-02  
1402     -6.788441e-04  -6.827294e-04  3.885303e-06   5.72e-03  
1403     -1.288176e-03  -1.287777e-03  3.992052e-07   3.10e-04  
1404     -1.534498e-03  -1.532559e-03  1.939400e-06   1.26e-03  
1405     -1.849251e-03  -1.846177e-03  3.074595e-06   1.66e-03  
1406     -2.023217e-03  -2.024378e-03  1.161841e-06   5.74e-04  
1407     -1.727199e-03  -1.727225e-03  2.603911e-08   1.51e-05  
1408     -1.214693e-03  -1.210878e-03  3.815286e-06   3.14e-03  
1409     -1.338713e-03  -1.339144e-03  4.311430e-07   3.22e-04  
1410     -1.707742e-03  -1.707270e-03  4.717373e-07   2.76e-04  
1411     -1.929271e-03  -1.930394e-03  1.122192e-06   5.82e-04  
1412     -2.090446e-03  -2.089537e-03  9.087195e-07   4.35e-04  
1413     -2.018196e-03  -2.016862e-03  1.333828e-06   6.61e-04  
1414     -1.856655e-03  -1.857146e-03  4.902164e-07   2.64e-04  
1415     -1.764885e-03  -1.769476e-03  4.590953e-06   2.60e-03  
1416     -1.902634e-03  -1.910159e-03  7.524370e-06   3.95e-03  
1417     -2.137518e-03  -2.143044e-03  5.525811e-06   2.59e-03  
1418     -2.045893e-03  -2.047598e-03  1.704442e-06   8.33e-04  
1419     -1.738423e-03  -1.785558e-03  4.713527e-05   2.71e-02  
1420     -1.675203e-03  -1.640954e-03  3.424868e-05   2.04e-02  
1421     -8.664911e-05  -8.102630e-05  5.622815e-06   6.49e-02  
1422     -4.036126e-04  -4.016454e-04  1.967176e-06   4.87e-03  
1423     -9.885733e-04  -9.882650e-04  3.083200e-07   3.12e-04  
1424     -1.398106e-03  -1.399127e-03  1.021919e-06   7.31e-04  
1425     -1.799923e-03  -1.798079e-03  1.843099e-06   1.02e-03  
1426     -2.033470e-03  -2.030807e-03  2.663437e-06   1.31e-03  
1427     -1.734055e-03  -1.734826e-03  7.701845e-07   4.44e-04  
1428     -8.767600e-04  -8.771939e-04  4.339215e-07   4.95e-04  
1429     -6.119954e-04  -6.118150e-04  1.803463e-07   2.95e-04  
1430     -8.431768e-04  -8.439072e-04  7.303535e-07   8.66e-04  
1431     -1.253791e-03  -1.255174e-03  1.382745e-06   1.10e-03  
1432     -1.745430e-03  -1.745688e-03  2.576392e-07   1.48e-04  
1433     -1.940091e-03  -1.942806e-03  2.714630e-06   1.40e-03  
1434     -2.012287e-03  -2.014584e-03  2.297038e-06   1.14e-03  
1435     -2.063998e-03  -2.063729e-03  2.692739e-07   1.30e-04  
1436     -1.949835e-03  -1.947320e-03  2.515249e-06   1.29e-03  
1437     -1.976327e-03  -1.973313e-03  3.014512e-06   1.53e-03  
1438     -2.294161e-03  -2.293052e-03  1.108569e-06   4.83e-04  
1439     -1.979905e-03  -2.009266e-03  2.936115e-05   1.48e-02  
1440     -1.665393e-03  -1.630620e-03  3.477306e-05   2.09e-02  
1441     -1.507412e-05  -1.798339e-05  2.909273e-06   1.93e-01  
1442     -1.734901e-04  -1.743450e-04  8.548842e-07   4.93e-03  
1443     -6.514217e-04  -6.494316e-04  1.990064e-06   3.05e-03  
1444     -1.185989e-03  -1.185516e-03  4.729331e-07   3.99e-04  
1445     -1.612706e-03  -1.614520e-03  1.813192e-06   1.12e-03  
1446     -1.866426e-03  -1.862583e-03  3.842180e-06   2.06e-03  
1447     -1.671460e-03  -1.667986e-03  3.474343e-06   2.08e-03  
1448     -8.370204e-04  -8.382095e-04  1.189110e-06   1.42e-03  
1449     -2.474272e-04  -2.444289e-04  2.998232e-06   1.21e-02  
1450     -8.282111e-05  -7.894574e-05  3.875367e-06   4.68e-02  
1451     -4.090063e-04  -4.092260e-04  2.197001e-07   5.37e-04  
1452     -9.385820e-04  -9.431589e-04  4.576876e-06   4.88e-03  
1453     -1.459391e-03  -1.459868e-03  4.763539e-07   3.26e-04  
1454     -2.014419e-03  -2.016707e-03  2.287454e-06   1.14e-03  
1455     -2.297340e-03  -2.299656e-03  2.316428e-06   1.01e-03  
1456     -1.909627e-03  -1.910867e-03  1.240116e-06   6.49e-04  
1457     -1.892980e-03  -1.894034e-03  1.053678e-06   5.57e-04  
1458     -2.621599e-03  -2.623928e-03  2.328493e-06   8.88e-04  
1459     -2.736902e-03  -2.768490e-03  3.158798e-05   1.15e-02  
1460     -1.908157e-03  -1.830029e-03  7.812764e-05   4.09e-02  
1461     5.778348e-05   5.635714e-05   1.426334e-06   2.47e-02  
1462     -8.704090e-05  -8.412160e-05  2.919297e-06   3.35e-02  
1463     -4.929647e-04  -4.966183e-04  3.653561e-06   7.41e-03  
1464     -1.171202e-03  -1.169491e-03  1.711306e-06   1.46e-03  
1465     -1.523106e-03  -1.522675e-03  4.303886e-07   2.83e-04  
1466     -1.662612e-03  -1.661187e-03  1.424959e-06   8.57e-04  
1467     -1.569065e-03  -1.565388e-03  3.677626e-06   2.34e-03  
1468     -1.002942e-03  -1.004210e-03  1.267719e-06   1.26e-03  
1469     -3.715631e-04  -3.722045e-04  6.413502e-07   1.73e-03  
1470     1.196151e-04   1.180878e-04   1.527356e-06   1.28e-02  
1471     7.309708e-06   6.712408e-06   5.972994e-07   8.17e-02  
1472     -2.133096e-04  -2.117884e-04  1.521205e-06   7.13e-03  
1473     -4.846028e-04  -4.817369e-04  2.865954e-06   5.91e-03  
1474     -1.380233e-03  -1.380476e-03  2.424006e-07   1.76e-04  
1475     -1.666867e-03  -1.669558e-03  2.690514e-06   1.61e-03  
1476     -1.747263e-03  -1.752496e-03  5.232466e-06   2.99e-03  
1477     -2.215887e-03  -2.216245e-03  3.583987e-07   1.62e-04  
1478     -1.526353e-03  -1.530114e-03  3.761143e-06   2.46e-03  
1479     -1.323882e-03  -1.333720e-03  9.837460e-06   7.43e-03  
1480     -7.627112e-04  -7.388423e-04  2.386886e-05   3.13e-02  
1481     1.347490e-04   1.349920e-04   2.430326e-07   1.80e-03  
1482     1.398395e-05   1.723288e-05   3.248930e-06   2.32e-01  
1483     -3.345896e-04  -3.343437e-04  2.459774e-07   7.35e-04  
1484     -1.207955e-03  -1.206777e-03  1.177692e-06   9.75e-04  
1485     -1.633809e-03  -1.632599e-03  1.210964e-06   7.41e-04  
1486     -1.521228e-03  -1.521647e-03  4.189594e-07   2.75e-04  
1487     -1.454901e-03  -1.456648e-03  1.747387e-06   1.20e-03  
1488     -1.153528e-03  -1.150811e-03  2.717235e-06   2.36e-03  
1489     -7.561359e-04  -7.585177e-04  2.381792e-06   3.15e-03  
1490     -1.327604e-04  -1.328182e-04  5.784505e-08   4.36e-04  
1491     -3.279620e-05  -2.966738e-05  3.128821e-06   9.54e-02  
1492     -2.763437e-04  -2.776868e-04  1.343096e-06   4.86e-03  
1493     -8.106125e-04  -8.161316e-04  5.519144e-06   6.81e-03  
1494     -1.259073e-03  -1.255227e-03  3.846072e-06   3.05e-03  
1495     -3.810796e-04  -3.856093e-04  4.529772e-06   1.19e-02  
1496     -1.082697e-03  -1.083109e-03  4.126145e-07   3.81e-04  
1497     -2.561335e-03  -2.564102e-03  2.766879e-06   1.08e-03  
1498     -1.534394e-03  -1.534390e-03  3.913936e-09   2.55e-06  
1499     -8.515878e-04  -8.592660e-04  7.678159e-06   9.02e-03  
1500     -3.632329e-04  -3.416734e-04  2.155957e-05   5.94e-02  
1501     1.181474e-05   1.088019e-05   9.345583e-07   7.91e-02  
1502     2.380758e-06   -1.265654e-06  3.646412e-06   1.53e+00  
1503     -1.740562e-04  -1.725464e-04  1.509817e-06   8.67e-03  
1504     -1.006269e-03  -1.008416e-03  2.146879e-06   2.13e-03  
1505     -1.590208e-03  -1.589970e-03  2.373851e-07   1.49e-04  
1506     -1.402266e-03  -1.402538e-03  2.724318e-07   1.94e-04  
1507     -1.284097e-03  -1.282126e-03  1.971370e-06   1.54e-03  
1508     -1.126436e-03  -1.125087e-03  1.348923e-06   1.20e-03  
1509     -1.063664e-03  -1.063449e-03  2.146132e-07   2.02e-04  
1510     -7.353433e-04  -7.407630e-04  5.419659e-06   7.37e-03  
1511     -3.212699e-04  -3.243117e-04  3.041761e-06   9.47e-03  
1512     -8.562937e-04  -8.557088e-04  5.848716e-07   6.83e-04  
1513     -1.491730e-03  -1.492879e-03  1.149400e-06   7.71e-04  
1514     -1.449120e-03  -1.452967e-03  3.846705e-06   2.65e-03  
1515     -1.363398e-03  -1.361609e-03  1.789266e-06   1.31e-03  
1516     -2.240284e-03  -2.241018e-03  7.349095e-07   3.28e-04  
1517     -2.094559e-03  -2.096032e-03  1.472783e-06   7.03e-04  
1518     -9.537492e-04  -9.531886e-04  5.605851e-07   5.88e-04  
1519     -4.225944e-04  -4.286682e-04  6.073766e-06   1.44e-02  
1520     -1.559730e-04  -1.434941e-04  1.247887e-05   8.00e-02  
1521     4.907586e-05   4.679368e-05   2.282178e-06   4.65e-02  
1522     2.124636e-05   2.490008e-05   3.653720e-06   1.72e-01  
1523     -1.572268e-04  -1.559863e-04  1.240506e-06   7.89e-03  
1524     -8.624917e-04  -8.652901e-04  2.798407e-06   3.24e-03  
1525     -1.610278e-03  -1.609377e-03  9.011122e-07   5.60e-04  
1526     -1.546619e-03  -1.546272e-03  3.470471e-07   2.24e-04  
1527     -1.232452e-03  -1.234683e-03  2.231757e-06   1.81e-03  
1528     -7.280458e-04  -7.251311e-04  2.914697e-06   4.00e-03  
1529     -7.952812e-04  -7.950240e-04  2.571526e-07   3.23e-04  
1530     -9.965419e-04  -9.934142e-04  3.127632e-06   3.14e-03  
1531     -7.710975e-04  -7.697820e-04  1.315514e-06   1.71e-03  
1532     -1.657447e-03  -1.654543e-03  2.903485e-06   1.75e-03  
1533     -1.730763e-03  -1.731177e-03  4.145264e-07   2.40e-04  
1534     -1.075750e-03  -1.079532e-03  3.781956e-06   3.52e-03  
1535     -1.303693e-03  -1.304268e-03  5.749640e-07   4.41e-04  
1536     -1.556971e-03  -1.559888e-03  2.916603e-06   1.87e-03  
1537     -8.487046e-04  -8.503775e-04  1.672905e-06   1.97e-03  
1538     -3.717121e-04  -3.698108e-04  1.901217e-06   5.11e-03  
1539     -1.191629e-04  -1.193556e-04  1.927455e-07   1.62e-03  
1540     -4.615667e-05  -3.918199e-05  6.974676e-06   1.51e-01  
1541     -4.554095e-04  -4.530976e-04  2.311891e-06   5.08e-03  
1542     -3.810420e-04  -3.812506e-04  2.086326e-07   5.48e-04  
1543     -4.036635e-04  -4.050338e-04  1.370299e-06   3.39e-03  
1544     -5.763039e-04  -5.768785e-04  5.746272e-07   9.97e-04  
1545     -9.636373e-04  -9.660828e-04  2.445517e-06   2.54e-03  
1546     -1.086544e-03  -1.085902e-03  6.411227e-07   5.90e-04  
1547     -1.007788e-03  -1.004954e-03  2.833614e-06   2.81e-03  
1548     -6.017139e-04  -5.972045e-04  4.509384e-06   7.49e-03  
1549     -3.501356e-04  -3.576872e-04  7.551593e-06   2.16e-02  
1550     -7.241615e-04  -7.230083e-04  1.153151e-06   1.59e-03  
1551     -1.208501e-03  -1.206237e-03  2.264159e-06   1.87e-03  
1552     -1.808781e-03  -1.812106e-03  3.325507e-06   1.84e-03  
1553     -9.419110e-04  -9.371903e-04  4.720654e-06   5.01e-03  
1554     -5.895801e-04  -5.921241e-04  2.544005e-06   4.31e-03  
1555     -8.598329e-04  -8.609202e-04  1.087324e-06   1.26e-03  
1556     -5.994300e-04  -5.993051e-04  1.249252e-07   2.08e-04  
1557     -2.362710e-04  -2.314149e-04  4.856109e-06   2.06e-02  
1558     -7.561698e-05  -7.704948e-05  1.432498e-06   1.89e-02  
1559     -2.620339e-05  -2.727596e-05  1.072568e-06   4.09e-02  
1560     -8.769357e-06  -3.113065e-06  5.656291e-06   6.45e-01  
1561     -2.032436e-03  -2.007503e-03  2.493284e-05   1.23e-02  
1562     -2.030103e-03  -2.110481e-03  8.037735e-05   3.96e-02  
1563     -2.019093e-03  -2.035145e-03  1.605282e-05   7.95e-03  
1564     -1.917483e-03  -1.937002e-03  1.951900e-05   1.02e-02  
1565     -1.978063e-03  -2.007081e-03  2.901827e-05   1.47e-02  
1566     -1.991595e-03  -2.018428e-03  2.683272e-05   1.35e-02  
1567     -2.238470e-03  -2.266340e-03  2.787014e-05   1.25e-02  
1568     -2.396441e-03  -2.405485e-03  9.043849e-06   3.77e-03  
1569     -2.149300e-03  -2.143059e-03  6.241150e-06   2.90e-03  
1570     -2.051330e-03  -2.049956e-03  1.374274e-06   6.70e-04  
1571     -1.978343e-03  -1.975087e-03  3.255763e-06   1.65e-03  
1572     -1.564349e-03  -1.570075e-03  5.726624e-06   3.66e-03  
1573     -5.260135e-04  -5.302714e-04  4.257913e-06   8.09e-03  
1574     -4.388661e-04  -4.401279e-04  1.261837e-06   2.88e-03  
1575     -3.929789e-04  -3.962697e-04  3.290762e-06   8.37e-03  
1576     -1.793691e-04  -1.757750e-04  3.594181e-06   2.00e-02  
1577     -5.015043e-05  -5.212941e-05  1.978981e-06   3.95e-02  
1578     -1.552120e-05  -1.461720e-05  9.040075e-07   5.82e-02  
1579     -5.978252e-06  -3.426148e-06  2.552104e-06   4.27e-01  
1580     -1.200048e-06  -6.727952e-07  5.272531e-07   4.39e-01  
1581     -1.359057e-03  -1.256342e-03  1.027154e-04   7.56e-02  
1582     -1.153294e-03  -1.130374e-03  2.292017e-05   1.99e-02  
1583     -1.056541e-03  -1.002984e-03  5.355698e-05   5.07e-02  
1584     -1.056716e-03  -1.004747e-03  5.196820e-05   4.92e-02  
1585     -1.366808e-03  -1.316838e-03  4.997019e-05   3.66e-02  
1586     -1.459079e-03  -1.411107e-03  4.797196e-05   3.29e-02  
1587     -1.279816e-03  -1.224718e-03  5.509793e-05   4.31e-02  
1588     -7.812900e-04  -7.097367e-04  7.155331e-05   9.16e-02  
1589     -2.537481e-04  -1.947909e-04  5.895724e-05   2.32e-01  
1590     -2.202310e-04  -1.573408e-04  6.289016e-05   2.86e-01  
1591     -2.875844e-04  -2.279954e-04  5.958895e-05   2.07e-01  
1592     -3.336719e-04  -2.995093e-04  3.416254e-05   1.02e-01  
1593     -1.687088e-04  -1.619083e-04  6.800543e-06   4.03e-02  
1594     -1.779861e-04  -1.648504e-04  1.313574e-05   7.38e-02  
1595     -9.433440e-05  -8.764767e-05  6.686728e-06   7.09e-02  
1596     -2.763273e-05  -2.950529e-05  1.872561e-06   6.78e-02  
1597     -6.018547e-06  -3.859135e-06  2.159412e-06   3.59e-01  
1598     -1.859590e-06  6.561418e-06   8.421008e-06   4.53e+00  
1599     -4.486297e-07  2.331468e-07   6.817766e-07   1.52e+00  
1600     7.150767e-08   -2.531308e-06  2.602816e-06   3.64e+01  

--- dgh/dtheta: Hashin sensitivity w.r.t. fibre angle ---
Element AnalyticValue Numericvalue Abs.Err Rel.Err
1        -1.917427e-02  -1.884852e-02  3.257435e-04   1.70e-02  
2        -7.414997e-03  -8.187315e-03  7.723183e-04   1.04e-01  
3        -1.727359e-03  -1.736107e-03  8.748292e-06   5.06e-03  
4        -6.306406e-04  -6.250023e-04  5.638325e-06   8.94e-03  
5        -2.903494e-04  -2.835687e-04  6.780635e-06   2.34e-02  
6        -2.709546e-04  -2.675016e-04  3.453030e-06   1.27e-02  
7        -2.644809e-04  -2.608158e-04  3.665088e-06   1.39e-02  
8        -2.184231e-04  -2.161671e-04  2.256003e-06   1.03e-02  
9        -1.750693e-04  -1.713207e-04  3.748559e-06   2.14e-02  
10       -9.769943e-05  -9.467094e-05  3.028490e-06   3.10e-02  
11       -6.864064e-05  -6.878498e-05  1.443371e-07   2.10e-03  
12       -1.427989e-05  -1.435518e-05  7.529784e-08   5.27e-03  
13       1.019354e-04   1.023959e-04   4.604995e-07   4.52e-03  
14       1.697167e-04   1.673484e-04   2.368360e-06   1.40e-02  
15       2.511972e-04   2.474021e-04   3.795057e-06   1.51e-02  
16       2.161886e-04   2.136358e-04   2.552823e-06   1.18e-02  
17       1.475954e-04   1.444334e-04   3.162034e-06   2.14e-02  
18       1.260450e-04   1.252443e-04   8.007082e-07   6.35e-03  
19       9.566991e-05   9.413803e-05   1.531879e-06   1.60e-02  
20       6.576497e-05   6.458611e-05   1.178856e-06   1.79e-02  
21       3.177682e-05   3.190781e-05   1.309874e-07   4.12e-03  
22       -1.395152e-05  -1.378675e-05  1.647691e-07   1.18e-02  
23       3.320531e-05   3.341993e-05   2.146247e-07   6.46e-03  
24       6.875794e-05   6.940004e-05   6.421035e-07   9.34e-03  
25       5.669976e-05   5.594414e-05   7.556198e-07   1.33e-02  
26       4.320351e-06   3.936851e-06   3.835003e-07   8.88e-02  
27       -3.388864e-05  -3.507861e-05  1.189968e-06   3.51e-02  
28       -4.243256e-05  -4.116485e-05  1.267708e-06   2.99e-02  
29       -5.437866e-05  -5.376366e-05  6.150016e-07   1.13e-02  
30       -4.214898e-05  -4.493517e-05  2.786184e-06   6.61e-02  
31       -6.854148e-05  -6.644685e-05  2.094627e-06   3.06e-02  
32       -5.502560e-05  -5.496936e-05  5.623909e-08   1.02e-03  
33       -6.585651e-05  -6.527445e-05  5.820550e-07   8.84e-03  
34       -7.401241e-05  -7.235768e-05  1.654738e-06   2.24e-02  
35       -5.878157e-05  -5.817125e-05  6.103245e-07   1.04e-02  
36       -4.685582e-05  -4.507061e-05  1.785203e-06   3.81e-02  
37       -3.040437e-05  -2.825962e-05  2.144755e-06   7.05e-02  
38       -1.777328e-05  -1.630918e-05  1.464100e-06   8.24e-02  
39       -9.087460e-06  -8.433254e-06  6.542060e-07   7.20e-02  
40       -4.221277e-06  -3.581579e-06  6.396974e-07   1.52e-01  
41       -2.355691e-06  -2.036149e-06  3.195417e-07   1.36e-01  
42       -1.474173e-06  -1.039169e-06  4.350046e-07   2.95e-01  
43       -8.905471e-07  -7.638334e-07  1.267137e-07   1.42e-01  
44       -5.240765e-07  -8.815171e-07  3.574406e-07   6.82e-01  
45       -2.917030e-07  5.084821e-07   8.001851e-07   2.74e+00  
46       -1.513856e-07  5.440093e-07   6.953949e-07   4.59e+00  
47       -7.049405e-08  3.441691e-07   4.146632e-07   5.88e+00  
48       -2.661979e-08  2.464695e-07   2.730893e-07   1.03e+01  
49       -6.567502e-09  -5.773160e-08  5.116410e-08   7.79e+00  
50       -6.302625e-10  -7.771561e-08  7.708535e-08   1.22e+02  
51       -7.454125e-03  -8.227599e-03  7.734739e-04   1.04e-01  
52       -1.685461e-03  -1.921261e-03  2.357995e-04   1.40e-01  
53       -1.011543e-04  -1.343570e-04  3.320265e-05   3.28e-01  
54       -1.172859e-04  -1.299649e-04  1.267902e-05   1.08e-01  
55       -1.777398e-04  -1.816103e-04  3.870521e-06   2.18e-02  
56       -1.680696e-04  -1.750555e-04  6.985960e-06   4.16e-02  
57       -1.523469e-04  -1.585887e-04  6.241837e-06   4.10e-02  
58       -1.222583e-04  -1.275580e-04  5.299709e-06   4.33e-02  
59       -1.295573e-04  -1.339395e-04  4.382189e-06   3.38e-02  
60       -9.113360e-05  -9.309442e-05  1.960819e-06   2.15e-02  
61       -4.353836e-05  -4.557466e-05  2.036297e-06   4.68e-02  
62       -1.685550e-05  -1.825207e-05  1.396567e-06   8.29e-02  
63       3.306915e-05   3.723910e-05   4.169954e-06   1.26e-01  
64       8.269702e-05   8.659740e-05   3.900380e-06   4.72e-02  
65       1.469131e-04   1.531086e-04   6.195541e-06   4.22e-02  
66       1.334726e-04   1.383382e-04   4.865653e-06   3.65e-02  
67       1.068436e-04   1.096279e-04   2.784213e-06   2.61e-02  
68       7.572392e-05   7.964074e-05   3.916816e-06   5.17e-02  
69       5.871414e-05   6.049605e-05   1.781909e-06   3.03e-02  
70       1.919470e-05   2.067901e-05   1.484317e-06   7.73e-02  
71       -3.069267e-06  -2.646772e-06  4.224949e-07   1.38e-01  
72       -1.162184e-05  -1.266542e-05  1.043580e-06   8.98e-02  
73       3.428425e-05   3.546274e-05   1.178497e-06   3.44e-02  
74       3.667853e-05   3.939959e-05   2.721064e-06   7.42e-02  
75       3.618273e-05   3.879785e-05   2.615127e-06   7.23e-02  
76       3.128673e-05   3.133271e-05   4.598629e-08   1.47e-03  
77       1.648339e-05   1.523226e-05   1.251131e-06   7.59e-02  
78       -1.876167e-05  -1.908029e-05  3.186192e-07   1.70e-02  
79       -2.629758e-05  -2.722045e-05  9.228636e-07   3.51e-02  
80       -2.523405e-05  -2.565503e-05  4.209800e-07   1.67e-02  
81       -3.710818e-05  -3.889111e-05  1.782932e-06   4.80e-02  
82       -7.012845e-05  -7.034595e-05  2.175062e-07   3.10e-03  
83       -7.317501e-06  -8.297807e-06  9.803063e-07   1.34e-01  
84       -5.474315e-05  -5.619949e-05  1.456342e-06   2.66e-02  
85       -3.975406e-05  -4.068745e-05  9.333983e-07   2.35e-02  
86       -5.618129e-05  -5.741851e-05  1.237223e-06   2.20e-02  
87       -7.514751e-05  -7.589041e-05  7.428931e-07   9.89e-03  
88       -6.228550e-05  -6.315837e-05  8.728632e-07   1.40e-02  
89       -3.923197e-05  -3.886891e-05  3.630596e-07   9.25e-03  
90       -1.952752e-05  -1.995293e-05  4.254034e-07   2.18e-02  
91       -9.024168e-06  -9.843237e-06  8.190689e-07   9.08e-02  
92       -4.485342e-06  -4.831691e-06  3.463485e-07   7.72e-02  
93       -2.416046e-06  -2.879919e-06  4.638724e-07   1.92e-01  
94       -1.347281e-06  -1.050271e-06  2.970096e-07   2.20e-01  
95       -7.432161e-07  1.043610e-07   8.475771e-07   1.14e+00  
96       -3.903194e-07  9.325873e-08   4.835781e-07   1.24e+00  
97       -1.885245e-07  -2.309264e-07  4.240185e-08   2.25e-01  
98       -7.885472e-08  2.908784e-07   3.697332e-07   4.69e+00  
99       -2.485378e-08  7.815970e-07   8.064508e-07   3.24e+01  
100      -5.044169e-09  -7.549517e-08  7.045100e-08   1.40e+01  
101      -1.164844e-03  -1.156990e-03  7.853588e-06   6.74e-03  
102      -2.424930e-04  -2.503664e-04  7.873349e-06   3.25e-02  
103      1.440887e-04   1.441802e-04   9.153878e-08   6.35e-04  
104      2.887770e-04   2.887179e-04   5.905955e-08   2.05e-04  
105      2.731870e-04   2.730416e-04   1.454369e-07   5.32e-04  
106      1.731651e-04   1.729328e-04   2.323253e-07   1.34e-03  
107      6.457663e-05   6.445067e-05   1.259602e-07   1.95e-03  
108      2.694677e-05   2.777778e-05   8.310054e-07   3.08e-02  
109      -1.562265e-06  -1.239009e-06  3.232560e-07   2.07e-01  
110      -1.433682e-05  -1.471268e-05  3.758580e-07   2.62e-02  
111      -1.070941e-05  -1.078693e-05  7.751480e-08   7.24e-03  
112      7.534680e-06   7.056578e-06   4.781029e-07   6.35e-02  
113      3.006907e-05   2.963851e-05   4.305559e-07   1.43e-02  
114      5.148050e-05   5.111023e-05   3.702772e-07   7.19e-03  
115      7.809631e-05   7.807088e-05   2.542689e-08   3.26e-04  
116      7.866284e-05   7.825740e-05   4.054400e-07   5.15e-03  
117      8.720240e-05   8.667289e-05   5.295132e-07   6.07e-03  
118      6.868087e-05   6.844081e-05   2.400566e-07   3.50e-03  
119      6.694107e-05   6.707523e-05   1.341683e-07   2.00e-03  
120      2.932094e-05   2.940315e-05   8.220661e-08   2.80e-03  
121      2.709083e-05   2.791989e-05   8.290551e-07   3.06e-02  
122      5.594087e-05   5.488054e-05   1.060329e-06   1.90e-02  
123      1.358638e-04   1.356315e-04   2.323202e-07   1.71e-03  
124      1.427416e-04   1.436473e-04   9.057282e-07   6.35e-03  
125      9.414497e-05   9.394041e-05   2.045558e-07   2.17e-03  
126      2.762546e-05   2.669864e-05   9.268119e-07   3.35e-02  
127      -1.084744e-05  -1.018297e-05  6.644754e-07   6.13e-02  
128      -8.362049e-06  -8.077983e-06  2.840667e-07   3.40e-02  
129      -6.613673e-05  -6.536327e-05  7.734634e-07   1.17e-02  
130      -6.500721e-05  -6.504131e-05  3.409458e-08   5.24e-04  
131      -7.909695e-06  -8.189005e-06  2.793097e-07   3.53e-02  
132      -3.555507e-05  -3.533174e-05  2.233315e-07   6.28e-03  
133      -8.726392e-05  -8.726575e-05  1.829837e-09   2.10e-05  
134      -4.369011e-06  -4.751755e-06  3.827437e-07   8.76e-02  
135      -4.926825e-05  -4.914735e-05  1.208998e-07   2.45e-03  
136      -1.158765e-05  -1.150635e-05  8.129635e-08   7.02e-03  
137      -4.307368e-05  -4.234169e-05  7.319990e-07   1.70e-02  
138      -5.700780e-05  -5.625500e-05  7.527956e-07   1.32e-02  
139      -5.821985e-05  -5.752954e-05  6.903168e-07   1.19e-02  
140      -4.269900e-05  -4.244827e-05  2.507285e-07   5.87e-03  
141      -2.419035e-05  -2.463585e-05  4.454941e-07   1.84e-02  
142      -1.158306e-05  -1.154410e-05  3.895853e-08   3.36e-03  
143      -5.324888e-06  -5.322409e-06  2.478347e-09   4.65e-04  
144      -2.589136e-06  -3.343992e-06  7.548562e-07   2.92e-01  
145      -1.306199e-06  -1.105782e-06  2.004169e-07   1.53e-01  
146      -6.427822e-07  -6.794565e-07  3.667434e-08   5.71e-02  
147      -2.939153e-07  -7.172041e-07  4.232888e-07   1.44e+00  
148      -1.193593e-07  1.421085e-07   2.614678e-07   2.19e+00  
149      -3.785040e-08  -7.993606e-08  4.208566e-08   1.11e+00  
150      -8.316194e-09  4.507505e-07   4.590667e-07   5.52e+01  
151      -5.950741e-05  -5.951462e-05  7.207971e-09   1.21e-04  
152      -5.715774e-05  -5.745626e-05  2.985244e-07   5.22e-03  
153      2.938255e-07   3.241851e-07   3.035963e-08   1.03e-01  
154      3.435374e-05   3.440137e-05   4.763037e-08   1.39e-03  
155      3.453966e-05   3.452127e-05   1.838200e-08   5.32e-04  
156      2.746776e-05   2.798872e-05   5.209625e-07   1.90e-02  
157      2.189185e-05   2.126299e-05   6.288603e-07   2.87e-02  
158      9.485928e-06   9.803269e-06   3.173412e-07   3.35e-02  
159      1.150408e-05   1.179723e-05   2.931513e-07   2.55e-02  
160      1.893929e-05   1.926681e-05   3.275187e-07   1.73e-02  
161      1.321348e-05   1.328715e-05   7.367068e-08   5.58e-03  
162      1.546619e-05   1.523670e-05   2.294847e-07   1.48e-02  
163      6.650781e-06   6.243894e-06   4.068870e-07   6.12e-02  
164      -3.854912e-06  -3.548273e-06  3.066390e-07   7.95e-02  
165      1.489968e-05   1.467271e-05   2.269699e-07   1.52e-02  
166      3.313503e-05   3.276490e-05   3.701266e-07   1.12e-02  
167      5.804000e-05   5.730083e-05   7.391675e-07   1.27e-02  
168      7.278731e-05   7.260414e-05   1.831697e-07   2.52e-03  
169      7.858067e-05   7.847722e-05   1.034437e-07   1.32e-03  
170      6.848063e-05   6.859402e-05   1.133856e-07   1.66e-03  
171      5.294335e-05   5.300205e-05   5.870105e-08   1.11e-03  
172      7.004315e-06   7.116530e-06   1.122149e-07   1.60e-02  
173      6.531054e-07   2.708944e-07   3.822110e-07   5.85e-01  
174      1.806368e-05   1.772804e-05   3.356371e-07   1.86e-02  
175      3.966360e-05   4.007239e-05   4.087868e-07   1.03e-02  
176      5.323852e-05   5.250689e-05   7.316303e-07   1.37e-02  
177      -6.412514e-06  -6.152856e-06  2.596576e-07   4.05e-02  
178      -2.571522e-05  -2.615907e-05  4.438521e-07   1.73e-02  
179      -2.155633e-06  -2.555733e-06  4.001007e-07   1.86e-01  
180      6.694842e-05   6.685763e-05   9.078926e-08   1.36e-03  
181      3.847231e-05   3.832046e-05   1.518502e-07   3.95e-03  
182      1.585915e-04   1.581335e-04   4.579501e-07   2.89e-03  
183      -1.180906e-04  -1.182787e-04  1.881160e-07   1.59e-03  
184      1.623801e-04   1.615019e-04   8.781703e-07   5.41e-03  
185      -1.505242e-05  -1.512790e-05  7.547775e-08   5.01e-03  
186      -2.489832e-05  -2.563727e-05  7.389470e-07   2.97e-02  
187      -6.125413e-05  -6.224576e-05  9.916349e-07   1.62e-02  
188      -5.612180e-05  -5.660583e-05  4.840335e-07   8.62e-03  
189      -6.576374e-05  -6.604939e-05  2.856497e-07   4.34e-03  
190      -5.580275e-05  -5.573320e-05  6.955889e-08   1.25e-03  
191      -3.999812e-05  -4.063860e-05  6.404815e-07   1.60e-02  
192      -2.435140e-05  -2.370992e-05  6.414767e-07   2.63e-02  
193      -1.183156e-05  -1.176614e-05  6.541292e-08   5.53e-03  
194      -4.999703e-06  -5.457856e-06  4.581531e-07   9.16e-02  
195      -2.168350e-06  -2.018385e-06  1.499650e-07   6.92e-02  
196      -9.580920e-07  -1.401101e-06  4.430095e-07   4.62e-01  
197      -4.030357e-07  -1.150191e-06  7.471554e-07   1.85e+00  
198      -1.522269e-07  -2.797762e-07  1.275493e-07   8.38e-01  
199      -4.632215e-08  2.509104e-07   2.972326e-07   6.42e+00  
200      -1.078626e-08  -9.547918e-08  8.469292e-08   7.85e+00  
201      1.159799e-06   7.971401e-07   3.626593e-07   3.13e-01  
202      -1.994987e-07  -5.595524e-07  3.600537e-07   1.80e+00  
203      -5.085802e-06  -5.051515e-06  3.428770e-08   6.74e-03  
204      -1.364869e-05  -1.303624e-05  6.124490e-07   4.49e-02  
205      -2.424982e-05  -2.501332e-05  7.635080e-07   3.15e-02  
206      -3.519904e-05  -3.427703e-05  9.220094e-07   2.62e-02  
207      -4.666005e-05  -4.680700e-05  1.469549e-07   3.15e-03  
208      -6.872489e-05  -6.902701e-05  3.021198e-07   4.40e-03  
209      -8.367665e-05  -8.363976e-05  3.688685e-08   4.41e-04  
210      -8.722366e-05  -8.733680e-05  1.131492e-07   1.30e-03  
211      -9.518551e-05  -9.538592e-05  2.004081e-07   2.11e-03  
212      -9.753860e-05  -9.667822e-05  8.603764e-07   8.82e-03  
213      -9.120389e-05  -9.104495e-05  1.589400e-07   1.74e-03  
214      -6.249320e-05  -6.291856e-05  4.253561e-07   6.81e-03  
215      -1.383551e-05  -1.406208e-05  2.265747e-07   1.64e-02  
216      4.859073e-06   5.033751e-06   1.746781e-07   3.59e-02  
217      -3.174897e-06  -2.371436e-06  8.034605e-07   2.53e-01  
218      -1.077191e-05  -1.047606e-05  2.958469e-07   2.75e-02  
219      -9.479704e-06  -9.465762e-06  1.394216e-08   1.47e-03  
220      1.597383e-05   1.689315e-05   9.193210e-07   5.76e-02  
221      2.583011e-05   2.705614e-05   1.226027e-06   4.75e-02  
222      3.914847e-05   3.974154e-05   5.930742e-07   1.51e-02  
223      7.026881e-05   7.017720e-05   9.160879e-08   1.30e-03  
224      9.461668e-05   9.430012e-05   3.165519e-07   3.35e-03  
225      4.781517e-05   4.789502e-05   7.985524e-08   1.67e-03  
226      -2.515115e-05  -2.485345e-05  2.977010e-07   1.18e-02  
227      -1.024810e-04  -1.027223e-04  2.412960e-07   2.35e-03  
228      -1.268304e-04  -1.259970e-04  8.334276e-07   6.57e-03  
229      -4.404642e-05  -4.348966e-05  5.567628e-07   1.26e-02  
230      -3.769438e-05  -3.789191e-05  1.975278e-07   5.24e-03  
231      -7.851861e-05  -7.893020e-05  4.115883e-07   5.24e-03  
232      2.126786e-05   2.106315e-05   2.047057e-07   9.63e-03  
233      -2.123078e-05  -2.163159e-05  4.008086e-07   1.89e-02  
234      -4.951045e-05  -4.914957e-05  3.608794e-07   7.29e-03  
235      2.949145e-04   2.950395e-04   1.250247e-07   4.24e-04  
236      -8.250625e-06  -8.331114e-06  8.048885e-08   9.76e-03  
237      7.790967e-05   7.941425e-05   1.504582e-06   1.93e-02  
238      -1.031331e-04  -1.039346e-04  8.015020e-07   7.77e-03  
239      -1.150491e-04  -1.151501e-04  1.009766e-07   8.78e-04  
240      -7.332401e-05  -7.408518e-05  7.611744e-07   1.04e-02  
241      -5.013547e-05  -4.957146e-05  5.640073e-07   1.12e-02  
242      -3.765464e-05  -3.749889e-05  1.557496e-07   4.14e-03  
243      -2.439565e-05  -2.470468e-05  3.090369e-07   1.27e-02  
244      -1.131465e-05  -1.144418e-05  1.295319e-07   1.14e-02  
245      -4.165735e-06  -3.854694e-06  3.110402e-07   7.47e-02  
246      -1.581137e-06  -2.360334e-06  7.791968e-07   4.93e-01  
247      -6.234745e-07  -1.239009e-06  6.155344e-07   9.87e-01  
248      -2.253816e-07  -2.930989e-07  6.771724e-08   3.00e-01  
249      -6.586827e-08  1.798561e-07   2.457244e-07   3.73e+00  
250      -1.529552e-08  3.264056e-07   3.417011e-07   2.23e+01  
251      1.263707e-06   6.816769e-07   5.820301e-07   4.61e-01  
252      1.243097e-06   1.134648e-06   1.084487e-07   8.72e-02  
253      1.017843e-06   8.903989e-07   1.274437e-07   1.25e-01  
254      -2.555090e-07  -8.881784e-09  2.466272e-07   9.65e-01  
255      -4.705478e-06  -5.067058e-06  3.615795e-07   7.68e-02  
256      -1.389355e-05  -1.389777e-05  4.225590e-09   3.04e-04  
257      -2.818082e-05  -2.810197e-05  7.885821e-08   2.80e-03  
258      -4.944886e-05  -4.867662e-05  7.722381e-07   1.56e-02  
259      -7.618737e-05  -7.578826e-05  3.991008e-07   5.24e-03  
260      -1.067734e-04  -1.059774e-04  7.959871e-07   7.45e-03  
261      -1.379349e-04  -1.374634e-04  4.715136e-07   3.42e-03  
262      -1.486659e-04  -1.481615e-04  5.044345e-07   3.39e-03  
263      -1.178494e-04  -1.178546e-04  5.202325e-09   4.41e-05  
264      -5.723207e-05  -5.685896e-05  3.731067e-07   6.52e-03  
265      -6.917304e-07  -8.459899e-07  1.542595e-07   2.23e-01  
266      1.683559e-05   1.645351e-05   3.820824e-07   2.27e-02  
267      -1.514791e-05  -1.528555e-05  1.376449e-07   9.09e-03  
268      -8.146398e-05  -8.198109e-05  5.171074e-07   6.35e-03  
269      -1.382905e-04  -1.377276e-04  5.628612e-07   4.07e-03  
270      -1.264124e-04  -1.260481e-04  3.643610e-07   2.88e-03  
271      -7.390065e-05  -7.412737e-05  2.267223e-07   3.07e-03  
272      1.845851e-05   1.841860e-05   3.991042e-08   2.16e-03  
273      8.328965e-05   8.319567e-05   9.398081e-08   1.13e-03  
274      1.597436e-04   1.598655e-04   1.218105e-07   7.63e-04  
275      2.816180e-04   2.816081e-04   9.884060e-09   3.51e-05  
276      4.474122e-04   4.478440e-04   4.318226e-07   9.65e-04  
277      4.998166e-04   4.993850e-04   4.315939e-07   8.64e-04  
278      2.532726e-04   2.526468e-04   6.258252e-07   2.47e-03  
279      -2.975962e-05  -2.999601e-05  2.363810e-07   7.94e-03  
280      6.127820e-05   6.087353e-05   4.046709e-07   6.60e-03  
281      5.571924e-04   5.555467e-04   1.645722e-06   2.95e-03  
282      -3.115550e-04  -3.113043e-04  2.506822e-07   8.05e-04  
283      3.026235e-05   3.019140e-05   7.094890e-08   2.34e-03  
284      -2.559131e-05  -2.523759e-05  3.537231e-07   1.38e-02  
285      1.119592e-04   1.119393e-04   1.984948e-08   1.77e-04  
286      -9.242469e-05  -9.343637e-05  1.011675e-06   1.09e-02  
287      1.289058e-04   1.288503e-04   5.550528e-08   4.31e-04  
288      -1.227197e-04  -1.232703e-04  5.505794e-07   4.49e-03  
289      -1.411409e-04  -1.410383e-04  1.026572e-07   7.27e-04  
290      -9.896028e-05  -9.957590e-05  6.156199e-07   6.22e-03  
291      -6.264215e-05  -6.240120e-05  2.409567e-07   3.85e-03  
292      -4.733066e-05  -4.694245e-05  3.882093e-07   8.20e-03  
293      -3.928547e-05  -3.915757e-05  1.279030e-07   3.26e-03  
294      -2.465511e-05  -2.520428e-05  5.491749e-07   2.23e-02  
295      -9.982778e-06  -1.021183e-05  2.290539e-07   2.29e-02  
296      -2.978308e-06  -2.819966e-06  1.583412e-07   5.32e-02  
297      -9.847858e-07  -1.134648e-06  1.498621e-07   1.52e-01  
298      -3.466144e-07  -4.773959e-07  1.307815e-07   3.77e-01  
299      -1.004096e-07  2.842171e-07   3.846267e-07   3.83e+00  
300      -2.318678e-08  4.596323e-07   4.828191e-07   2.08e+01  
301      1.135250e-06   9.658940e-07   1.693563e-07   1.49e-01  
302      1.602495e-06   2.000622e-06   3.981268e-07   2.48e-01  
303      2.774390e-06   2.298162e-06   4.762282e-07   1.72e-01  
304      4.956800e-06   4.711787e-06   2.450130e-07   4.94e-02  
305      7.806706e-06   7.713830e-06   9.287595e-08   1.19e-02  
306      9.362821e-06   8.735235e-06   6.275864e-07   6.70e-02  
307      8.881840e-06   9.163781e-06   2.819407e-07   3.17e-02  
308      7.699870e-06   7.152057e-06   5.478133e-07   7.11e-02  
309      1.568026e-05   1.571410e-05   3.383997e-08   2.16e-03  
310      4.435279e-05   4.392264e-05   4.301505e-07   9.70e-03  
311      9.562363e-05   9.582335e-05   1.997211e-07   2.09e-03  
312      1.536558e-04   1.541389e-04   4.831563e-07   3.14e-03  
313      1.970878e-04   1.968248e-04   2.630688e-07   1.33e-03  
314      2.067585e-04   2.059641e-04   7.943881e-07   3.84e-03  
315      2.004880e-04   1.997669e-04   7.211377e-07   3.60e-03  
316      1.949979e-04   1.950706e-04   7.275079e-08   3.73e-04  
317      1.969906e-04   1.977218e-04   7.312706e-07   3.71e-03  
318      1.839527e-04   1.833933e-04   5.593496e-07   3.04e-03  
319      1.262049e-04   1.260436e-04   1.612893e-07   1.28e-03  
320      9.778473e-05   9.789058e-05   1.058550e-07   1.08e-03  
321      1.718271e-04   1.716849e-04   1.421920e-07   8.28e-04  
322      3.003614e-04   3.004086e-04   4.713718e-08   1.57e-04  
323      3.482941e-04   3.476130e-04   6.810661e-07   1.96e-03  
324      3.049682e-04   3.045941e-04   3.740370e-07   1.23e-03  
325      2.460604e-04   2.463341e-04   2.736991e-07   1.11e-03  
326      2.035724e-04   2.034772e-04   9.518901e-08   4.68e-04  
327      1.469426e-04   1.467870e-04   1.555640e-07   1.06e-03  
328      -4.524908e-05  -4.551692e-05  2.678405e-07   5.92e-03  
329      -1.201744e-04  -1.210410e-04  8.665256e-07   7.21e-03  
330      -4.986678e-05  -4.984013e-05  2.664856e-08   5.34e-04  
331      1.136823e-04   1.137357e-04   5.334264e-08   4.69e-04  
332      -1.687720e-04  -1.687295e-04  4.256873e-08   2.52e-04  
333      2.369310e-04   2.375256e-04   5.945860e-07   2.51e-03  
334      5.714438e-04   5.727863e-04   1.342476e-06   2.35e-03  
335      -4.427513e-04  -4.430700e-04  3.186846e-07   7.20e-04  
336      1.214151e-04   1.222533e-04   8.382084e-07   6.90e-03  
337      -2.003969e-04  -1.994027e-04  9.941451e-07   4.96e-03  
338      -4.767534e-04  -4.765011e-04  2.523114e-07   5.29e-04  
339      -3.000844e-04  -2.996425e-04  4.419165e-07   1.47e-03  
340      -6.439575e-05  -6.453060e-05  1.348544e-07   2.09e-03  
341      -4.176966e-05  -4.183542e-05  6.576024e-08   1.57e-03  
342      -4.551848e-05  -4.514389e-05  3.745908e-07   8.23e-03  
343      -4.865237e-05  -4.884093e-05  1.885658e-07   3.88e-03  
344      -3.903531e-05  -3.848477e-05  5.505367e-07   1.41e-02  
345      -2.230418e-05  -2.290168e-05  5.975047e-07   2.68e-02  
346      -7.857197e-06  -7.394085e-06  4.631121e-07   5.89e-02  
347      -1.736856e-06  -2.149392e-06  4.125357e-07   2.38e-01  
348      -5.028544e-07  -6.705747e-07  1.677203e-07   3.34e-01  
349      -1.458695e-07  -1.012523e-06  8.666539e-07   5.94e+00  
350      -3.116101e-08  1.265654e-07   1.577264e-07   5.06e+00  
351      1.170947e-06   7.660539e-07   4.048928e-07   3.46e-01  
352      2.907257e-06   2.784439e-06   1.228177e-07   4.22e-02  
353      8.806846e-06   8.746337e-06   6.050891e-08   6.87e-03  
354      1.670088e-05   1.664890e-05   5.197882e-08   3.11e-03  
355      2.715237e-05   2.676304e-05   3.893297e-07   1.43e-02  
356      3.813359e-05   3.853140e-05   3.978109e-07   1.04e-02  
357      5.133192e-05   5.077050e-05   5.614255e-07   1.09e-02  
358      7.316982e-05   7.311041e-05   5.940916e-08   8.12e-04  
359      1.154482e-04   1.152789e-04   1.693376e-07   1.47e-03  
360      1.814162e-04   1.810951e-04   3.210580e-07   1.77e-03  
361      2.412004e-04   2.409450e-04   2.553825e-07   1.06e-03  
362      2.590946e-04   2.583733e-04   7.212963e-07   2.78e-03  
363      2.284513e-04   2.288125e-04   3.612511e-07   1.58e-03  
364      1.598829e-04   1.593414e-04   5.414515e-07   3.39e-03  
365      1.025625e-04   1.026512e-04   8.874555e-08   8.65e-04  
366      8.294252e-05   8.287149e-05   7.103070e-08   8.56e-04  
367      9.336493e-05   9.380496e-05   4.400319e-07   4.71e-03  
368      1.088484e-04   1.091727e-04   3.242450e-07   2.98e-03  
369      1.349575e-04   1.354583e-04   5.008434e-07   3.71e-03  
370      2.217959e-04   2.214806e-04   3.152996e-07   1.42e-03  
371      3.301065e-04   3.302891e-04   1.825957e-07   5.53e-04  
372      3.352769e-04   3.357958e-04   5.189852e-07   1.55e-03  
373      2.287290e-04   2.291389e-04   4.099154e-07   1.79e-03  
374      1.267727e-04   1.272116e-04   4.388844e-07   3.46e-03  
375      1.244697e-04   1.244360e-04   3.369849e-08   2.71e-04  
376      5.401720e-05   5.421885e-05   2.016546e-07   3.73e-03  
377      -8.263433e-05  -8.304024e-05  4.059083e-07   4.91e-03  
378      -1.398776e-04  -1.389555e-04  9.220787e-07   6.59e-03  
379      1.781277e-05   1.756373e-05   2.490417e-07   1.40e-02  
380      1.447370e-04   1.449152e-04   1.782160e-07   1.23e-03  
381      -6.975678e-05  -7.003065e-05  2.738719e-07   3.93e-03  
382      1.150715e-04   1.144196e-04   6.519523e-07   5.67e-03  
383      2.752289e-05   2.756906e-05   4.616798e-08   1.68e-03  
384      -1.407503e-04  -1.406852e-04  6.503914e-08   4.62e-04  
385      -2.828203e-04  -2.828027e-04  1.762527e-08   6.23e-05  
386      4.583304e-04   4.584422e-04   1.117604e-07   2.44e-04  
387      -5.549889e-04  -5.550782e-04  8.931795e-08   1.61e-04  
388      -2.303984e-04  -2.306777e-04  2.793218e-07   1.21e-03  
389      -3.510835e-04  -3.504441e-04  6.393425e-07   1.82e-03  
390      -2.266239e-04  -2.266254e-04  1.460797e-09   6.45e-06  
391      -4.092434e-05  -4.157341e-05  6.490703e-07   1.59e-02  
392      -2.809860e-05  -2.693401e-05  1.164586e-06   4.14e-02  
393      -3.676222e-05  -3.694822e-05  1.860035e-07   5.06e-03  
394      -3.470814e-05  -3.528955e-05  5.814044e-07   1.68e-02  
395      -3.000939e-05  -3.012923e-05  1.198383e-07   3.99e-03  
396      -1.816144e-05  -1.880274e-05  6.412947e-07   3.53e-02  
397      -5.594191e-06  -6.332712e-06  7.385208e-07   1.32e-01  
398      -8.351643e-07  -9.436896e-07  1.085253e-07   1.30e-01  
399      -1.799168e-07  1.931788e-07   3.730956e-07   2.07e+00  
400      -3.651440e-08  7.105427e-08   1.075687e-07   2.95e+00  
401      1.648552e-06   2.275957e-06   6.274056e-07   3.81e-01  
402      5.694216e-06   4.964917e-06   7.292986e-07   1.28e-01  
403      1.978720e-05   1.983747e-05   5.026409e-08   2.54e-03  
404      3.612446e-05   3.612000e-05   4.464341e-09   1.24e-04  
405      5.746300e-05   5.833112e-05   8.681209e-07   1.51e-02  
406      8.233219e-05   8.129497e-05   1.037214e-06   1.26e-02  
407      1.088380e-04   1.088751e-04   3.718083e-08   3.42e-04  
408      1.506648e-04   1.502998e-04   3.650528e-07   2.42e-03  
409      2.053383e-04   2.053513e-04   1.301744e-08   6.34e-05  
410      2.896009e-04   2.894374e-04   1.635327e-07   5.65e-04  
411      3.554451e-04   3.558442e-04   3.991192e-07   1.12e-03  
412      3.587547e-04   3.594325e-04   6.777518e-07   1.89e-03  
413      2.833118e-04   2.837397e-04   4.279246e-07   1.51e-03  
414      1.526617e-04   1.532263e-04   5.645974e-07   3.70e-03  
415      2.884483e-05   2.919887e-05   3.540343e-07   1.23e-02  
416      -1.826360e-05  -1.790568e-05  3.579224e-07   1.96e-02  
417      1.552162e-05   1.572742e-05   2.058016e-07   1.33e-02  
418      7.088514e-05   7.169154e-05   8.063987e-07   1.14e-02  
419      2.113798e-04   2.110490e-04   3.308495e-07   1.57e-03  
420      3.831281e-04   3.833733e-04   2.452774e-07   6.40e-04  
421      3.879587e-04   3.875456e-04   4.131974e-07   1.07e-03  
422      2.422008e-04   2.430456e-04   8.448330e-07   3.49e-03  
423      7.519304e-05   7.470913e-05   4.839170e-07   6.44e-03  
424      2.285297e-05   2.332357e-05   4.705924e-07   2.06e-02  
425      4.594993e-05   4.517720e-05   7.727395e-07   1.68e-02  
426      -1.656207e-04  -1.659761e-04  3.554458e-07   2.15e-03  
427      -2.273014e-04  -2.271472e-04  1.542242e-07   6.79e-04  
428      -4.634662e-05  -4.610756e-05  2.390585e-07   5.16e-03  
429      -3.162081e-06  -2.851053e-06  3.110279e-07   9.84e-02  
430      -1.394156e-04  -1.395351e-04  1.194538e-07   8.57e-04  
431      -1.962251e-04  -1.968115e-04  5.863554e-07   2.99e-03  
432      -7.678090e-05  -7.715162e-05  3.707205e-07   4.83e-03  
433      -3.229432e-05  -3.248735e-05  1.930293e-07   5.98e-03  
434      -1.897729e-04  -1.908584e-04  1.085498e-06   5.72e-03  
435      -1.107028e-04  -1.101386e-04  5.642133e-07   5.10e-03  
436      1.636225e-04   1.637579e-04   1.353803e-07   8.27e-04  
437      -1.476851e-04  -1.472933e-04  3.918437e-07   2.65e-03  
438      1.183981e-05   1.165512e-05   1.846933e-07   1.56e-02  
439      -2.789824e-04  -2.794631e-04  4.807420e-07   1.72e-03  
440      -2.767577e-04  -2.770206e-04  2.629058e-07   9.50e-04  
441      -2.952926e-04  -2.943978e-04  8.947787e-07   3.03e-03  
442      -5.734397e-05  -5.744960e-05  1.056277e-07   1.84e-03  
443      -5.550766e-05  -5.524248e-05  2.651852e-07   4.78e-03  
444      -1.575981e-05  -1.561418e-05  1.456292e-07   9.24e-03  
445      3.959448e-06   4.056755e-06   9.730649e-08   2.46e-02  
446      -1.524832e-05  -1.505907e-05  1.892528e-07   1.24e-02  
447      -1.286011e-05  -1.352030e-05  6.601840e-07   5.13e-02  
448      -3.726289e-06  -3.554934e-06  1.713549e-07   4.60e-02  
449      -2.689557e-07  -5.417888e-07  2.728331e-07   1.01e+00  
450      -2.367668e-08  -2.797762e-07  2.560995e-07   1.08e+01  
451      2.371900e-06   3.199663e-06   8.277627e-07   3.49e-01  
452      3.525958e-06   4.083400e-06   5.574426e-07   1.58e-01  
453      2.024035e-05   2.016387e-05   7.648303e-08   3.78e-03  
454      4.863186e-05   4.837686e-05   2.549982e-07   5.24e-03  
455      9.594911e-05   9.612977e-05   1.806636e-07   1.88e-03  
456      1.565319e-04   1.574385e-04   9.066185e-07   5.79e-03  
457      2.083058e-04   2.085554e-04   2.496021e-07   1.20e-03  
458      2.676368e-04   2.675238e-04   1.130199e-07   4.22e-04  
459      3.194417e-04   3.189227e-04   5.190255e-07   1.62e-03  
460      4.169259e-04   4.168688e-04   5.711210e-08   1.37e-04  
461      5.100179e-04   5.097989e-04   2.189877e-07   4.29e-04  
462      4.986780e-04   4.987233e-04   4.532893e-08   9.09e-05  
463      3.951121e-04   3.950773e-04   3.475851e-08   8.80e-05  
464      2.270869e-04   2.264766e-04   6.102590e-07   2.69e-03  
465      1.027975e-05   9.880985e-06   3.987666e-07   3.88e-02  
466      -6.942165e-05  -6.924017e-05  1.814776e-07   2.61e-03  
467      2.263182e-05   2.262857e-05   3.251522e-09   1.44e-04  
468      2.198853e-04   2.200262e-04   1.409477e-07   6.41e-04  
469      4.331284e-04   4.330691e-04   5.931273e-08   1.37e-04  
470      4.795229e-04   4.794987e-04   2.425264e-08   5.06e-05  
471      3.306888e-04   3.306289e-04   5.998267e-08   1.81e-04  
472      1.194519e-04   1.194667e-04   1.480319e-08   1.24e-04  
473      -3.385058e-05  -3.398171e-05  1.311293e-07   3.87e-03  
474      -1.466250e-04  -1.470846e-04  4.595791e-07   3.13e-03  
475      -2.284240e-04  -2.279621e-04  4.619199e-07   2.02e-03  
476      -3.358966e-04  -3.357270e-04  1.696420e-07   5.05e-04  
477      -7.338470e-05  -7.278622e-05  5.984781e-07   8.16e-03  
478      -2.866032e-05  -2.851941e-05  1.409101e-07   4.92e-03  
479      -1.025720e-04  -1.021916e-04  3.804140e-07   3.71e-03  
480      -1.740315e-04  -1.734501e-04  5.813886e-07   3.34e-03  
481      1.251976e-04   1.254108e-04   2.131576e-07   1.70e-03  
482      2.550649e-05   2.523093e-05   2.755656e-07   1.08e-02  
483      -1.383593e-04  -1.388067e-04  4.474832e-07   3.23e-03  
484      -1.322075e-04  -1.312994e-04  9.080509e-07   6.87e-03  
485      -1.220838e-04  -1.226708e-04  5.869790e-07   4.81e-03  
486      -7.956280e-05  -8.025580e-05  6.929985e-07   8.71e-03  
487      -1.757042e-04  -1.761369e-04  4.326577e-07   2.46e-03  
488      -3.315602e-04  -3.318945e-04  3.342642e-07   1.01e-03  
489      -1.106733e-04  -1.106293e-04  4.400791e-08   3.98e-04  
490      -3.289168e-04  -3.286837e-04  2.330276e-07   7.08e-04  
491      -7.755115e-04  -7.754752e-04  3.623355e-08   4.67e-05  
492      -2.127098e-04  -2.133871e-04  6.772794e-07   3.18e-03  
493      -2.533331e-04  -2.528600e-04  4.731596e-07   1.87e-03  
494      -9.705127e-05  -9.747758e-05  4.263131e-07   4.39e-03  
495      2.670085e-05   2.657874e-05   1.221102e-07   4.57e-03  
496      4.888095e-05   5.063727e-05   1.756322e-06   3.59e-02  
497      -1.299659e-06  -1.050271e-06  2.493881e-07   1.92e-01  
498      -1.021125e-05  -8.708589e-06  1.502659e-06   1.47e-01  
499      -2.007774e-06  -2.637890e-06  6.301158e-07   3.14e-01  
500      -5.791032e-08  4.574119e-07   5.153222e-07   8.90e+00  
501      3.783956e-06   4.336531e-06   5.525747e-07   1.46e-01  
502      -9.076409e-06  -9.259260e-06  1.828508e-07   2.01e-02  
503      -1.398288e-05  -1.434408e-05  3.612004e-07   2.58e-02  
504      -8.225933e-06  -8.271162e-06  4.522833e-08   5.50e-03  
505      4.718490e-05   4.723555e-05   5.064397e-08   1.07e-03  
506      1.553034e-04   1.553890e-04   8.559376e-08   5.51e-04  
507      2.915930e-04   2.921197e-04   5.266945e-07   1.81e-03  
508      4.163294e-04   4.165601e-04   2.307069e-07   5.54e-04  
509      5.014684e-04   5.014678e-04   6.678348e-10   1.33e-06  
510      6.311571e-04   6.314749e-04   3.178169e-07   5.04e-04  
511      7.401139e-04   7.398437e-04   2.701824e-07   3.65e-04  
512      6.964695e-04   6.963941e-04   7.545135e-08   1.08e-04  
513      5.332796e-04   5.335310e-04   2.514383e-07   4.71e-04  
514      3.573393e-04   3.576228e-04   2.834981e-07   7.93e-04  
515      1.767256e-04   1.766409e-04   8.470910e-08   4.79e-04  
516      1.250928e-04   1.243583e-04   7.345281e-07   5.87e-03  
517      4.396613e-05   4.472422e-05   7.580921e-07   1.72e-02  
518      2.898134e-04   2.908340e-04   1.020671e-06   3.52e-03  
519      5.260786e-04   5.258372e-04   2.414604e-07   4.59e-04  
520      5.848309e-04   5.849543e-04   1.234144e-07   2.11e-04  
521      4.686416e-04   4.693046e-04   6.630391e-07   1.41e-03  
522      9.713306e-05   9.676482e-05   3.682369e-07   3.79e-03  
523      -1.818170e-04  -1.820144e-04  1.974454e-07   1.09e-03  
524      -3.968020e-04  -3.964651e-04  3.369235e-07   8.49e-04  
525      -2.675492e-04  -2.673706e-04  1.785903e-07   6.68e-04  
526      -1.771161e-04  -1.772094e-04  9.325836e-08   5.27e-04  
527      -7.999316e-05  -7.976952e-05  2.236387e-07   2.80e-03  
528      -2.138757e-04  -2.132761e-04  5.996602e-07   2.80e-03  
529      9.064173e-06   1.092682e-05   1.862642e-06   2.05e-01  
530      1.993718e-04   1.996314e-04   2.596263e-07   1.30e-03  
531      1.307915e-04   1.313061e-04   5.145639e-07   3.93e-03  
532      -8.120443e-06  -8.735235e-06  6.147918e-07   7.57e-02  
533      -1.112028e-04  -1.112466e-04  4.376218e-08   3.94e-04  
534      -6.075146e-05  -5.994760e-05  8.038574e-07   1.32e-02  
535      -1.057538e-04  -1.055245e-04  2.293072e-07   2.17e-03  
536      4.118573e-05   4.132028e-05   1.345478e-07   3.27e-03  
537      2.710905e-05   2.627010e-05   8.389548e-07   3.09e-02  
538      -4.254563e-04  -4.254019e-04  5.436352e-08   1.28e-04  
539      -9.495858e-05  -9.420464e-05  7.539315e-07   7.94e-03  
540      -5.361122e-05  -5.300871e-05  6.025151e-07   1.12e-02  
541      -3.209952e-04  -3.214939e-04  4.987398e-07   1.55e-03  
542      -1.531595e-04  -1.523870e-04  7.724598e-07   5.04e-03  
543      -1.720314e-04  -1.726130e-04  5.816194e-07   3.38e-03  
544      -4.597302e-05  -4.576117e-05  2.118444e-07   4.61e-03  
545      -3.987614e-05  -3.990142e-05  2.527354e-08   6.34e-04  
546      1.492234e-04   1.482925e-04   9.309002e-07   6.24e-03  
547      7.462175e-05   7.453593e-05   8.581460e-08   1.15e-03  
548      1.375446e-06   5.506706e-07   8.247758e-07   6.00e-01  
549      -9.198409e-06  -9.230394e-06  3.198571e-08   3.48e-03  
550      -1.263389e-06  -1.612044e-06  3.486552e-07   2.76e-01  
551      1.550572e-05   1.565637e-05   1.506430e-07   9.72e-03  
552      6.363050e-06   7.560619e-06   1.197569e-06   1.88e-01  
553      -7.292064e-06  -6.956657e-06  3.354064e-07   4.60e-02  
554      -5.127313e-05  -5.077938e-05  4.937496e-07   9.63e-03  
555      -4.064046e-05  -4.031664e-05  3.238178e-07   7.97e-03  
556      -3.888324e-05  -3.762990e-05  1.253346e-06   3.22e-02  
557      4.110701e-05   4.029665e-05   8.103568e-07   1.97e-02  
558      7.532751e-05   7.536860e-05   4.109134e-08   5.46e-04  
559      1.643435e-04   1.638822e-04   4.612163e-07   2.81e-03  
560      2.559709e-04   2.558687e-04   1.022152e-07   3.99e-04  
561      2.940634e-04   2.936562e-04   4.071812e-07   1.38e-03  
562      2.204322e-04   2.203238e-04   1.084514e-07   4.92e-04  
563      1.348622e-04   1.346456e-04   2.165504e-07   1.61e-03  
564      -3.540313e-06  -2.735590e-06  8.047237e-07   2.27e-01  
565      1.616179e-04   1.621236e-04   5.057640e-07   3.13e-03  
566      4.767376e-04   4.770584e-04   3.208319e-07   6.73e-04  
567      2.657374e-04   2.657830e-04   4.554704e-08   1.71e-04  
568      5.304833e-04   5.303646e-04   1.186433e-07   2.24e-04  
569      5.796711e-04   5.794698e-04   2.012780e-07   3.47e-04  
570      6.496093e-04   6.496492e-04   3.994205e-08   6.15e-05  
571      3.235106e-04   3.228351e-04   6.755023e-07   2.09e-03  
572      -2.606205e-04  -2.614642e-04  8.436733e-07   3.24e-03  
573      -3.562360e-04  -3.559220e-04  3.140527e-07   8.82e-04  
574      -7.849351e-04  -7.853052e-04  3.700108e-07   4.71e-04  
575      -1.369031e-04  -1.369038e-04  7.392859e-10   5.40e-06  
576      -6.494063e-04  -6.491252e-04  2.811050e-07   4.33e-04  
577      -4.369006e-04  -4.373901e-04  4.895517e-07   1.12e-03  
578      1.239340e-04   1.243605e-04   4.264947e-07   3.44e-03  
579      3.021742e-04   3.027356e-04   5.614281e-07   1.86e-03  
580      4.870863e-04   4.870970e-04   1.074290e-08   2.21e-05  
581      1.674168e-04   1.665668e-04   8.500466e-07   5.08e-03  
582      1.559176e-04   1.544209e-04   1.496699e-06   9.60e-03  
583      1.314643e-04   1.314415e-04   2.282221e-08   1.74e-04  
584      6.361274e-05   6.442846e-05   8.157199e-07   1.28e-02  
585      -6.401054e-05  -6.464385e-05  6.333063e-07   9.89e-03  
586      1.696019e-05   1.661560e-05   3.445902e-07   2.03e-02  
587      1.596268e-04   1.594014e-04   2.254227e-07   1.41e-03  
588      1.812504e-04   1.805378e-04   7.126314e-07   3.93e-03  
589      -3.766763e-05  -3.819833e-05  5.307015e-07   1.41e-02  
590      -7.768585e-05  -7.706724e-05  6.186078e-07   7.96e-03  
591      2.228660e-04   2.229994e-04   1.333966e-07   5.99e-04  
592      -6.647045e-04  -6.651812e-04  4.767673e-07   7.17e-04  
593      -3.016931e-04  -3.004441e-04  1.248994e-06   4.14e-03  
594      9.744070e-06   1.095346e-05   1.209391e-06   1.24e-01  
595      -1.189412e-04  -1.194289e-04  4.877376e-07   4.10e-03  
596      2.504070e-05   2.495337e-05   8.732551e-08   3.49e-03  
597      2.597460e-04   2.597056e-04   4.036555e-08   1.55e-04  
598      1.273026e-04   1.282552e-04   9.526307e-07   7.48e-03  
599      -1.588684e-05  -1.613154e-05  2.447051e-07   1.54e-02  
600      -9.197390e-06  -1.002531e-05  8.279240e-07   9.00e-02  
601      4.066941e-05   4.068079e-05   1.138386e-08   2.80e-04  
602      5.180742e-05   5.242917e-05   6.217495e-07   1.20e-02  
603      1.081928e-05   1.196154e-05   1.142261e-06   1.06e-01  
604      1.277288e-05   1.295186e-05   1.789837e-07   1.40e-02  
605      -1.737960e-05  -1.795897e-05  5.793628e-07   3.33e-02  
606      -6.518398e-05  -6.513901e-05  4.497405e-08   6.90e-04  
607      -5.145266e-05  -5.119016e-05  2.625017e-07   5.10e-03  
608      -8.876863e-05  -8.829382e-05  4.748125e-07   5.35e-03  
609      -6.185109e-05  -6.116663e-05  6.844609e-07   1.11e-02  
610      -1.287954e-04  -1.297140e-04  9.186259e-07   7.13e-03  
611      -2.745234e-04  -2.744671e-04  5.631870e-08   2.05e-04  
612      -3.718807e-04  -3.712231e-04  6.576645e-07   1.77e-03  
613      -3.725915e-04  -3.726708e-04  7.932806e-08   2.13e-04  
614      -3.014004e-04  -3.022027e-04  8.023487e-07   2.66e-03  
615      3.908662e-04   3.905831e-04   2.830619e-07   7.24e-04  
616      1.392920e-03   1.393330e-03   4.095031e-07   2.94e-04  
617      1.194686e-03   1.195584e-03   8.977768e-07   7.51e-04  
618      8.581396e-04   8.582557e-04   1.161278e-07   1.35e-04  
619      6.637082e-04   6.640133e-04   3.051040e-07   4.60e-04  
620      7.170581e-04   7.161449e-04   9.131475e-07   1.27e-03  
621      2.926491e-04   2.926126e-04   3.648784e-08   1.25e-04  
622      4.150727e-05   4.123146e-05   2.758034e-07   6.64e-03  
623      -6.373285e-05  -6.371126e-05  2.159635e-08   3.39e-04  
624      -6.942605e-04  -6.946599e-04  3.993833e-07   5.75e-04  
625      -4.116678e-04  -4.117506e-04  8.282840e-08   2.01e-04  
626      -6.637975e-04  -6.637535e-04  4.400748e-08   6.63e-05  
627      1.973289e-06   1.250111e-06   7.231779e-07   3.66e-01  
628      8.286571e-04   8.287659e-04   1.088482e-07   1.31e-04  
629      3.046707e-04   3.051870e-04   5.162664e-07   1.69e-03  
630      3.020958e-04   3.017453e-04   3.505157e-07   1.16e-03  
631      1.655622e-04   1.655609e-04   1.257228e-09   7.59e-06  
632      1.673414e-04   1.667089e-04   6.324875e-07   3.78e-03  
633      8.637329e-05   8.569145e-05   6.818393e-07   7.89e-03  
634      2.569022e-05   2.568390e-05   6.323612e-09   2.46e-04  
635      -3.044625e-04  -3.041234e-04  3.390782e-07   1.11e-03  
636      -3.669395e-04  -3.674239e-04  4.843362e-07   1.32e-03  
637      -2.967974e-04  -2.973910e-04  5.935864e-07   2.00e-03  
638      -3.043884e-04  -3.040568e-04  3.316110e-07   1.09e-03  
639      -2.306338e-04  -2.299005e-04  7.332543e-07   3.18e-03  
640      -1.424963e-04  -1.424350e-04  6.135957e-08   4.31e-04  
641      6.332138e-05   6.339596e-05   7.457672e-08   1.18e-03  
642      -6.933647e-05  -6.887158e-05  4.648916e-07   6.70e-03  
643      2.038804e-05   2.019496e-05   1.930785e-07   9.47e-03  
644      -1.138059e-04  -1.143396e-04  5.337038e-07   4.69e-03  
645      8.224859e-05   8.210099e-05   1.475993e-07   1.79e-03  
646      -3.142776e-04  -3.146150e-04  3.374216e-07   1.07e-03  
647      1.051024e-04   1.049294e-04   1.730486e-07   1.65e-03  
648      5.340291e-04   5.334688e-04   5.602592e-07   1.05e-03  
649      5.366880e-05   5.395684e-05   2.880362e-07   5.37e-03  
650      -4.191755e-05  -4.106715e-05  8.504036e-07   2.03e-02  
651      1.402049e-04   1.338019e-04   6.403081e-06   4.57e-02  
652      1.657197e-04   1.697442e-04   4.024537e-06   2.43e-02  
653      1.422160e-04   1.418354e-04   3.805365e-07   2.68e-03  
654      1.442510e-04   1.440981e-04   1.529288e-07   1.06e-03  
655      4.776907e-05   4.741763e-05   3.514468e-07   7.36e-03  
656      -6.045012e-05  -6.090461e-05  4.544898e-07   7.52e-03  
657      -2.039819e-04  -2.040612e-04  7.928193e-08   3.89e-04  
658      -2.239448e-04  -2.246003e-04  6.554940e-07   2.93e-03  
659      -1.992364e-04  -1.997513e-04  5.148836e-07   2.58e-03  
660      -1.386317e-04  -1.389600e-04  3.282231e-07   2.37e-03  
661      -2.034314e-04  -2.025513e-04  8.800610e-07   4.33e-03  
662      -2.227580e-04  -2.220713e-04  6.867135e-07   3.08e-03  
663      -3.750558e-04  -3.755085e-04  4.526761e-07   1.21e-03  
664      -4.052101e-04  -4.053891e-04  1.789478e-07   4.42e-04  
665      -3.951833e-04  -3.956124e-04  4.291549e-07   1.09e-03  
666      8.011340e-04   8.010770e-04   5.699147e-08   7.11e-05  
667      2.218576e-03   2.218736e-03   1.607192e-07   7.24e-05  
668      1.950527e-03   1.950939e-03   4.120917e-07   2.11e-04  
669      5.691498e-04   5.701462e-04   9.963272e-07   1.75e-03  
670      -2.663008e-04  -2.659784e-04  3.224301e-07   1.21e-03  
671      -5.164610e-05  -5.141221e-05  2.338941e-07   4.53e-03  
672      8.894372e-04   8.893819e-04   5.526863e-08   6.21e-05  
673      8.811671e-04   8.808199e-04   3.472821e-07   3.94e-04  
674      6.662821e-04   6.663003e-04   1.829372e-08   2.75e-05  
675      2.711264e-04   2.707323e-04   3.940597e-07   1.45e-03  
676      8.467312e-04   8.479439e-04   1.212697e-06   1.43e-03  
677      1.310677e-03   1.310514e-03   1.626006e-07   1.24e-04  
678      6.594468e-04   6.600276e-04   5.807937e-07   8.81e-04  
679      6.869017e-05   6.827872e-05   4.114527e-07   5.99e-03  
680      8.619539e-05   8.620216e-05   6.767491e-09   7.85e-05  
681      -1.662979e-05  -1.665112e-05  2.133507e-08   1.28e-03  
682      -6.039015e-05  -6.054490e-05  1.547568e-07   2.56e-03  
683      -1.465020e-04  -1.462030e-04  2.989382e-07   2.04e-03  
684      -2.003567e-04  -2.001710e-04  1.856606e-07   9.27e-04  
685      -6.348991e-04  -6.347545e-04  1.446273e-07   2.28e-04  
686      -6.741688e-04  -6.742518e-04  8.293278e-08   1.23e-04  
687      -4.054816e-04  -4.045386e-04  9.429727e-07   2.33e-03  
688      -3.007294e-04  -3.011946e-04  4.651937e-07   1.55e-03  
689      6.337586e-05   6.308509e-05   2.907646e-07   4.59e-03  
690      1.010559e-04   1.020672e-04   1.011318e-06   1.00e-02  
691      -6.813029e-05  -6.833645e-05  2.061567e-07   3.03e-03  
692      -4.806170e-05  -4.945822e-05  1.396516e-06   2.91e-02  
693      -1.384514e-05  -1.426859e-05  4.234436e-07   3.06e-02  
694      -3.591267e-05  -3.553824e-05  3.744274e-07   1.04e-02  
695      -1.002736e-04  -1.007572e-04  4.835954e-07   4.82e-03  
696      9.963386e-05   9.984680e-05   2.129420e-07   2.14e-03  
697      -3.094410e-04  -3.099565e-04  5.154762e-07   1.67e-03  
698      4.119850e-04   4.116929e-04   2.920967e-07   7.09e-04  
699      1.871189e-04   1.838196e-04   3.299247e-06   1.76e-02  
700      -8.908409e-05  -9.258150e-05  3.497411e-06   3.93e-02  
701      -1.285695e-05  -1.289191e-05  3.495808e-08   2.72e-03  
702      6.751131e-05   6.632472e-05   1.186583e-06   1.76e-02  
703      1.049594e-04   1.047451e-04   2.142631e-07   2.04e-03  
704      -1.598811e-05  -1.540323e-05  5.848749e-07   3.66e-02  
705      -1.513048e-05  -1.415978e-05  9.706988e-07   6.42e-02  
706      7.606192e-06   7.980283e-06   3.740909e-07   4.92e-02  
707      -8.716482e-05  -8.679057e-05  3.742436e-07   4.29e-03  
708      -8.255083e-05  -8.246293e-05  8.790788e-08   1.06e-03  
709      -8.895208e-05  -8.873569e-05  2.163981e-07   2.43e-03  
710      -1.054383e-04  -1.054068e-04  3.149678e-08   2.99e-04  
711      -2.990000e-04  -2.994294e-04  4.293465e-07   1.44e-03  
712      -3.148610e-04  -3.143374e-04  5.235177e-07   1.66e-03  
713      -5.361646e-04  -5.364109e-04  2.463561e-07   4.59e-04  
714      -2.261804e-04  -2.264144e-04  2.340102e-07   1.03e-03  
715      -1.025766e-04  -1.024869e-04  8.970806e-08   8.75e-04  
716      6.842226e-04   6.847878e-04   5.652137e-07   8.26e-04  
717      2.455540e-03   2.455713e-03   1.737365e-07   7.08e-05  
718      3.364199e-03   3.365084e-03   8.847911e-07   2.63e-04  
719      1.209761e-03   1.210303e-03   5.415623e-07   4.48e-04  
720      -1.760990e-03  -1.761735e-03  7.449157e-07   4.23e-04  
721      -2.580184e-03  -2.579914e-03  2.697277e-07   1.05e-04  
722      -4.291495e-04  -4.289036e-04  2.458797e-07   5.73e-04  
723      7.501048e-04   7.501599e-04   5.517581e-08   7.36e-05  
724      5.222540e-05   5.258904e-05   3.636397e-07   6.96e-03  
725      -1.192793e-03  -1.192215e-03  5.780851e-07   4.85e-04  
726      1.424998e-03   1.425324e-03   3.265228e-07   2.29e-04  
727      1.389280e-03   1.388036e-03   1.243614e-06   8.95e-04  
728      1.852395e-04   1.847300e-04   5.094672e-07   2.75e-03  
729      1.692640e-04   1.696687e-04   4.047462e-07   2.39e-03  
730      -1.595328e-04  -1.592704e-04  2.624666e-07   1.65e-03  
731      -4.911689e-04  -4.917800e-04  6.110884e-07   1.24e-03  
732      -4.133135e-04  -4.137912e-04  4.776858e-07   1.16e-03  
733      -2.469951e-04  -2.468270e-04  1.681364e-07   6.81e-04  
734      -3.975330e-04  -3.979550e-04  4.220441e-07   1.06e-03  
735      -6.496909e-04  -6.497358e-04  4.488303e-08   6.91e-05  
736      -6.938589e-04  -6.945600e-04  7.010561e-07   1.01e-03  
737      -5.982783e-04  -5.984324e-04  1.541423e-07   2.58e-04  
738      -1.151282e-04  -1.142109e-04  9.173618e-07   7.97e-03  
739      6.772654e-05   6.771472e-05   1.181271e-08   1.74e-04  
740      -2.427543e-04  -2.427059e-04  4.847056e-08   2.00e-04  
741      -1.958644e-04  -1.963163e-04  4.519180e-07   2.31e-03  
742      -1.448153e-04  -1.450107e-04  1.953371e-07   1.35e-03  
743      -8.148507e-05  -8.177681e-05  2.917336e-07   3.58e-03  
744      5.337737e-05   5.469181e-05   1.314439e-06   2.46e-02  
745      -1.544818e-04  -1.540745e-04  4.072885e-07   2.64e-03  
746      -2.883408e-05  -2.920997e-05  3.758926e-07   1.30e-02  
747      7.075700e-04   7.088152e-04   1.245256e-06   1.76e-03  
748      1.235220e-04   1.240297e-04   5.076777e-07   4.11e-03  
749      -6.086371e-05  -6.433742e-05  3.473711e-06   5.71e-02  
750      -1.590565e-04  -1.593570e-04  3.004556e-07   1.89e-03  
751      -3.996286e-05  -3.942624e-05  5.366177e-07   1.34e-02  
752      -1.859806e-05  -1.958655e-05  9.884925e-07   5.32e-02  
753      1.121711e-05   1.127765e-05   6.053255e-08   5.40e-03  
754      -8.230905e-05  -8.246737e-05  1.583169e-07   1.92e-03  
755      -4.991816e-05  -5.024425e-05  3.260929e-07   6.53e-03  
756      -4.925781e-05  -4.943379e-05  1.759809e-07   3.57e-03  
757      -1.554750e-05  -1.565192e-05  1.044261e-07   6.72e-03  
758      -8.767746e-05  -8.690382e-05  7.736458e-07   8.82e-03  
759      -1.163966e-04  -1.164802e-04  8.351271e-08   7.17e-04  
760      -7.238008e-05  -7.223999e-05  1.400896e-07   1.94e-03  
761      -1.518758e-04  -1.522293e-04  3.535287e-07   2.33e-03  
762      -4.353733e-05  -4.337197e-05  1.653611e-07   3.80e-03  
763      -1.575482e-04  -1.568123e-04  7.358401e-07   4.67e-03  
764      -2.129099e-04  -2.129519e-04  4.201879e-08   1.97e-04  
765      -2.366916e-04  -2.368949e-04  2.033641e-07   8.59e-04  
766      -3.732993e-05  -3.682610e-05  5.038306e-07   1.35e-02  
767      7.468228e-04   7.468648e-04   4.196756e-08   5.62e-05  
768      2.034891e-03   2.034442e-03   4.491057e-07   2.21e-04  
769      4.058591e-04   4.063705e-04   5.113894e-07   1.26e-03  
770      -2.329363e-03  -2.328790e-03  5.729297e-07   2.46e-04  
771      -3.636286e-03  -3.636738e-03  4.516717e-07   1.24e-04  
772      -2.726622e-03  -2.726583e-03  3.898693e-08   1.43e-05  
773      -1.342140e-03  -1.341491e-03  6.486920e-07   4.83e-04  
774      1.738763e-03   1.738523e-03   2.403122e-07   1.38e-04  
775      4.177752e-03   4.178298e-03   5.458803e-07   1.31e-04  
776      8.453176e-04   8.448642e-04   4.534274e-07   5.36e-04  
777      -3.543995e-03  -3.544152e-03  1.563682e-07   4.41e-05  
778      -8.464042e-04  -8.465295e-04  1.253246e-07   1.48e-04  
779      1.171083e-03   1.171439e-03   3.556201e-07   3.04e-04  
780      -7.905120e-04  -7.907630e-04  2.510470e-07   3.18e-04  
781      -1.122658e-03  -1.122600e-03  5.779617e-08   5.15e-05  
782      -2.254985e-04  -2.252043e-04  2.941623e-07   1.30e-03  
783      3.272808e-04   3.264966e-04   7.841720e-07   2.40e-03  
784      -9.072478e-05  -9.027890e-05  4.458822e-07   4.91e-03  
785      -6.288392e-04  -6.290968e-04  2.575756e-07   4.10e-04  
786      -9.966605e-04  -9.971757e-04  5.151398e-07   5.17e-04  
787      -9.576046e-04  -9.573542e-04  2.504091e-07   2.61e-04  
788      -1.351423e-04  -1.350897e-04  5.260088e-08   3.89e-04  
789      -4.227681e-04  -4.235612e-04  7.931159e-07   1.88e-03  
790      -6.821766e-04  -6.822032e-04  2.659713e-08   3.90e-05  
791      -1.771297e-04  -1.769651e-04  1.645574e-07   9.29e-04  
792      -1.026265e-04  -1.015743e-04  1.052245e-06   1.03e-02  
793      -1.726420e-04  -1.725597e-04  8.221890e-08   4.76e-04  
794      -8.082830e-05  -8.145040e-05  6.221001e-07   7.70e-03  
795      8.731078e-05   8.650414e-05   8.066412e-07   9.24e-03  
796      -2.188073e-04  -2.164002e-04  2.407030e-06   1.10e-02  
797      -1.882514e-04  -1.891975e-04  9.461710e-07   5.03e-03  
798      -2.409405e-05  -2.340572e-05  6.883261e-07   2.86e-02  
799      4.248246e-05   4.223955e-05   2.429181e-07   5.72e-03  
800      3.509760e-07   -1.427747e-06  1.778723e-06   5.07e+00  
801      -8.456536e-06  -7.960299e-06  4.962369e-07   5.87e-02  
802      -1.042319e-05  -1.040723e-05  1.596426e-08   1.53e-03  
803      -1.502410e-05  -1.554534e-05  5.212465e-07   3.47e-02  
804      -1.898085e-05  -1.913136e-05  1.505093e-07   7.93e-03  
805      1.547681e-05   1.499689e-05   4.799128e-07   3.10e-02  
806      2.109332e-06   2.728928e-06   6.195966e-07   2.94e-01  
807      4.942354e-05   4.938050e-05   4.303573e-08   8.71e-04  
808      -1.313556e-05  -1.342926e-05  2.937026e-07   2.24e-02  
809      -1.919001e-05  -1.891820e-05  2.718115e-07   1.42e-02  
810      -1.707350e-05  -1.656009e-05  5.134174e-07   3.01e-02  
811      -2.087496e-05  -2.058576e-05  2.892058e-07   1.39e-02  
812      1.993680e-06   2.220446e-06   2.267656e-07   1.14e-01  
813      -1.096606e-05  -1.087352e-05  9.253539e-08   8.44e-03  
814      -1.115915e-04  -1.115952e-04  3.654541e-09   3.27e-05  
815      -1.598309e-04  -1.598832e-04  5.230111e-08   3.27e-04  
816      -7.786475e-05  -7.815082e-05  2.860731e-07   3.67e-03  
817      -3.958477e-05  -4.033440e-05  7.496334e-07   1.89e-02  
818      4.357586e-04   4.353407e-04   4.179494e-07   9.59e-04  
819      -2.212815e-04  -2.213119e-04  3.034507e-08   1.37e-04  
820      -1.418600e-03  -1.418765e-03  1.649065e-07   1.16e-04  
821      -2.428829e-03  -2.428799e-03  2.971179e-08   1.22e-05  
822      -1.727519e-03  -1.727671e-03  1.520895e-07   8.80e-05  
823      3.909712e-04   3.915224e-04   5.511578e-07   1.41e-03  
824      2.457385e-03   2.457521e-03   1.357009e-07   5.52e-05  
825      5.575762e-03   5.575116e-03   6.461927e-07   1.16e-04  
826      5.812723e-03   5.812058e-03   6.651296e-07   1.14e-04  
827      -3.598106e-03  -3.597951e-03  1.547115e-07   4.30e-05  
828      -4.076322e-03  -4.075791e-03  5.309021e-07   1.30e-04  
829      5.294517e-03   5.293848e-03   6.689634e-07   1.26e-04  
830      -4.718007e-04  -4.723155e-04  5.147744e-07   1.09e-03  
831      -1.583166e-03  -1.582643e-03  5.227152e-07   3.30e-04  
832      4.595775e-04   4.597145e-04   1.370072e-07   2.98e-04  
833      5.818567e-04   5.810397e-04   8.170714e-07   1.40e-03  
834      3.429631e-04   3.428946e-04   6.850903e-08   2.00e-04  
835      -5.058094e-04  -5.060885e-04  2.791356e-07   5.52e-04  
836      -1.296687e-03  -1.297051e-03  3.642779e-07   2.81e-04  
837      -1.161712e-03  -1.161544e-03  1.678374e-07   1.44e-04  
838      -5.562098e-04  -5.553624e-04  8.473608e-07   1.52e-03  
839      -6.916001e-04  -6.920775e-04  4.774213e-07   6.90e-04  
840      -1.876076e-04  -1.877010e-04  9.334405e-08   4.98e-04  
841      2.960384e-04   2.966138e-04   5.754197e-07   1.94e-03  
842      2.069160e-04   2.069322e-04   1.624396e-08   7.85e-05  
843      -8.672227e-05  -8.651746e-05  2.048130e-07   2.36e-03  
844      -1.432393e-04  -1.440470e-04  8.076598e-07   5.64e-03  
845      7.542439e-05   7.485790e-05   5.664942e-07   7.51e-03  
846      1.296893e-04   1.300404e-04   3.511402e-07   2.71e-03  
847      -6.069815e-05  -5.905720e-05  1.640948e-06   2.70e-02  
848      8.834586e-05   8.754331e-05   8.025525e-07   9.08e-03  
849      -4.748614e-05  -4.553913e-05  1.947007e-06   4.10e-02  
850      1.018770e-05   1.405098e-05   3.863279e-06   3.79e-01  
851      2.242318e-06   2.644551e-06   4.022332e-07   1.79e-01  
852      1.153432e-05   1.125766e-05   2.766605e-07   2.40e-02  
853      1.207845e-07   -1.931788e-07  3.139633e-07   2.60e+00  
854      -2.417043e-06  -2.269296e-06  1.477467e-07   6.11e-02  
855      1.688095e-06   1.816325e-06   1.282300e-07   7.60e-02  
856      5.980033e-06   6.010747e-06   3.071398e-08   5.14e-03  
857      6.707527e-06   7.056578e-06   3.490510e-07   5.20e-02  
858      3.166013e-06   2.939871e-06   2.261429e-07   7.14e-02  
859      -2.498795e-06  -2.693401e-06  1.946060e-07   7.79e-02  
860      2.403395e-06   2.675637e-06   2.722426e-07   1.13e-01  
861      7.426882e-06   7.887024e-06   4.601426e-07   6.20e-02  
862      1.128951e-05   1.106226e-05   2.272518e-07   2.01e-02  
863      3.953040e-06   4.323208e-06   3.701680e-07   9.36e-02  
864      -1.661085e-05  -1.567635e-05  9.345017e-07   5.63e-02  
865      -1.417540e-05  -1.392442e-05  2.509860e-07   1.77e-02  
866      -1.538814e-05  -1.486589e-05  5.222569e-07   3.39e-02  
867      -1.385051e-05  -1.298295e-05  8.675612e-07   6.26e-02  
868      -4.468385e-05  -4.474421e-05  6.035636e-08   1.35e-03  
869      -8.323025e-05  -8.310908e-05  1.211702e-07   1.46e-03  
870      -2.698146e-04  -2.700618e-04  2.471699e-07   9.16e-04  
871      -5.151616e-04  -5.156897e-04  5.280815e-07   1.03e-03  
872      -6.497773e-04  -6.497913e-04  1.398759e-08   2.15e-05  
873      -6.838171e-04  -6.832956e-04  5.215061e-07   7.63e-04  
874      4.347476e-04   4.352207e-04   4.731385e-07   1.09e-03  
875      3.233681e-03   3.233613e-03   6.810274e-08   2.11e-05  
876      4.308733e-03   4.308629e-03   1.038910e-07   2.41e-05  
877      -1.027735e-02  -1.027798e-02  6.256729e-07   6.09e-05  
878      -2.480956e-02  -2.480905e-02  5.091696e-07   2.05e-05  
879      2.508950e-03   2.509077e-03   1.274366e-07   5.08e-05  
880      3.840593e-03   3.840968e-03   3.742667e-07   9.75e-05  
881      -2.194817e-03  -2.194560e-03  2.572136e-07   1.17e-04  
882      3.289581e-04   3.301293e-04   1.171118e-06   3.56e-03  
883      3.475071e-05   3.421263e-05   5.380768e-07   1.55e-02  
884      -2.607282e-04  -2.604117e-04  3.165063e-07   1.21e-03  
885      -9.411243e-04  -9.411560e-04  3.172912e-08   3.37e-05  
886      -1.714623e-03  -1.714366e-03  2.562296e-07   1.49e-04  
887      -1.871731e-03  -1.872076e-03  3.450425e-07   1.84e-04  
888      -1.258089e-03  -1.258296e-03  2.068943e-07   1.64e-04  
889      1.872695e-04   1.876233e-04   3.537889e-07   1.89e-03  
890      5.227205e-04   5.230216e-04   3.011265e-07   5.76e-04  
891      1.371549e-04   1.377276e-04   5.726892e-07   4.18e-03  
892      1.622781e-04   1.625344e-04   2.563177e-07   1.58e-03  
893      -1.993664e-04  -1.994716e-04  1.051542e-07   5.27e-04  
894      -2.044311e-04  -2.049516e-04  5.205551e-07   2.55e-03  
895      -6.552597e-05  -6.468159e-05  8.443766e-07   1.29e-02  
896      2.390958e-05   2.329692e-05   6.126584e-07   2.56e-02  
897      -1.863630e-05  -1.876943e-05  1.331329e-07   7.14e-03  
898      -3.526488e-06  -3.279599e-06  2.468889e-07   7.00e-02  
899      -8.191621e-06  -9.547918e-06  1.356297e-06   1.66e-01  
900      3.180463e-07   -1.456613e-06  1.774659e-06   5.58e+00  
901      -1.344517e-05  -1.421308e-05  7.679079e-07   5.71e-02  
902      -2.674586e-06  -2.637890e-06  3.669580e-08   1.37e-02  
903      -1.903567e-06  -1.783018e-06  1.205491e-07   6.33e-02  
904      -2.127834e-06  -2.899903e-06  7.720681e-07   3.63e-01  
905      4.335756e-06   4.065637e-06   2.701197e-07   6.23e-02  
906      3.945005e-06   3.992362e-06   4.735663e-08   1.20e-02  
907      2.320888e-06   2.742251e-06   4.213630e-07   1.82e-01  
908      1.061983e-06   9.503509e-07   1.116323e-07   1.05e-01  
909      8.960912e-07   1.496581e-06   6.004894e-07   6.70e-01  
910      1.132445e-05   1.167511e-05   3.506576e-07   3.10e-02  
911      6.887031e-06   6.723511e-06   1.635205e-07   2.37e-02  
912      1.110738e-05   1.156630e-05   4.589200e-07   4.13e-02  
913      5.251037e-06   5.682121e-06   4.310845e-07   8.21e-02  
914      -3.267529e-07  -2.975398e-07  2.921315e-08   8.94e-02  
915      2.435978e-06   2.182698e-06   2.532792e-07   1.04e-01  
916      8.346020e-07   1.931788e-07   6.414232e-07   7.69e-01  
917      7.812682e-07   9.037215e-07   1.224534e-07   1.57e-01  
918      -1.490014e-05  -1.512124e-05  2.210976e-07   1.48e-02  
919      -9.488284e-06  -9.396928e-06  9.135668e-08   9.63e-03  
920      -1.185264e-05  -1.145750e-05  3.951386e-07   3.33e-02  
921      -3.458847e-05  -3.441913e-05  1.693325e-07   4.90e-03  
922      -2.217524e-05  -2.219114e-05  1.590177e-08   7.17e-04  
923      -1.868258e-04  -1.867906e-04  3.523491e-08   1.89e-04  
924      -8.994114e-05  -8.979484e-05  1.463015e-07   1.63e-03  
925      6.600698e-04   6.590795e-04   9.903139e-07   1.50e-03  
926      2.094920e-03   2.092881e-03   2.038494e-06   9.73e-04  
927      -7.193517e-03  -7.223777e-03  3.026018e-05   4.21e-03  
928      -2.522051e-02  -2.542390e-02  2.033854e-04   8.06e-03  
929      1.717473e-02   1.770465e-02   5.299229e-04   3.09e-02  
930      3.281491e-02   3.517373e-02   2.358817e-03   7.19e-02  
931      -2.151139e-03  -2.150915e-03  2.239180e-07   1.04e-04  
932      -2.428688e-03  -2.428484e-03  2.039621e-07   8.40e-05  
933      -3.879385e-03  -3.878162e-03  1.222859e-06   3.15e-04  
934      -2.567210e-03  -2.568625e-03  1.415750e-06   5.51e-04  
935      -2.476872e-03  -2.477509e-03  6.376770e-07   2.57e-04  
936      -1.942422e-03  -1.942704e-03  2.814026e-07   1.45e-04  
937      -1.697714e-03  -1.698282e-03  5.678106e-07   3.34e-04  
938      -1.405916e-03  -1.405818e-03  9.869994e-08   7.02e-05  
939      -2.656617e-04  -2.649769e-04  6.847682e-07   2.58e-03  
940      -2.197503e-04  -2.197198e-04  3.054048e-08   1.39e-04  
941      -6.386239e-05  -6.341594e-05  4.464543e-07   6.99e-03  
942      1.187973e-04   1.191625e-04   3.651267e-07   3.07e-03  
943      -3.785069e-04  -3.782841e-04  2.228666e-07   5.89e-04  
944      -3.738185e-04  -3.733103e-04  5.082366e-07   1.36e-03  
945      -3.149079e-04  -3.148237e-04  8.417940e-08   2.67e-04  
946      -1.519725e-04  -1.512834e-04  6.891189e-07   4.53e-03  
947      -1.032491e-04  -1.049849e-04  1.735803e-06   1.68e-02  
948      -7.680185e-05  -7.799983e-05  1.197981e-06   1.56e-02  
949      -4.537538e-05  -4.473089e-05  6.444896e-07   1.42e-02  
950      -2.969607e-05  -2.967182e-05  2.424744e-08   8.17e-04  
951      -1.523903e-05  -1.457945e-05  6.595792e-07   4.33e-02  
952      -4.894158e-06  -5.473400e-06  5.792411e-07   1.18e-01  
953      -1.368381e-06  -1.301181e-06  6.719999e-08   4.91e-02  
954      -3.429286e-06  -3.002043e-06  4.272430e-07   1.25e-01  
955      3.281805e-06   2.677858e-06   6.039475e-07   1.84e-01  
956      6.709619e-06   6.421530e-06   2.880894e-07   4.29e-02  
957      5.554985e-06   4.738432e-06   8.165528e-07   1.47e-01  
958      4.459223e-06   4.474199e-06   1.497540e-08   3.36e-03  
959      8.700984e-06   9.123813e-06   4.228285e-07   4.86e-02  
960      2.193426e-05   2.204903e-05   1.147690e-07   5.23e-03  
961      6.457388e-06   6.117329e-06   3.400588e-07   5.27e-02  
962      3.204122e-06   3.317346e-06   1.132240e-07   3.53e-02  
963      2.362838e-07   2.819966e-07   4.571286e-08   1.93e-01  
964      -1.802832e-07  -3.352874e-07  1.550041e-07   8.60e-01  
965      1.304732e-08   -4.218847e-08  5.523580e-08   4.23e+00  
966      2.612157e-07   1.776357e-08   2.434522e-07   9.32e-01  
967      -2.284608e-08  3.108624e-08   5.393233e-08   2.36e+00  
968      -1.498834e-07  -2.575717e-07  1.076884e-07   7.18e-01  
969      4.870839e-08   -7.327472e-08  1.219831e-07   2.50e+00  
970      5.344549e-08   3.996803e-08   1.347747e-08   2.52e-01  
971      1.776245e-08   4.884981e-08   3.108737e-08   1.75e+00  
972      8.619091e-08   1.287859e-07   4.259496e-08   4.94e-01  
973      2.508648e-07   2.731149e-07   2.225010e-08   8.87e-02  
974      6.402771e-06   4.183320e-06   2.219450e-06   3.47e-01  
975      -2.177855e-05  -2.237988e-05  6.013230e-07   2.76e-02  
976      -1.596523e-04  -1.748401e-04  1.518780e-05   9.51e-02  
977      -1.559062e-03  -1.656755e-03  9.769247e-05   6.27e-02  
978      -9.901563e-03  -8.769381e-03  1.132183e-03   1.14e-01  
979      3.495978e-02   3.418828e-02   7.715011e-04   2.21e-02  
980      6.576052e-02   6.545761e-02   3.029077e-04   4.61e-03  
981      -4.600709e-03  -3.959695e-03  6.410142e-04   1.39e-01  
982      -1.801809e-02  -1.801657e-02  1.526137e-06   8.47e-05  
983      -9.589283e-03  -9.591319e-03  2.035626e-06   2.12e-04  
984      -5.434482e-03  -5.435479e-03  9.967011e-07   1.83e-04  
985      -4.119502e-03  -4.119491e-03  1.091868e-08   2.65e-06  
986      -3.842032e-03  -3.842167e-03  1.345204e-07   3.50e-05  
987      -1.915728e-03  -1.915363e-03  3.644933e-07   1.90e-04  
988      -5.389876e-04  -5.399436e-04  9.560275e-07   1.77e-03  
989      -7.484513e-05  -7.491119e-05  6.606264e-08   8.83e-04  
990      -1.310508e-04  -1.308376e-04  2.132652e-07   1.63e-03  
991      -2.075016e-04  -2.073208e-04  1.807736e-07   8.71e-04  
992      -3.607949e-04  -3.611555e-04  3.606599e-07   1.00e-03  
993      -3.734465e-05  -3.811618e-05  7.715233e-07   2.07e-02  
994      -8.898878e-07  -1.620926e-07  7.277952e-07   8.18e-01  
995      -4.227878e-04  -4.230749e-04  2.871486e-07   6.79e-04  
996      -1.836609e-04  -1.841438e-04  4.829488e-07   2.63e-03  
997      -9.095721e-05  -8.964607e-05  1.311137e-06   1.44e-02  
998      -7.053748e-05  -6.926237e-05  1.275105e-06   1.81e-02  
999      -6.732266e-05  -6.856071e-05  1.238057e-06   1.84e-02  
1000     -1.368652e-05  -1.236122e-05  1.325301e-06   9.68e-02  
1001     -5.632160e-02  -5.459144e-02  1.730157e-03   3.07e-02  
1002     -4.161809e-02  -4.328723e-02  1.669142e-03   4.01e-02  
1003     -3.002110e-03  -3.001586e-03  5.247930e-07   1.75e-04  
1004     1.061213e-04   1.058842e-04   2.370773e-07   2.23e-03  
1005     -2.099697e-03  -2.102098e-03  2.401848e-06   1.14e-03  
1006     2.210577e-03   2.210716e-03   1.389122e-07   6.28e-05  
1007     3.104471e-03   3.103637e-03   8.332927e-07   2.68e-04  
1008     1.016874e-03   1.016500e-03   3.734602e-07   3.67e-04  
1009     -3.582346e-04  -3.587086e-04  4.740611e-07   1.32e-03  
1010     -9.824466e-05  -9.842127e-05  1.766129e-07   1.80e-03  
1011     -2.341740e-05  -2.314149e-05  2.759112e-07   1.18e-02  
1012     -1.474831e-04  -1.478173e-04  3.341787e-07   2.27e-03  
1013     1.087700e-04   1.091638e-04   3.937573e-07   3.62e-03  
1014     -1.298319e-05  -1.313616e-05  1.529718e-07   1.18e-02  
1015     -3.111359e-04  -3.119283e-04  7.923166e-07   2.55e-03  
1016     -5.064184e-05  -5.141887e-05  7.770248e-07   1.53e-02  
1017     -4.417358e-05  -4.488632e-05  7.127413e-07   1.61e-02  
1018     -6.987731e-05  -6.881384e-05  1.063465e-06   1.52e-02  
1019     -7.390394e-05  -7.405410e-05  1.501606e-07   2.03e-03  
1020     -2.063736e-05  -1.947109e-05  1.166267e-06   5.65e-02  
1021     -1.549872e-02  -1.531924e-02  1.794812e-04   1.16e-02  
1022     -1.615450e-02  -1.620735e-02  5.284452e-05   3.27e-03  
1023     7.966438e-04   7.983370e-04   1.693181e-06   2.13e-03  
1024     -1.286619e-03  -1.283846e-03  2.772419e-06   2.15e-03  
1025     -5.660770e-03  -5.662750e-03  1.979918e-06   3.50e-04  
1026     -1.085174e-02  -1.085168e-02  5.468411e-08   5.04e-06  
1027     -3.210394e-03  -3.209504e-03  8.897447e-07   2.77e-04  
1028     -1.364598e-04  -1.350497e-04  1.410048e-06   1.03e-02  
1029     -9.126261e-05  -9.079404e-05  4.685723e-07   5.13e-03  
1030     -7.787357e-06  -8.260059e-06  4.727028e-07   6.07e-02  
1031     1.622240e-06   1.563194e-06   5.904548e-08   3.64e-02  
1032     3.672205e-06   3.395062e-06   2.771431e-07   7.55e-02  
1033     9.944110e-06   1.055156e-05   6.074500e-07   6.11e-02  
1034     -1.403004e-05  -1.374012e-05  2.899187e-07   2.07e-02  
1035     -1.896758e-04  -1.900102e-04  3.344359e-07   1.76e-03  
1036     -1.448827e-05  -1.480149e-05  3.132232e-07   2.16e-02  
1037     -5.484138e-05  -5.512479e-05  2.834116e-07   5.17e-03  
1038     -7.280701e-05  -7.293721e-05  1.301970e-07   1.79e-03  
1039     -7.219087e-05  -7.297496e-05  7.840902e-07   1.09e-02  
1040     -2.294768e-05  -2.007727e-05  2.870409e-06   1.25e-01  
1041     -2.983791e-03  -2.762406e-03  2.213855e-04   7.42e-02  
1042     -4.521260e-03  -4.555396e-03  3.413581e-05   7.55e-03  
1043     7.353554e-03   7.351701e-03   1.852224e-06   2.52e-04  
1044     1.102571e-02   1.102783e-02   2.115908e-06   1.92e-04  
1045     7.782676e-04   7.779244e-04   3.432520e-07   4.41e-04  
1046     -1.137107e-02  -1.137054e-02  5.367373e-07   4.72e-05  
1047     -3.674315e-03  -3.672898e-03  1.417270e-06   3.86e-04  
1048     -2.166092e-04  -2.157763e-04  8.328871e-07   3.85e-03  
1049     -1.027478e-04  -1.012013e-04  1.546514e-06   1.51e-02  
1050     -3.508097e-05  -3.502088e-05  6.009741e-08   1.71e-03  
1051     2.199960e-05   2.243095e-05   4.313419e-07   1.96e-02  
1052     1.733093e-05   1.754374e-05   2.128113e-07   1.23e-02  
1053     -9.932665e-06  -1.069811e-05  7.654436e-07   7.71e-02  
1054     -3.753798e-05  -3.546941e-05  2.068579e-06   5.51e-02  
1055     -1.563453e-04  -1.572231e-04  8.778062e-07   5.61e-03  
1056     -6.031040e-05  -6.039835e-05  8.795329e-08   1.46e-03  
1057     -6.635589e-05  -6.544543e-05  9.104586e-07   1.37e-02  
1058     -5.898261e-05  -6.180834e-05  2.825730e-06   4.79e-02  
1059     -5.291251e-05  -5.301981e-05  1.072991e-07   2.03e-03  
1060     -1.034703e-05  -8.737455e-06  1.609579e-06   1.56e-01  
1061     -6.253903e-04  -6.245515e-04  8.387550e-07   1.34e-03  
1062     -7.815702e-04  -7.903522e-04  8.782030e-06   1.12e-02  
1063     7.914443e-03   7.913221e-03   1.221687e-06   1.54e-04  
1064     4.037178e-03   4.037910e-03   7.316260e-07   1.81e-04  
1065     5.469901e-03   5.469720e-03   1.811184e-07   3.31e-05  
1066     1.623033e-05   1.494360e-05   1.286730e-06   7.93e-02  
1067     4.205679e-04   4.222245e-04   1.656574e-06   3.94e-03  
1068     1.394689e-04   1.397971e-04   3.281411e-07   2.35e-03  
1069     -2.059970e-04  -2.076050e-04  1.608053e-06   7.81e-03  
1070     -5.556168e-05  -5.342171e-05  2.139973e-06   3.85e-02  
1071     1.514022e-04   1.483325e-04   3.069764e-06   2.03e-02  
1072     5.537359e-05   5.502487e-05   3.487190e-07   6.30e-03  
1073     2.832727e-05   2.875478e-05   4.275082e-07   1.51e-02  
1074     -3.907619e-05  -3.947509e-05  3.989033e-07   1.02e-02  
1075     -1.437306e-04  -1.436873e-04  4.331477e-08   3.01e-04  
1076     -7.818355e-05  -7.704504e-05  1.138515e-06   1.46e-02  
1077     -4.071162e-05  -3.844036e-05  2.271255e-06   5.58e-02  
1078     -3.722176e-05  -3.901546e-05  1.793694e-06   4.82e-02  
1079     -2.697739e-05  -2.503997e-05  1.937417e-06   7.18e-02  
1080     1.258673e-05   1.521450e-05   2.627768e-06   2.09e-01  
1081     1.184679e-05   -7.618350e-06  1.946514e-05   1.64e+00  
1082     -6.382534e-04  -6.377476e-04  5.057864e-07   7.92e-04  
1083     2.268868e-02   2.268956e-02   8.805945e-07   3.88e-05  
1084     5.646371e-02   5.646301e-02   6.931277e-07   1.23e-05  
1085     -2.279781e-02  -2.280014e-02  2.326188e-06   1.02e-04  
1086     6.049534e-04   6.031575e-04   1.795866e-06   2.97e-03  
1087     1.811670e-04   1.823453e-04   1.178230e-06   6.50e-03  
1088     2.208534e-04   2.195955e-04   1.257924e-06   5.70e-03  
1089     4.018751e-04   4.019252e-04   5.002814e-08   1.24e-04  
1090     6.218485e-05   6.215251e-05   3.234708e-08   5.20e-04  
1091     1.724647e-04   1.728595e-04   3.948308e-07   2.29e-03  
1092     1.027901e-04   1.010614e-04   1.728724e-06   1.68e-02  
1093     1.420485e-04   1.418488e-04   1.997029e-07   1.41e-03  
1094     -4.638386e-06  -2.129408e-06  2.508978e-06   5.41e-01  
1095     2.520411e-07   -7.815970e-07  1.033638e-06   4.10e+00  
1096     -1.435168e-04  -1.438250e-04  3.081046e-07   2.15e-03  
1097     -6.180008e-05  -6.244116e-05  6.410877e-07   1.04e-02  
1098     -8.901641e-06  -1.051825e-05  1.616612e-06   1.82e-01  
1099     6.423348e-06   4.884981e-06   1.538367e-06   2.39e-01  
1100     5.021530e-06   4.829470e-06   1.920601e-07   3.82e-02  
1101     2.340273e-04   1.969824e-04   3.704488e-05   1.58e-01  
1102     1.019530e-04   1.030798e-04   1.126741e-06   1.11e-02  
1103     5.621799e-03   5.622265e-03   4.655989e-07   8.28e-05  
1104     1.878110e-02   1.878086e-02   2.390908e-07   1.27e-05  
1105     5.182147e-03   5.182259e-03   1.117800e-07   2.16e-05  
1106     4.548131e-04   4.547029e-04   1.101473e-07   2.42e-04  
1107     2.804142e-04   2.804024e-04   1.186277e-08   4.23e-05  
1108     -4.104353e-04  -4.095946e-04  8.407410e-07   2.05e-03  
1109     1.906493e-04   1.894218e-04   1.227486e-06   6.44e-03  
1110     1.369715e-04   1.357536e-04   1.217906e-06   8.89e-03  
1111     1.850201e-04   1.859424e-04   9.222309e-07   4.98e-03  
1112     2.361525e-04   2.355982e-04   5.542709e-07   2.35e-03  
1113     3.005839e-04   3.001355e-04   4.484737e-07   1.49e-03  
1114     3.272256e-04   3.278844e-04   6.587410e-07   2.01e-03  
1115     2.041487e-04   2.031042e-04   1.044493e-06   5.12e-03  
1116     2.161620e-04   2.157319e-04   4.301205e-07   1.99e-03  
1117     -9.516425e-05  -9.612977e-05  9.655209e-07   1.01e-02  
1118     -2.847904e-05  -2.906564e-05  5.865995e-07   2.06e-02  
1119     2.911216e-05   2.913669e-05   2.452927e-08   8.43e-04  
1120     8.106206e-06   5.242473e-06   2.863733e-06   3.53e-01  
1121     9.393502e-06   9.094947e-06   2.985555e-07   3.18e-02  
1122     3.034554e-04   3.024359e-04   1.019567e-06   3.36e-03  
1123     3.702099e-03   3.701959e-03   1.400068e-07   3.78e-05  
1124     4.365558e-03   4.365086e-03   4.723612e-07   1.08e-04  
1125     6.060651e-03   6.059728e-03   9.226220e-07   1.52e-04  
1126     -2.264828e-03  -2.263967e-03  8.612376e-07   3.80e-04  
1127     7.443359e-04   7.450773e-04   7.414668e-07   9.96e-04  
1128     2.230800e-04   2.215206e-04   1.559403e-06   6.99e-03  
1129     -1.170927e-04  -1.169553e-04  1.373924e-07   1.17e-03  
1130     2.967748e-05   3.080203e-05   1.124552e-06   3.79e-02  
1131     1.688433e-05   1.462830e-05   2.256030e-06   1.34e-01  
1132     3.274123e-05   3.326672e-05   5.254895e-07   1.60e-02  
1133     1.421187e-05   1.387779e-05   3.340791e-07   2.35e-02  
1134     -6.576253e-04  -6.580736e-04  4.483151e-07   6.82e-04  
1135     -1.852214e-03  -1.851717e-03  4.977259e-07   2.69e-04  
1136     -6.285756e-04  -6.311440e-04  2.568434e-06   4.09e-03  
1137     -3.954809e-05  -4.005685e-05  5.087563e-07   1.29e-02  
1138     -3.178168e-05  -2.797540e-05  3.806278e-06   1.20e-01  
1139     -2.712351e-06  -1.998401e-07  2.512511e-06   9.26e-01  
1140     4.903530e-05   4.795941e-05   1.075882e-06   2.19e-02  
1141     2.892254e-07   2.480238e-06   2.191013e-06   7.58e+00  
1142     2.161393e-04   2.157852e-04   3.541009e-07   1.64e-03  
1143     1.832361e-03   1.832772e-03   4.106094e-07   2.24e-04  
1144     2.689494e-03   2.691183e-03   1.688431e-06   6.28e-04  
1145     1.608610e-03   1.608711e-03   1.013352e-07   6.30e-05  
1146     -2.611756e-04  -2.595080e-04  1.667645e-06   6.39e-03  
1147     -1.730542e-04  -1.727041e-04  3.501652e-07   2.02e-03  
1148     3.415951e-04   3.415912e-04   3.945364e-09   1.15e-05  
1149     6.165107e-04   6.181788e-04   1.668114e-06   2.71e-03  
1150     4.894093e-04   4.905409e-04   1.131592e-06   2.31e-03  
1151     2.409451e-04   2.408984e-04   4.667500e-08   1.94e-04  
1152     1.875329e-04   1.906475e-04   3.114615e-06   1.66e-02  
1153     9.207947e-05   9.009238e-05   1.987088e-06   2.16e-02  
1154     -6.073515e-05  -6.162626e-05  8.911058e-07   1.47e-02  
1155     -1.446615e-03  -1.447744e-03  1.129306e-06   7.81e-04  
1156     -3.226357e-03  -3.231344e-03  4.986879e-06   1.55e-03  
1157     -5.718290e-04  -5.688228e-04  3.006205e-06   5.26e-03  
1158     -3.461585e-05  -3.475220e-05  1.363474e-07   3.94e-03  
1159     3.983993e-07   -3.699263e-06  4.097662e-06   1.03e+01  
1160     -3.025575e-05  -2.796874e-05  2.287015e-06   7.56e-02  
1161     -5.446641e-07  -1.114664e-06  5.699999e-07   1.05e+00  
1162     4.847582e-05   4.878986e-05   3.140436e-07   6.48e-03  
1163     6.949547e-04   6.935852e-04   1.369539e-06   1.97e-03  
1164     1.548887e-03   1.547071e-03   1.815386e-06   1.17e-03  
1165     1.341419e-03   1.342195e-03   7.762539e-07   5.79e-04  
1166     1.144088e-03   1.142291e-03   1.796893e-06   1.57e-03  
1167     -5.847499e-05  -6.081580e-05  2.340809e-06   4.00e-02  
1168     -9.694831e-05  -9.621859e-05  7.297210e-07   7.53e-03  
1169     -4.931688e-05  -4.915179e-05  1.650864e-07   3.35e-03  
1170     5.874525e-05   6.017631e-05   1.431057e-06   2.44e-02  
1171     1.890345e-04   1.899525e-04   9.179762e-07   4.86e-03  
1172     3.097455e-04   3.121836e-04   2.438114e-06   7.87e-03  
1173     2.697328e-04   2.705369e-04   8.041215e-07   2.98e-03  
1174     3.014107e-04   3.027867e-04   1.375951e-06   4.57e-03  
1175     -7.472244e-04  -7.483680e-04  1.143654e-06   1.53e-03  
1176     -4.078666e-03  -4.081835e-03  3.168413e-06   7.77e-04  
1177     -1.173208e-04  -1.179767e-04  6.559458e-07   5.59e-03  
1178     -1.330632e-04  -1.353917e-04  2.328493e-06   1.75e-02  
1179     -2.864316e-05  -2.964518e-05  1.002018e-06   3.50e-02  
1180     -1.615495e-05  -1.961542e-05  3.460474e-06   2.14e-01  
1181     -3.251882e-06  -4.130030e-06  8.781473e-07   2.70e-01  
1182     4.163804e-05   4.199308e-05   3.550310e-07   8.53e-03  
1183     4.263746e-04   4.275891e-04   1.214435e-06   2.85e-03  
1184     9.337085e-04   9.324075e-04   1.300982e-06   1.39e-03  
1185     1.182892e-03   1.182068e-03   8.243146e-07   6.97e-04  
1186     6.491904e-04   6.489631e-04   2.272801e-07   3.50e-04  
1187     1.380253e-04   1.359668e-04   2.058516e-06   1.49e-02  
1188     -1.691291e-04  -1.671041e-04  2.024960e-06   1.20e-02  
1189     -2.408446e-04  -2.396350e-04  1.209659e-06   5.02e-03  
1190     -9.985729e-05  -9.903856e-05  8.187355e-07   8.20e-03  
1191     2.052580e-04   2.066791e-04   1.421105e-06   6.92e-03  
1192     3.065865e-04   3.075629e-04   9.763236e-07   3.18e-03  
1193     3.083980e-04   3.108580e-04   2.459998e-06   7.98e-03  
1194     2.676056e-04   2.692802e-04   1.674586e-06   6.26e-03  
1195     4.761759e-04   4.755085e-04   6.673897e-07   1.40e-03  
1196     -4.076845e-04  -4.062550e-04  1.429465e-06   3.51e-03  
1197     2.930725e-03   2.931546e-03   8.209080e-07   2.80e-04  
1198     2.181586e-03   2.181679e-03   9.372816e-08   4.30e-05  
1199     3.874659e-04   3.815392e-04   5.926668e-06   1.53e-02  
1200     -1.288171e-04  -1.306910e-04  1.873898e-06   1.45e-02  
1201     -1.146276e-05  -8.066880e-06  3.395877e-06   2.96e-01  
1202     3.779505e-05   3.646417e-05   1.330888e-06   3.52e-02  
1203     2.678549e-04   2.679656e-04   1.107753e-07   4.14e-04  
1204     7.361381e-04   7.358469e-04   2.911211e-07   3.95e-04  
1205     1.943359e-03   1.944842e-03   1.482890e-06   7.63e-04  
1206     9.748783e-04   9.740897e-04   7.886267e-07   8.09e-04  
1207     -1.893237e-04  -1.913025e-04  1.978871e-06   1.05e-02  
1208     -2.000985e-04  -1.960632e-04  4.035345e-06   2.02e-02  
1209     -9.662546e-05  -9.719114e-05  5.656888e-07   5.85e-03  
1210     -1.507989e-05  -1.481038e-05  2.695167e-07   1.79e-02  
1211     1.219274e-04   1.273071e-04   5.379673e-06   4.41e-02  
1212     1.292576e-04   1.299250e-04   6.673342e-07   5.16e-03  
1213     9.576191e-05   9.364953e-05   2.112374e-06   2.21e-02  
1214     1.747631e-04   1.786793e-04   3.916226e-06   2.24e-02  
1215     1.271731e-04   1.304823e-04   3.309230e-06   2.60e-02  
1216     4.800918e-05   4.787726e-05   1.319245e-07   2.75e-03  
1217     9.998496e-04   1.001264e-03   1.413954e-06   1.41e-03  
1218     1.553375e-03   1.548672e-03   4.702982e-06   3.03e-03  
1219     6.140768e-04   6.136713e-04   4.054550e-07   6.60e-04  
1220     6.579260e-06   -4.529710e-06  1.110897e-05   1.69e+00  
1221     -1.255900e-05  -8.337775e-06  4.221222e-06   3.36e-01  
1222     -2.480089e-05  -2.411404e-05  6.868439e-07   2.77e-02  
1223     6.163552e-05   6.176615e-05   1.306310e-07   2.12e-03  
1224     7.837989e-04   7.824585e-04   1.340342e-06   1.71e-03  
1225     2.056517e-03   2.055958e-03   5.591311e-07   2.72e-04  
1226     -1.156626e-03  -1.157241e-03  6.148379e-07   5.32e-04  
1227     -3.092022e-04  -3.104206e-04  1.218385e-06   3.94e-03  
1228     -3.285542e-04  -3.277578e-04  7.963900e-07   2.42e-03  
1229     -2.980390e-04  -2.945555e-04  3.483491e-06   1.17e-02  
1230     -1.849802e-04  -1.826184e-04  2.361853e-06   1.28e-02  
1231     -1.268928e-04  -1.274714e-04  5.785711e-07   4.56e-03  
1232     -7.241961e-05  -7.196466e-05  4.549492e-07   6.28e-03  
1233     6.054352e-05   5.740963e-05   3.133892e-06   5.18e-02  
1234     2.825659e-05   2.575051e-05   2.506080e-06   8.87e-02  
1235     -1.926394e-04  -1.901257e-04  2.513672e-06   1.30e-02  
1236     4.275045e-05   3.884448e-05   3.905968e-06   9.14e-02  
1237     3.489458e-04   3.450107e-04   3.935131e-06   1.13e-02  
1238     1.506917e-03   1.508667e-03   1.749283e-06   1.16e-03  
1239     4.537538e-04   4.519984e-04   1.755341e-06   3.87e-03  
1240     1.278189e-06   2.602363e-06   1.324174e-06   1.04e+00  
1241     2.641484e-06   4.960476e-06   2.318993e-06   8.78e-01  
1242     3.058532e-05   3.085976e-05   2.744396e-07   8.97e-03  
1243     -1.649174e-04  -1.657652e-04  8.477347e-07   5.14e-03  
1244     -4.048285e-04  -4.049583e-04  1.298048e-07   3.21e-04  
1245     -3.001613e-04  -3.012457e-04  1.084438e-06   3.61e-03  
1246     -5.252959e-04  -5.275735e-04  2.277603e-06   4.34e-03  
1247     -2.675446e-04  -2.687872e-04  1.242603e-06   4.64e-03  
1248     -4.025706e-04  -3.998890e-04  2.681604e-06   6.66e-03  
1249     -2.367889e-04  -2.357492e-04  1.039670e-06   4.39e-03  
1250     -3.825203e-04  -3.831846e-04  6.642877e-07   1.74e-03  
1251     -3.108512e-04  -3.129608e-04  2.109553e-06   6.79e-03  
1252     -2.445507e-04  -2.470868e-04  2.536121e-06   1.04e-02  
1253     -1.634253e-04  -1.596567e-04  3.768529e-06   2.31e-02  
1254     -9.726392e-05  -9.476420e-05  2.499721e-06   2.57e-02  
1255     1.692763e-04   1.674416e-04   1.834636e-06   1.08e-02  
1256     1.165901e-04   1.158895e-04   7.005762e-07   6.01e-03  
1257     5.467225e-05   4.910294e-05   5.569307e-06   1.02e-01  
1258     8.003076e-04   7.975576e-04   2.750071e-06   3.44e-03  
1259     1.254422e-04   1.227995e-04   2.642649e-06   2.11e-02  
1260     -2.011292e-06  1.199041e-07   2.131196e-06   1.06e+00  
1261     -6.687059e-05  -6.316281e-05  3.707784e-06   5.54e-02  
1262     -1.171885e-04  -1.207456e-04  3.557097e-06   3.04e-02  
1263     -1.503050e-04  -1.531597e-04  2.854668e-06   1.90e-02  
1264     -4.683553e-04  -4.684186e-04  6.335534e-08   1.35e-04  
1265     8.520018e-05   8.572920e-05   5.290260e-07   6.21e-03  
1266     -2.465260e-04  -2.455858e-04  9.402662e-07   3.81e-03  
1267     -3.554785e-04  -3.542433e-04  1.235173e-06   3.47e-03  
1268     -2.917705e-04  -2.932699e-04  1.499365e-06   5.14e-03  
1269     -3.744536e-04  -3.758105e-04  1.356931e-06   3.62e-03  
1270     -6.236239e-04  -6.227907e-04  8.331802e-07   1.34e-03  
1271     -3.264984e-04  -3.254508e-04  1.047664e-06   3.21e-03  
1272     -1.691487e-04  -1.672351e-04  1.913580e-06   1.13e-02  
1273     -2.093204e-04  -2.096923e-04  3.718362e-07   1.78e-03  
1274     4.021702e-05   4.003686e-05   1.801613e-07   4.48e-03  
1275     8.745729e-05   8.576695e-05   1.690340e-06   1.93e-02  
1276     -5.854794e-04  -5.871570e-04  1.677555e-06   2.87e-03  
1277     1.333437e-04   1.321032e-04   1.240505e-06   9.30e-03  
1278     3.344590e-04   3.325984e-04   1.860568e-06   5.56e-03  
1279     -9.289531e-05  -9.246826e-05  4.270507e-07   4.60e-03  
1280     2.528133e-05   2.599476e-05   7.134328e-07   2.82e-02  
1281     -5.639606e-05  -5.736522e-05  9.691590e-07   1.72e-02  
1282     -1.358422e-04  -1.371125e-04  1.270342e-06   9.35e-03  
1283     -2.440942e-04  -2.426304e-04  1.463854e-06   6.00e-03  
1284     -4.294679e-04  -4.309775e-04  1.509620e-06   3.52e-03  
1285     -9.610254e-06  -1.002087e-05  4.106188e-07   4.27e-02  
1286     -3.803141e-05  -3.943734e-05  1.405933e-06   3.70e-02  
1287     -4.499172e-04  -4.504441e-04  5.269592e-07   1.17e-03  
1288     -2.128881e-04  -2.124678e-04  4.202870e-07   1.97e-03  
1289     -4.086417e-04  -4.095613e-04  9.195796e-07   2.25e-03  
1290     -2.155462e-04  -2.223155e-04  6.769338e-06   3.14e-02  
1291     -2.124815e-04  -2.084777e-04  4.003794e-06   1.88e-02  
1292     -1.536109e-04  -1.535883e-04  2.267820e-08   1.48e-04  
1293     1.577486e-04   1.538747e-04   3.873865e-06   2.46e-02  
1294     1.940378e-04   1.937295e-04   3.083524e-07   1.59e-03  
1295     -2.675247e-04  -2.702172e-04  2.692459e-06   1.01e-02  
1296     -4.039233e-04  -4.059020e-04  1.978723e-06   4.90e-03  
1297     2.273139e-04   2.264922e-04   8.217163e-07   3.61e-03  
1298     5.491093e-05   6.336487e-05   8.453942e-06   1.54e-01  
1299     -7.556635e-05  -7.239764e-05  3.168709e-06   4.19e-02  
1300     1.089137e-05   9.519052e-06   1.372317e-06   1.26e-01  
1301     -3.078681e-05  -2.773337e-05  3.053435e-06   9.92e-02  
1302     -7.939263e-05  -8.243184e-05  3.039208e-06   3.83e-02  
1303     -2.330845e-04  -2.321587e-04  9.257991e-07   3.97e-03  
1304     -3.712729e-04  -3.696798e-04  1.593055e-06   4.29e-03  
1305     -1.373950e-04  -1.368328e-04  5.621835e-07   4.09e-03  
1306     1.145505e-04   1.108247e-04   3.725801e-06   3.25e-02  
1307     -2.306418e-04  -2.295231e-04  1.118702e-06   4.85e-03  
1308     -5.613107e-04  -5.625322e-04  1.221525e-06   2.18e-03  
1309     -4.980405e-04  -4.976686e-04  3.719662e-07   7.47e-04  
1310     5.595449e-05   5.668799e-05   7.334961e-07   1.31e-02  
1311     -2.047508e-06  -2.728928e-06  6.814204e-07   3.33e-01  
1312     7.011979e-05   6.985523e-05   2.645526e-07   3.77e-03  
1313     2.081126e-04   2.112310e-04   3.118461e-06   1.50e-02  
1314     2.972070e-05   3.260725e-05   2.886546e-06   9.71e-02  
1315     -4.063075e-04  -4.049427e-04  1.364710e-06   3.36e-03  
1316     -1.665043e-04  -1.641398e-04  2.364486e-06   1.42e-02  
1317     3.460130e-05   3.109513e-05   3.506178e-06   1.01e-01  
1318     -1.029180e-05  -1.084022e-05  5.484223e-07   5.33e-02  
1319     -7.768421e-05  -7.122525e-05  6.458960e-06   8.31e-02  
1320     4.760320e-06   5.895284e-06   1.134964e-06   2.38e-01  
1321     -1.482388e-05  -1.733502e-05  2.511142e-06   1.69e-01  
1322     -4.325540e-05  -4.053424e-05  2.721153e-06   6.29e-02  
1323     -1.767895e-04  -1.765987e-04  1.907699e-07   1.08e-03  
1324     -3.281539e-04  -3.295564e-04  1.402492e-06   4.27e-03  
1325     -2.390581e-04  -2.449441e-04  5.885956e-06   2.46e-02  
1326     3.762099e-05   3.883116e-05   1.210172e-06   3.22e-02  
1327     -1.293116e-07  1.458833e-06   1.588145e-06   1.23e+01  
1328     -3.074955e-04  -3.052403e-04  2.255252e-06   7.33e-03  
1329     3.747486e-04   3.741873e-04   5.612058e-07   1.50e-03  
1330     2.290915e-04   2.309020e-04   1.810496e-06   7.90e-03  
1331     3.389942e-05   3.226530e-05   1.634116e-06   4.82e-02  
1332     1.839633e-04   1.830447e-04   9.186246e-07   4.99e-03  
1333     -3.992380e-05  -3.815837e-05  1.765439e-06   4.42e-02  
1334     -1.060004e-04  -1.030664e-04  2.933958e-06   2.77e-02  
1335     -6.303815e-05  -6.193934e-05  1.098804e-06   1.74e-02  
1336     1.371903e-05   1.226574e-05   1.453290e-06   1.06e-01  
1337     9.333710e-06   1.058709e-05   1.253377e-06   1.34e-01  
1338     -5.808056e-05  -5.728751e-05  7.930487e-07   1.37e-02  
1339     -7.725651e-05  -7.652545e-05  7.310529e-07   9.46e-03  
1340     1.137223e-06   6.699086e-06   5.561863e-06   4.89e+00  
1341     -1.018465e-05  -7.516210e-06  2.668441e-06   2.62e-01  
1342     -3.067197e-05  -3.030021e-05  3.717593e-07   1.21e-02  
1343     -1.116032e-04  -1.111644e-04  4.387446e-07   3.93e-03  
1344     -2.418689e-04  -2.397904e-04  2.078533e-06   8.59e-03  
1345     -2.337132e-04  -2.342282e-04  5.150209e-07   2.20e-03  
1346     -9.068874e-05  -9.206413e-05  1.375391e-06   1.52e-02  
1347     4.480376e-05   4.245715e-05   2.346613e-06   5.24e-02  
1348     -8.123093e-05  -7.899681e-05  2.234123e-06   2.75e-02  
1349     -4.794003e-05  -4.894085e-05  1.000821e-06   2.09e-02  
1350     -1.128390e-04  -1.107914e-04  2.047605e-06   1.81e-02  
1351     -1.611666e-04  -1.572542e-04  3.912436e-06   2.43e-02  
1352     4.511152e-06   2.704503e-06   1.806648e-06   4.00e-01  
1353     1.121581e-05   1.329603e-05   2.080226e-06   1.85e-01  
1354     -3.846216e-05  -3.701706e-05  1.445103e-06   3.76e-02  
1355     -7.757016e-05  -7.759571e-05  2.554291e-08   3.29e-04  
1356     -1.399420e-04  -1.414202e-04  1.478160e-06   1.06e-02  
1357     -7.076695e-05  -7.251977e-05  1.752815e-06   2.48e-02  
1358     -6.742929e-05  -6.661116e-05  8.181243e-07   1.21e-02  
1359     -6.494926e-05  -6.369127e-05  1.257987e-06   1.94e-02  
1360     5.896957e-06   8.748557e-06   2.851601e-06   4.84e-01  
1361     -2.473377e-05  -2.576384e-05  1.030061e-06   4.16e-02  
1362     -4.984468e-05  -5.069944e-05  8.547649e-07   1.71e-02  
1363     -8.032872e-05  -7.876810e-05  1.560618e-06   1.94e-02  
1364     -1.650548e-04  -1.657119e-04  6.570462e-07   3.98e-03  
1365     -1.932423e-04  -1.931411e-04  1.012345e-07   5.24e-04  
1366     -1.217606e-04  -1.213962e-04  3.643347e-07   2.99e-03  
1367     -2.420259e-05  -2.311706e-05  1.085525e-06   4.49e-02  
1368     6.559078e-06   5.326850e-06   1.232228e-06   1.88e-01  
1369     -5.431215e-05  -5.257572e-05  1.736428e-06   3.20e-02  
1370     5.713651e-05   5.789147e-05   7.549587e-07   1.32e-02  
1371     9.863755e-05   9.795498e-05   6.825699e-07   6.92e-03  
1372     9.343739e-05   9.652279e-05   3.085399e-06   3.30e-02  
1373     3.819420e-05   3.620881e-05   1.985383e-06   5.20e-02  
1374     6.178258e-06   8.786305e-06   2.608047e-06   4.22e-01  
1375     -1.451965e-05  -9.479084e-06  5.040562e-06   3.47e-01  
1376     -1.232884e-04  -1.184208e-04  4.867546e-06   3.95e-02  
1377     -7.032208e-05  -6.038059e-05  9.941491e-06   1.41e-01  
1378     -4.899794e-05  -5.376810e-05  4.770158e-06   9.74e-02  
1379     -3.982645e-05  -4.139578e-05  1.569325e-06   3.94e-02  
1380     2.157006e-05   2.358558e-05   2.015514e-06   9.34e-02  
1381     -2.631319e-05  -2.466916e-05  1.644031e-06   6.25e-02  
1382     -5.688201e-05  -5.564882e-05  1.233193e-06   2.17e-02  
1383     -6.166585e-05  -5.869971e-05  2.966134e-06   4.81e-02  
1384     -1.042478e-04  -1.001421e-04  4.105648e-06   3.94e-02  
1385     -1.476957e-04  -1.489653e-04  1.269604e-06   8.60e-03  
1386     -1.157564e-04  -1.143596e-04  1.396761e-06   1.21e-02  
1387     -4.555279e-05  -4.456213e-05  9.906588e-07   2.17e-02  
1388     -6.782526e-06  -5.937473e-06  8.450531e-07   1.25e-01  
1389     -1.170251e-05  -1.022071e-05  1.481801e-06   1.27e-01  
1390     -1.015175e-05  -8.173462e-06  1.978284e-06   1.95e-01  
1391     4.191650e-05   4.244383e-05   5.273242e-07   1.26e-02  
1392     3.207057e-05   2.880585e-05   3.264723e-06   1.02e-01  
1393     2.157102e-05   1.705747e-05   4.513552e-06   2.09e-01  
1394     6.699436e-05   6.860512e-05   1.610765e-06   2.40e-02  
1395     3.120191e-05   3.426370e-05   3.061794e-06   9.81e-02  
1396     -7.397624e-05  -7.180923e-05  2.167019e-06   2.93e-02  
1397     -6.361973e-05  -6.400658e-05  3.868502e-07   6.08e-03  
1398     -3.024057e-05  -2.812861e-05  2.111957e-06   6.98e-02  
1399     -2.435712e-05  -2.858824e-05  4.231119e-06   1.74e-01  
1400     2.022879e-05   2.454703e-05   4.318239e-06   2.13e-01  
1401     -1.679988e-05  -1.926903e-05  2.469154e-06   1.47e-01  
1402     -4.958212e-05  -4.809708e-05  1.485036e-06   3.00e-02  
1403     -6.625182e-05  -6.642242e-05  1.706078e-07   2.58e-03  
1404     -7.848479e-05  -7.600587e-05  2.478920e-06   3.16e-02  
1405     -8.664267e-05  -8.847145e-05  1.828782e-06   2.11e-02  
1406     -6.702328e-05  -6.361356e-05  3.409722e-06   5.09e-02  
1407     -5.806097e-05  -5.794254e-05  1.184307e-07   2.04e-03  
1408     -4.173142e-05  -3.861578e-05  3.115639e-06   7.47e-02  
1409     -2.455132e-06  -4.352074e-07  2.019924e-06   8.23e-01  
1410     9.144636e-06   1.053380e-05   1.389160e-06   1.52e-01  
1411     3.186218e-05   3.558709e-05   3.724905e-06   1.17e-01  
1412     3.434405e-06   1.481038e-06   1.953367e-06   5.69e-01  
1413     -3.169664e-06  -2.924327e-06  2.453366e-07   7.74e-02  
1414     6.098722e-05   5.762724e-05   3.359985e-06   5.51e-02  
1415     4.133267e-05   4.234169e-05   1.009019e-06   2.44e-02  
1416     -3.977212e-05  -4.152234e-05  1.750220e-06   4.40e-02  
1417     -2.909872e-05  -2.850387e-05  5.948585e-07   2.04e-02  
1418     -3.175960e-05  -3.101297e-05  7.466309e-07   2.35e-02  
1419     -5.579016e-06  -6.896705e-06  1.317690e-06   2.36e-01  
1420     1.549229e-06   -7.331913e-06  8.881141e-06   5.73e+00  
1421     -7.784596e-06  -8.086865e-06  3.022686e-07   3.88e-02  
1422     -3.869748e-05  -3.987255e-05  1.175074e-06   3.04e-02  
1423     -8.304616e-05  -8.373746e-05  6.912987e-07   8.32e-03  
1424     -8.076968e-05  -7.762679e-05  3.142881e-06   3.89e-02  
1425     -3.240544e-05  -2.679190e-05  5.613541e-06   1.73e-01  
1426     7.430719e-06   1.048717e-05   3.056447e-06   4.11e-01  
1427     -3.734142e-05  -3.447020e-05  2.871217e-06   7.69e-02  
1428     -1.253074e-04  -1.245382e-04  7.692574e-07   6.14e-03  
1429     -1.388876e-04  -1.371925e-04  1.695077e-06   1.22e-02  
1430     -7.029932e-05  -6.952439e-05  7.749354e-07   1.10e-02  
1431     1.514224e-05   1.607381e-05   9.315709e-07   6.15e-02  
1432     1.271770e-05   1.289191e-05   1.742063e-07   1.37e-02  
1433     -5.470891e-06  -6.206147e-06  7.352561e-07   1.34e-01  
1434     5.068068e-05   5.316192e-05   2.481244e-06   4.90e-02  
1435     -6.212949e-06  -1.095346e-05  4.740512e-06   7.63e-01  
1436     -3.115835e-05  -2.537082e-05  5.787534e-06   1.86e-01  
1437     1.323228e-04   1.301781e-04   2.144727e-06   1.62e-02  
1438     -3.247977e-05  -3.412381e-05  1.644041e-06   5.06e-02  
1439     -1.359174e-05  -1.370459e-05  1.128578e-07   8.30e-03  
1440     6.881390e-06   3.204104e-06   3.677286e-06   5.34e-01  
1441     -2.046590e-06  -1.056932e-06  9.896572e-07   4.84e-01  
1442     -2.386524e-05  -2.463363e-05  7.683854e-07   3.22e-02  
1443     -9.091770e-05  -9.023227e-05  6.854290e-07   7.54e-03  
1444     -1.238496e-04  -1.226175e-04  1.232174e-06   9.95e-03  
1445     -3.858236e-05  -4.004130e-05  1.458947e-06   3.78e-02  
1446     4.106343e-05   4.154233e-05   4.788939e-07   1.17e-02  
1447     2.919815e-05   2.809086e-05   1.107285e-06   3.79e-02  
1448     -1.212935e-04  -1.234279e-04  2.134394e-06   1.76e-02  
1449     -2.926319e-04  -2.938405e-04  1.208569e-06   4.13e-03  
1450     -2.493771e-04  -2.506662e-04  1.289052e-06   5.17e-03  
1451     -1.206507e-04  -1.190070e-04  1.643706e-06   1.36e-02  
1452     -3.098321e-05  -3.284040e-05  1.857184e-06   5.99e-02  
1453     4.390961e-05   4.297895e-05   9.306520e-07   2.12e-02  
1454     4.118571e-05   3.719469e-05   3.991023e-06   9.69e-02  
1455     -8.253876e-05  -8.147261e-05  1.066154e-06   1.29e-02  
1456     4.106052e-07   2.997602e-07   1.108450e-07   2.70e-01  
1457     1.657534e-04   1.683942e-04   2.640814e-06   1.59e-02  
1458     -1.592572e-05  -1.991740e-05  3.991682e-06   2.51e-01  
1459     -1.926130e-04  -1.986500e-04  6.037021e-06   3.13e-02  
1460     -7.651688e-05  -7.290835e-05  3.608530e-06   4.72e-02  
1461     -4.280036e-07  -1.472156e-06  1.044152e-06   2.44e+00  
1462     -1.326999e-05  -1.511680e-05  1.846811e-06   1.39e-01  
1463     -8.370262e-05  -8.298917e-05  7.134483e-07   8.52e-03  
1464     -1.752067e-04  -1.731726e-04  2.034128e-06   1.16e-02  
1465     -9.509209e-05  -9.451773e-05  5.743657e-07   6.04e-03  
1466     2.148549e-05   2.103651e-05   4.489819e-07   2.09e-02  
1467     6.946405e-05   7.211787e-05   2.653821e-06   3.82e-02  
1468     -2.361117e-05  -2.018830e-05  3.422878e-06   1.45e-01  
1469     -2.680552e-04  -2.697886e-04  1.733405e-06   6.47e-03  
1470     -3.807529e-04  -3.816680e-04  9.150895e-07   2.40e-03  
1471     -3.439301e-04  -3.441469e-04  2.168424e-07   6.30e-04  
1472     -1.758583e-04  -1.753575e-04  5.007560e-07   2.85e-03  
1473     -4.537020e-06  -8.495427e-06  3.958406e-06   8.72e-01  
1474     -4.804549e-05  -4.968026e-05  1.634768e-06   3.40e-02  
1475     1.057918e-04   1.020850e-04   3.706782e-06   3.50e-02  
1476     -2.590233e-04  -2.538236e-04  5.199672e-06   2.01e-02  
1477     -4.339808e-04  -4.375966e-04  3.615831e-06   8.33e-03  
1478     2.307115e-04   2.269696e-04   3.741940e-06   1.62e-02  
1479     1.923683e-04   1.940559e-04   1.687606e-06   8.77e-03  
1480     1.116722e-04   1.073497e-04   4.322533e-06   3.87e-02  
1481     -5.571092e-07  -1.698641e-06  1.141532e-06   2.05e+00  
1482     -3.826935e-06  -4.882761e-06  1.055826e-06   2.76e-01  
1483     -4.722266e-05  -4.956924e-05  2.346575e-06   4.97e-02  
1484     -1.639598e-04  -1.640665e-04  1.067257e-07   6.51e-04  
1485     -1.662811e-04  -1.667022e-04  4.211190e-07   2.53e-03  
1486     -4.709842e-05  -4.893641e-05  1.837988e-06   3.90e-02  
1487     4.984597e-05   4.990675e-05   6.077745e-08   1.22e-03  
1488     5.265988e-05   5.359713e-05   9.372498e-07   1.78e-02  
1489     -1.055435e-04  -1.078182e-04  2.274694e-06   2.16e-02  
1490     -3.363736e-04  -3.388001e-04  2.426459e-06   7.21e-03  
1491     -3.714425e-04  -3.681011e-04  3.341412e-06   9.00e-03  
1492     -2.306875e-04  -2.258038e-04  4.883717e-06   2.12e-02  
1493     -2.535701e-04  -2.509948e-04  2.575310e-06   1.02e-02  
1494     -8.947618e-05  -9.077183e-05  1.295659e-06   1.45e-02  
1495     4.850138e-04   4.863643e-04   1.350506e-06   2.78e-03  
1496     7.968978e-05   8.038903e-05   6.992464e-07   8.77e-03  
1497     -1.937868e-04  -1.954104e-04  1.623524e-06   8.38e-03  
1498     -1.827290e-04  -1.833422e-04  6.132588e-07   3.36e-03  
1499     2.599625e-05   2.978284e-05   3.786589e-06   1.46e-01  
1500     6.890623e-05   6.787904e-05   1.027195e-06   1.49e-02  
1501     -2.951682e-06  -2.249312e-06  7.023699e-07   2.38e-01  
1502     -1.862391e-06  -2.664535e-07  1.595938e-06   8.57e-01  
1503     -9.691056e-06  -9.696688e-06  5.631594e-09   5.81e-04  
1504     -9.450710e-05  -9.446000e-05  4.710235e-08   4.98e-04  
1505     -1.999733e-04  -1.999689e-04  4.330701e-09   2.17e-05  
1506     -1.669665e-04  -1.712230e-04  4.256528e-06   2.55e-02  
1507     -4.056160e-05  -4.067191e-05  1.103135e-07   2.72e-03  
1508     1.231886e-05   1.418865e-05   1.869795e-06   1.52e-01  
1509     -4.846235e-05  -5.033529e-05  1.872940e-06   3.86e-02  
1510     -2.493944e-04  -2.480460e-04  1.348348e-06   5.41e-03  
1511     -2.954167e-04  -2.974510e-04  2.034302e-06   6.89e-03  
1512     -2.497786e-04  -2.492473e-04  5.313583e-07   2.13e-03  
1513     1.255343e-04   1.293521e-04   3.817770e-06   3.04e-02  
1514     3.620597e-04   3.640221e-04   1.962435e-06   5.42e-03  
1515     -1.216752e-05  -1.426192e-05  2.094401e-06   1.72e-01  
1516     -3.329530e-04  -3.380518e-04  5.098808e-06   1.53e-02  
1517     -2.862242e-05  -3.079315e-05  2.170721e-06   7.58e-02  
1518     -2.148991e-05  -1.718403e-05  4.305876e-06   2.00e-01  
1519     6.620982e-05   6.511458e-05   1.095238e-06   1.65e-02  
1520     2.009748e-05   1.688649e-05   3.210988e-06   1.60e-01  
1521     -1.714146e-07  2.933209e-06   3.104624e-06   1.81e+01  
1522     -6.181693e-07  1.503242e-06   2.121411e-06   3.43e+00  
1523     -7.787049e-06  -6.712408e-06  1.074641e-06   1.38e-01  
1524     -4.852231e-05  -4.287237e-05  5.649942e-06   1.16e-01  
1525     -1.107223e-04  -1.123124e-04  1.590122e-06   1.44e-02  
1526     -1.078982e-04  -1.036460e-04  4.252269e-06   3.94e-02  
1527     -4.179110e-06  -2.684519e-06  1.494590e-06   3.58e-01  
1528     -5.725040e-05  -5.445644e-05  2.793962e-06   4.88e-02  
1529     -8.489095e-05  -8.272938e-05  2.161569e-06   2.55e-02  
1530     -2.362814e-05  -1.793898e-05  5.689157e-06   2.41e-01  
1531     -2.935291e-04  -2.976774e-04  4.148364e-06   1.41e-02  
1532     4.037799e-05   3.455902e-05   5.818972e-06   1.44e-01  
1533     3.026905e-04   2.998868e-04   2.803724e-06   9.26e-03  
1534     1.353837e-04   1.318257e-04   3.558085e-06   2.63e-02  
1535     -2.626990e-04  -2.578182e-04  4.880824e-06   1.86e-02  
1536     -8.444665e-05  -7.606138e-05  8.385273e-06   9.93e-02  
1537     6.795146e-05   6.600942e-05   1.942042e-06   2.86e-02  
1538     4.906249e-05   5.050182e-05   1.439335e-06   2.93e-02  
1539     2.274692e-05   2.168710e-05   1.059827e-06   4.66e-02  
1540     3.137886e-06   3.641532e-07   2.773732e-06   8.84e-01  
1541     3.236021e-06   8.903989e-07   2.345623e-06   7.25e-01  
1542     8.268730e-06   4.585221e-06   3.683509e-06   4.45e-01  
1543     -1.491969e-06  -1.447731e-06  4.423773e-08   2.97e-02  
1544     -2.357949e-05  -2.068123e-05  2.898258e-06   1.23e-01  
1545     -8.449907e-05  -8.128165e-05  3.217421e-06   3.81e-02  
1546     -1.418844e-04  -1.471290e-04  5.244590e-06   3.70e-02  
1547     -4.597893e-05  -4.389822e-05  2.080715e-06   4.53e-02  
1548     -1.074999e-04  -1.071787e-04  3.211957e-07   2.99e-03  
1549     -7.870723e-05  -8.591350e-05  7.206267e-06   9.16e-02  
1550     -4.501362e-05  -4.009015e-05  4.923469e-06   1.09e-01  
1551     -5.114067e-04  -5.046763e-04  6.730385e-06   1.32e-02  
1552     4.013427e-04   4.053824e-04   4.039646e-06   1.01e-02  
1553     5.957958e-05   6.003420e-05   4.546163e-07   7.63e-03  
1554     -1.454179e-04  -1.462586e-04  8.407085e-07   5.78e-03  
1555     -6.908840e-05  -6.692202e-05  2.166376e-06   3.14e-02  
1556     4.657651e-05   5.501377e-05   8.437263e-06   1.81e-01  
1557     3.324098e-05   3.016032e-05   3.080661e-06   9.27e-02  
1558     1.656146e-05   1.665557e-05   9.410605e-08   5.68e-03  
1559     2.518265e-06   3.188561e-06   6.702955e-07   2.66e-01  
1560     3.543685e-07   5.373479e-07   1.829794e-07   5.16e-01  
1561     4.175634e-06   3.619327e-06   5.563069e-07   1.33e-01  
1562     8.801143e-06   4.551914e-06   4.249228e-06   4.83e-01  
1563     3.943572e-07   3.459455e-06   3.065098e-06   7.77e+00  
1564     2.343954e-05   2.122524e-05   2.214299e-06   9.45e-02  
1565     -5.040268e-06  -6.532552e-06  1.492284e-06   2.96e-01  
1566     -5.062277e-05  -4.674039e-05  3.882378e-06   7.67e-02  
1567     6.783926e-05   5.676348e-05   1.107578e-05   1.63e-01  
1568     2.199710e-05   2.091438e-05   1.082723e-06   4.92e-02  
1569     -7.436568e-05  -7.495116e-05  5.854786e-07   7.87e-03  
1570     4.299619e-05   4.592771e-05   2.931517e-06   6.82e-02  
1571     1.077039e-04   1.166311e-04   8.927230e-06   8.29e-02  
1572     1.189956e-04   1.122391e-04   6.756477e-06   5.68e-02  
1573     -8.844698e-05  -8.489875e-05  3.548228e-06   4.01e-02  
1574     1.748804e-05   1.971978e-05   2.231744e-06   1.28e-01  
1575     3.340431e-05   3.634204e-05   2.937726e-06   8.79e-02  
1576     2.999980e-05   3.033129e-05   3.314889e-07   1.10e-02  
1577     1.071158e-05   1.168399e-05   9.724041e-07   9.08e-02  
1578     2.030737e-06   1.252332e-06   7.784052e-07   3.83e-01  
1579     3.263468e-07   2.375877e-07   8.875905e-08   2.72e-01  
1580     4.532973e-08   -1.176836e-06  1.222166e-06   2.70e+01  
1581     -3.539600e-06  8.215650e-08   3.621756e-06   1.02e+00  
1582     -1.101983e-05  -1.132650e-05  3.066678e-07   2.78e-02  
1583     -1.293332e-05  -1.502798e-05  2.094655e-06   1.62e-01  
1584     -2.626992e-05  -2.952083e-05  3.250915e-06   1.24e-01  
1585     1.912246e-05   1.562972e-05   3.492736e-06   1.83e-01  
1586     8.118187e-05   8.276713e-05   1.585259e-06   1.95e-02  
1587     -1.170629e-05  -2.404521e-05  1.233892e-05   1.05e+00  
1588     -2.153550e-05  -1.969980e-05  1.835704e-06   8.52e-02  
1589     7.270939e-06   1.019629e-05   2.925349e-06   4.02e-01  
1590     2.933959e-05   3.245182e-05   3.112231e-06   1.06e-01  
1591     1.115967e-04   1.065747e-04   5.021919e-06   4.50e-02  
1592     -1.091909e-04  -1.064082e-04  2.782678e-06   2.55e-02  
1593     -1.519733e-05  -1.437739e-05  8.199449e-07   5.40e-02  
1594     2.493016e-05   2.182476e-05   3.105397e-06   1.25e-01  
1595     1.523636e-05   1.159739e-05   3.638968e-06   2.39e-01  
1596     5.431603e-06   6.006307e-06   5.747038e-07   1.06e-01  
1597     1.026546e-06   -2.151612e-06  3.178159e-06   3.10e+00  
1598     1.304556e-07   9.392487e-07   8.087931e-07   6.20e+00  
1599     2.106021e-08   6.350476e-07   6.139874e-07   2.92e+01  
1600     -2.366537e-09  3.659295e-06   3.661662e-06   1.55e+03  

--- dc/dx: Compliance sensitivity w.r.t. density ---
Element AnalyticValue Numericvalue Abs.Err Rel.Err
1        -5.624691e+00  -5.389845e+00  2.348460e-01   4.18e-02  
2        -5.179757e+00  -5.303311e+00  1.235540e-01   2.39e-02  
3        -4.533911e+00  -4.471872e+00  6.203857e-02   1.37e-02  
4        -4.043970e+00  -3.983819e+00  6.015112e-02   1.49e-02  
5        -3.784713e+00  -3.730145e+00  5.456838e-02   1.44e-02  
6        -3.807795e+00  -3.755581e+00  5.221419e-02   1.37e-02  
7        -4.036446e+00  -3.977532e+00  5.891425e-02   1.46e-02  
8        -4.402584e+00  -4.342741e+00  5.984363e-02   1.36e-02  
9        -4.739547e+00  -4.672704e+00  6.684247e-02   1.41e-02  
10       -4.966880e+00  -4.897712e+00  6.916766e-02   1.39e-02  
11       -5.115351e+00  -5.041477e+00  7.387308e-02   1.44e-02  
12       -5.227174e+00  -5.148839e+00  7.833550e-02   1.50e-02  
13       -5.317198e+00  -5.236134e+00  8.106401e-02   1.52e-02  
14       -5.362482e+00  -5.278637e+00  8.384496e-02   1.56e-02  
15       -5.393944e+00  -5.306319e+00  8.762514e-02   1.62e-02  
16       -5.398928e+00  -5.309667e+00  8.926074e-02   1.65e-02  
17       -5.400635e+00  -5.307929e+00  9.270674e-02   1.72e-02  
18       -5.396887e+00  -5.303007e+00  9.387984e-02   1.74e-02  
19       -5.368486e+00  -5.274094e+00  9.439195e-02   1.76e-02  
20       -5.339259e+00  -5.241479e+00  9.777973e-02   1.83e-02  
21       -5.350269e+00  -5.253494e+00  9.677526e-02   1.81e-02  
22       -5.360526e+00  -5.261535e+00  9.899125e-02   1.85e-02  
23       -5.385216e+00  -5.286932e+00  9.828444e-02   1.83e-02  
24       -5.371426e+00  -5.269555e+00  1.018710e-01   1.90e-02  
25       -5.263175e+00  -5.156506e+00  1.066690e-01   2.03e-02  
26       -5.013143e+00  -4.905889e+00  1.072540e-01   2.14e-02  
27       -4.608104e+00  -4.507307e+00  1.007962e-01   2.19e-02  
28       -4.084755e+00  -3.989733e+00  9.502240e-02   2.33e-02  
29       -3.530155e+00  -3.437493e+00  9.266225e-02   2.62e-02  
30       -3.036304e+00  -2.950254e+00  8.605077e-02   2.83e-02  
31       -2.456284e+00  -2.377652e+00  7.863154e-02   3.20e-02  
32       -1.810705e+00  -1.749303e+00  6.140140e-02   3.39e-02  
33       -1.261107e+00  -1.218235e+00  4.287282e-02   3.40e-02  
34       -8.740224e-01  -8.407278e-01  3.329457e-02   3.81e-02  
35       -5.882999e-01  -5.607001e-01  2.759987e-02   4.69e-02  
36       -3.666074e-01  -3.461111e-01  2.049633e-02   5.59e-02  
37       -2.084352e-01  -1.965617e-01  1.187345e-02   5.70e-02  
38       -1.109630e-01  -1.056247e-01  5.338286e-03   4.81e-02  
39       -5.828967e-02  -5.402740e-02  4.262277e-03   7.31e-02  
40       -3.211341e-02  -3.109335e-02  1.020059e-03   3.18e-02  
41       -1.944982e-02  -2.041872e-02  9.689017e-04   4.98e-02  
42       -1.205883e-02  -1.103899e-02  1.019837e-03   8.46e-02  
43       -7.060643e-03  -6.980940e-03  7.970291e-05   1.13e-02  
44       -4.006760e-03  -4.035314e-03  2.855383e-05   7.13e-03  
45       -2.171792e-03  -2.240768e-03  6.897591e-05   3.18e-02  
46       -1.134799e-03  -1.198828e-03  6.402842e-05   5.64e-02  
47       -5.612816e-04  -7.167955e-04  1.555139e-04   2.77e-01  
48       -2.436058e-04  8.242296e-05   3.260287e-04   1.34e+00  
49       -7.880790e-05  -3.268497e-04  2.480418e-04   3.15e+00  
50       -1.452613e-05  7.781864e-04   7.927125e-04   5.46e+01  
51       -2.882421e+00  -3.006310e+00  1.238889e-01   4.30e-02  
52       -2.932847e+00  -3.102193e+00  1.693455e-01   5.77e-02  
53       -2.920026e+00  -3.018284e+00  9.825825e-02   3.36e-02  
54       -2.777516e+00  -2.865293e+00  8.777619e-02   3.16e-02  
55       -2.659355e+00  -2.741312e+00  8.195648e-02   3.08e-02  
56       -2.673099e+00  -2.758027e+00  8.492835e-02   3.18e-02  
57       -2.811053e+00  -2.901481e+00  9.042730e-02   3.22e-02  
58       -3.023468e+00  -3.122340e+00  9.887211e-02   3.27e-02  
59       -3.234792e+00  -3.342725e+00  1.079328e-01   3.34e-02  
60       -3.433678e+00  -3.545444e+00  1.117664e-01   3.26e-02  
61       -3.618756e+00  -3.733463e+00  1.147063e-01   3.17e-02  
62       -3.786657e+00  -3.902729e+00  1.160721e-01   3.07e-02  
63       -3.945613e+00  -4.063270e+00  1.176577e-01   2.98e-02  
64       -4.084265e+00  -4.203015e+00  1.187500e-01   2.91e-02  
65       -4.213592e+00  -4.332889e+00  1.192973e-01   2.83e-02  
66       -4.329794e+00  -4.447219e+00  1.174251e-01   2.71e-02  
67       -4.449362e+00  -4.567320e+00  1.179581e-01   2.65e-02  
68       -4.519690e+00  -4.637132e+00  1.174423e-01   2.60e-02  
69       -4.579441e+00  -4.694959e+00  1.155187e-01   2.52e-02  
70       -4.628344e+00  -4.743622e+00  1.152776e-01   2.49e-02  
71       -4.691104e+00  -4.806640e+00  1.155358e-01   2.46e-02  
72       -4.779832e+00  -4.894196e+00  1.143645e-01   2.39e-02  
73       -4.818572e+00  -4.933906e+00  1.153344e-01   2.39e-02  
74       -4.886712e+00  -5.001167e+00  1.144554e-01   2.34e-02  
75       -5.015620e+00  -5.127606e+00  1.119851e-01   2.23e-02  
76       -4.999339e+00  -5.103767e+00  1.044279e-01   2.09e-02  
77       -4.797775e+00  -4.895351e+00  9.757616e-02   2.03e-02  
78       -4.512143e+00  -4.595049e+00  8.290577e-02   1.84e-02  
79       -4.232002e+00  -4.302066e+00  7.006448e-02   1.66e-02  
80       -3.949252e+00  -4.008324e+00  5.907243e-02   1.50e-02  
81       -3.524536e+00  -3.572449e+00  4.791265e-02   1.36e-02  
82       -2.849963e+00  -2.882539e+00  3.257610e-02   1.14e-02  
83       -2.170988e+00  -2.197267e+00  2.627877e-02   1.21e-02  
84       -1.649043e+00  -1.664645e+00  1.560279e-02   9.46e-03  
85       -1.275495e+00  -1.286310e+00  1.081538e-02   8.48e-03  
86       -9.145511e-01  -9.203228e-01  5.771743e-03   6.31e-03  
87       -6.161870e-01  -6.191243e-01  2.937348e-03   4.77e-03  
88       -3.564697e-01  -3.579680e-01  1.498287e-03   4.20e-03  
89       -1.879421e-01  -1.900497e-01  2.107606e-03   1.12e-02  
90       -9.554810e-02  -9.630867e-02  7.605630e-04   7.96e-03  
91       -4.993947e-02  -5.260517e-02  2.665703e-03   5.34e-02  
92       -2.801955e-02  -2.828358e-02  2.640287e-04   9.42e-03  
93       -1.616726e-02  -1.678586e-02  6.186017e-04   3.83e-02  
94       -9.531922e-03  -7.588596e-03  1.943326e-03   2.04e-01  
95       -5.645554e-03  -6.296546e-03  6.509918e-04   1.15e-01  
96       -3.309242e-03  -4.688445e-03  1.379204e-03   4.17e-01  
97       -1.878960e-03  -5.371703e-03  3.492743e-03   1.86e+00  
98       -9.913226e-04  -1.505214e-03  5.138911e-04   5.18e-01  
99       -4.293186e-04  -2.415845e-04  1.877341e-04   4.37e-01  
100      -1.300541e-04  -1.867306e-03  1.737252e-03   1.34e+01  
101      -5.795871e-01  -5.703447e-01  9.242433e-03   1.59e-02  
102      -7.567053e-01  -7.595673e-01  2.862067e-03   3.78e-03  
103      -1.008926e+00  -1.010343e+00  1.416837e-03   1.40e-03  
104      -1.208836e+00  -1.207998e+00  8.379614e-04   6.93e-04  
105      -1.372497e+00  -1.372331e+00  1.655091e-04   1.21e-04  
106      -1.533280e+00  -1.532578e+00  7.020631e-04   4.58e-04  
107      -1.706863e+00  -1.707729e+00  8.665609e-04   5.08e-04  
108      -1.870842e+00  -1.869878e+00  9.639374e-04   5.15e-04  
109      -2.036622e+00  -2.037103e+00  4.812227e-04   2.36e-04  
110      -2.216773e+00  -2.217335e+00  5.617327e-04   2.53e-04  
111      -2.392898e+00  -2.392071e+00  8.268478e-04   3.46e-04  
112      -2.567121e+00  -2.567235e+00  1.140262e-04   4.44e-05  
113      -2.735530e+00  -2.736089e+00  5.587931e-04   2.04e-04  
114      -2.898679e+00  -2.899810e+00  1.131366e-03   3.90e-04  
115      -3.064194e+00  -3.063090e+00  1.103785e-03   3.60e-04  
116      -3.242363e+00  -3.241791e+00  5.718841e-04   1.76e-04  
117      -3.434747e+00  -3.434312e+00  4.346122e-04   1.27e-04  
118      -3.574410e+00  -3.574619e+00  2.097828e-04   5.87e-05  
119      -3.711136e+00  -3.710463e+00  6.727778e-04   1.81e-04  
120      -3.823021e+00  -3.821342e+00  1.678723e-03   4.39e-04  
121      -3.915445e+00  -3.917544e+00  2.099033e-03   5.36e-04  
122      -4.060751e+00  -4.064091e+00  3.339928e-03   8.22e-04  
123      -4.170201e+00  -4.169038e+00  1.163542e-03   2.79e-04  
124      -4.278895e+00  -4.282366e+00  3.470851e-03   8.11e-04  
125      -4.442217e+00  -4.440943e+00  1.274810e-03   2.87e-04  
126      -4.523550e+00  -4.525178e+00  1.628271e-03   3.60e-04  
127      -4.440165e+00  -4.442368e+00  2.203616e-03   4.96e-04  
128      -4.249200e+00  -4.249429e+00  2.296683e-04   5.40e-05  
129      -4.134933e+00  -4.133265e+00  1.668079e-03   4.03e-04  
130      -4.078968e+00  -4.079048e+00  7.949224e-05   1.95e-05  
131      -3.970799e+00  -3.972091e+00  1.291619e-03   3.25e-04  
132      -3.612783e+00  -3.613566e+00  7.827385e-04   2.17e-04  
133      -3.045951e+00  -3.045596e+00  3.548344e-04   1.16e-04  
134      -2.406763e+00  -2.407343e+00  5.802977e-04   2.41e-04  
135      -2.002703e+00  -2.004410e+00  1.706833e-03   8.52e-04  
136      -1.598037e+00  -1.598132e+00  9.462608e-05   5.92e-05  
137      -1.297017e+00  -1.297465e+00  4.486649e-04   3.46e-04  
138      -8.838676e-01  -8.843642e-01  4.966146e-04   5.62e-04  
139      -5.212153e-01  -5.217379e-01  5.226192e-04   1.00e-03  
140      -2.759450e-01  -2.752103e-01  7.347710e-04   2.66e-03  
141      -1.326576e-01  -1.329317e-01  2.741509e-04   2.07e-03  
142      -6.380791e-02  -6.183143e-02  1.976477e-03   3.10e-02  
143      -3.286909e-02  -3.181867e-02  1.050419e-03   3.20e-02  
144      -1.833508e-02  -1.823821e-02  9.686416e-05   5.28e-03  
145      -1.086348e-02  -1.245041e-02  1.586933e-03   1.46e-01  
146      -6.626793e-03  -8.021743e-03  1.394950e-03   2.11e-01  
147      -4.043320e-03  -4.816343e-03  7.730227e-04   1.91e-01  
148      -2.396856e-03  -2.514753e-03  1.178972e-04   4.92e-02  
149      -1.237222e-03  9.583800e-04   2.195602e-03   1.77e+00  
150      -5.266069e-04  3.780087e-04   9.046156e-04   1.72e+00  
151      -3.334347e-02  -3.428852e-02  9.450478e-04   2.83e-02  
152      -7.059567e-02  -6.987989e-02  7.157769e-04   1.01e-02  
153      -1.380606e-01  -1.366709e-01  1.389687e-03   1.01e-02  
154      -2.143995e-01  -2.132867e-01  1.112774e-03   5.19e-03  
155      -3.060609e-01  -3.064036e-01  3.427270e-04   1.12e-03  
156      -4.148240e-01  -4.164821e-01  1.658112e-03   4.00e-03  
157      -5.455024e-01  -5.458025e-01  3.001459e-04   5.50e-04  
158      -6.866529e-01  -6.862831e-01  3.697859e-04   5.39e-04  
159      -8.528867e-01  -8.528065e-01  8.026602e-05   9.41e-05  
160      -1.042892e+00  -1.042886e+00  5.222133e-06   5.01e-06  
161      -1.232873e+00  -1.231651e+00  1.221994e-03   9.91e-04  
162      -1.426471e+00  -1.427397e+00  9.263906e-04   6.49e-04  
163      -1.614272e+00  -1.613321e+00  9.514926e-04   5.89e-04  
164      -1.793272e+00  -1.793921e+00  6.489104e-04   3.62e-04  
165      -1.971847e+00  -1.972867e+00  1.020309e-03   5.17e-04  
166      -2.166100e+00  -2.167843e+00  1.743309e-03   8.05e-04  
167      -2.359798e+00  -2.359639e+00  1.593754e-04   6.75e-05  
168      -2.538785e+00  -2.539626e+00  8.408556e-04   3.31e-04  
169      -2.709535e+00  -2.710368e+00  8.330359e-04   3.07e-04  
170      -2.833667e+00  -2.836526e+00  2.858810e-03   1.01e-03  
171      -2.895740e+00  -2.895466e+00  2.739677e-04   9.46e-05  
172      -2.968748e+00  -2.969602e+00  8.539028e-04   2.88e-04  
173      -3.084094e+00  -3.084294e+00  2.004658e-04   6.50e-05  
174      -3.139778e+00  -3.140643e+00  8.649337e-04   2.75e-04  
175      -3.209100e+00  -3.208104e+00  9.958353e-04   3.10e-04  
176      -3.332107e+00  -3.334348e+00  2.241304e-03   6.73e-04  
177      -3.262972e+00  -3.262618e+00  3.537839e-04   1.08e-04  
178      -2.965646e+00  -2.966674e+00  1.028355e-03   3.47e-04  
179      -2.804942e+00  -2.804460e+00  4.824870e-04   1.72e-04  
180      -2.896604e+00  -2.896202e+00  4.019331e-04   1.39e-04  
181      -3.106693e+00  -3.106136e+00  5.575291e-04   1.79e-04  
182      -3.189827e+00  -3.188269e+00  1.558320e-03   4.89e-04  
183      -2.994012e+00  -2.994781e+00  7.691296e-04   2.57e-04  
184      -2.579889e+00  -2.578436e+00  1.453355e-03   5.63e-04  
185      -2.412184e+00  -2.412128e+00  5.584793e-05   2.32e-05  
186      -2.164378e+00  -2.165065e+00  6.873619e-04   3.18e-04  
187      -2.069667e+00  -2.072840e+00  3.172901e-03   1.53e-03  
188      -1.688633e+00  -1.687856e+00  7.768588e-04   4.60e-04  
189      -1.147676e+00  -1.146321e+00  1.354083e-03   1.18e-03  
190      -6.805390e-01  -6.798842e-01  6.547343e-04   9.62e-04  
191      -3.481087e-01  -3.471661e-01  9.426395e-04   2.71e-03  
192      -1.604230e-01  -1.601563e-01  2.666293e-04   1.66e-03  
193      -7.090272e-02  -7.173981e-02  8.370829e-04   1.18e-02  
194      -3.366286e-02  -3.567038e-02  2.007521e-03   5.96e-02  
195      -1.838255e-02  -1.815465e-02  2.278994e-04   1.24e-02  
196      -1.101317e-02  -1.308251e-02  2.069347e-03   1.88e-01  
197      -6.936756e-03  -8.075745e-03  1.138988e-03   1.64e-01  
198      -4.354597e-03  -6.997425e-03  2.642828e-03   6.07e-01  
199      -2.487258e-03  -4.300773e-03  1.813515e-03   7.29e-01  
200      -1.312536e-03  -1.263061e-03  4.947484e-05   3.77e-02  
201      -1.909611e-03  -1.094236e-03  8.153754e-04   4.27e-01  
202      -2.447150e-03  -2.996785e-03  5.496352e-04   2.25e-01  
203      -5.925073e-03  -4.407070e-03  1.518003e-03   2.56e-01  
204      -1.621916e-02  -1.672220e-02  5.030390e-04   3.10e-02  
205      -3.721874e-02  -3.822322e-02  1.004480e-03   2.70e-02  
206      -7.115580e-02  -7.167273e-02  5.169343e-04   7.26e-03  
207      -1.210845e-01  -1.201727e-01  9.118526e-04   7.53e-03  
208      -1.862255e-01  -1.855585e-01  6.669593e-04   3.58e-03  
209      -2.713564e-01  -2.695657e-01  1.790743e-03   6.60e-03  
210      -3.796310e-01  -3.778445e-01  1.786551e-03   4.71e-03  
211      -5.045484e-01  -5.049435e-01  3.950832e-04   7.83e-04  
212      -6.416266e-01  -6.414251e-01  2.015254e-04   3.14e-04  
213      -7.823653e-01  -7.831449e-01  7.795251e-04   9.96e-04  
214      -9.150617e-01  -9.148096e-01  2.521580e-04   2.76e-04  
215      -1.040439e+00  -1.042198e+00  1.758628e-03   1.69e-03  
216      -1.171891e+00  -1.171395e+00  4.966045e-04   4.24e-04  
217      -1.297043e+00  -1.294659e+00  2.384040e-03   1.84e-03  
218      -1.449176e+00  -1.447982e+00  1.194585e-03   8.24e-04  
219      -1.616453e+00  -1.615345e+00  1.107519e-03   6.85e-04  
220      -1.748892e+00  -1.746314e+00  2.577924e-03   1.47e-03  
221      -1.805718e+00  -1.806309e+00  5.912570e-04   3.27e-04  
222      -1.820104e+00  -1.820628e+00  5.238063e-04   2.88e-04  
223      -1.883258e+00  -1.884089e+00  8.313253e-04   4.41e-04  
224      -1.859079e+00  -1.857603e+00  1.476541e-03   7.94e-04  
225      -1.828004e+00  -1.826945e+00  1.059643e-03   5.80e-04  
226      -1.895312e+00  -1.895605e+00  2.925060e-04   1.54e-04  
227      -1.822922e+00  -1.822686e+00  2.361169e-04   1.30e-04  
228      -1.580693e+00  -1.581283e+00  5.900116e-04   3.73e-04  
229      -1.463633e+00  -1.464166e+00  5.327168e-04   3.64e-04  
230      -1.595117e+00  -1.596508e+00  1.391329e-03   8.72e-04  
231      -1.761712e+00  -1.761217e+00  4.957810e-04   2.81e-04  
232      -1.762618e+00  -1.760482e+00  2.136117e-03   1.21e-03  
233      -1.684227e+00  -1.684282e+00  5.500556e-05   3.27e-05  
234      -1.651977e+00  -1.650216e+00  1.761076e-03   1.07e-03  
235      -1.908998e+00  -1.910172e+00  1.173760e-03   6.15e-04  
236      -2.139466e+00  -2.137698e+00  1.767584e-03   8.26e-04  
237      -2.532213e+00  -2.530660e+00  1.553326e-03   6.13e-04  
238      -2.598912e+00  -2.597856e+00  1.055674e-03   4.06e-04  
239      -2.002222e+00  -2.002446e+00  2.241948e-04   1.12e-04  
240      -1.340294e+00  -1.341200e+00  9.055762e-04   6.76e-04  
241      -7.903224e-01  -7.875047e-01  2.817640e-03   3.57e-03  
242      -4.085841e-01  -4.075292e-01  1.054915e-03   2.58e-03  
243      -1.847194e-01  -1.836997e-01  1.019652e-03   5.52e-03  
244      -7.619469e-02  -7.727806e-02  1.083366e-03   1.42e-02  
245      -3.454659e-02  -3.558796e-02  1.041374e-03   3.01e-02  
246      -1.910824e-02  -2.055003e-02  1.441791e-03   7.55e-02  
247      -1.187840e-02  -1.303931e-02  1.160908e-03   9.77e-02  
248      -7.564377e-03  -8.688517e-03  1.124140e-03   1.49e-01  
249      -4.507231e-03  -4.108074e-03  3.991572e-04   8.86e-02  
250      -2.612976e-03  -2.136744e-03  4.762316e-04   1.82e-01  
251      -3.622777e-03  -4.478125e-03  8.553475e-04   2.36e-01  
252      -2.915083e-03  -5.674110e-03  2.759027e-03   9.46e-01  
253      -2.964234e-03  -3.850005e-03  8.857712e-04   2.99e-01  
254      -5.416166e-03  -6.216396e-03  8.002303e-04   1.48e-01  
255      -1.172366e-02  -1.225146e-02  5.278005e-04   4.50e-02  
256      -2.320083e-02  -2.284366e-02  3.571660e-04   1.54e-02  
257      -4.167459e-02  -4.364040e-02  1.965803e-03   4.72e-02  
258      -6.600543e-02  -6.481685e-02  1.188586e-03   1.80e-02  
259      -9.797596e-02  -9.732219e-02  6.537734e-04   6.67e-03  
260      -1.421675e-01  -1.412150e-01  9.525671e-04   6.70e-03  
261      -2.045646e-01  -2.056646e-01  1.100020e-03   5.38e-03  
262      -2.809143e-01  -2.807036e-01  2.107204e-04   7.50e-04  
263      -3.647522e-01  -3.639519e-01  8.002553e-04   2.19e-03  
264      -4.392890e-01  -4.404626e-01  1.173636e-03   2.67e-03  
265      -5.022866e-01  -5.009844e-01  1.302200e-03   2.59e-03  
266      -5.597513e-01  -5.587918e-01  9.594544e-04   1.71e-03  
267      -6.078502e-01  -6.078324e-01  1.782155e-05   2.93e-05  
268      -6.832911e-01  -6.815162e-01  1.774845e-03   2.60e-03  
269      -7.879913e-01  -7.891066e-01  1.115312e-03   1.42e-03  
270      -8.946831e-01  -8.940475e-01  6.355838e-04   7.10e-04  
271      -9.645416e-01  -9.663762e-01  1.834649e-03   1.90e-03  
272      -9.891826e-01  -9.895564e-01  3.737971e-04   3.78e-04  
273      -1.012394e+00  -1.012008e+00  3.861841e-04   3.81e-04  
274      -9.568764e-01  -9.574580e-01  5.816542e-04   6.08e-04  
275      -8.829895e-01  -8.835474e-01  5.579075e-04   6.32e-04  
276      -8.783064e-01  -8.769462e-01  1.360283e-03   1.55e-03  
277      -8.430573e-01  -8.435427e-01  4.853708e-04   5.76e-04  
278      -7.653046e-01  -7.645758e-01  7.287697e-04   9.52e-04  
279      -7.850048e-01  -7.870216e-01  2.016743e-03   2.57e-03  
280      -9.077523e-01  -9.069703e-01  7.819926e-04   8.61e-04  
281      -8.780675e-01  -8.801680e-01  2.100578e-03   2.39e-03  
282      -8.987757e-01  -8.976491e-01  1.126595e-03   1.25e-03  
283      -1.079871e+00  -1.080757e+00  8.865979e-04   8.21e-04  
284      -1.232296e+00  -1.232058e+00  2.382811e-04   1.93e-04  
285      -1.387358e+00  -1.386350e+00  1.008055e-03   7.27e-04  
286      -1.596186e+00  -1.596566e+00  3.794177e-04   2.38e-04  
287      -2.207356e+00  -2.206943e+00  4.127030e-04   1.87e-04  
288      -3.140509e+00  -3.141603e+00  1.093825e-03   3.48e-04  
289      -2.865191e+00  -2.864147e+00  1.044069e-03   3.64e-04  
290      -2.187412e+00  -2.187852e+00  4.401924e-04   2.01e-04  
291      -1.520340e+00  -1.521478e+00  1.137397e-03   7.48e-04  
292      -9.259104e-01  -9.248095e-01  1.100966e-03   1.19e-03  
293      -4.838634e-01  -4.854104e-01  1.546955e-03   3.20e-03  
294      -2.145391e-01  -2.143150e-01  2.240190e-04   1.04e-03  
295      -8.396733e-02  -8.390828e-02  5.905269e-05   7.03e-04  
296      -3.709094e-02  -3.672085e-02  3.700926e-04   9.98e-03  
297      -2.123237e-02  -2.103377e-02  1.986005e-04   9.35e-03  
298      -1.339786e-02  -1.489923e-02  1.501373e-03   1.12e-01  
299      -8.130458e-03  -1.012154e-02  1.991082e-03   2.45e-01  
300      -4.691152e-03  -6.893401e-03  2.202249e-03   4.69e-01  
301      -5.695300e-03  -7.531753e-03  1.836453e-03   3.22e-01  
302      -5.790514e-03  -7.426024e-03  1.635510e-03   2.82e-01  
303      -8.394457e-03  -8.557208e-03  1.627508e-04   1.94e-02  
304      -1.477714e-02  -1.455476e-02  2.223820e-04   1.50e-02  
305      -2.537195e-02  -2.502929e-02  3.426602e-04   1.35e-02  
306      -3.960763e-02  -3.806633e-02  1.541294e-03   3.89e-02  
307      -5.672845e-02  -5.596576e-02  7.626930e-04   1.34e-02  
308      -7.445229e-02  -7.460528e-02  1.529913e-04   2.05e-03  
309      -9.933546e-02  -1.001064e-01  7.709157e-04   7.76e-03  
310      -1.385852e-01  -1.394352e-01  8.499655e-04   6.13e-03  
311      -1.997972e-01  -1.991532e-01  6.439884e-04   3.22e-03  
312      -2.727881e-01  -2.740069e-01  1.218764e-03   4.47e-03  
313      -3.471771e-01  -3.481784e-01  1.001389e-03   2.88e-03  
314      -3.995337e-01  -3.986446e-01  8.891052e-04   2.23e-03  
315      -4.293696e-01  -4.274682e-01  1.901451e-03   4.43e-03  
316      -4.334856e-01  -4.346435e-01  1.157952e-03   2.67e-03  
317      -4.038367e-01  -4.027925e-01  1.044266e-03   2.59e-03  
318      -3.692788e-01  -3.702945e-01  1.015670e-03   2.75e-03  
319      -3.549183e-01  -3.557062e-01  7.879529e-04   2.22e-03  
320      -3.746165e-01  -3.756350e-01  1.018465e-03   2.72e-03  
321      -4.421632e-01  -4.404455e-01  1.717632e-03   3.88e-03  
322      -5.395518e-01  -5.394139e-01  1.378433e-04   2.55e-04  
323      -6.578938e-01  -6.571020e-01  7.918376e-04   1.20e-03  
324      -8.048767e-01  -8.067957e-01  1.918965e-03   2.38e-03  
325      -1.031074e+00  -1.029587e+00  1.487645e-03   1.44e-03  
326      -1.340319e+00  -1.340889e+00  5.696399e-04   4.25e-04  
327      -1.589801e+00  -1.590526e+00  7.255108e-04   4.56e-04  
328      -1.817901e+00  -1.818844e+00  9.434555e-04   5.19e-04  
329      -2.137823e+00  -2.135931e+00  1.891963e-03   8.85e-04  
330      -2.269409e+00  -2.268046e+00  1.362784e-03   6.01e-04  
331      -1.751667e+00  -1.752447e+00  7.799062e-04   4.45e-04  
332      -1.312906e+00  -1.313965e+00  1.058951e-03   8.07e-04  
333      -1.149275e+00  -1.150332e+00  1.056516e-03   9.19e-04  
334      -8.715887e-01  -8.722333e-01  6.445722e-04   7.40e-04  
335      -8.606888e-01  -8.599613e-01  7.274729e-04   8.45e-04  
336      -1.084803e+00  -1.086084e+00  1.280450e-03   1.18e-03  
337      -1.708542e+00  -1.708070e+00  4.713231e-04   2.76e-04  
338      -3.440595e+00  -3.441242e+00  6.473053e-04   1.88e-04  
339      -3.816654e+00  -3.815507e+00  1.146809e-03   3.00e-04  
340      -3.232113e+00  -3.231256e+00  8.578172e-04   2.65e-04  
341      -2.523032e+00  -2.523176e+00  1.442099e-04   5.72e-05  
342      -1.772807e+00  -1.771705e+00  1.101473e-03   6.21e-04  
343      -1.085633e+00  -1.084170e+00  1.463197e-03   1.35e-03  
344      -5.673386e-01  -5.659649e-01  1.373693e-03   2.42e-03  
345      -2.477456e-01  -2.465316e-01  1.213991e-03   4.90e-03  
346      -9.286593e-02  -9.463292e-02  1.766993e-03   1.90e-02  
347      -4.162739e-02  -4.177650e-02  1.491123e-04   3.58e-03  
348      -2.491236e-02  -2.459046e-02  3.219009e-04   1.29e-02  
349      -1.511129e-02  -1.451724e-02  5.940542e-04   3.93e-02  
350      -8.380013e-03  -7.452172e-03  9.278411e-04   1.11e-01  
351      -9.544016e-03  -9.457608e-03  8.640840e-05   9.05e-03  
352      -1.208695e-02  -1.269768e-02  6.107336e-04   5.05e-02  
353      -2.120524e-02  -2.070294e-02  5.022952e-04   2.37e-02  
354      -3.792328e-02  -3.973810e-02  1.814817e-03   4.79e-02  
355      -6.271616e-02  -6.475148e-02  2.035320e-03   3.25e-02  
356      -9.457998e-02  -9.358757e-02  9.924027e-04   1.05e-02  
357      -1.316034e-01  -1.317312e-01  1.278572e-04   9.72e-04  
358      -1.736181e-01  -1.721907e-01  1.427473e-03   8.22e-03  
359      -2.332946e-01  -2.312299e-01  2.064704e-03   8.85e-03  
360      -3.158311e-01  -3.169237e-01  1.092593e-03   3.46e-03  
361      -4.123114e-01  -4.129686e-01  6.571445e-04   1.59e-03  
362      -4.997632e-01  -4.993478e-01  4.153742e-04   8.31e-04  
363      -5.719589e-01  -5.721171e-01  1.581923e-04   2.77e-04  
364      -6.148190e-01  -6.145405e-01  2.785376e-04   4.53e-04  
365      -6.207762e-01  -6.216362e-01  8.600590e-04   1.39e-03  
366      -5.823363e-01  -5.824074e-01  7.115917e-05   1.22e-04  
367      -4.995260e-01  -4.982297e-01  1.296297e-03   2.60e-03  
368      -4.103035e-01  -4.095364e-01  7.671760e-04   1.87e-03  
369      -3.802062e-01  -3.803058e-01  9.953247e-05   2.62e-04  
370      -4.696402e-01  -4.677207e-01  1.919498e-03   4.09e-03  
371      -6.986667e-01  -6.971311e-01  1.535616e-03   2.20e-03  
372      -9.768261e-01  -9.759140e-01  9.121582e-04   9.34e-04  
373      -1.281119e+00  -1.281804e+00  6.850306e-04   5.35e-04  
374      -1.712663e+00  -1.712786e+00  1.229643e-04   7.18e-05  
375      -2.230921e+00  -2.231645e+00  7.245880e-04   3.25e-04  
376      -2.637064e+00  -2.638383e+00  1.319236e-03   5.00e-04  
377      -2.891236e+00  -2.891928e+00  6.916778e-04   2.39e-04  
378      -3.338085e+00  -3.336496e+00  1.589259e-03   4.76e-04  
379      -3.902732e+00  -3.904559e+00  1.827327e-03   4.68e-04  
380      -4.287854e+00  -4.288223e+00  3.686110e-04   8.60e-05  
381      -4.133361e+00  -4.135360e+00  1.998896e-03   4.84e-04  
382      -3.659986e+00  -3.659513e+00  4.724743e-04   1.29e-04  
383      -2.976285e+00  -2.977888e+00  1.602861e-03   5.39e-04  
384      -1.697677e+00  -1.696851e+00  8.260588e-04   4.87e-04  
385      -8.912729e-01  -8.917004e-01  4.275026e-04   4.80e-04  
386      -7.315314e-01  -7.296239e-01  1.907476e-03   2.61e-03  
387      -1.276950e+00  -1.275159e+00  1.791705e-03   1.40e-03  
388      -3.627106e+00  -3.626168e+00  9.379199e-04   2.59e-04  
389      -4.934767e+00  -4.936443e+00  1.675601e-03   3.40e-04  
390      -4.479942e+00  -4.478304e+00  1.637908e-03   3.66e-04  
391      -3.743899e+00  -3.744519e+00  6.206178e-04   1.66e-04  
392      -2.980178e+00  -2.978793e+00  1.385058e-03   4.65e-04  
393      -2.108761e+00  -2.108322e+00  4.391558e-04   2.08e-04  
394      -1.257426e+00  -1.258688e+00  1.262208e-03   1.00e-03  
395      -6.361709e-01  -6.377707e-01  1.599804e-03   2.51e-03  
396      -2.695788e-01  -2.701586e-01  5.798114e-04   2.15e-03  
397      -9.659302e-02  -9.536677e-02  1.226247e-03   1.27e-02  
398      -4.778923e-02  -4.976414e-02  1.974905e-03   4.13e-02  
399      -2.848541e-02  -2.758611e-02  8.992980e-04   3.16e-02  
400      -1.554283e-02  -1.485262e-02  6.902181e-04   4.44e-02  
401      -1.800486e-02  -1.698083e-02  1.024022e-03   5.69e-02  
402      -2.399585e-02  -2.443414e-02  4.382972e-04   1.83e-02  
403      -4.605720e-02  -4.507967e-02  9.775256e-04   2.12e-02  
404      -8.060446e-02  -8.195002e-02  1.345559e-03   1.67e-02  
405      -1.265570e-01  -1.264135e-01  1.434988e-04   1.13e-03  
406      -1.896783e-01  -1.924576e-01  2.779317e-03   1.47e-02  
407      -2.692787e-01  -2.686170e-01  6.617186e-04   2.46e-03  
408      -3.593314e-01  -3.602185e-01  8.870015e-04   2.47e-03  
409      -4.599957e-01  -4.569102e-01  3.085418e-03   6.71e-03  
410      -5.629558e-01  -5.646439e-01  1.688085e-03   3.00e-03  
411      -6.435307e-01  -6.421016e-01  1.429108e-03   2.22e-03  
412      -6.938220e-01  -6.936273e-01  1.946855e-04   2.81e-04  
413      -6.885163e-01  -6.882397e-01  2.766005e-04   4.02e-04  
414      -6.642989e-01  -6.631791e-01  1.119827e-03   1.69e-03  
415      -6.237845e-01  -6.230607e-01  7.237761e-04   1.16e-03  
416      -5.613292e-01  -5.601697e-01  1.159450e-03   2.07e-03  
417      -4.998280e-01  -5.008332e-01  1.005177e-03   2.01e-03  
418      -4.697641e-01  -4.691003e-01  6.638196e-04   1.41e-03  
419      -5.404066e-01  -5.413432e-01  9.366086e-04   1.73e-03  
420      -7.425298e-01  -7.400712e-01  2.458613e-03   3.31e-03  
421      -1.027597e+00  -1.025952e+00  1.645550e-03   1.60e-03  
422      -1.297235e+00  -1.296886e+00  3.487735e-04   2.69e-04  
423      -1.710721e+00  -1.710652e+00  6.980139e-05   4.08e-05  
424      -2.341814e+00  -2.339871e+00  1.942373e-03   8.29e-04  
425      -2.784991e+00  -2.787220e+00  2.228890e-03   8.00e-04  
426      -2.839314e+00  -2.841177e+00  1.862491e-03   6.56e-04  
427      -3.004556e+00  -3.006844e+00  2.288035e-03   7.62e-04  
428      -3.609103e+00  -3.609555e+00  4.519483e-04   1.25e-04  
429      -4.269628e+00  -4.270116e+00  4.872784e-04   1.14e-04  
430      -4.846149e+00  -4.846797e+00  6.474180e-04   1.34e-04  
431      -5.243287e+00  -5.244179e+00  8.928648e-04   1.70e-04  
432      -5.032434e+00  -5.031902e+00  5.313253e-04   1.06e-04  
433      -4.546298e+00  -4.545846e+00  4.518751e-04   9.94e-05  
434      -3.238717e+00  -3.239406e+00  6.896972e-04   2.13e-04  
435      -1.719175e+00  -1.720848e+00  1.672504e-03   9.73e-04  
436      -7.596056e-01  -7.606326e-01  1.027031e-03   1.35e-03  
437      -1.029923e+00  -1.031835e+00  1.912109e-03   1.86e-03  
438      -3.424333e+00  -3.422635e+00  1.697376e-03   4.96e-04  
439      -5.413056e+00  -5.412105e+00  9.508042e-04   1.76e-04  
440      -5.387754e+00  -5.389035e+00  1.280856e-03   2.38e-04  
441      -4.742246e+00  -4.743343e+00  1.097643e-03   2.31e-04  
442      -4.208821e+00  -4.209958e+00  1.137395e-03   2.70e-04  
443      -3.420462e+00  -3.418755e+00  1.707148e-03   4.99e-04  
444      -2.254653e+00  -2.254988e+00  3.346217e-04   1.48e-04  
445      -1.268564e+00  -1.267087e+00  1.477069e-03   1.16e-03  
446      -6.333768e-01  -6.331283e-01  2.485518e-04   3.92e-04  
447      -2.457784e-01  -2.458847e-01  1.063711e-04   4.33e-04  
448      -9.610790e-02  -9.569817e-02  4.097285e-04   4.26e-03  
449      -5.301903e-02  -5.371191e-02  6.928876e-04   1.31e-02  
450      -2.927402e-02  -2.856382e-02  7.102041e-04   2.43e-02  
451      -9.686190e-02  -9.603411e-02  8.277886e-04   8.55e-03  
452      -6.849134e-02  -6.973721e-02  1.245869e-03   1.82e-02  
453      -9.761973e-02  -9.827545e-02  6.557203e-04   6.72e-03  
454      -1.496435e-01  -1.529276e-01  3.284099e-03   2.19e-02  
455      -2.223767e-01  -2.194770e-01  2.899689e-03   1.30e-02  
456      -3.292552e-01  -3.293263e-01  7.111928e-05   2.16e-04  
457      -4.639405e-01  -4.624985e-01  1.442028e-03   3.11e-03  
458      -5.929401e-01  -5.912023e-01  1.737812e-03   2.93e-03  
459      -7.046742e-01  -7.029070e-01  1.767201e-03   2.51e-03  
460      -7.823903e-01  -7.819784e-01  4.119192e-04   5.26e-04  
461      -8.155428e-01  -8.158133e-01  2.704980e-04   3.32e-04  
462      -8.132958e-01  -8.142143e-01  9.184894e-04   1.13e-03  
463      -6.676042e-01  -6.657143e-01  1.889848e-03   2.83e-03  
464      -5.231108e-01  -5.230021e-01  1.087340e-04   2.08e-04  
465      -4.174186e-01  -4.165338e-01  8.848384e-04   2.12e-03  
466      -3.453483e-01  -3.458939e-01  5.456399e-04   1.58e-03  
467      -3.451982e-01  -3.443290e-01  8.692382e-04   2.52e-03  
468      -4.342202e-01  -4.345418e-01  3.216197e-04   7.41e-04  
469      -6.232178e-01  -6.221950e-01  1.022857e-03   1.64e-03  
470      -8.492174e-01  -8.498625e-01  6.451734e-04   7.60e-04  
471      -1.090446e+00  -1.091473e+00  1.026777e-03   9.42e-04  
472      -1.403698e+00  -1.401426e+00  2.271939e-03   1.62e-03  
473      -1.975966e+00  -1.976013e+00  4.662385e-05   2.36e-05  
474      -2.564478e+00  -2.563889e+00  5.893342e-04   2.30e-04  
475      -2.609432e+00  -2.609391e+00  4.111713e-05   1.58e-05  
476      -2.642446e+00  -2.642143e+00  3.034055e-04   1.15e-04  
477      -3.454526e+00  -3.455034e+00  5.079083e-04   1.47e-04  
478      -4.298842e+00  -4.300716e+00  1.874695e-03   4.36e-04  
479      -4.938976e+00  -4.939662e+00  6.855601e-04   1.39e-04  
480      -5.444457e+00  -5.445582e+00  1.125481e-03   2.07e-04  
481      -5.722624e+00  -5.722569e+00  5.521501e-05   9.65e-06  
482      -5.202227e+00  -5.201477e+00  7.496314e-04   1.44e-04  
483      -4.443372e+00  -4.443166e+00  2.064779e-04   4.65e-05  
484      -3.292305e+00  -3.291544e+00  7.611147e-04   2.31e-04  
485      -1.822606e+00  -1.820265e+00  2.341436e-03   1.28e-03  
486      -6.991664e-01  -6.998363e-01  6.698848e-04   9.58e-04  
487      -8.333080e-01  -8.319205e-01  1.387530e-03   1.67e-03  
488      -2.676067e+00  -2.674006e+00  2.061119e-03   7.70e-04  
489      -4.635187e+00  -4.634754e+00  4.327758e-04   9.34e-05  
490      -5.228014e+00  -5.228125e+00  1.105491e-04   2.11e-05  
491      -4.879094e+00  -4.879939e+00  8.450350e-04   1.73e-04  
492      -4.656374e+00  -4.658415e+00  2.041580e-03   4.38e-04  
493      -4.244518e+00  -4.242700e+00  1.818239e-03   4.28e-04  
494      -3.097391e+00  -3.098195e+00  8.039561e-04   2.60e-04  
495      -1.935519e+00  -1.936510e+00  9.918102e-04   5.12e-04  
496      -1.146150e+00  -1.144251e+00  1.899691e-03   1.66e-03  
497      -5.225733e-01  -5.226553e-01  8.200809e-05   1.57e-04  
498      -2.005533e-01  -1.975957e-01  2.957638e-03   1.47e-02  
499      -9.189390e-02  -9.298958e-02  1.095676e-03   1.19e-02  
500      -5.096421e-02  -5.082654e-02  1.376705e-04   2.70e-03  
501      -7.352576e-01  -7.286167e-01  6.640946e-03   9.03e-03  
502      -5.027636e-01  -5.093915e-01  6.627868e-03   1.32e-02  
503      -4.782944e-01  -4.794657e-01  1.171359e-03   2.45e-03  
504      -5.244092e-01  -5.250945e-01  6.852914e-04   1.31e-03  
505      -6.124059e-01  -6.107285e-01  1.677328e-03   2.74e-03  
506      -7.263059e-01  -7.286741e-01  2.368155e-03   3.26e-03  
507      -8.476900e-01  -8.491276e-01  1.437523e-03   1.70e-03  
508      -9.398886e-01  -9.408075e-01  9.188746e-04   9.78e-04  
509      -1.023821e+00  -1.022581e+00  1.239906e-03   1.21e-03  
510      -1.074551e+00  -1.074949e+00  3.987579e-04   3.71e-04  
511      -1.101958e+00  -1.101093e+00  8.644634e-04   7.84e-04  
512      -1.083798e+00  -1.082956e+00  8.420891e-04   7.77e-04  
513      -8.122970e-01  -8.114284e-01  8.685652e-04   1.07e-03  
514      -5.441607e-01  -5.425795e-01  1.581187e-03   2.91e-03  
515      -3.373506e-01  -3.390915e-01  1.740848e-03   5.16e-03  
516      -2.031609e-01  -2.050893e-01  1.928465e-03   9.49e-03  
517      -1.865918e-01  -1.893613e-01  2.769550e-03   1.48e-02  
518      -3.130545e-01  -3.152019e-01  2.147419e-03   6.86e-03  
519      -5.740867e-01  -5.743664e-01  2.796509e-04   4.87e-04  
520      -8.571519e-01  -8.573471e-01  1.952409e-04   2.28e-04  
521      -1.148370e+00  -1.148872e+00  5.018621e-04   4.37e-04  
522      -1.558096e+00  -1.559341e+00  1.244457e-03   7.99e-04  
523      -2.064633e+00  -2.064678e+00  4.490254e-05   2.17e-05  
524      -2.369706e+00  -2.371285e+00  1.578951e-03   6.66e-04  
525      -2.314087e+00  -2.314376e+00  2.889762e-04   1.25e-04  
526      -3.060654e+00  -3.062455e+00  1.800663e-03   5.88e-04  
527      -5.014314e+00  -5.014562e+00  2.483234e-04   4.95e-05  
528      -5.419859e+00  -5.420483e+00  6.245665e-04   1.15e-04  
529      -5.650443e+00  -5.651506e+00  1.062952e-03   1.88e-04  
530      -5.898022e+00  -5.898139e+00  1.163031e-04   1.97e-05  
531      -5.267511e+00  -5.266966e+00  5.452283e-04   1.04e-04  
532      -3.867891e+00  -3.867021e+00  8.698705e-04   2.25e-04  
533      -2.754489e+00  -2.755119e+00  6.300557e-04   2.29e-04  
534      -1.965112e+00  -1.964640e+00  4.724508e-04   2.40e-04  
535      -1.231564e+00  -1.231988e+00  4.246801e-04   3.45e-04  
536      -6.077573e-01  -6.097565e-01  1.999195e-03   3.29e-03  
537      -7.153683e-01  -7.139943e-01  1.374034e-03   1.92e-03  
538      -1.837735e+00  -1.835874e+00  1.861548e-03   1.01e-03  
539      -3.041627e+00  -3.040134e+00  1.493319e-03   4.91e-04  
540      -3.655923e+00  -3.655112e+00  8.113017e-04   2.22e-04  
541      -3.637939e+00  -3.637483e+00  4.568534e-04   1.26e-04  
542      -3.687723e+00  -3.689389e+00  1.665837e-03   4.52e-04  
543      -3.560548e+00  -3.559886e+00  6.620982e-04   1.86e-04  
544      -2.750324e+00  -2.748453e+00  1.871351e-03   6.80e-04  
545      -2.071209e+00  -2.069118e+00  2.090786e-03   1.01e-03  
546      -1.527387e+00  -1.529727e+00  2.339763e-03   1.53e-03  
547      -9.181385e-01  -9.168326e-01  1.305903e-03   1.42e-03  
548      -4.126084e-01  -4.133148e-01  7.063160e-04   1.71e-03  
549      -1.549385e-01  -1.600392e-01  5.100753e-03   3.29e-02  
550      -7.953876e-02  -7.680967e-02  2.729091e-03   3.43e-02  
551      -2.766216e+00  -2.719648e+00  4.656840e-02   1.68e-02  
552      -2.461422e+00  -2.523185e+00  6.176257e-02   2.51e-02  
553      -2.404306e+00  -2.404203e+00  1.031645e-04   4.29e-05  
554      -2.388746e+00  -2.388977e+00  2.309917e-04   9.67e-05  
555      -2.512145e+00  -2.511656e+00  4.885705e-04   1.94e-04  
556      -2.588677e+00  -2.588727e+00  5.064408e-05   1.96e-05  
557      -2.543027e+00  -2.542953e+00  7.363500e-05   2.90e-05  
558      -2.492083e+00  -2.492114e+00  3.173264e-05   1.27e-05  
559      -2.490446e+00  -2.489752e+00  6.940477e-04   2.79e-04  
560      -2.539317e+00  -2.537109e+00  2.208683e-03   8.70e-04  
561      -2.532411e+00  -2.533709e+00  1.297876e-03   5.13e-04  
562      -2.311320e+00  -2.310898e+00  4.220789e-04   1.83e-04  
563      -1.750856e+00  -1.749402e+00  1.454569e-03   8.31e-04  
564      -1.295114e+00  -1.294080e+00  1.033291e-03   7.98e-04  
565      -8.819634e-01  -8.827436e-01  7.802690e-04   8.85e-04  
566      -5.343708e-01  -5.340229e-01  3.478707e-04   6.51e-04  
567      -3.151858e-01  -3.155657e-01  3.798955e-04   1.21e-03  
568      -2.904728e-01  -2.920166e-01  1.543829e-03   5.31e-03  
569      -4.386633e-01  -4.390751e-01  4.118003e-04   9.39e-04  
570      -6.904590e-01  -6.903849e-01  7.408197e-05   1.07e-04  
571      -9.687631e-01  -9.688529e-01  8.977868e-05   9.27e-05  
572      -1.219730e+00  -1.220359e+00  6.286073e-04   5.15e-04  
573      -1.379771e+00  -1.380156e+00  3.853891e-04   2.79e-04  
574      -1.690349e+00  -1.690306e+00  4.390801e-05   2.60e-05  
575      -2.227535e+00  -2.227226e+00  3.089954e-04   1.39e-04  
576      -3.637985e+00  -3.638125e+00  1.400052e-04   3.85e-05  
577      -5.740306e+00  -5.741928e+00  1.621946e-03   2.83e-04  
578      -5.149399e+00  -5.150487e+00  1.087722e-03   2.11e-04  
579      -4.881166e+00  -4.882489e+00  1.322767e-03   2.71e-04  
580      -5.086861e+00  -5.087199e+00  3.386292e-04   6.66e-05  
581      -4.099958e+00  -4.099271e+00  6.871209e-04   1.68e-04  
582      -2.556462e+00  -2.556808e+00  3.456187e-04   1.35e-04  
583      -1.652029e+00  -1.651050e+00  9.789184e-04   5.93e-04  
584      -1.210092e+00  -1.211509e+00  1.417731e-03   1.17e-03  
585      -1.182347e+00  -1.183041e+00  6.943676e-04   5.87e-04  
586      -1.560050e+00  -1.557764e+00  2.286453e-03   1.47e-03  
587      -1.565114e+00  -1.564745e+00  3.693971e-04   2.36e-04  
588      -1.980097e+00  -1.981177e+00  1.079920e-03   5.45e-04  
589      -1.920175e+00  -1.921541e+00  1.366262e-03   7.12e-04  
590      -1.631089e+00  -1.630754e+00  3.348550e-04   2.05e-04  
591      -1.454702e+00  -1.454584e+00  1.183608e-04   8.14e-05  
592      -1.637313e+00  -1.636218e+00  1.094835e-03   6.69e-04  
593      -1.839541e+00  -1.838603e+00  9.379257e-04   5.10e-04  
594      -1.655247e+00  -1.656112e+00  8.646715e-04   5.22e-04  
595      -1.647954e+00  -1.647501e+00  4.535186e-04   2.75e-04  
596      -1.591678e+00  -1.595035e+00  3.357218e-03   2.11e-03  
597      -1.225231e+00  -1.224175e+00  1.055401e-03   8.61e-04  
598      -8.050044e-01  -8.054792e-01  4.747858e-04   5.90e-04  
599      -2.613874e-01  -2.628531e-01  1.465628e-03   5.61e-03  
600      -1.143323e-01  -1.090501e-01  5.282176e-03   4.62e-02  
601      -5.415053e+00  -5.299523e+00  1.155294e-01   2.13e-02  
602      -6.141827e+00  -6.247754e+00  1.059267e-01   1.72e-02  
603      -6.249865e+00  -6.249383e+00  4.821538e-04   7.71e-05  
604      -5.896244e+00  -5.896393e+00  1.488222e-04   2.52e-05  
605      -5.967833e+00  -5.967997e+00  1.641408e-04   2.75e-05  
606      -6.012809e+00  -6.012871e+00  6.200981e-05   1.03e-05  
607      -5.788476e+00  -5.789043e+00  5.672827e-04   9.80e-05  
608      -5.714245e+00  -5.714912e+00  6.671486e-04   1.17e-04  
609      -5.692837e+00  -5.692906e+00  6.899348e-05   1.21e-05  
610      -5.983149e+00  -5.985110e+00  1.960033e-03   3.28e-04  
611      -6.130633e+00  -6.130432e+00  2.013961e-04   3.29e-05  
612      -5.573995e+00  -5.573290e+00  7.054328e-04   1.27e-04  
613      -4.638609e+00  -4.638601e+00  7.295464e-06   1.57e-06  
614      -3.860590e+00  -3.860960e+00  3.700735e-04   9.59e-05  
615      -2.931775e+00  -2.932662e+00  8.865089e-04   3.02e-04  
616      -2.029240e+00  -2.028842e+00  3.979745e-04   1.96e-04  
617      -1.389889e+00  -1.390383e+00  4.933574e-04   3.55e-04  
618      -1.052035e+00  -1.052944e+00  9.088353e-04   8.64e-04  
619      -8.231506e-01  -8.240261e-01  8.754880e-04   1.06e-03  
620      -6.632061e-01  -6.635406e-01  3.345275e-04   5.04e-04  
621      -5.645061e-01  -5.643307e-01  1.754565e-04   3.11e-04  
622      -5.066658e-01  -5.073866e-01  7.208352e-04   1.42e-03  
623      -4.956074e-01  -4.943030e-01  1.304433e-03   2.63e-03  
624      -7.383575e-01  -7.378281e-01  5.293228e-04   7.17e-04  
625      -1.079856e+00  -1.082130e+00  2.274134e-03   2.11e-03  
626      -1.782780e+00  -1.783215e+00  4.348084e-04   2.44e-04  
627      -3.479231e+00  -3.478578e+00  6.521553e-04   1.87e-04  
628      -3.765428e+00  -3.765895e+00  4.670132e-04   1.24e-04  
629      -3.462408e+00  -3.463074e+00  6.667882e-04   1.93e-04  
630      -3.083782e+00  -3.082655e+00  1.127492e-03   3.66e-04  
631      -2.439403e+00  -2.438647e+00  7.559841e-04   3.10e-04  
632      -1.613927e+00  -1.614118e+00  1.912785e-04   1.19e-04  
633      -1.273022e+00  -1.272567e+00  4.547717e-04   3.57e-04  
634      -1.404216e+00  -1.404671e+00  4.548959e-04   3.24e-04  
635      -2.694978e+00  -2.694222e+00  7.564123e-04   2.81e-04  
636      -4.368650e+00  -4.368741e+00  9.114357e-05   2.09e-05  
637      -4.014492e+00  -4.016170e+00  1.677911e-03   4.18e-04  
638      -3.640996e+00  -3.639481e+00  1.514981e-03   4.16e-04  
639      -2.500347e+00  -2.499606e+00  7.408091e-04   2.96e-04  
640      -1.471981e+00  -1.471577e+00  4.040195e-04   2.74e-04  
641      -1.084427e+00  -1.084363e+00  6.357269e-05   5.86e-05  
642      -1.071197e+00  -1.071796e+00  5.987299e-04   5.59e-04  
643      -1.162640e+00  -1.161273e+00  1.367493e-03   1.18e-03  
644      -1.064130e+00  -1.063178e+00  9.521116e-04   8.95e-04  
645      -1.058072e+00  -1.057818e+00  2.538267e-04   2.40e-04  
646      -1.269008e+00  -1.268111e+00  8.962742e-04   7.06e-04  
647      -1.478394e+00  -1.478504e+00  1.097277e-04   7.42e-05  
648      -1.314828e+00  -1.316016e+00  1.187897e-03   9.03e-04  
649      -4.577076e-01  -4.616004e-01  3.892782e-03   8.50e-03  
650      -1.581458e-01  -1.523608e-01  5.784949e-03   3.66e-02  
651      -8.788646e+00  -8.509770e+00  2.788760e-01   3.17e-02  
652      -1.141075e+01  -1.159492e+01  1.841723e-01   1.61e-02  
653      -1.109121e+01  -1.109069e+01  5.155159e-04   4.65e-05  
654      -9.882967e+00  -9.883673e+00  7.057477e-04   7.14e-05  
655      -8.906531e+00  -8.908378e+00  1.847706e-03   2.07e-04  
656      -8.422879e+00  -8.422587e+00  2.918257e-04   3.46e-05  
657      -8.048477e+00  -8.047650e+00  8.268825e-04   1.03e-04  
658      -8.142636e+00  -8.142233e+00  4.034885e-04   4.96e-05  
659      -7.922433e+00  -7.922794e+00  3.614124e-04   4.56e-05  
660      -7.942006e+00  -7.942226e+00  2.193560e-04   2.76e-05  
661      -7.916086e+00  -7.914774e+00  1.312446e-03   1.66e-04  
662      -6.919000e+00  -6.920339e+00  1.338832e-03   1.94e-04  
663      -6.017837e+00  -6.018113e+00  2.762654e-04   4.59e-05  
664      -5.659733e+00  -5.658960e+00  7.725626e-04   1.37e-04  
665      -5.059834e+00  -5.059999e+00  1.657760e-04   3.28e-05  
666      -4.246916e+00  -4.246605e+00  3.108355e-04   7.32e-05  
667      -3.542442e+00  -3.539698e+00  2.743732e-03   7.75e-04  
668      -2.826705e+00  -2.828004e+00  1.299315e-03   4.60e-04  
669      -2.117498e+00  -2.117859e+00  3.608302e-04   1.70e-04  
670      -1.537388e+00  -1.538048e+00  6.593097e-04   4.29e-04  
671      -1.137263e+00  -1.138313e+00  1.049933e-03   9.23e-04  
672      -8.389267e-01  -8.380863e-01  8.403810e-04   1.00e-03  
673      -6.119476e-01  -6.136122e-01  1.664633e-03   2.72e-03  
674      -4.726523e-01  -4.712206e-01  1.431680e-03   3.03e-03  
675      -3.387106e-01  -3.387328e-01  2.216709e-05   6.54e-05  
676      -3.255237e-01  -3.239967e-01  1.526977e-03   4.69e-03  
677      -1.030756e+00  -1.031032e+00  2.758717e-04   2.68e-04  
678      -1.619918e+00  -1.618583e+00  1.335646e-03   8.25e-04  
679      -1.485208e+00  -1.485819e+00  6.117149e-04   4.12e-04  
680      -1.335322e+00  -1.335665e+00  3.435078e-04   2.57e-04  
681      -1.640553e+00  -1.639928e+00  6.255057e-04   3.81e-04  
682      -1.812780e+00  -1.813355e+00  5.747855e-04   3.17e-04  
683      -2.236994e+00  -2.236769e+00  2.244711e-04   1.00e-04  
684      -3.071634e+00  -3.073710e+00  2.076130e-03   6.76e-04  
685      -5.678130e+00  -5.678942e+00  8.114407e-04   1.43e-04  
686      -6.779784e+00  -6.781497e+00  1.712156e-03   2.53e-04  
687      -5.414863e+00  -5.416636e+00  1.772670e-03   3.27e-04  
688      -4.033180e+00  -4.033822e+00  6.417366e-04   1.59e-04  
689      -2.607921e+00  -2.608245e+00  3.235084e-04   1.24e-04  
690      -1.465102e+00  -1.466030e+00  9.282432e-04   6.34e-04  
691      -9.605158e-01  -9.611978e-01  6.819680e-04   7.10e-04  
692      -7.590807e-01  -7.556980e-01  3.382649e-03   4.46e-03  
693      -7.900834e-01  -7.893209e-01  7.625126e-04   9.65e-04  
694      -8.639074e-01  -8.637824e-01  1.250764e-04   1.45e-04  
695      -7.299877e-01  -7.275480e-01  2.439705e-03   3.34e-03  
696      -9.258829e-01  -9.240932e-01  1.789676e-03   1.93e-03  
697      -1.555414e+00  -1.554608e+00  8.058950e-04   5.18e-04  
698      -1.697375e+00  -1.697602e+00  2.265238e-04   1.33e-04  
699      -6.323769e-01  -6.358897e-01  3.512828e-03   5.55e-03  
700      -2.108830e-01  -2.022239e-01  8.659138e-03   4.11e-02  
701      -8.249170e+00  -7.981648e+00  2.675226e-01   3.24e-02  
702      -1.099052e+01  -1.116309e+01  1.725693e-01   1.57e-02  
703      -1.074796e+01  -1.074707e+01  8.803226e-04   8.19e-05  
704      -1.064449e+01  -1.064158e+01  2.917478e-03   2.74e-04  
705      -9.318631e+00  -9.319796e+00  1.164798e-03   1.25e-04  
706      -8.993091e+00  -8.992636e+00  4.544523e-04   5.05e-05  
707      -9.206493e+00  -9.205030e+00  1.463252e-03   1.59e-04  
708      -9.608673e+00  -9.608597e+00  7.539649e-05   7.85e-06  
709      -9.068240e+00  -9.068086e+00  1.539165e-04   1.70e-05  
710      -8.266780e+00  -8.266895e+00  1.156718e-04   1.40e-05  
711      -7.752878e+00  -7.753280e+00  4.012950e-04   5.18e-05  
712      -6.600268e+00  -6.601219e+00  9.507278e-04   1.44e-04  
713      -6.337559e+00  -6.337787e+00  2.280398e-04   3.60e-05  
714      -7.120987e+00  -7.121769e+00  7.822547e-04   1.10e-04  
715      -6.753799e+00  -6.754019e+00  2.202998e-04   3.26e-05  
716      -5.713661e+00  -5.713518e+00  1.429239e-04   2.50e-05  
717      -5.324890e+00  -5.325586e+00  6.964429e-04   1.31e-04  
718      -4.830054e+00  -4.828991e+00  1.062771e-03   2.20e-04  
719      -3.928516e+00  -3.927719e+00  7.965835e-04   2.03e-04  
720      -2.929223e+00  -2.928778e+00  4.451142e-04   1.52e-04  
721      -2.235808e+00  -2.233660e+00  2.147927e-03   9.61e-04  
722      -1.675989e+00  -1.675462e+00  5.273328e-04   3.15e-04  
723      -1.175989e+00  -1.175835e+00  1.540460e-04   1.31e-04  
724      -7.571409e-01  -7.578342e-01  6.932645e-04   9.16e-04  
725      -4.589472e-01  -4.578180e-01  1.129155e-03   2.46e-03  
726      -2.253759e-01  -2.240756e-01  1.300261e-03   5.77e-03  
727      -2.013202e-01  -2.001372e-01  1.183010e-03   5.88e-03  
728      -3.453487e-01  -3.449958e-01  3.529057e-04   1.02e-03  
729      -4.096571e-01  -4.115947e-01  1.937600e-03   4.73e-03  
730      -7.373630e-01  -7.373717e-01  8.643911e-06   1.17e-05  
731      -1.852389e+00  -1.853430e+00  1.041239e-03   5.62e-04  
732      -3.018406e+00  -3.018367e+00  3.920316e-05   1.30e-05  
733      -3.712510e+00  -3.711010e+00  1.500743e-03   4.04e-04  
734      -4.535832e+00  -4.536782e+00  9.500658e-04   2.09e-04  
735      -7.361419e+00  -7.362711e+00  1.292000e-03   1.76e-04  
736      -6.776190e+00  -6.775142e+00  1.047996e-03   1.55e-04  
737      -5.243604e+00  -5.242003e+00  1.601364e-03   3.05e-04  
738      -3.892440e+00  -3.893279e+00  8.394739e-04   2.16e-04  
739      -2.549960e+00  -2.548233e+00  1.727046e-03   6.77e-04  
740      -1.278751e+00  -1.280341e+00  1.589264e-03   1.24e-03  
741      -6.583023e-01  -6.582650e-01  3.727495e-05   5.66e-05  
742      -6.028710e-01  -6.051152e-01  2.244282e-03   3.72e-03  
743      -8.054716e-01  -8.046953e-01  7.762854e-04   9.64e-04  
744      -8.521172e-01  -8.531924e-01  1.075269e-03   1.26e-03  
745      -7.150681e-01  -7.170320e-01  1.963866e-03   2.75e-03  
746      -6.479177e-01  -6.464677e-01  1.450007e-03   2.24e-03  
747      -9.672402e-01  -9.676467e-01  4.064815e-04   4.20e-04  
748      -1.240726e+00  -1.241971e+00  1.244539e-03   1.00e-03  
749      -6.306127e-01  -6.335722e-01  2.959481e-03   4.69e-03  
750      -2.783551e-01  -2.680963e-01  1.025880e-02   3.69e-02  
751      -4.312151e+00  -4.199858e+00  1.122934e-01   2.60e-02  
752      -5.629760e+00  -5.707542e+00  7.778234e-02   1.38e-02  
753      -5.404710e+00  -5.403242e+00  1.468524e-03   2.72e-04  
754      -5.667895e+00  -5.666611e+00  1.284398e-03   2.27e-04  
755      -4.210314e+00  -4.211398e+00  1.083353e-03   2.57e-04  
756      -4.293092e+00  -4.293482e+00  3.905021e-04   9.10e-05  
757      -4.624158e+00  -4.624238e+00  7.983841e-05   1.73e-05  
758      -4.811240e+00  -4.813461e+00  2.221212e-03   4.62e-04  
759      -4.766783e+00  -4.768225e+00  1.441897e-03   3.02e-04  
760      -4.632174e+00  -4.631835e+00  3.382941e-04   7.30e-05  
761      -4.420994e+00  -4.420522e+00  4.717406e-04   1.07e-04  
762      -3.681404e+00  -3.682026e+00  6.218487e-04   1.69e-04  
763      -4.217839e+00  -4.217477e+00  3.619430e-04   8.58e-05  
764      -6.198441e+00  -6.196826e+00  1.614303e-03   2.60e-04  
765      -6.104121e+00  -6.102217e+00  1.904307e-03   3.12e-04  
766      -5.061557e+00  -5.062618e+00  1.060814e-03   2.10e-04  
767      -5.372709e+00  -5.372802e+00  9.309512e-05   1.73e-05  
768      -5.968201e+00  -5.966899e+00  1.301698e-03   2.18e-04  
769      -5.783577e+00  -5.783976e+00  3.993102e-04   6.90e-05  
770      -4.827180e+00  -4.827301e+00  1.213988e-04   2.51e-05  
771      -3.742237e+00  -3.741965e+00  2.720690e-04   7.27e-05  
772      -2.652211e+00  -2.650961e+00  1.249897e-03   4.71e-04  
773      -1.940295e+00  -1.937727e+00  2.567569e-03   1.32e-03  
774      -1.565411e+00  -1.564482e+00  9.292133e-04   5.94e-04  
775      -1.298091e+00  -1.298550e+00  4.598570e-04   3.54e-04  
776      -9.178153e-01  -9.185391e-01  7.237550e-04   7.89e-04  
777      -5.161952e-01  -5.164480e-01  2.528474e-04   4.90e-04  
778      -1.931484e-01  -1.952475e-01  2.099038e-03   1.09e-02  
779      -2.054308e-01  -2.070442e-01  1.613414e-03   7.85e-03  
780      -6.004860e-01  -6.000027e-01  4.832578e-04   8.05e-04  
781      -1.932806e+00  -1.932122e+00  6.836295e-04   3.54e-04  
782      -3.511692e+00  -3.511356e+00  3.362519e-04   9.58e-05  
783      -3.879993e+00  -3.878980e+00  1.013694e-03   2.61e-04  
784      -3.801783e+00  -3.802584e+00  8.008709e-04   2.11e-04  
785      -6.152164e+00  -6.152043e+00  1.204245e-04   1.96e-05  
786      -6.003173e+00  -6.005917e+00  2.744188e-03   4.57e-04  
787      -6.250216e+00  -6.252336e+00  2.120093e-03   3.39e-04  
788      -5.870096e+00  -5.870093e+00  3.109607e-06   5.30e-07  
789      -3.217559e+00  -3.218956e+00  1.397099e-03   4.34e-04  
790      -1.296805e+00  -1.298469e+00  1.663994e-03   1.28e-03  
791      -9.321859e-01  -9.335076e-01  1.321757e-03   1.42e-03  
792      -1.494234e+00  -1.496871e+00  2.636956e-03   1.76e-03  
793      -1.798148e+00  -1.796760e+00  1.388388e-03   7.72e-04  
794      -1.144438e+00  -1.142188e+00  2.249835e-03   1.97e-03  
795      -7.753980e-01  -7.747678e-01  6.301832e-04   8.13e-04  
796      -7.229444e-01  -7.235968e-01  6.524510e-04   9.02e-04  
797      -8.259894e-01  -8.250368e-01  9.526360e-04   1.15e-03  
798      -1.061297e+00  -1.059085e+00  2.211533e-03   2.08e-03  
799      -8.580707e-01  -8.709503e-01  1.287960e-02   1.50e-02  
800      -6.191100e-01  -5.953291e-01  2.378092e-02   3.84e-02  
801      -1.840194e+00  -1.795976e+00  4.421774e-02   2.40e-02  
802      -2.258624e+00  -2.294367e+00  3.574342e-02   1.58e-02  
803      -2.165634e+00  -2.164244e+00  1.389342e-03   6.42e-04  
804      -2.215240e+00  -2.214397e+00  8.431455e-04   3.81e-04  
805      -1.187181e+00  -1.187487e+00  3.064915e-04   2.58e-04  
806      -1.321373e+00  -1.320432e+00  9.408158e-04   7.12e-04  
807      -1.342746e+00  -1.343429e+00  6.834105e-04   5.09e-04  
808      -1.133720e+00  -1.133307e+00  4.133486e-04   3.65e-04  
809      -1.060282e+00  -1.062019e+00  1.737513e-03   1.64e-03  
810      -1.150989e+00  -1.151121e+00  1.316451e-04   1.14e-04  
811      -1.074801e+00  -1.077743e+00  2.942098e-03   2.74e-03  
812      -8.170754e-01  -8.175130e-01  4.375444e-04   5.36e-04  
813      -1.186644e+00  -1.185555e+00  1.088686e-03   9.17e-04  
814      -2.424758e+00  -2.424612e+00  1.461756e-04   6.03e-05  
815      -2.278620e+00  -2.277529e+00  1.091226e-03   4.79e-04  
816      -1.735853e+00  -1.735739e+00  1.141114e-04   6.57e-05  
817      -2.034463e+00  -2.034652e+00  1.883296e-04   9.26e-05  
818      -2.848803e+00  -2.850442e+00  1.638499e-03   5.75e-04  
819      -3.701716e+00  -3.699908e+00  1.808386e-03   4.89e-04  
820      -4.267862e+00  -4.267029e+00  8.333619e-04   1.95e-04  
821      -4.258875e+00  -4.257009e+00  1.865771e-03   4.38e-04  
822      -3.598071e+00  -3.599052e+00  9.804451e-04   2.72e-04  
823      -3.243639e+00  -3.245150e+00  1.511425e-03   4.66e-04  
824      -3.238490e+00  -3.238246e+00  2.443056e-04   7.54e-05  
825      -3.069228e+00  -3.069213e+00  1.517125e-05   4.94e-06  
826      -2.742035e+00  -2.741895e+00  1.403070e-04   5.12e-05  
827      -2.252640e+00  -2.253437e+00  7.978995e-04   3.54e-04  
828      -1.229713e+00  -1.229529e+00  1.836072e-04   1.49e-04  
829      -4.770305e-01  -4.765087e-01  5.217795e-04   1.09e-03  
830      -2.775986e-01  -2.776659e-01  6.728544e-05   2.42e-04  
831      -8.877514e-01  -8.887542e-01  1.002875e-03   1.13e-03  
832      -1.923606e+00  -1.924963e+00  1.356307e-03   7.05e-04  
833      -2.347639e+00  -2.348878e+00  1.239345e-03   5.28e-04  
834      -2.564113e+00  -2.564433e+00  3.195077e-04   1.25e-04  
835      -5.241055e+00  -5.241909e+00  8.537254e-04   1.63e-04  
836      -6.936115e+00  -6.937528e+00  1.413651e-03   2.04e-04  
837      -8.242843e+00  -8.244436e+00  1.593871e-03   1.93e-04  
838      -8.039387e+00  -8.038984e+00  4.028426e-04   5.01e-05  
839      -3.839869e+00  -3.841339e+00  1.469899e-03   3.83e-04  
840      -2.175921e+00  -2.176283e+00  3.621998e-04   1.66e-04  
841      -3.222857e+00  -3.222546e+00  3.110333e-04   9.65e-05  
842      -5.002844e+00  -5.004557e+00  1.712760e-03   3.42e-04  
843      -4.859574e+00  -4.859215e+00  3.589377e-04   7.39e-05  
844      -1.813132e+00  -1.814967e+00  1.835238e-03   1.01e-03  
845      -8.730336e-01  -8.709048e-01  2.128751e-03   2.44e-03  
846      -7.443222e-01  -7.445112e-01  1.890356e-04   2.54e-04  
847      -7.754890e-01  -7.738004e-01  1.688636e-03   2.18e-03  
848      -8.232782e-01  -8.215721e-01  1.706036e-03   2.07e-03  
849      -8.105585e-01  -8.295655e-01  1.900698e-02   2.34e-02  
850      -7.757814e-01  -7.605109e-01  1.527050e-02   1.97e-02  
851      -5.512603e-01  -5.445958e-01  6.664502e-03   1.21e-02  
852      -5.581987e-01  -5.674389e-01  9.240111e-03   1.66e-02  
853      -5.359163e-01  -5.349585e-01  9.577369e-04   1.79e-03  
854      -6.819635e-01  -6.833471e-01  1.383604e-03   2.03e-03  
855      -3.816015e-01  -3.811624e-01  4.391200e-04   1.15e-03  
856      -6.396612e-01  -6.384471e-01  1.214112e-03   1.90e-03  
857      -6.437829e-01  -6.447306e-01  9.476439e-04   1.47e-03  
858      -4.456516e-01  -4.462896e-01  6.380029e-04   1.43e-03  
859      -3.521298e-01  -3.525713e-01  4.415394e-04   1.25e-03  
860      -5.275036e-01  -5.284681e-01  9.645720e-04   1.83e-03  
861      -4.770905e-01  -4.755793e-01  1.511203e-03   3.17e-03  
862      -3.150155e-01  -3.157135e-01  6.979598e-04   2.22e-03  
863      -3.222721e-01  -3.209118e-01  1.360257e-03   4.22e-03  
864      -5.958884e-01  -5.961039e-01  2.154440e-04   3.62e-04  
865      -4.571386e-01  -4.581705e-01  1.031871e-03   2.26e-03  
866      -2.958853e-01  -2.969745e-01  1.089133e-03   3.68e-03  
867      -3.093219e-01  -3.094925e-01  1.706508e-04   5.52e-04  
868      -5.043110e-01  -5.038032e-01  5.077949e-04   1.01e-03  
869      -7.462403e-01  -7.466730e-01  4.326865e-04   5.80e-04  
870      -1.117304e+00  -1.117928e+00  6.232957e-04   5.58e-04  
871      -1.582841e+00  -1.582978e+00  1.364825e-04   8.62e-05  
872      -1.977167e+00  -1.974643e+00  2.524111e-03   1.28e-03  
873      -2.751602e+00  -2.750947e+00  6.547276e-04   2.38e-04  
874      -3.720625e+00  -3.719450e+00  1.175263e-03   3.16e-04  
875      -4.341822e+00  -4.340858e+00  9.640488e-04   2.22e-04  
876      -5.001098e+00  -5.001074e+00  2.373928e-05   4.75e-06  
877      -5.403827e+00  -5.403937e+00  1.107398e-04   2.05e-05  
878      -4.118400e+00  -4.120901e+00  2.500544e-03   6.07e-04  
879      -2.653173e+00  -2.653059e+00  1.146526e-04   4.32e-05  
880      -8.574558e-01  -8.572903e-01  1.655654e-04   1.93e-04  
881      -3.618474e-01  -3.617311e-01  1.163060e-04   3.21e-04  
882      -7.174557e-01  -7.182803e-01  8.245840e-04   1.15e-03  
883      -1.280565e+00  -1.281958e+00  1.392994e-03   1.09e-03  
884      -1.865819e+00  -1.865221e+00  5.977640e-04   3.20e-04  
885      -4.291289e+00  -4.290907e+00  3.816526e-04   8.89e-05  
886      -6.092073e+00  -6.089738e+00  2.334998e-03   3.83e-04  
887      -6.743277e+00  -6.745649e+00  2.372492e-03   3.52e-04  
888      -8.135260e+00  -8.136965e+00  1.705763e-03   2.10e-04  
889      -5.759626e+00  -5.761813e+00  2.186838e-03   3.80e-04  
890      -5.619377e+00  -5.619091e+00  2.858048e-04   5.09e-05  
891      -8.121799e+00  -8.123482e+00  1.682790e-03   2.07e-04  
892      -1.073119e+01  -1.073144e+01  2.520584e-04   2.35e-05  
893      -9.195408e+00  -9.194847e+00  5.607793e-04   6.10e-05  
894      -2.698848e+00  -2.697756e+00  1.091895e-03   4.05e-04  
895      -9.311924e-01  -9.324538e-01  1.261375e-03   1.35e-03  
896      -7.472060e-01  -7.479503e-01  7.442030e-04   9.96e-04  
897      -7.364378e-01  -7.376065e-01  1.168649e-03   1.59e-03  
898      -7.610834e-01  -7.588625e-01  2.220903e-03   2.92e-03  
899      -8.030111e-01  -8.222821e-01  1.927103e-02   2.40e-02  
900      -8.725648e-01  -8.572471e-01  1.531771e-02   1.76e-02  
901      -3.586022e-01  -3.694487e-01  1.084650e-02   3.02e-02  
902      -3.514405e-01  -3.634818e-01  1.204135e-02   3.43e-02  
903      -3.930413e-01  -3.961418e-01  3.100523e-03   7.89e-03  
904      -5.476408e-01  -5.516398e-01  3.999047e-03   7.30e-03  
905      -3.583376e-01  -3.673938e-01  9.056164e-03   2.53e-02  
906      -5.925154e-01  -6.253703e-01  3.285483e-02   5.54e-02  
907      -6.107221e-01  -6.353804e-01  2.465828e-02   4.04e-02  
908      -4.361415e-01  -4.460298e-01  9.888348e-03   2.27e-02  
909      -2.967513e-01  -3.003498e-01  3.598547e-03   1.21e-02  
910      -5.038743e-01  -5.085343e-01  4.660008e-03   9.25e-03  
911      -4.923516e-01  -4.923550e-01  3.399545e-06   6.90e-06  
912      -2.996813e-01  -2.999752e-01  2.939100e-04   9.81e-04  
913      -2.163359e-01  -2.175494e-01  1.213532e-03   5.61e-03  
914      -1.547091e-01  -1.543310e-01  3.780458e-04   2.44e-03  
915      -8.507556e-02  -8.675386e-02  1.678302e-03   1.97e-02  
916      -4.627048e-02  -4.622905e-02  4.143551e-05   8.96e-04  
917      -2.161300e-02  -2.134811e-02  2.648875e-04   1.23e-02  
918      -4.129457e-02  -3.994387e-02  1.350701e-03   3.27e-02  
919      -4.607769e-02  -4.560775e-02  4.699373e-04   1.02e-02  
920      -7.639410e-02  -7.773622e-02  1.342114e-03   1.76e-02  
921      -1.758208e-01  -1.755762e-01  2.445534e-04   1.39e-03  
922      -2.966354e-01  -2.971382e-01  5.027389e-04   1.69e-03  
923      -5.784295e-01  -5.761808e-01  2.248671e-03   3.89e-03  
924      -1.070634e+00  -1.067673e+00  2.960261e-03   2.76e-03  
925      -1.960250e+00  -1.960605e+00  3.555024e-04   1.81e-04  
926      -3.983033e+00  -3.985725e+00  2.691372e-03   6.76e-04  
927      -6.253998e+00  -6.268034e+00  1.403624e-02   2.24e-03  
928      -6.855709e+00  -6.900730e+00  4.502020e-02   6.57e-03  
929      -7.072859e+00  -7.271681e+00  1.988217e-01   2.81e-02  
930      -3.978819e+00  -4.162382e+00  1.835631e-01   4.61e-02  
931      -1.265558e+00  -1.265601e+00  4.217577e-05   3.33e-05  
932      -5.832989e-01  -5.828144e-01  4.844335e-04   8.31e-04  
933      -6.765436e-01  -6.784882e-01  1.944565e-03   2.87e-03  
934      -9.254747e-01  -9.256053e-01  1.305228e-04   1.41e-04  
935      -2.085396e+00  -2.085948e+00  5.524838e-04   2.65e-04  
936      -3.772510e+00  -3.771957e+00  5.533147e-04   1.47e-04  
937      -7.053515e+00  -7.053109e+00  4.062270e-04   5.76e-05  
938      -1.231455e+01  -1.231359e+01  9.591566e-04   7.79e-05  
939      -1.038966e+01  -1.038884e+01  8.196651e-04   7.89e-05  
940      -7.318020e+00  -7.319500e+00  1.480161e-03   2.02e-04  
941      -7.914357e+00  -7.913093e+00  1.263898e-03   1.60e-04  
942      -9.763176e+00  -9.763326e+00  1.501179e-04   1.54e-05  
943      -7.988914e+00  -7.989346e+00  4.322786e-04   5.41e-05  
944      -2.222708e+00  -2.223300e+00  5.924382e-04   2.67e-04  
945      -8.942686e-01  -8.941885e-01  8.008868e-05   8.96e-05  
946      -7.583795e-01  -7.590302e-01  6.506439e-04   8.58e-04  
947      -7.372597e-01  -7.380925e-01  8.327967e-04   1.13e-03  
948      -7.684029e-01  -7.703767e-01  1.973819e-03   2.57e-03  
949      -8.260804e-01  -8.475206e-01  2.144024e-02   2.60e-02  
950      -9.005536e-01  -8.829090e-01  1.764453e-02   1.96e-02  
951      -4.606619e-01  -4.459514e-01  1.471049e-02   3.19e-02  
952      -2.979980e-01  -3.069295e-01  8.931451e-03   3.00e-02  
953      -1.893184e-01  -1.821155e-01  7.202849e-03   3.80e-02  
954      -3.232650e-01  -3.093140e-01  1.395096e-02   4.32e-02  
955      -5.168733e-01  -5.107415e-01  6.131814e-03   1.19e-02  
956      -1.029981e+00  -1.020612e+00  9.369207e-03   9.10e-03  
957      -9.335507e-01  -9.219099e-01  1.164078e-02   1.25e-02  
958      -5.001373e-01  -4.905814e-01  9.555901e-03   1.91e-02  
959      -2.015725e-01  -1.982266e-01  3.345829e-03   1.66e-02  
960      -2.502053e-01  -2.359968e-01  1.420845e-02   5.68e-02  
961      -1.676945e-01  -1.540155e-01  1.367894e-02   8.16e-02  
962      -7.904028e-02  -7.206495e-02  6.975333e-03   8.83e-02  
963      -8.988806e-02  -8.387190e-02  6.016164e-03   6.69e-02  
964      -3.711736e-02  -3.486036e-02  2.256996e-03   6.08e-02  
965      -1.648161e-02  -1.512376e-02  1.357853e-03   8.24e-02  
966      -6.233687e-03  -7.923404e-03  1.689717e-03   2.71e-01  
967      -1.923081e-03  -2.688125e-03  7.650442e-04   3.98e-01  
968      -1.447226e-03  -2.152092e-03  7.048662e-04   4.87e-01  
969      -1.955645e-03  -2.887077e-03  9.314318e-04   4.76e-01  
970      -9.818833e-04  -7.253220e-04  2.565613e-04   2.61e-01  
971      -1.951054e-03  -2.394813e-03  4.437595e-04   2.27e-01  
972      -6.067929e-03  -5.394440e-03  6.734885e-04   1.11e-01  
973      -3.675791e-02  -3.407763e-02  2.680276e-03   7.29e-02  
974      -1.041181e-01  -9.312089e-02  1.099723e-02   1.06e-01  
975      -2.742023e-01  -2.449792e-01  2.922312e-02   1.07e-01  
976      -8.816677e-01  -7.941537e-01  8.751396e-02   9.93e-02  
977      -1.977858e+00  -1.808205e+00  1.696537e-01   8.58e-02  
978      -4.024098e+00  -3.855342e+00  1.687559e-01   4.19e-02  
979      -8.082799e+00  -7.899988e+00  1.828105e-01   2.26e-02  
980      -7.083096e+00  -6.955736e+00  1.273591e-01   1.80e-02  
981      -3.687706e+00  -4.001618e+00  3.139117e-01   8.51e-02  
982      -1.593506e+00  -1.593024e+00  4.822305e-04   3.03e-04  
983      -9.428455e-01  -9.470705e-01  4.224944e-03   4.48e-03  
984      -7.293885e-01  -7.292306e-01  1.578840e-04   2.16e-04  
985      -1.203725e+00  -1.203879e+00  1.540241e-04   1.28e-04  
986      -2.052402e+00  -2.052212e+00  1.896239e-04   9.24e-05  
987      -3.384957e+00  -3.384965e+00  7.327072e-06   2.16e-06  
988      -5.696762e+00  -5.696559e+00  2.030812e-04   3.56e-05  
989      -4.278942e+00  -4.277886e+00  1.056510e-03   2.47e-04  
990      -2.182724e+00  -2.183594e+00  8.703428e-04   3.99e-04  
991      -2.087126e+00  -2.085908e+00  1.217214e-03   5.83e-04  
992      -2.865999e+00  -2.864403e+00  1.596148e-03   5.57e-04  
993      -2.358365e+00  -2.359758e+00  1.392868e-03   5.91e-04  
994      -8.283436e-01  -8.282387e-01  1.048846e-04   1.27e-04  
995      -8.707074e-01  -8.708105e-01  1.030852e-04   1.18e-04  
996      -7.768531e-01  -7.783791e-01  1.526009e-03   1.96e-03  
997      -7.552984e-01  -7.566990e-01  1.400602e-03   1.85e-03  
998      -7.869423e-01  -7.881522e-01  1.209872e-03   1.54e-03  
999      -8.424651e-01  -8.635851e-01  2.112004e-02   2.51e-02  
1000     -9.009628e-01  -8.816795e-01  1.928328e-02   2.14e-02  
1001     -4.329500e+00  -4.225901e+00  1.035994e-01   2.39e-02  
1002     -2.690226e+00  -2.820472e+00  1.302461e-01   4.84e-02  
1003     -1.188152e+00  -1.188727e+00  5.748386e-04   4.84e-04  
1004     -6.812524e-01  -6.772666e-01  3.985779e-03   5.85e-03  
1005     -6.224676e-01  -6.253055e-01  2.837909e-03   4.56e-03  
1006     -7.307516e-01  -7.338519e-01  3.100388e-03   4.24e-03  
1007     -7.045488e-01  -7.082639e-01  3.715081e-03   5.27e-03  
1008     -8.503395e-01  -8.514957e-01  1.156175e-03   1.36e-03  
1009     -6.824388e-01  -6.811308e-01  1.308010e-03   1.92e-03  
1010     -2.707604e-01  -2.727569e-01  1.996465e-03   7.37e-03  
1011     -1.561791e-01  -1.572448e-01  1.065743e-03   6.82e-03  
1012     -3.342851e-01  -3.343536e-01  6.849752e-05   2.05e-04  
1013     -3.046252e-01  -3.054845e-01  8.593207e-04   2.82e-03  
1014     -5.578318e-01  -5.591983e-01  1.366508e-03   2.45e-03  
1015     -8.552881e-01  -8.579076e-01  2.619493e-03   3.06e-03  
1016     -7.908338e-01  -7.915065e-01  6.727553e-04   8.51e-04  
1017     -7.746305e-01  -7.780108e-01  3.380278e-03   4.36e-03  
1018     -8.068241e-01  -8.041417e-01  2.682454e-03   3.32e-03  
1019     -8.582287e-01  -8.788606e-01  2.063197e-02   2.40e-02  
1020     -9.058354e-01  -8.859166e-01  1.991874e-02   2.20e-02  
1021     -2.618384e+00  -2.540509e+00  7.787509e-02   2.97e-02  
1022     -2.751056e+00  -2.790407e+00  3.935078e-02   1.43e-02  
1023     -1.494932e+00  -1.494830e+00  1.028321e-04   6.88e-05  
1024     -6.077003e-01  -6.058343e-01  1.866024e-03   3.07e-03  
1025     -2.719461e-01  -2.692514e-01  2.694754e-03   9.91e-03  
1026     -2.191157e-01  -2.176768e-01  1.438966e-03   6.57e-03  
1027     -1.162756e-01  -1.181462e-01  1.870560e-03   1.61e-02  
1028     -4.414002e-02  -4.620517e-02  2.065151e-03   4.68e-02  
1029     -7.566547e-02  -7.424376e-02  1.421716e-03   1.88e-02  
1030     -3.799984e-02  -3.887294e-02  8.731015e-04   2.30e-02  
1031     -1.833584e-02  -1.806313e-02  2.727095e-04   1.49e-02  
1032     -3.740864e-02  -3.580794e-02  1.600698e-03   4.28e-02  
1033     -1.009518e-01  -1.023665e-01  1.414668e-03   1.40e-02  
1034     -4.728234e-01  -4.724814e-01  3.420836e-04   7.23e-04  
1035     -8.152503e-01  -8.165142e-01  1.263913e-03   1.55e-03  
1036     -7.864895e-01  -7.889253e-01  2.435773e-03   3.10e-03  
1037     -7.858887e-01  -7.839628e-01  1.925883e-03   2.45e-03  
1038     -8.229348e-01  -8.201619e-01  2.772982e-03   3.37e-03  
1039     -8.762554e-01  -8.965543e-01  2.029894e-02   2.32e-02  
1040     -9.245552e-01  -9.042884e-01  2.026680e-02   2.19e-02  
1041     -1.110027e+00  -1.054458e+00  5.556864e-02   5.01e-02  
1042     -2.090138e+00  -2.105210e+00  1.507158e-02   7.21e-03  
1043     -1.490851e+00  -1.490671e+00  1.790268e-04   1.20e-04  
1044     -9.113859e-01  -9.125341e-01  1.148193e-03   1.26e-03  
1045     -4.433547e-01  -4.433531e-01  1.600499e-06   3.61e-06  
1046     -2.560409e-01  -2.559284e-01  1.125232e-04   4.39e-04  
1047     -7.052998e-02  -6.955077e-02  9.792179e-04   1.39e-02  
1048     -1.728584e-02  -1.751914e-02  2.333037e-04   1.35e-02  
1049     -1.074001e-01  -1.062227e-01  1.177374e-03   1.10e-02  
1050     -1.500523e-01  -1.499632e-01  8.909106e-05   5.94e-04  
1051     -1.359792e-01  -1.370972e-01  1.118018e-03   8.22e-03  
1052     -1.500544e-01  -1.481982e-01  1.856260e-03   1.24e-02  
1053     -1.842916e-01  -1.836565e-01  6.350935e-04   3.45e-03  
1054     -4.315852e-01  -4.290774e-01  2.507720e-03   5.81e-03  
1055     -7.733465e-01  -7.718245e-01  1.521981e-03   1.97e-03  
1056     -7.746064e-01  -7.743466e-01  2.597635e-04   3.35e-04  
1057     -7.873904e-01  -7.855414e-01  1.849059e-03   2.35e-03  
1058     -8.322183e-01  -8.329459e-01  7.275947e-04   8.74e-04  
1059     -8.951942e-01  -9.143344e-01  1.914015e-02   2.14e-02  
1060     -9.548817e-01  -9.381739e-01  1.670779e-02   1.75e-02  
1061     -3.470381e-01  -3.315955e-01  1.544263e-02   4.45e-02  
1062     -8.026661e-01  -8.092968e-01  6.630748e-03   8.26e-03  
1063     -7.680262e-01  -7.678727e-01  1.534197e-04   2.00e-04  
1064     -7.971439e-01  -7.966662e-01  4.776653e-04   5.99e-04  
1065     -6.500892e-01  -6.512795e-01  1.190268e-03   1.83e-03  
1066     -4.576741e-01  -4.567062e-01  9.678986e-04   2.11e-03  
1067     -2.036419e-01  -2.024404e-01  1.201443e-03   5.90e-03  
1068     -1.697803e-01  -1.713300e-01  1.549729e-03   9.13e-03  
1069     -4.973545e-01  -4.956382e-01  1.716223e-03   3.45e-03  
1070     -7.221284e-01  -7.204920e-01  1.636372e-03   2.27e-03  
1071     -7.750608e-01  -7.736878e-01  1.372946e-03   1.77e-03  
1072     -7.899651e-01  -7.928526e-01  2.887478e-03   3.66e-03  
1073     -6.280480e-01  -6.282482e-01  2.002658e-04   3.19e-04  
1074     -5.178765e-01  -5.176685e-01  2.080680e-04   4.02e-04  
1075     -7.625778e-01  -7.641404e-01  1.562566e-03   2.05e-03  
1076     -7.595978e-01  -7.587840e-01  8.137482e-04   1.07e-03  
1077     -7.764667e-01  -7.749446e-01  1.522078e-03   1.96e-03  
1078     -8.315575e-01  -8.313583e-01  1.991570e-04   2.39e-04  
1079     -9.115328e-01  -9.314016e-01  1.986878e-02   2.18e-02  
1080     -9.917655e-01  -9.737141e-01  1.805137e-02   1.82e-02  
1081     -8.322054e-02  -7.597521e-02  7.245329e-03   8.71e-02  
1082     -2.552844e-01  -2.554151e-01  1.307137e-04   5.12e-04  
1083     -3.677988e-01  -3.662677e-01  1.531030e-03   4.16e-03  
1084     -5.352671e-01  -5.357464e-01  4.792742e-04   8.95e-04  
1085     -6.252569e-01  -6.234376e-01  1.819324e-03   2.91e-03  
1086     -6.400111e-01  -6.439342e-01  3.923068e-03   6.13e-03  
1087     -5.132810e-01  -5.132495e-01  3.157532e-05   6.15e-05  
1088     -4.810494e-01  -4.822186e-01  1.169268e-03   2.43e-03  
1089     -8.485254e-01  -8.481106e-01  4.147603e-04   4.89e-04  
1090     -1.373824e+00  -1.373748e+00  7.642635e-05   5.56e-05  
1091     -1.667806e+00  -1.668564e+00  7.579838e-04   4.54e-04  
1092     -1.595967e+00  -1.595145e+00  8.220084e-04   5.15e-04  
1093     -1.079113e+00  -1.080343e+00  1.230357e-03   1.14e-03  
1094     -6.514533e-01  -6.504541e-01  9.992012e-04   1.53e-03  
1095     -7.958503e-01  -7.958113e-01  3.897765e-05   4.90e-05  
1096     -7.422630e-01  -7.430441e-01  7.811353e-04   1.05e-03  
1097     -7.517830e-01  -7.526592e-01  8.761517e-04   1.17e-03  
1098     -8.200122e-01  -8.194814e-01  5.307944e-04   6.47e-04  
1099     -9.226330e-01  -9.461934e-01  2.356035e-02   2.55e-02  
1100     -1.030567e+00  -1.009411e+00  2.115653e-02   2.05e-02  
1101     -2.597845e-02  -2.424201e-02  1.736441e-03   6.68e-02  
1102     -1.322321e-01  -1.285628e-01  3.669327e-03   2.77e-02  
1103     -3.280712e-01  -3.274783e-01  5.928161e-04   1.81e-03  
1104     -3.391968e-01  -3.350033e-01  4.193570e-03   1.24e-02  
1105     -3.687894e-01  -3.686307e-01  1.587039e-04   4.30e-04  
1106     -4.914458e-01  -4.905394e-01  9.063811e-04   1.84e-03  
1107     -5.682481e-01  -5.711769e-01  2.928746e-03   5.15e-03  
1108     -5.752778e-01  -5.680079e-01  7.269920e-03   1.26e-02  
1109     -7.268391e-01  -7.270967e-01  2.575945e-04   3.54e-04  
1110     -1.259901e+00  -1.261448e+00  1.547283e-03   1.23e-03  
1111     -1.836820e+00  -1.834085e+00  2.734379e-03   1.49e-03  
1112     -1.786032e+00  -1.787769e+00  1.737304e-03   9.73e-04  
1113     -1.063938e+00  -1.067492e+00  3.553439e-03   3.34e-03  
1114     -6.518828e-01  -6.470538e-01  4.829026e-03   7.41e-03  
1115     -8.224013e-01  -8.204898e-01  1.911496e-03   2.32e-03  
1116     -7.357554e-01  -7.333949e-01  2.360506e-03   3.21e-03  
1117     -7.211073e-01  -7.204534e-01  6.538810e-04   9.07e-04  
1118     -7.991399e-01  -8.012978e-01  2.157864e-03   2.70e-03  
1119     -9.266655e-01  -9.504078e-01  2.374228e-02   2.56e-02  
1120     -1.062098e+00  -1.038619e+00  2.347930e-02   2.21e-02  
1121     -4.775352e-03  -5.268248e-03  4.928962e-04   1.03e-01  
1122     -1.155839e-01  -1.148794e-01  7.045048e-04   6.10e-03  
1123     -4.573914e-01  -4.574906e-01  9.919762e-05   2.17e-04  
1124     -3.803851e-01  -3.811272e-01  7.420590e-04   1.95e-03  
1125     -2.315727e-01  -2.315812e-01  8.507311e-06   3.67e-05  
1126     -2.533027e-01  -2.553270e-01  2.024274e-03   7.99e-03  
1127     -3.748490e-01  -3.770197e-01  2.170698e-03   5.79e-03  
1128     -5.195516e-01  -5.166902e-01  2.861434e-03   5.51e-03  
1129     -8.456784e-01  -8.459932e-01  3.148601e-04   3.72e-04  
1130     -1.728755e+00  -1.729119e+00  3.642765e-04   2.11e-04  
1131     -2.780549e+00  -2.779483e+00  1.066465e-03   3.84e-04  
1132     -2.464156e+00  -2.465177e+00  1.021150e-03   4.14e-04  
1133     -1.126032e+00  -1.125875e+00  1.568047e-04   1.39e-04  
1134     -4.868847e-01  -4.855849e-01  1.299774e-03   2.67e-03  
1135     -6.193523e-01  -6.216584e-01  2.306112e-03   3.72e-03  
1136     -6.441232e-01  -6.424381e-01  1.685159e-03   2.62e-03  
1137     -6.539700e-01  -6.510459e-01  2.924167e-03   4.47e-03  
1138     -7.747866e-01  -7.748065e-01  1.992396e-05   2.57e-05  
1139     -9.203841e-01  -9.455874e-01  2.520330e-02   2.74e-02  
1140     -1.065114e+00  -1.045449e+00  1.966471e-02   1.85e-02  
1141     -2.074475e-03  -1.729177e-03  3.452985e-04   1.66e-01  
1142     -9.498752e-02  -9.188227e-02  3.105247e-03   3.27e-02  
1143     -4.828979e-01  -4.803655e-01  2.532329e-03   5.24e-03  
1144     -3.901073e-01  -3.899731e-01  1.341197e-04   3.44e-04  
1145     -1.985358e-01  -1.998859e-01  1.350105e-03   6.80e-03  
1146     -1.458340e-01  -1.473381e-01  1.504123e-03   1.03e-02  
1147     -2.010891e-01  -1.981186e-01  2.970489e-03   1.48e-02  
1148     -3.147702e-01  -3.133846e-01  1.385578e-03   4.40e-03  
1149     -6.379089e-01  -6.365286e-01  1.380271e-03   2.16e-03  
1150     -1.630903e+00  -1.629255e+00  1.647423e-03   1.01e-03  
1151     -2.976906e+00  -2.976915e+00  9.504733e-06   3.19e-06  
1152     -2.743254e+00  -2.741253e+00  2.001189e-03   7.29e-04  
1153     -1.290517e+00  -1.290178e+00  3.387380e-04   2.62e-04  
1154     -4.627564e-01  -4.628981e-01  1.417029e-04   3.06e-04  
1155     -3.775614e-01  -3.789711e-01  1.409720e-03   3.73e-03  
1156     -4.751346e-01  -4.735296e-01  1.605080e-03   3.38e-03  
1157     -5.425644e-01  -5.380360e-01  4.528391e-03   8.35e-03  
1158     -7.488482e-01  -7.493992e-01  5.510092e-04   7.36e-04  
1159     -9.062335e-01  -9.298714e-01  2.363788e-02   2.61e-02  
1160     -1.014821e+00  -9.980073e-01  1.681325e-02   1.66e-02  
1161     -7.239036e-03  -4.158096e-03  3.080940e-03   4.26e-01  
1162     -1.059005e-01  -1.079775e-01  2.077020e-03   1.96e-02  
1163     -4.394616e-01  -4.377910e-01  1.670676e-03   3.80e-03  
1164     -3.652196e-01  -3.643845e-01  8.350760e-04   2.29e-03  
1165     -1.934158e-01  -1.952503e-01  1.834524e-03   9.48e-03  
1166     -1.265148e-01  -1.250311e-01  1.483723e-03   1.17e-02  
1167     -1.382344e-01  -1.388668e-01  6.323696e-04   4.57e-03  
1168     -2.145980e-01  -2.163256e-01  1.727617e-03   8.05e-03  
1169     -3.797130e-01  -3.815143e-01  1.801287e-03   4.74e-03  
1170     -9.548354e-01  -9.519761e-01  2.859300e-03   2.99e-03  
1171     -1.891385e+00  -1.891214e+00  1.713664e-04   9.06e-05  
1172     -1.947398e+00  -1.948405e+00  1.006951e-03   5.17e-04  
1173     -1.149488e+00  -1.147724e+00  1.763751e-03   1.53e-03  
1174     -5.423198e-01  -5.453438e-01  3.024058e-03   5.58e-03  
1175     -3.991867e-01  -3.996007e-01  4.140253e-04   1.04e-03  
1176     -5.326241e-01  -5.293333e-01  3.290807e-03   6.18e-03  
1177     -6.018826e-01  -6.022424e-01  3.598048e-04   5.98e-04  
1178     -7.149941e-01  -7.151942e-01  2.001695e-04   2.80e-04  
1179     -8.321681e-01  -8.553212e-01  2.315310e-02   2.78e-02  
1180     -9.127390e-01  -8.974524e-01  1.528656e-02   1.67e-02  
1181     -3.282293e-02  -2.854676e-02  4.276162e-03   1.30e-01  
1182     -1.898953e-01  -1.891840e-01  7.113170e-04   3.75e-03  
1183     -4.491047e-01  -4.478062e-01  1.298498e-03   2.89e-03  
1184     -3.593742e-01  -3.565140e-01  2.860252e-03   7.96e-03  
1185     -2.274657e-01  -2.270127e-01  4.529752e-04   1.99e-03  
1186     -1.088347e-01  -1.095401e-01  7.053758e-04   6.48e-03  
1187     -8.753907e-02  -8.688119e-02  6.578821e-04   7.52e-03  
1188     -1.728703e-01  -1.738977e-01  1.027365e-03   5.94e-03  
1189     -3.087136e-01  -3.095533e-01  8.397791e-04   2.72e-03  
1190     -5.670614e-01  -5.682676e-01  1.206248e-03   2.13e-03  
1191     -9.430248e-01  -9.413372e-01  1.687585e-03   1.79e-03  
1192     -1.027668e+00  -1.025303e+00  2.364567e-03   2.30e-03  
1193     -7.869065e-01  -7.875514e-01  6.448149e-04   8.19e-04  
1194     -5.289610e-01  -5.288240e-01  1.370251e-04   2.59e-04  
1195     -4.462603e-01  -4.483172e-01  2.056925e-03   4.61e-03  
1196     -5.447413e-01  -5.407412e-01  4.000134e-03   7.34e-03  
1197     -4.683800e-01  -4.698649e-01  1.484824e-03   3.17e-03  
1198     -4.105810e-01  -4.110296e-01  4.486397e-04   1.09e-03  
1199     -5.367266e-01  -5.501130e-01  1.338638e-02   2.49e-02  
1200     -7.626515e-01  -7.538063e-01  8.845249e-03   1.16e-02  
1201     -7.408787e-02  -6.572236e-02  8.365506e-03   1.13e-01  
1202     -2.730956e-01  -2.686789e-01  4.416691e-03   1.62e-02  
1203     -4.139311e-01  -4.149859e-01  1.054798e-03   2.55e-03  
1204     -3.308884e-01  -3.312812e-01  3.928188e-04   1.19e-03  
1205     -2.657415e-01  -2.655941e-01  1.473991e-04   5.55e-04  
1206     -1.222185e-01  -1.212732e-01  9.453443e-04   7.73e-03  
1207     -8.117267e-02  -8.238032e-02  1.207652e-03   1.49e-02  
1208     -1.557413e-01  -1.523125e-01  3.428768e-03   2.20e-02  
1209     -2.891392e-01  -2.839732e-01  5.166008e-03   1.79e-02  
1210     -4.063876e-01  -4.058694e-01  5.182045e-04   1.28e-03  
1211     -4.876479e-01  -4.884578e-01  8.098318e-04   1.66e-03  
1212     -4.909516e-01  -4.903166e-01  6.350847e-04   1.29e-03  
1213     -4.422676e-01  -4.431280e-01  8.603512e-04   1.95e-03  
1214     -3.610507e-01  -3.634483e-01  2.397643e-03   6.64e-03  
1215     -3.918707e-01  -3.934753e-01  1.604543e-03   4.09e-03  
1216     -5.391975e-01  -5.405360e-01  1.338519e-03   2.48e-03  
1217     -4.007046e-01  -3.986003e-01  2.104365e-03   5.25e-03  
1218     -3.356519e-01  -3.361254e-01  4.734426e-04   1.41e-03  
1219     -4.915944e-01  -5.100833e-01  1.848892e-02   3.76e-02  
1220     -8.151533e-01  -8.066189e-01  8.534422e-03   1.05e-02  
1221     -5.585296e-02  -5.158029e-02  4.272678e-03   7.65e-02  
1222     -1.903520e-01  -1.901412e-01  2.107293e-04   1.11e-03  
1223     -2.213282e-01  -2.230320e-01  1.703814e-03   7.70e-03  
1224     -2.424671e-01  -2.404937e-01  1.973395e-03   8.14e-03  
1225     -2.785560e-01  -2.778302e-01  7.258641e-04   2.61e-03  
1226     -1.737950e-01  -1.728330e-01  9.620202e-04   5.54e-03  
1227     -1.335353e-01  -1.329948e-01  5.404941e-04   4.05e-03  
1228     -1.771938e-01  -1.781416e-01  9.478282e-04   5.35e-03  
1229     -2.602730e-01  -2.596153e-01  6.577471e-04   2.53e-03  
1230     -2.916041e-01  -2.925850e-01  9.809483e-04   3.36e-03  
1231     -2.719998e-01  -2.686608e-01  3.339023e-03   1.23e-02  
1232     -2.661460e-01  -2.672215e-01  1.075433e-03   4.04e-03  
1233     -3.027430e-01  -3.032073e-01  4.643311e-04   1.53e-03  
1234     -4.015483e-01  -4.018273e-01  2.789447e-04   6.95e-04  
1235     -5.325182e-01  -5.373170e-01  4.798730e-03   9.01e-03  
1236     -6.714219e-01  -6.730835e-01  1.661621e-03   2.47e-03  
1237     -4.290174e-01  -4.279798e-01  1.037665e-03   2.42e-03  
1238     -4.041847e-01  -4.084251e-01  4.240348e-03   1.05e-02  
1239     -5.210081e-01  -5.376404e-01  1.663231e-02   3.19e-02  
1240     -8.319681e-01  -8.206388e-01  1.132928e-02   1.36e-02  
1241     -4.150252e-02  -3.753087e-02  3.971652e-03   9.57e-02  
1242     -1.423749e-01  -1.425400e-01  1.650479e-04   1.16e-03  
1243     -1.498704e-01  -1.495300e-01  3.403347e-04   2.27e-03  
1244     -2.412833e-01  -2.413384e-01  5.507551e-05   2.28e-04  
1245     -2.902936e-01  -2.916534e-01  1.359752e-03   4.68e-03  
1246     -2.536022e-01  -2.541429e-01  5.407779e-04   2.13e-03  
1247     -2.162411e-01  -2.176603e-01  1.419159e-03   6.56e-03  
1248     -2.409972e-01  -2.441220e-01  3.124781e-03   1.30e-02  
1249     -2.766098e-01  -2.759282e-01  6.816450e-04   2.46e-03  
1250     -2.550120e-01  -2.546454e-01  3.665905e-04   1.44e-03  
1251     -2.347738e-01  -2.359269e-01  1.153110e-03   4.91e-03  
1252     -2.893238e-01  -2.860492e-01  3.274616e-03   1.13e-02  
1253     -4.201327e-01  -4.203673e-01  2.345879e-04   5.58e-04  
1254     -5.972082e-01  -6.008929e-01  3.684722e-03   6.17e-03  
1255     -7.676975e-01  -7.654592e-01  2.238356e-03   2.92e-03  
1256     -8.177490e-01  -8.211066e-01  3.357548e-03   4.11e-03  
1257     -5.146614e-01  -5.124639e-01  2.197497e-03   4.27e-03  
1258     -5.048835e-01  -5.028716e-01  2.011904e-03   3.98e-03  
1259     -6.227399e-01  -6.409891e-01  1.824923e-02   2.93e-02  
1260     -8.667263e-01  -8.522647e-01  1.446158e-02   1.67e-02  
1261     -1.029240e-01  -9.799180e-02  4.932176e-03   4.79e-02  
1262     -2.659978e-01  -2.675137e-01  1.515856e-03   5.70e-03  
1263     -2.865458e-01  -2.846792e-01  1.866532e-03   6.51e-03  
1264     -3.636032e-01  -3.628270e-01  7.761601e-04   2.13e-03  
1265     -3.457946e-01  -3.492130e-01  3.418349e-03   9.89e-03  
1266     -3.345413e-01  -3.321020e-01  2.439270e-03   7.29e-03  
1267     -2.960637e-01  -2.974264e-01  1.362624e-03   4.60e-03  
1268     -3.014235e-01  -2.991334e-01  2.290090e-03   7.60e-03  
1269     -3.283698e-01  -3.281326e-01  2.372285e-04   7.22e-04  
1270     -3.259672e-01  -3.243161e-01  1.651021e-03   5.06e-03  
1271     -4.274658e-01  -4.270760e-01  3.897987e-04   9.12e-04  
1272     -6.116353e-01  -6.108741e-01  7.612535e-04   1.24e-03  
1273     -7.817552e-01  -7.826219e-01  8.667425e-04   1.11e-03  
1274     -9.240945e-01  -9.227443e-01  1.350151e-03   1.46e-03  
1275     -8.088420e-01  -8.088421e-01  4.773331e-08   5.90e-08  
1276     -7.079628e-01  -7.054194e-01  2.543384e-03   3.59e-03  
1277     -4.168420e-01  -4.156766e-01  1.165437e-03   2.80e-03  
1278     -5.011035e-01  -4.983383e-01  2.765177e-03   5.52e-03  
1279     -6.484765e-01  -6.636606e-01  1.518405e-02   2.34e-02  
1280     -8.784848e-01  -8.630582e-01  1.542666e-02   1.76e-02  
1281     -2.393354e-01  -2.286731e-01  1.066230e-02   4.45e-02  
1282     -4.970189e-01  -4.998776e-01  2.858738e-03   5.75e-03  
1283     -5.133732e-01  -5.155482e-01  2.174961e-03   4.24e-03  
1284     -5.043663e-01  -5.060497e-01  1.683352e-03   3.34e-03  
1285     -4.221528e-01  -4.211103e-01  1.042525e-03   2.47e-03  
1286     -3.844562e-01  -3.841797e-01  2.765761e-04   7.19e-04  
1287     -3.542504e-01  -3.577605e-01  3.510135e-03   9.91e-03  
1288     -3.342579e-01  -3.341790e-01  7.887052e-05   2.36e-04  
1289     -3.899885e-01  -3.869008e-01  3.087704e-03   7.92e-03  
1290     -5.324168e-01  -5.303480e-01  2.068817e-03   3.89e-03  
1291     -8.474241e-01  -8.477701e-01  3.460020e-04   4.08e-04  
1292     -1.025893e+00  -1.025147e+00  7.459628e-04   7.27e-04  
1293     -1.178745e+00  -1.177329e+00  1.415837e-03   1.20e-03  
1294     -1.056986e+00  -1.056261e+00  7.251155e-04   6.86e-04  
1295     -6.753844e-01  -6.739754e-01  1.409008e-03   2.09e-03  
1296     -5.496775e-01  -5.515358e-01  1.858324e-03   3.38e-03  
1297     -3.636820e-01  -3.646176e-01  9.355483e-04   2.57e-03  
1298     -4.531376e-01  -4.551549e-01  2.017345e-03   4.45e-03  
1299     -6.220379e-01  -6.388558e-01  1.681790e-02   2.70e-02  
1300     -8.469843e-01  -8.380528e-01  8.931508e-03   1.05e-02  
1301     -3.843335e-01  -3.682487e-01  1.608475e-02   4.19e-02  
1302     -6.897841e-01  -6.930020e-01  3.217910e-03   4.67e-03  
1303     -7.202110e-01  -7.224020e-01  2.190947e-03   3.04e-03  
1304     -6.500963e-01  -6.463705e-01  3.725762e-03   5.73e-03  
1305     -5.680209e-01  -5.630221e-01  4.998768e-03   8.80e-03  
1306     -4.667381e-01  -4.643118e-01  2.426296e-03   5.20e-03  
1307     -4.131857e-01  -4.138747e-01  6.889449e-04   1.67e-03  
1308     -3.741505e-01  -3.776864e-01  3.535965e-03   9.45e-03  
1309     -4.289127e-01  -4.306838e-01  1.771143e-03   4.13e-03  
1310     -7.014924e-01  -7.020822e-01  5.898023e-04   8.41e-04  
1311     -1.110219e+00  -1.107805e+00  2.414048e-03   2.17e-03  
1312     -1.227733e+00  -1.227736e+00  2.979041e-06   2.43e-06  
1313     -1.169915e+00  -1.169085e+00  8.299651e-04   7.09e-04  
1314     -8.073665e-01  -8.052427e-01  2.123806e-03   2.63e-03  
1315     -4.719421e-01  -4.732078e-01  1.265713e-03   2.68e-03  
1316     -4.013444e-01  -3.954978e-01  5.846627e-03   1.46e-02  
1317     -3.307387e-01  -3.287545e-01  1.984244e-03   6.00e-03  
1318     -4.381686e-01  -4.391217e-01  9.531017e-04   2.18e-03  
1319     -5.916362e-01  -6.060890e-01  1.445274e-02   2.44e-02  
1320     -7.932294e-01  -7.796729e-01  1.355658e-02   1.71e-02  
1321     -4.735413e-01  -4.499816e-01  2.355975e-02   4.98e-02  
1322     -7.989854e-01  -8.077933e-01  8.807926e-03   1.10e-02  
1323     -8.690176e-01  -8.683764e-01  6.411079e-04   7.38e-04  
1324     -8.182044e-01  -8.167171e-01  1.487265e-03   1.82e-03  
1325     -8.078245e-01  -8.077353e-01  8.913821e-05   1.10e-04  
1326     -6.515815e-01  -6.521191e-01  5.375848e-04   8.25e-04  
1327     -5.224259e-01  -5.238996e-01  1.473713e-03   2.82e-03  
1328     -4.836086e-01  -4.875989e-01  3.990231e-03   8.25e-03  
1329     -5.452187e-01  -5.439330e-01  1.285751e-03   2.36e-03  
1330     -7.735386e-01  -7.768784e-01  3.339883e-03   4.32e-03  
1331     -1.093054e+00  -1.086932e+00  6.122465e-03   5.60e-03  
1332     -1.016177e+00  -1.012621e+00  3.555898e-03   3.50e-03  
1333     -8.063470e-01  -8.055395e-01  8.075102e-04   1.00e-03  
1334     -6.955837e-01  -6.985306e-01  2.946870e-03   4.24e-03  
1335     -6.370039e-01  -6.332129e-01  3.790918e-03   5.95e-03  
1336     -4.374015e-01  -4.352933e-01  2.108221e-03   4.82e-03  
1337     -4.164593e-01  -4.171318e-01  6.724939e-04   1.61e-03  
1338     -4.731201e-01  -4.723375e-01  7.825204e-04   1.65e-03  
1339     -5.774742e-01  -5.962511e-01  1.877685e-02   3.25e-02  
1340     -7.465519e-01  -7.299161e-01  1.663581e-02   2.23e-02  
1341     -4.825855e-01  -4.645051e-01  1.808045e-02   3.75e-02  
1342     -8.224177e-01  -8.298326e-01  7.414940e-03   9.02e-03  
1343     -9.669398e-01  -9.651438e-01  1.796008e-03   1.86e-03  
1344     -9.956916e-01  -9.958734e-01  1.818103e-04   1.83e-04  
1345     -1.072763e+00  -1.071767e+00  9.960371e-04   9.28e-04  
1346     -9.386279e-01  -9.400378e-01  1.409894e-03   1.50e-03  
1347     -7.132452e-01  -7.104302e-01  2.815028e-03   3.95e-03  
1348     -6.211855e-01  -6.204397e-01  7.458354e-04   1.20e-03  
1349     -6.688631e-01  -6.701498e-01  1.286678e-03   1.92e-03  
1350     -7.992051e-01  -7.940986e-01  5.106510e-03   6.39e-03  
1351     -9.549794e-01  -9.537655e-01  1.213898e-03   1.27e-03  
1352     -9.288464e-01  -9.300999e-01  1.253485e-03   1.35e-03  
1353     -8.806033e-01  -8.815601e-01  9.568819e-04   1.09e-03  
1354     -1.043409e+00  -1.039909e+00  3.499739e-03   3.35e-03  
1355     -8.856952e-01  -8.843807e-01  1.314524e-03   1.48e-03  
1356     -6.218103e-01  -6.163390e-01  5.471287e-03   8.80e-03  
1357     -5.651666e-01  -5.648394e-01  3.271578e-04   5.79e-04  
1358     -5.403244e-01  -5.362779e-01  4.046515e-03   7.49e-03  
1359     -5.784880e-01  -5.930690e-01  1.458099e-02   2.52e-02  
1360     -7.004925e-01  -6.873177e-01  1.317490e-02   1.88e-02  
1361     -3.132208e-01  -2.993767e-01  1.384415e-02   4.42e-02  
1362     -6.782572e-01  -6.844397e-01  6.182518e-03   9.12e-03  
1363     -9.804707e-01  -9.768002e-01  3.670501e-03   3.74e-03  
1364     -1.084340e+00  -1.084246e+00  9.398865e-05   8.67e-05  
1365     -1.193980e+00  -1.192801e+00  1.179008e-03   9.87e-04  
1366     -1.148787e+00  -1.150094e+00  1.307265e-03   1.14e-03  
1367     -9.407795e-01  -9.422376e-01  1.458153e-03   1.55e-03  
1368     -7.698792e-01  -7.691591e-01  7.200931e-04   9.35e-04  
1369     -7.657591e-01  -7.675328e-01  1.773716e-03   2.32e-03  
1370     -8.285716e-01  -8.299577e-01  1.386046e-03   1.67e-03  
1371     -9.051849e-01  -9.035142e-01  1.670659e-03   1.85e-03  
1372     -1.035514e+00  -1.033335e+00  2.178903e-03   2.10e-03  
1373     -1.244217e+00  -1.241326e+00  2.891333e-03   2.32e-03  
1374     -1.412979e+00  -1.408873e+00  4.105609e-03   2.91e-03  
1375     -1.072587e+00  -1.070838e+00  1.749020e-03   1.63e-03  
1376     -7.779864e-01  -7.801651e-01  2.178676e-03   2.80e-03  
1377     -6.993518e-01  -6.988409e-01  5.108888e-04   7.31e-04  
1378     -6.309457e-01  -6.345766e-01  3.630884e-03   5.75e-03  
1379     -6.003327e-01  -6.174417e-01  1.710907e-02   2.85e-02  
1380     -6.565219e-01  -6.423170e-01  1.420493e-02   2.16e-02  
1381     -1.824004e-01  -1.703512e-01  1.204916e-02   6.61e-02  
1382     -5.407824e-01  -5.417951e-01  1.012724e-03   1.87e-03  
1383     -9.390674e-01  -9.401072e-01  1.039756e-03   1.11e-03  
1384     -1.090439e+00  -1.088089e+00  2.350601e-03   2.16e-03  
1385     -1.249784e+00  -1.249971e+00  1.869857e-04   1.50e-04  
1386     -1.323480e+00  -1.321663e+00  1.817446e-03   1.37e-03  
1387     -1.173731e+00  -1.171796e+00  1.934271e-03   1.65e-03  
1388     -9.232398e-01  -9.250090e-01  1.769132e-03   1.92e-03  
1389     -8.441836e-01  -8.441339e-01  4.976899e-05   5.90e-05  
1390     -9.187651e-01  -9.192502e-01  4.850789e-04   5.28e-04  
1391     -1.043317e+00  -1.043114e+00  2.032231e-04   1.95e-04  
1392     -1.284143e+00  -1.282022e+00  2.121157e-03   1.65e-03  
1393     -1.464731e+00  -1.464916e+00  1.857499e-04   1.27e-04  
1394     -1.543578e+00  -1.542990e+00  5.885889e-04   3.81e-04  
1395     -1.240179e+00  -1.244871e+00  4.692044e-03   3.78e-03  
1396     -9.563881e-01  -9.609431e-01  4.555023e-03   4.76e-03  
1397     -8.361893e-01  -8.352208e-01  9.685014e-04   1.16e-03  
1398     -7.537799e-01  -7.549835e-01  1.203633e-03   1.60e-03  
1399     -6.618684e-01  -6.747041e-01  1.283567e-02   1.94e-02  
1400     -6.369658e-01  -6.187048e-01  1.826103e-02   2.87e-02  
1401     -1.132598e-01  -1.040866e-01  9.173271e-03   8.10e-02  
1402     -4.086633e-01  -4.114059e-01  2.742668e-03   6.71e-03  
1403     -8.243540e-01  -8.223265e-01  2.027545e-03   2.46e-03  
1404     -1.045584e+00  -1.045454e+00  1.298973e-04   1.24e-04  
1405     -1.302830e+00  -1.301145e+00  1.684960e-03   1.29e-03  
1406     -1.511922e+00  -1.512410e+00  4.871386e-04   3.22e-04  
1407     -1.438113e+00  -1.437377e+00  7.357560e-04   5.12e-04  
1408     -1.072261e+00  -1.068054e+00  4.207137e-03   3.92e-03  
1409     -8.813700e-01  -8.817153e-01  3.452985e-04   3.92e-04  
1410     -9.270334e-01  -9.259202e-01  1.113226e-03   1.20e-03  
1411     -1.103169e+00  -1.105696e+00  2.526547e-03   2.29e-03  
1412     -1.366949e+00  -1.364937e+00  2.011781e-03   1.47e-03  
1413     -1.509140e+00  -1.507834e+00  1.306458e-03   8.66e-04  
1414     -1.550264e+00  -1.549968e+00  2.953306e-04   1.91e-04  
1415     -1.390843e+00  -1.395130e+00  4.286777e-03   3.08e-03  
1416     -1.135210e+00  -1.141245e+00  6.035755e-03   5.32e-03  
1417     -9.829718e-01  -9.886406e-01  5.668829e-03   5.77e-03  
1418     -8.958682e-01  -8.977520e-01  1.883796e-03   2.10e-03  
1419     -7.420920e-01  -7.624664e-01  2.037434e-02   2.75e-02  
1420     -6.267974e-01  -6.118256e-01  1.497182e-02   2.39e-02  
1421     -4.668380e-02  -4.585445e-02  8.293526e-04   1.78e-02  
1422     -2.355501e-01  -2.340221e-01  1.528048e-03   6.49e-03  
1423     -6.302187e-01  -6.297813e-01  4.373561e-04   6.94e-04  
1424     -9.761807e-01  -9.782644e-01  2.083689e-03   2.13e-03  
1425     -1.347353e+00  -1.346818e+00  5.349463e-04   3.97e-04  
1426     -1.673484e+00  -1.671162e+00  2.321863e-03   1.39e-03  
1427     -1.692317e+00  -1.692017e+00  2.997114e-04   1.77e-04  
1428     -1.275715e+00  -1.274826e+00  8.897532e-04   6.97e-04  
1429     -9.604862e-01  -9.583397e-01  2.146532e-03   2.23e-03  
1430     -9.067111e-01  -9.075285e-01  8.174326e-04   9.02e-04  
1431     -1.034944e+00  -1.035913e+00  9.689753e-04   9.36e-04  
1432     -1.274972e+00  -1.274307e+00  6.651704e-04   5.22e-04  
1433     -1.406672e+00  -1.407224e+00  5.519661e-04   3.92e-04  
1434     -1.462758e+00  -1.463009e+00  2.504679e-04   1.71e-04  
1435     -1.458300e+00  -1.458343e+00  4.316576e-05   2.96e-05  
1436     -1.310412e+00  -1.311127e+00  7.152067e-04   5.46e-04  
1437     -1.147091e+00  -1.145079e+00  2.011156e-03   1.75e-03  
1438     -1.044862e+00  -1.046001e+00  1.139350e-03   1.09e-03  
1439     -8.232033e-01  -8.313873e-01  8.184000e-03   9.94e-03  
1440     -5.961182e-01  -5.773325e-01  1.878575e-02   3.15e-02  
1441     -1.146579e-02  -1.399997e-02  2.534173e-03   2.21e-01  
1442     -1.033030e-01  -1.042366e-01  9.336258e-04   9.04e-03  
1443     -4.284118e-01  -4.261636e-01  2.248198e-03   5.25e-03  
1444     -8.736465e-01  -8.736293e-01  1.710753e-05   1.96e-05  
1445     -1.299520e+00  -1.303457e+00  3.937556e-03   3.03e-03  
1446     -1.669580e+00  -1.664979e+00  4.601455e-03   2.76e-03  
1447     -1.793380e+00  -1.790276e+00  3.103952e-03   1.73e-03  
1448     -1.485398e+00  -1.486895e+00  1.497028e-03   1.01e-03  
1449     -1.132244e+00  -1.127455e+00  4.789051e-03   4.23e-03  
1450     -9.254786e-01  -9.234918e-01  1.986725e-03   2.15e-03  
1451     -8.999983e-01  -8.992640e-01  7.342468e-04   8.16e-04  
1452     -1.013809e+00  -1.017157e+00  3.347889e-03   3.30e-03  
1453     -1.123414e+00  -1.123452e+00  3.853815e-05   3.43e-05  
1454     -1.243758e+00  -1.244019e+00  2.611090e-04   2.10e-04  
1455     -1.419396e+00  -1.421014e+00  1.617809e-03   1.14e-03  
1456     -1.428757e+00  -1.430469e+00  1.712194e-03   1.20e-03  
1457     -1.234054e+00  -1.235176e+00  1.121344e-03   9.09e-04  
1458     -1.132369e+00  -1.134069e+00  1.699397e-03   1.50e-03  
1459     -8.749670e-01  -8.810900e-01  6.123028e-03   7.00e-03  
1460     -5.275897e-01  -5.067909e-01  2.079882e-02   3.94e-02  
1461     -3.984560e-03  -5.144898e-03  1.160338e-03   2.91e-01  
1462     -5.680861e-02  -5.560423e-02  1.204373e-03   2.12e-02  
1463     -3.306782e-01  -3.335157e-01  2.837464e-03   8.58e-03  
1464     -8.933938e-01  -8.905681e-01  2.825651e-03   3.16e-03  
1465     -1.344303e+00  -1.342290e+00  2.012870e-03   1.50e-03  
1466     -1.616955e+00  -1.614636e+00  2.319008e-03   1.43e-03  
1467     -1.819469e+00  -1.817868e+00  1.600893e-03   8.80e-04  
1468     -1.733553e+00  -1.736052e+00  2.499385e-03   1.44e-03  
1469     -1.418720e+00  -1.420106e+00  1.386057e-03   9.77e-04  
1470     -1.029031e+00  -1.028184e+00  8.464545e-04   8.23e-04  
1471     -8.005665e-01  -7.989655e-01  1.601001e-03   2.00e-03  
1472     -7.091636e-01  -7.083815e-01  7.820026e-04   1.10e-03  
1473     -6.879399e-01  -6.868993e-01  1.040610e-03   1.51e-03  
1474     -8.310078e-01  -8.321177e-01  1.109886e-03   1.34e-03  
1475     -1.278209e+00  -1.278742e+00  5.327190e-04   4.17e-04  
1476     -1.664382e+00  -1.667233e+00  2.851784e-03   1.71e-03  
1477     -1.404404e+00  -1.407424e+00  3.019680e-03   2.15e-03  
1478     -1.059990e+00  -1.064246e+00  4.255962e-03   4.02e-03  
1479     -6.382769e-01  -6.413302e-01  3.053270e-03   4.78e-03  
1480     -2.730285e-01  -2.609380e-01  1.209046e-02   4.43e-02  
1481     -1.577882e-03  -1.371063e-03  2.068191e-04   1.31e-01  
1482     -2.206957e-02  -2.412833e-02  2.058752e-03   9.33e-02  
1483     -2.439512e-01  -2.440373e-01  8.614667e-05   3.53e-04  
1484     -9.640133e-01  -9.635966e-01  4.167644e-04   4.32e-04  
1485     -1.578248e+00  -1.577826e+00  4.227300e-04   2.68e-04  
1486     -1.652649e+00  -1.652118e+00  5.311464e-04   3.21e-04  
1487     -1.859989e+00  -1.861376e+00  1.386437e-03   7.45e-04  
1488     -2.039086e+00  -2.038537e+00  5.482043e-04   2.69e-04  
1489     -1.838052e+00  -1.839105e+00  1.052098e-03   5.72e-04  
1490     -1.261783e+00  -1.260809e+00  9.746155e-04   7.72e-04  
1491     -7.460019e-01  -7.447790e-01  1.222946e-03   1.64e-03  
1492     -5.209374e-01  -5.225797e-01  1.642331e-03   3.15e-03  
1493     -4.986582e-01  -5.021479e-01  3.489723e-03   7.00e-03  
1494     -8.651114e-01  -8.591604e-01  5.950948e-03   6.88e-03  
1495     -1.810910e+00  -1.815362e+00  4.451513e-03   2.46e-03  
1496     -2.647548e+00  -2.649186e+00  1.638126e-03   6.19e-04  
1497     -2.137068e+00  -2.140065e+00  2.997945e-03   1.40e-03  
1498     -1.280050e+00  -1.281047e+00  9.961119e-04   7.78e-04  
1499     -5.096191e-01  -5.132694e-01  3.650270e-03   7.16e-03  
1500     -1.477727e-01  -1.371308e-01  1.064192e-02   7.20e-02  
1501     -2.179710e-03  -3.765308e-03  1.585598e-03   7.27e-01  
1502     -7.272656e-03  -7.775611e-03  5.029556e-04   6.92e-02  
1503     -1.401396e-01  -1.389890e-01  1.150587e-03   8.21e-03  
1504     -8.421314e-01  -8.437610e-01  1.629580e-03   1.94e-03  
1505     -1.710641e+00  -1.709834e+00  8.069891e-04   4.72e-04  
1506     -1.793117e+00  -1.794236e+00  1.119296e-03   6.24e-04  
1507     -1.989714e+00  -1.987555e+00  2.159256e-03   1.09e-03  
1508     -2.350317e+00  -2.349383e+00  9.337244e-04   3.97e-04  
1509     -2.314250e+00  -2.316046e+00  1.795883e-03   7.76e-04  
1510     -1.650534e+00  -1.653991e+00  3.456830e-03   2.09e-03  
1511     -8.261795e-01  -8.277595e-01  1.580052e-03   1.91e-03  
1512     -5.257977e-01  -5.241412e-01  1.656506e-03   3.15e-03  
1513     -7.742406e-01  -7.747491e-01  5.084959e-04   6.57e-04  
1514     -1.810439e+00  -1.814723e+00  4.284549e-03   2.37e-03  
1515     -3.100321e+00  -3.100320e+00  8.062617e-07   2.60e-07  
1516     -3.345545e+00  -3.347349e+00  1.803954e-03   5.39e-04  
1517     -2.036557e+00  -2.039093e+00  2.535896e-03   1.25e-03  
1518     -9.236616e-01  -9.246997e-01  1.038182e-03   1.12e-03  
1519     -2.939402e-01  -2.977060e-01  3.765823e-03   1.28e-02  
1520     -8.282981e-02  -7.242193e-02  1.040789e-02   1.26e-01  
1521     -1.993809e-02  -2.153854e-02  1.600451e-03   8.03e-02  
1522     -1.669265e-02  -1.585761e-02  8.350386e-04   5.00e-02  
1523     -1.338938e-01  -1.345472e-01  6.534206e-04   4.88e-03  
1524     -8.190313e-01  -8.231996e-01  4.168267e-03   5.09e-03  
1525     -1.996975e+00  -1.997958e+00  9.830329e-04   4.92e-04  
1526     -2.467978e+00  -2.465534e+00  2.444604e-03   9.91e-04  
1527     -2.476725e+00  -2.479966e+00  3.241765e-03   1.31e-03  
1528     -2.477156e+00  -2.475592e+00  1.563979e-03   6.31e-04  
1529     -2.351929e+00  -2.350574e+00  1.354488e-03   5.76e-04  
1530     -1.754340e+00  -1.750257e+00  4.082999e-03   2.33e-03  
1531     -9.381923e-01  -9.371774e-01  1.014847e-03   1.08e-03  
1532     -7.069594e-01  -7.046856e-01  2.273850e-03   3.22e-03  
1533     -1.326360e+00  -1.326037e+00  3.231208e-04   2.44e-04  
1534     -2.633879e+00  -2.638807e+00  4.928798e-03   1.87e-03  
1535     -3.227244e+00  -3.228319e+00  1.074086e-03   3.33e-04  
1536     -2.512579e+00  -2.515335e+00  2.755480e-03   1.10e-03  
1537     -1.178100e+00  -1.182374e+00  4.273957e-03   3.63e-03  
1538     -4.272145e-01  -4.240144e-01  3.200132e-03   7.49e-03  
1539     -1.197041e-01  -1.197492e-01  4.505034e-05   3.76e-04  
1540     -3.845011e-02  -3.124228e-02  7.207827e-03   1.87e-01  
1541     -8.374820e-01  -8.350798e-01  2.402174e-03   2.87e-03  
1542     -7.201778e-01  -7.207865e-01  6.086587e-04   8.45e-04  
1543     -7.377965e-01  -7.389616e-01  1.165066e-03   1.58e-03  
1544     -9.048382e-01  -9.074296e-01  2.591397e-03   2.86e-03  
1545     -1.527808e+00  -1.531064e+00  3.255421e-03   2.13e-03  
1546     -2.108595e+00  -2.108670e+00  7.546394e-05   3.58e-05  
1547     -2.252158e+00  -2.251887e+00  2.709477e-04   1.20e-04  
1548     -2.024050e+00  -2.023000e+00  1.050410e-03   5.19e-04  
1549     -1.778435e+00  -1.785554e+00  7.118434e-03   4.00e-03  
1550     -1.411022e+00  -1.409521e+00  1.501359e-03   1.06e-03  
1551     -1.059142e+00  -1.058779e+00  3.625811e-04   3.42e-04  
1552     -9.947340e-01  -9.955994e-01  8.653779e-04   8.70e-04  
1553     -1.648689e+00  -1.644648e+00  4.041117e-03   2.45e-03  
1554     -2.415081e+00  -2.416299e+00  1.218371e-03   5.04e-04  
1555     -2.105203e+00  -2.106095e+00  8.914501e-04   4.23e-04  
1556     -1.176745e+00  -1.177438e+00  6.929409e-04   5.89e-04  
1557     -4.528114e-01  -4.492301e-01  3.581253e-03   7.91e-03  
1558     -1.421749e-01  -1.415549e-01  6.199688e-04   4.36e-03  
1559     -4.591135e-02  -4.591698e-02  5.629726e-06   1.23e-04  
1560     -1.628235e-02  -1.425860e-02  2.023751e-03   1.24e-01  
1561     -3.937891e+00  -3.938280e+00  3.896524e-04   9.89e-05  
1562     -4.003582e+00  -4.179840e+00  1.762575e-01   4.40e-02  
1563     -3.971655e+00  -4.033321e+00  6.166595e-02   1.55e-02  
1564     -3.922536e+00  -3.990918e+00  6.838180e-02   1.74e-02  
1565     -3.971021e+00  -4.053153e+00  8.213288e-02   2.07e-02  
1566     -3.937459e+00  -4.022809e+00  8.535013e-02   2.17e-02  
1567     -3.955276e+00  -4.042421e+00  8.714480e-02   2.20e-02  
1568     -3.671485e+00  -3.743898e+00  7.241269e-02   1.97e-02  
1569     -3.036037e+00  -3.087723e+00  5.168561e-02   1.70e-02  
1570     -2.063709e+00  -2.092434e+00  2.872549e-02   1.39e-02  
1571     -1.369022e+00  -1.381891e+00  1.286977e-02   9.40e-03  
1572     -1.019802e+00  -1.027755e+00  7.952387e-03   7.80e-03  
1573     -1.220759e+00  -1.226280e+00  5.521318e-03   4.52e-03  
1574     -1.318914e+00  -1.322302e+00  3.388324e-03   2.57e-03  
1575     -8.633384e-01  -8.666694e-01  3.331022e-03   3.86e-03  
1576     -3.907013e-01  -3.872503e-01  3.450983e-03   8.83e-03  
1577     -1.364376e-01  -1.380351e-01  1.597555e-03   1.17e-02  
1578     -4.500524e-02  -4.546962e-02  4.643781e-04   1.03e-02  
1579     -1.664971e-02  -1.430749e-02  2.342223e-03   1.41e-01  
1580     -5.825704e-03  -6.008349e-03  1.826454e-04   3.14e-02  
1581     -3.781273e+00  -3.547777e+00  2.334959e-01   6.18e-02  
1582     -3.535188e+00  -3.535088e+00  9.975807e-05   2.82e-05  
1583     -3.359631e+00  -3.259645e+00  9.998598e-02   2.98e-02  
1584     -3.454310e+00  -3.353012e+00  1.012985e-01   2.93e-02  
1585     -3.899081e+00  -3.800897e+00  9.818465e-02   2.52e-02  
1586     -4.065047e+00  -3.976237e+00  8.880992e-02   2.18e-02  
1587     -4.005283e+00  -3.913077e+00  9.220622e-02   2.30e-02  
1588     -3.424214e+00  -3.335956e+00  8.825763e-02   2.58e-02  
1589     -2.556487e+00  -2.482820e+00  7.366681e-02   2.88e-02  
1590     -1.488323e+00  -1.437401e+00  5.092208e-02   3.42e-02  
1591     -7.758177e-01  -7.420516e-01  3.376608e-02   4.35e-02  
1592     -4.265748e-01  -4.093050e-01  1.726979e-02   4.05e-02  
1593     -4.300111e-01  -4.002203e-01  2.979081e-02   6.93e-02  
1594     -3.892318e-01  -3.600786e-01  2.915316e-02   7.49e-02  
1595     -2.187346e-01  -2.041571e-01  1.457745e-02   6.66e-02  
1596     -8.999178e-02  -8.644292e-02  3.548859e-03   3.94e-02  
1597     -3.020764e-02  -2.606441e-02  4.143227e-03   1.37e-01  
1598     -1.096610e-02  -4.035314e-03  6.930781e-03   6.32e-01  
1599     -4.166459e-03  -2.823413e-03  1.343046e-03   3.22e-01  
1600     -1.180503e-03  -2.027605e-03  8.471013e-04   7.18e-01  

--- dc/dtheta: Compliance sensitivity w.r.t. fibre angle ---
Element AnalyticValue Numericvalue Abs.Err Rel.Err
1        -6.290943e-01  -6.175395e-01  1.155480e-02   1.84e-02  
2        -3.430004e-01  -3.601622e-01  1.716178e-02   5.00e-02  
3        -1.513126e-01  -1.435541e-01  7.758548e-03   5.13e-02  
4        -1.253382e-01  -1.147060e-01  1.063215e-02   8.48e-02  
5        -1.248598e-01  -1.152995e-01  9.560282e-03   7.66e-02  
6        -1.225914e-01  -1.155752e-01  7.016182e-03   5.72e-02  
7        -1.067188e-01  -1.002360e-01  6.482787e-03   6.07e-02  
8        -8.138719e-02  -7.719734e-02  4.189843e-03   5.15e-02  
9        -7.190483e-02  -6.680636e-02  5.098468e-03   7.09e-02  
10       -6.252723e-02  -5.820425e-02  4.322981e-03   6.91e-02  
11       -6.314076e-02  -6.016819e-02  2.972566e-03   4.71e-02  
12       -5.825960e-02  -5.532002e-02  2.939582e-03   5.05e-02  
13       -3.899307e-02  -3.443631e-02  4.556759e-03   1.17e-01  
14       -2.804654e-02  -2.728029e-02  7.662492e-04   2.73e-02  
15       -1.913356e-02  -1.762714e-02  1.506415e-03   7.87e-02  
16       -3.572676e-02  -3.462617e-02  1.100587e-03   3.08e-02  
17       -5.838785e-02  -5.589129e-02  2.496563e-03   4.28e-02  
18       -7.077023e-02  -6.720256e-02  3.567661e-03   5.04e-02  
19       -7.245607e-02  -6.790117e-02  4.554902e-03   6.29e-02  
20       -6.442576e-02  -6.036885e-02  4.056907e-03   6.30e-02  
21       -4.833043e-02  -4.635126e-02  1.979166e-03   4.10e-02  
22       -3.317136e-02  -3.265313e-02  5.182249e-04   1.56e-02  
23       -8.626009e-04  5.348966e-04   1.397497e-03   1.62e+00  
24       2.255102e-02   2.418176e-02   1.630738e-03   7.23e-02  
25       -9.938502e-03  -8.064944e-03  1.873558e-03   1.89e-01  
26       -9.242384e-02  -8.905999e-02  3.363845e-03   3.64e-02  
27       -1.357890e-01  -1.303033e-01  5.485698e-03   4.04e-02  
28       -1.111643e-01  -1.076040e-01  3.560300e-03   3.20e-02  
29       -9.081822e-02  -8.869961e-02  2.118611e-03   2.33e-02  
30       -9.576389e-02  -9.458176e-02  1.182122e-03   1.23e-02  
31       -1.098849e-01  -1.080377e-01  1.847116e-03   1.68e-02  
32       -1.099585e-01  -1.056503e-01  4.308150e-03   3.92e-02  
33       -9.757643e-02  -9.379846e-02  3.777972e-03   3.87e-02  
34       -7.442023e-02  -7.052620e-02  3.894030e-03   5.23e-02  
35       -5.056800e-02  -4.924686e-02  1.321139e-03   2.61e-02  
36       -3.398810e-02  -3.165496e-02  2.333134e-03   6.86e-02  
37       -2.047967e-02  -1.844455e-02  2.035118e-03   9.94e-02  
38       -1.094698e-02  -9.337668e-03  1.609310e-03   1.47e-01  
39       -5.454247e-03  -5.371135e-03  8.311191e-05   1.52e-02  
40       -2.696313e-03  -3.010996e-03  3.146832e-04   1.17e-01  
41       -1.448705e-03  -5.928769e-04  8.558282e-04   5.91e-01  
42       -8.177087e-04  -3.535661e-04  4.641426e-04   5.68e-01  
43       -4.504351e-04  4.405365e-04   8.909716e-04   1.98e+00  
44       -2.467991e-04  -3.871037e-04  1.403046e-04   5.68e-01  
45       -1.308800e-04  2.599450e-03   2.730330e-03   2.09e+01  
46       -6.607472e-05  1.452918e-03   1.518993e-03   2.30e+01  
47       -3.022517e-05  1.077183e-03   1.107408e-03   3.66e+01  
48       -1.116719e-05  7.275958e-04   7.387630e-04   6.62e+01  
49       -2.628263e-06  -7.105427e-04  7.079145e-04   2.69e+02  
50       -2.160309e-07  -8.793677e-04  8.791517e-04   4.07e+03  
51       -2.671541e-01  -2.847077e-01  1.755355e-02   6.57e-02  
52       -2.711096e-01  -2.780638e-01  6.954225e-03   2.57e-02  
53       -2.988428e-01  -3.002299e-01  1.387082e-03   4.64e-03  
54       -3.163253e-01  -3.162614e-01  6.389577e-05   2.02e-04  
55       -2.973905e-01  -2.975924e-01  2.018979e-04   6.79e-04  
56       -2.542400e-01  -2.561382e-01  1.898193e-03   7.47e-03  
57       -2.238328e-01  -2.278989e-01  4.066080e-03   1.82e-02  
58       -1.960879e-01  -1.979618e-01  1.873840e-03   9.56e-03  
59       -1.947469e-01  -1.963974e-01  1.650496e-03   8.48e-03  
60       -1.818997e-01  -1.835843e-01  1.684666e-03   9.26e-03  
61       -1.573127e-01  -1.581867e-01  8.740125e-04   5.56e-03  
62       -1.447032e-01  -1.464741e-01  1.770925e-03   1.22e-02  
63       -1.295656e-01  -1.288282e-01  7.374037e-04   5.69e-03  
64       -1.090569e-01  -1.095765e-01  5.195938e-04   4.76e-03  
65       -9.776571e-02  -9.872451e-02  9.588007e-04   9.81e-03  
66       -1.198424e-01  -1.207974e-01  9.549420e-04   7.97e-03  
67       -1.494865e-01  -1.494351e-01  5.142814e-05   3.44e-04  
68       -1.829147e-01  -1.836509e-01  7.361144e-04   4.02e-03  
69       -1.886348e-01  -1.907114e-01  2.076564e-03   1.10e-02  
70       -1.698791e-01  -1.704171e-01  5.379893e-04   3.17e-03  
71       -1.181375e-01  -1.217603e-01  3.622836e-03   3.07e-02  
72       -6.362259e-02  -6.329969e-02  3.228953e-04   5.08e-03  
73       -3.636054e-02  -3.384116e-02  2.519376e-03   6.93e-02  
74       -4.774186e-02  -4.527919e-02  2.462664e-03   5.16e-02  
75       -8.669196e-02  -8.476718e-02  1.924776e-03   2.22e-02  
76       -1.468056e-01  -1.500763e-01  3.270726e-03   2.23e-02  
77       -1.861721e-01  -1.895989e-01  3.426850e-03   1.84e-02  
78       -1.632102e-01  -1.641553e-01  9.450956e-04   5.79e-03  
79       -1.261927e-01  -1.264306e-01  2.378616e-04   1.88e-03  
80       -1.325082e-01  -1.320677e-01  4.404751e-04   3.32e-03  
81       -1.586145e-01  -1.622260e-01  3.611550e-03   2.28e-02  
82       -1.672382e-01  -1.692877e-01  2.049430e-03   1.23e-02  
83       -1.419125e-01  -1.414730e-01  4.395034e-04   3.10e-03  
84       -1.036359e-01  -1.046629e-01  1.027022e-03   9.91e-03  
85       -6.317504e-02  -6.254425e-02  6.307983e-04   9.98e-03  
86       -5.000017e-02  -4.973685e-02  2.633167e-04   5.27e-03  
87       -4.732331e-02  -4.841240e-02  1.089095e-03   2.30e-02  
88       -3.353186e-02  -3.279581e-02  7.360476e-04   2.20e-02  
89       -1.974454e-02  -1.842579e-02  1.318746e-03   6.68e-02  
90       -9.947889e-03  -1.099409e-02  1.046197e-03   1.05e-01  
91       -4.707759e-03  -4.422986e-03  2.847730e-04   6.05e-02  
92       -2.321273e-03  -9.924861e-04  1.328787e-03   5.72e-01  
93       -1.210524e-03  -2.078764e-03  8.682399e-04   7.17e-01  
94       -6.552247e-04  5.030643e-04   1.158289e-03   1.77e+00  
95       -3.557996e-04  1.451781e-03   1.807581e-03   5.08e+00  
96       -1.862378e-04  7.776180e-04   9.638557e-04   5.18e+00  
97       -9.017894e-05  4.098410e-04   5.000200e-04   5.54e+00  
98       -3.762892e-05  3.632294e-04   4.008584e-04   1.07e+01  
99       -1.156949e-05  1.094804e-03   1.106374e-03   9.56e+01  
100      -2.209358e-06  6.082246e-04   6.104339e-04   2.76e+02  
101      -2.245631e-02  -2.196771e-02  4.886010e-04   2.18e-02  
102      -3.451632e-02  -3.341484e-02  1.101481e-03   3.19e-02  
103      -5.761476e-03  -4.905587e-03  8.558893e-04   1.49e-01  
104      1.936345e-02   1.928868e-02   7.476876e-05   3.86e-03  
105      7.443919e-03   7.284484e-03   1.594354e-04   2.14e-02  
106      -3.054028e-02  -3.012701e-02  4.132695e-04   1.35e-02  
107      -7.982770e-02  -8.061477e-02  7.870670e-04   9.86e-03  
108      -1.055264e-01  -1.060215e-01  4.951310e-04   4.69e-03  
109      -1.327323e-01  -1.318949e-01  8.373742e-04   6.31e-03  
110      -1.582882e-01  -1.600228e-01  1.734557e-03   1.10e-02  
111      -1.724886e-01  -1.709861e-01  1.502418e-03   8.71e-03  
112      -1.712621e-01  -1.721600e-01  8.978305e-04   5.24e-03  
113      -1.615862e-01  -1.621862e-01  5.999746e-04   3.71e-03  
114      -1.494818e-01  -1.506976e-01  1.215756e-03   8.13e-03  
115      -1.420199e-01  -1.406488e-01  1.371053e-03   9.65e-03  
116      -1.597542e-01  -1.608771e-01  1.122903e-03   7.03e-03  
117      -1.870363e-01  -1.864470e-01  5.893119e-04   3.15e-03  
118      -2.290162e-01  -2.302141e-01  1.197946e-03   5.23e-03  
119      -2.416200e-01  -2.413179e-01  3.020538e-04   1.25e-03  
120      -2.256912e-01  -2.260651e-01  3.739550e-04   1.66e-03  
121      -1.667584e-01  -1.655150e-01  1.243458e-03   7.46e-03  
122      -9.207482e-02  -9.513599e-02  3.061170e-03   3.32e-02  
123      -4.957839e-02  -4.874607e-02  8.323170e-04   1.68e-02  
124      -6.765616e-02  -6.606342e-02  1.592734e-03   2.35e-02  
125      -1.243923e-01  -1.245508e-01  1.584646e-04   1.27e-03  
126      -1.961543e-01  -1.975826e-01  1.428307e-03   7.28e-03  
127      -2.458199e-01  -2.432898e-01  2.530094e-03   1.03e-02  
128      -2.080621e-01  -2.080367e-01  2.538501e-05   1.22e-04  
129      -1.572762e-01  -1.557981e-01  1.478020e-03   9.40e-03  
130      -1.886225e-01  -1.902521e-01  1.629556e-03   8.64e-03  
131      -2.436188e-01  -2.440640e-01  4.452175e-04   1.83e-03  
132      -2.853876e-01  -2.844956e-01  8.920059e-04   3.13e-03  
133      -2.631251e-01  -2.615502e-01  1.574894e-03   5.99e-03  
134      -1.950965e-01  -1.955510e-01  4.544847e-04   2.33e-03  
135      -1.027531e-01  -1.032339e-01  4.807540e-04   4.68e-03  
136      -4.792284e-02  -4.719482e-02  7.280189e-04   1.52e-02  
137      -4.949426e-02  -4.711978e-02  2.374480e-03   4.80e-02  
138      -4.591983e-02  -4.479944e-02  1.120390e-03   2.44e-02  
139      -4.049659e-02  -3.948969e-02  1.006900e-03   2.49e-02  
140      -2.662255e-02  -2.570800e-02  9.145458e-04   3.44e-02  
141      -1.400546e-02  -1.727756e-02  3.272092e-03   2.34e-01  
142      -6.476439e-03  -7.223662e-03  7.472228e-04   1.15e-01  
143      -2.911905e-03  -2.567049e-03  3.448565e-04   1.18e-01  
144      -1.390327e-03  -2.028173e-03  6.378459e-04   4.59e-01  
145      -7.042854e-04  -4.376943e-04  2.665911e-04   3.79e-01  
146      -3.549231e-04  -3.734613e-04  1.853814e-05   5.22e-02  
147      -1.673441e-04  -6.031087e-04  4.357646e-04   2.60e+00  
148      -6.957169e-05  -1.597300e-04  9.015831e-05   1.30e+00  
149      -2.185986e-05  3.421974e-04   3.640572e-04   1.67e+01  
150      -4.487917e-06  -1.000444e-04  9.555650e-05   2.13e+01  
151      -5.019874e-04  -9.396217e-04  4.376343e-04   8.72e-01  
152      -1.210589e-04  6.463097e-04   7.673686e-04   6.34e+00  
153      6.541394e-03   7.929657e-03   1.388263e-03   2.12e-01  
154      1.310952e-02   1.121691e-02   1.892606e-03   1.44e-01  
155      1.011392e-02   1.036994e-02   2.560292e-04   2.53e-02  
156      1.141141e-03   -1.534772e-04  1.294618e-03   1.13e+00  
157      -8.662833e-03  -9.142695e-03  4.798621e-04   5.54e-02  
158      -1.957651e-02  -2.004128e-02  4.647742e-04   2.37e-02  
159      -2.715053e-02  -2.738716e-02  2.366296e-04   8.72e-03  
160      -3.719581e-02  -3.676405e-02  4.317571e-04   1.16e-02  
161      -5.250058e-02  -5.314632e-02  6.457464e-04   1.23e-02  
162      -5.888582e-02  -5.971970e-02  8.338718e-04   1.42e-02  
163      -6.509500e-02  -6.559958e-02  5.045748e-04   7.75e-03  
164      -7.802233e-02  -7.708479e-02  9.375409e-04   1.20e-02  
165      -9.194363e-02  -9.098244e-02  9.611916e-04   1.05e-02  
166      -1.234376e-01  -1.240528e-01  6.152323e-04   4.98e-03  
167      -1.609875e-01  -1.619094e-01  9.219084e-04   5.73e-03  
168      -2.049885e-01  -2.059039e-01  9.154543e-04   4.47e-03  
169      -2.335340e-01  -2.328278e-01  7.061673e-04   3.02e-03  
170      -2.312391e-01  -2.325675e-01  1.328404e-03   5.74e-03  
171      -1.929552e-01  -1.936195e-01  6.643160e-04   3.44e-03  
172      -1.382948e-01  -1.382563e-01  3.852947e-05   2.79e-04  
173      -1.028588e-01  -1.029383e-01  7.953145e-05   7.73e-04  
174      -1.019326e-01  -1.032384e-01  1.305856e-03   1.28e-02  
175      -1.343203e-01  -1.345603e-01  2.400483e-04   1.79e-03  
176      -1.992401e-01  -2.009079e-01  1.667893e-03   8.37e-03  
177      -2.291540e-01  -2.290972e-01  5.681011e-05   2.48e-04  
178      -1.273533e-01  -1.268450e-01  5.083484e-04   3.99e-03  
179      -3.736717e-02  -3.738421e-02  1.703929e-05   4.56e-04  
180      -1.263391e-01  -1.269092e-01  5.700631e-04   4.51e-03  
181      -3.017750e-01  -3.012582e-01  5.168336e-04   1.71e-03  
182      -3.637107e-01  -3.669430e-01  3.232300e-03   8.89e-03  
183      -3.414741e-01  -3.426908e-01  1.216690e-03   3.56e-03  
184      -2.218945e-01  -2.227785e-01  8.839618e-04   3.98e-03  
185      -1.632846e-01  -1.642729e-01  9.883305e-04   6.05e-03  
186      -1.451782e-01  -1.473700e-01  2.191799e-03   1.51e-02  
187      -8.852179e-02  -8.980464e-02  1.282852e-03   1.45e-02  
188      -6.134192e-02  -6.246580e-02  1.123877e-03   1.83e-02  
189      -6.101772e-02  -6.072241e-02  2.953041e-04   4.84e-03  
190      -4.421111e-02  -4.392518e-02  2.859241e-04   6.47e-03  
191      -2.758234e-02  -2.847798e-02  8.956494e-04   3.25e-02  
192      -1.577850e-02  -1.504702e-02  7.314770e-04   4.64e-02  
193      -7.709343e-03  -8.063239e-03  3.538962e-04   4.59e-02  
194      -3.306904e-03  -4.686740e-03  1.379836e-03   4.17e-01  
195      -1.470221e-03  -2.355591e-03  8.853705e-04   6.02e-01  
196      -6.847569e-04  3.205969e-04   1.005354e-03   1.47e+00  
197      -3.091488e-04  6.235723e-04   9.327211e-04   3.02e+00  
198      -1.240178e-04  9.538326e-04   1.077850e-03   8.69e+00  
199      -3.820368e-05  2.398792e-04   2.780829e-04   7.28e+00  
200      -7.983353e-06  1.455192e-04   1.535025e-04   1.92e+01  
201      5.182248e-05   6.662049e-04   6.143824e-04   1.19e+01  
202      -3.188592e-05  -1.705303e-04  1.386443e-04   4.35e+00  
203      -3.950414e-04  5.394440e-04   9.344855e-04   2.37e+00  
204      -1.196410e-03  1.151648e-03   2.348057e-03   1.96e+00  
205      -2.420258e-03  -3.694822e-03  1.274565e-03   5.27e-01  
206      -4.248009e-03  -3.597620e-03  6.503887e-04   1.53e-01  
207      -7.108436e-03  -7.913741e-03  8.053048e-04   1.13e-01  
208      -1.340878e-02  -1.448598e-02  1.077196e-03   8.03e-02  
209      -1.930352e-02  -1.692456e-02  2.378961e-03   1.23e-01  
210      -2.374743e-02  -2.458080e-02  8.333744e-04   3.51e-02  
211      -3.080863e-02  -3.213586e-02  1.327232e-03   4.31e-02  
212      -3.591380e-02  -3.435275e-02  1.561046e-03   4.35e-02  
213      -4.373992e-02  -4.387232e-02  1.324028e-04   3.03e-03  
214      -5.880982e-02  -5.900176e-02  1.919416e-04   3.26e-03  
215      -7.639885e-02  -7.816368e-02  1.764830e-03   2.31e-02  
216      -1.005112e-01  -9.946234e-02  1.048876e-03   1.04e-02  
217      -1.199722e-01  -1.184981e-01  1.474089e-03   1.23e-02  
218      -1.334036e-01  -1.333251e-01  7.846977e-05   5.88e-04  
219      -1.453046e-01  -1.463962e-01  1.091632e-03   7.51e-03  
220      -1.487995e-01  -1.460722e-01  2.727263e-03   1.83e-02  
221      -1.454395e-01  -1.440634e-01  1.376106e-03   9.46e-03  
222      -1.265568e-01  -1.254142e-01  1.142597e-03   9.03e-03  
223      -1.240317e-01  -1.254028e-01  1.371086e-03   1.11e-02  
224      -1.373868e-01  -1.376009e-01  2.141013e-04   1.56e-03  
225      -1.521857e-01  -1.512819e-01  9.037338e-04   5.94e-03  
226      -1.760120e-01  -1.740563e-01  1.955773e-03   1.11e-02  
227      -1.687734e-01  -1.686584e-01  1.150458e-04   6.82e-04  
228      -7.702519e-02  -7.556878e-02  1.456409e-03   1.89e-02  
229      -6.247194e-02  -6.167340e-02  7.985343e-04   1.28e-02  
230      -2.969468e-01  -2.977271e-01  7.802478e-04   2.63e-03  
231      -5.102955e-01  -5.116732e-01  1.377679e-03   2.70e-03  
232      -4.540614e-01  -4.543722e-01  3.108230e-04   6.85e-04  
233      -1.690877e-01  -1.701380e-01  1.050350e-03   6.21e-03  
234      -3.775289e-02  -3.573007e-02  2.022820e-03   5.36e-02  
235      -4.630192e-02  -4.516664e-02  1.135281e-03   2.45e-02  
236      -2.156842e-01  -2.157606e-01  7.633883e-05   3.54e-04  
237      -1.181677e-01  -1.160231e-01  2.144577e-03   1.81e-02  
238      -1.149068e-01  -1.166632e-01  1.756382e-03   1.53e-02  
239      -1.197183e-01  -1.208161e-01  1.097814e-03   9.17e-03  
240      -6.540797e-02  -6.751350e-02  2.105529e-03   3.22e-02  
241      -3.085252e-02  -3.097114e-02  1.186208e-04   3.84e-03  
242      -2.119039e-02  -2.178695e-02  5.965531e-04   2.82e-02  
243      -1.602302e-02  -1.699618e-02  9.731619e-04   6.07e-02  
244      -8.783940e-03  -8.797088e-03  1.314751e-05   1.50e-03  
245      -3.676033e-03  -3.537934e-03  1.380985e-04   3.76e-02  
246      -1.555078e-03  -3.124114e-03  1.569036e-03   1.01e+00  
247      -6.829553e-04  -2.881961e-03  2.199006e-03   3.22e+00  
248      -2.730768e-04  -4.723688e-04  1.992921e-04   7.30e-01  
249      -8.345500e-05  1.222134e-04   2.056683e-04   2.46e+00  
250      -1.692737e-05  9.225687e-04   9.394961e-04   5.55e+01  
251      9.255016e-05   -8.481038e-04  9.406540e-04   1.02e+01  
252      1.235963e-04   2.734168e-04   1.498206e-04   1.21e+00  
253      1.609260e-04   -3.512923e-04  5.122183e-04   3.18e+00  
254      1.542137e-04   4.166623e-04   2.624486e-04   1.70e+00  
255      -1.210393e-04  -8.770940e-04  7.560547e-04   6.25e+00  
256      -9.939750e-04  -8.736833e-04  1.202917e-04   1.21e-01  
257      -2.731525e-03  -6.713208e-04  2.060204e-03   7.54e-01  
258      -5.811997e-03  -4.650929e-03  1.161069e-03   2.00e-01  
259      -1.015868e-02  -8.334951e-03  1.823734e-03   1.80e-01  
260      -1.571430e-02  -1.342130e-02  2.293000e-03   1.46e-01  
261      -2.304886e-02  -2.069214e-02  2.356715e-03   1.02e-01  
262      -3.177521e-02  -3.114451e-02  6.307028e-04   1.98e-02  
263      -4.289230e-02  -4.240690e-02  4.854044e-04   1.13e-02  
264      -5.701356e-02  -5.593165e-02  1.081913e-03   1.90e-02  
265      -7.226274e-02  -7.270387e-02  4.411294e-04   6.10e-03  
266      -8.796761e-02  -8.868369e-02  7.160840e-04   8.14e-03  
267      -9.938280e-02  -9.918267e-02  2.001268e-04   2.01e-03  
268      -1.026285e-01  -1.036983e-01  1.069818e-03   1.04e-02  
269      -1.028835e-01  -1.014251e-01  1.458351e-03   1.42e-02  
270      -1.036653e-01  -1.024233e-01  1.241995e-03   1.20e-02  
271      -1.188811e-01  -1.195940e-01  7.129359e-04   6.00e-03  
272      -1.355841e-01  -1.341766e-01  1.407517e-03   1.04e-02  
273      -1.671877e-01  -1.677125e-01  5.248739e-04   3.14e-03  
274      -1.959783e-01  -1.956670e-01  3.113619e-04   1.59e-03  
275      -1.977273e-01  -1.990020e-01  1.274721e-03   6.45e-03  
276      -1.655225e-01  -1.652819e-01  2.406436e-04   1.45e-03  
277      -7.763934e-02  -7.947278e-02  1.833443e-03   2.36e-02  
278      4.382277e-02   4.186290e-02   1.959866e-03   4.47e-02  
279      1.155246e-01   1.167416e-01   1.217037e-03   1.05e-02  
280      1.015067e-01   1.005532e-01   9.535345e-04   9.39e-03  
281      9.266533e-02   9.077098e-02   1.894347e-03   2.04e-02  
282      -4.686515e-01  -4.670619e-01  1.589551e-03   3.39e-03  
283      -5.933190e-01  -5.941786e-01  8.596093e-04   1.45e-03  
284      -7.048295e-01  -7.047180e-01  1.115506e-04   1.58e-04  
285      -5.686838e-01  -5.701651e-01  1.481227e-03   2.60e-03  
286      -4.372547e-01  -4.385464e-01  1.291731e-03   2.95e-03  
287      -9.211164e-02  -9.021221e-02  1.899428e-03   2.06e-02  
288      -1.115116e-01  -1.120964e-01  5.847346e-04   5.24e-03  
289      -1.602223e-01  -1.596050e-01  6.173491e-04   3.85e-03  
290      -7.054697e-02  -6.936830e-02  1.178674e-03   1.67e-02  
291      -1.216620e-02  -1.079798e-02  1.368222e-03   1.12e-01  
292      -1.984928e-03  -2.481215e-03  4.962870e-04   2.50e-01  
293      -1.348376e-02  -1.367425e-02  1.904949e-04   1.41e-02  
294      -1.706925e-02  -1.804494e-02  9.756950e-04   5.72e-02  
295      -1.020923e-02  -9.712835e-03  4.963958e-04   4.86e-02  
296      -4.067419e-03  -4.881713e-03  8.142935e-04   2.00e-01  
297      -1.635058e-03  -4.632739e-04  1.171784e-03   7.17e-01  
298      -6.559592e-04  -9.725909e-04  3.166317e-04   4.83e-01  
299      -2.079908e-04  5.798029e-04   7.877937e-04   3.79e+00  
300      -4.214965e-05  -6.593837e-05  2.378872e-05   5.64e-01  
301      1.570947e-04   2.053753e-03   1.896658e-03   1.21e+01  
302      2.853416e-04   1.309104e-03   1.023762e-03   3.59e+00  
303      5.241624e-04   -7.048584e-05  5.946483e-04   1.13e+00  
304      9.994166e-04   1.878107e-03   8.786900e-04   8.79e-01  
305      1.866778e-03   1.089688e-03   7.770900e-04   4.16e-01  
306      3.044458e-03   2.739284e-03   3.051735e-04   1.00e-01  
307      4.273758e-03   5.322249e-03   1.048491e-03   2.45e-01  
308      5.513604e-03   4.016556e-03   1.497048e-03   2.72e-01  
309      7.871961e-03   7.534027e-03   3.379346e-04   4.29e-02  
310      1.271363e-02   1.266073e-02   5.289230e-05   4.16e-03  
311      2.109426e-02   2.208481e-02   9.905480e-04   4.70e-02  
312      3.225138e-02   3.224386e-02   7.516662e-06   2.33e-04  
313      4.362849e-02   4.264734e-02   9.811443e-04   2.25e-02  
314      5.250742e-02   5.236075e-02   1.466756e-04   2.79e-03  
315      5.780092e-02   5.594529e-02   1.855631e-03   3.21e-02  
316      5.673183e-02   5.781317e-02   1.081341e-03   1.91e-02  
317      4.731430e-02   5.012737e-02   2.813065e-03   5.95e-02  
318      3.049808e-02   3.038281e-02   1.152732e-04   3.78e-03  
319      1.188317e-02   1.363276e-02   1.749591e-03   1.47e-01  
320      3.335120e-03   3.457217e-03   1.220969e-04   3.66e-02  
321      1.262657e-02   1.377714e-02   1.150572e-03   9.11e-02  
322      4.049754e-02   3.913613e-02   1.361416e-03   3.36e-02  
323      7.089061e-02   6.873222e-02   2.158394e-03   3.04e-02  
324      1.039822e-01   1.018111e-01   2.171138e-03   2.09e-02  
325      1.471115e-01   1.467862e-01   3.253575e-04   2.21e-03  
326      1.828279e-01   1.812413e-01   1.586667e-03   8.68e-03  
327      1.833315e-01   1.816306e-01   1.700858e-03   9.28e-03  
328      1.425395e-01   1.416311e-01   9.084533e-04   6.37e-03  
329      1.276726e-01   1.278943e-01   2.217083e-04   1.74e-03  
330      1.301878e-01   1.305892e-01   4.014757e-04   3.08e-03  
331      1.572783e-01   1.570794e-01   1.988654e-04   1.26e-03  
332      1.246082e-01   1.232422e-01   1.365997e-03   1.10e-02  
333      1.446061e-01   1.448126e-01   2.064636e-04   1.43e-03  
334      6.702386e-02   6.757205e-02   5.481819e-04   8.18e-03  
335      -6.103925e-01  -6.109286e-01  5.361614e-04   8.78e-04  
336      -8.291167e-01  -8.271621e-01  1.954555e-03   2.36e-03  
337      -5.462458e-01  -5.455485e-01  6.973039e-04   1.28e-03  
338      -2.197024e-01  -2.186675e-01  1.034853e-03   4.71e-03  
339      -1.080348e-01  -1.055145e-01  2.520384e-03   2.33e-02  
340      3.333720e-02   3.446473e-02   1.127536e-03   3.38e-02  
341      7.602688e-02   7.637027e-02   3.433905e-04   4.52e-03  
342      6.297411e-02   6.405571e-02   1.081603e-03   1.72e-02  
343      2.572639e-02   2.577394e-02   4.755291e-05   1.85e-03  
344      -8.978640e-03  -7.571543e-03  1.407097e-03   1.57e-01  
345      -1.999636e-02  -2.026752e-02  2.711613e-04   1.36e-02  
346      -1.195425e-02  -1.151705e-02  4.372015e-04   3.66e-02  
347      -4.323184e-03  -4.176286e-03  1.468978e-04   3.40e-02  
348      -1.619732e-03  -2.391403e-03  7.716705e-04   4.76e-01  
349      -5.254662e-04  -2.744400e-03  2.218934e-03   4.22e+00  
350      -1.080459e-04  1.858780e-04   2.939239e-04   2.72e+00  
351      3.200485e-04   -1.705303e-05  3.371015e-04   1.05e+00  
352      8.025921e-04   4.791900e-04   3.234021e-04   4.03e-01  
353      1.771972e-03   -1.006129e-04  1.872585e-03   1.06e+00  
354      3.546346e-03   2.679030e-03   8.673155e-04   2.45e-01  
355      6.360862e-03   6.554615e-03   1.937522e-04   3.05e-02  
356      1.015718e-02   9.619043e-03   5.381344e-04   5.30e-02  
357      1.475860e-02   1.318938e-02   1.569219e-03   1.06e-01  
358      2.059711e-02   1.959052e-02   1.006590e-03   4.89e-02  
359      2.873015e-02   2.871957e-02   1.057692e-05   3.68e-04  
360      3.864115e-02   3.893945e-02   2.982938e-04   7.72e-03  
361      4.874581e-02   4.750746e-02   1.238354e-03   2.54e-02  
362      5.942414e-02   5.784102e-02   1.583120e-03   2.66e-02  
363      7.080795e-02   7.081667e-02   8.722400e-06   1.23e-04  
364      8.182492e-02   8.199379e-02   1.688709e-04   2.06e-03  
365      8.851907e-02   8.726545e-02   1.253626e-03   1.42e-02  
366      8.573225e-02   8.508096e-02   6.512982e-04   7.60e-03  
367      7.546081e-02   7.653910e-02   1.078281e-03   1.43e-02  
368      6.300033e-02   6.353275e-02   5.324235e-04   8.45e-03  
369      5.708866e-02   5.789843e-02   8.097730e-04   1.42e-02  
370      6.997917e-02   6.917617e-02   8.030022e-04   1.15e-02  
371      1.025045e-01   1.040604e-01   1.555922e-03   1.52e-02  
372      1.366473e-01   1.385769e-01   1.929557e-03   1.41e-02  
373      1.668067e-01   1.670031e-01   1.964326e-04   1.18e-03  
374      2.120955e-01   2.102013e-01   1.894256e-03   8.93e-03  
375      2.839943e-01   2.833696e-01   6.247591e-04   2.20e-03  
376      3.309263e-01   3.333605e-01   2.434242e-03   7.36e-03  
377      3.336165e-01   3.329734e-01   6.431461e-04   1.93e-03  
378      3.000177e-01   3.013304e-01   1.312696e-03   4.38e-03  
379      2.798032e-01   2.794349e-01   3.683546e-04   1.32e-03  
380      3.103021e-01   3.109113e-01   6.092463e-04   1.96e-03  
381      3.208261e-01   3.195072e-01   1.318908e-03   4.11e-03  
382      3.859240e-01   3.860401e-01   1.161153e-04   3.01e-04  
383      3.039130e-01   3.039759e-01   6.289037e-05   2.07e-04  
384      1.668567e-01   1.668951e-01   3.837329e-05   2.30e-04  
385      1.548167e-02   1.544208e-02   3.958902e-05   2.56e-03  
386      4.739273e-02   4.650872e-02   8.840122e-04   1.87e-02  
387      -5.111251e-01  -5.124440e-01  1.318858e-03   2.58e-03  
388      -1.870985e-01  -1.892840e-01  2.185539e-03   1.17e-02  
389      -4.010575e-02  -3.998537e-02  1.203819e-04   3.00e-03  
390      9.094013e-02   8.944539e-02   1.494740e-03   1.64e-02  
391      1.825035e-01   1.809815e-01   1.521973e-03   8.34e-03  
392      1.682361e-01   1.725903e-01   4.354118e-03   2.59e-02  
393      1.103104e-01   1.107423e-01   4.319696e-04   3.92e-03  
394      4.277077e-02   3.939647e-02   3.374303e-03   7.89e-02  
395      -9.702654e-03  -9.533778e-03  1.688758e-04   1.74e-02  
396      -2.409894e-02  -2.631509e-02  2.216148e-03   9.20e-02  
397      -1.283490e-02  -1.314220e-02  3.072972e-04   2.39e-02  
398      -4.249539e-03  -2.760316e-03  1.489223e-03   3.50e-01  
399      -1.313420e-03  -8.810730e-04  4.323466e-04   3.29e-01  
400      -2.712167e-04  -1.429044e-03  1.157827e-03   4.27e+00  
401      2.249807e-04   2.328875e-03   2.103894e-03   9.35e+00  
402      2.064372e-03   7.190692e-04   1.345303e-03   6.52e-01  
403      5.007992e-03   5.910010e-03   9.020187e-04   1.80e-01  
404      9.287566e-03   8.644747e-03   6.428184e-04   6.92e-02  
405      1.483891e-02   1.705473e-02   2.215821e-03   1.49e-01  
406      2.199513e-02   1.952230e-02   2.472828e-03   1.12e-01  
407      3.025443e-02   2.981324e-02   4.411901e-04   1.46e-02  
408      3.982552e-02   4.058506e-02   7.595405e-04   1.91e-02  
409      4.812125e-02   4.868184e-02   5.605863e-04   1.16e-02  
410      5.180464e-02   5.056393e-02   1.240711e-03   2.39e-02  
411      4.861239e-02   4.901835e-02   4.059635e-04   8.35e-03  
412      4.949298e-02   4.888250e-02   6.104818e-04   1.23e-02  
413      5.755276e-02   5.887046e-02   1.317698e-03   2.29e-02  
414      6.829706e-02   7.015331e-02   1.856243e-03   2.72e-02  
415      7.381647e-02   7.443077e-02   6.143077e-04   8.32e-03  
416      6.926174e-02   6.984237e-02   5.806362e-04   8.38e-03  
417      6.123554e-02   6.217704e-02   9.414929e-04   1.54e-02  
418      5.783661e-02   5.853508e-02   6.984644e-04   1.21e-02  
419      6.816871e-02   6.742880e-02   7.399130e-04   1.09e-02  
420      9.766216e-02   9.665030e-02   1.011865e-03   1.04e-02  
421      1.306580e-01   1.303630e-01   2.949728e-04   2.26e-03  
422      1.599424e-01   1.628428e-01   2.900328e-03   1.81e-02  
423      2.032439e-01   2.025325e-01   7.113702e-04   3.50e-03  
424      2.784477e-01   2.782474e-01   2.003347e-04   7.19e-04  
425      3.487044e-01   3.472661e-01   1.438268e-03   4.12e-03  
426      3.534778e-01   3.515771e-01   1.900668e-03   5.38e-03  
427      3.271419e-01   3.257907e-01   1.351263e-03   4.13e-03  
428      2.911488e-01   2.929846e-01   1.835827e-03   6.31e-03  
429      2.399469e-01   2.400293e-01   8.236755e-05   3.43e-04  
430      3.106439e-01   3.103997e-01   2.441147e-04   7.86e-04  
431      3.858824e-01   3.856519e-01   2.305253e-04   5.97e-04  
432      4.168113e-01   4.172335e-01   4.222854e-04   1.01e-03  
433      4.058016e-01   4.059854e-01   1.837137e-04   4.53e-04  
434      2.761623e-01   2.760555e-01   1.067831e-04   3.87e-04  
435      1.479291e-01   1.490235e-01   1.094445e-03   7.40e-03  
436      8.241404e-02   8.241955e-02   5.506089e-06   6.68e-05  
437      -2.152911e-01  -2.148136e-01  4.775143e-04   2.22e-03  
438      6.664343e-02   6.720427e-02   5.608418e-04   8.42e-03  
439      5.405637e-02   5.454524e-02   4.888652e-04   9.04e-03  
440      2.290122e-02   2.084448e-02   2.056741e-03   8.98e-02  
441      1.160842e-01   1.178051e-01   1.720916e-03   1.48e-02  
442      1.761382e-01   1.755365e-01   6.017715e-04   3.42e-03  
443      1.458297e-01   1.475831e-01   1.753433e-03   1.20e-02  
444      1.130840e-01   1.138574e-01   7.733969e-04   6.84e-03  
445      6.185345e-02   6.112487e-02   7.285822e-04   1.18e-02  
446      -7.306143e-03  -7.631229e-03  3.250864e-04   4.45e-02  
447      -2.529027e-02  -2.705008e-02  1.759812e-03   6.96e-02  
448      -1.205358e-02  -1.389878e-02  1.845208e-03   1.53e-01  
449      -3.380943e-03  -3.437890e-03  5.694695e-05   1.68e-02  
450      -6.721318e-04  -1.941203e-03  1.269071e-03   1.89e+00  
451      -9.210111e-03  -9.015935e-03  1.941762e-04   2.11e-02  
452      4.127150e-03   4.862954e-03   7.358043e-04   1.78e-01  
453      1.228821e-02   1.171486e-02   5.733537e-04   4.67e-02  
454      1.975339e-02   1.871229e-02   1.041104e-03   5.27e-02  
455      2.840867e-02   2.904017e-02   6.314940e-04   2.22e-02  
456      3.871598e-02   3.953232e-02   8.163411e-04   2.11e-02  
457      4.793455e-02   4.859032e-02   6.557728e-04   1.37e-02  
458      5.518347e-02   5.397283e-02   1.210642e-03   2.19e-02  
459      5.425065e-02   5.439176e-02   1.411102e-04   2.60e-03  
460      4.514148e-02   4.592323e-02   7.817540e-04   1.73e-02  
461      2.515207e-02   2.266006e-02   2.492005e-03   9.91e-02  
462      1.586292e-02   1.453259e-02   1.330331e-03   8.39e-02  
463      2.145842e-02   2.219906e-02   7.406386e-04   3.45e-02  
464      2.998675e-02   2.999286e-02   6.111055e-06   2.04e-04  
465      3.379444e-02   3.180787e-02   1.986566e-03   5.88e-02  
466      3.377693e-02   3.349498e-02   2.819495e-04   8.35e-03  
467      3.556924e-02   3.537082e-02   1.984268e-04   5.58e-03  
468      4.285510e-02   4.212495e-02   7.301452e-04   1.70e-02  
469      6.142652e-02   6.161088e-02   1.843546e-04   3.00e-03  
470      9.749632e-02   9.823168e-02   7.353654e-04   7.54e-03  
471      1.333724e-01   1.338555e-01   4.830366e-04   3.62e-03  
472      1.837665e-01   1.831108e-01   6.557079e-04   3.57e-03  
473      2.704776e-01   2.694429e-01   1.034651e-03   3.83e-03  
474      3.432844e-01   3.419785e-01   1.305878e-03   3.80e-03  
475      3.195055e-01   3.204815e-01   9.760008e-04   3.05e-03  
476      2.920083e-01   2.914277e-01   5.806500e-04   1.99e-03  
477      2.572758e-01   2.570476e-01   2.281717e-04   8.87e-04  
478      1.768125e-01   1.765147e-01   2.977392e-04   1.68e-03  
479      1.536877e-01   1.546624e-01   9.747135e-04   6.34e-03  
480      2.858653e-01   2.855671e-01   2.982041e-04   1.04e-03  
481      4.289432e-01   4.296925e-01   7.492846e-04   1.75e-03  
482      3.949008e-01   3.953386e-01   4.378288e-04   1.11e-03  
483      3.156787e-01   3.148784e-01   8.002911e-04   2.54e-03  
484      1.936443e-01   1.953896e-01   1.745300e-03   9.01e-03  
485      7.034632e-02   6.933021e-02   1.016112e-03   1.44e-02  
486      3.356219e-02   3.326591e-02   2.962856e-04   8.83e-03  
487      -7.728027e-02  -7.740709e-02  1.268230e-04   1.64e-03  
488      2.755700e-02   2.621789e-02   1.339112e-03   4.86e-02  
489      -2.078937e-03  -1.073204e-03  1.005733e-03   4.84e-01  
490      -1.541870e-01  -1.525717e-01  1.615263e-03   1.05e-02  
491      -2.141085e-01  -2.120572e-01  2.051285e-03   9.58e-03  
492      -8.479746e-02  -8.551126e-02  7.138018e-04   8.42e-03  
493      -8.085886e-02  -8.131735e-02  4.584927e-04   5.67e-03  
494      2.985581e-02   2.921126e-02   6.445408e-04   2.16e-02  
495      1.530752e-01   1.508977e-01   2.177548e-03   1.42e-02  
496      1.016748e-01   1.038160e-01   2.141146e-03   2.11e-02  
497      -8.733699e-03  -8.574261e-03  1.594379e-04   1.83e-02  
498      -2.558301e-02  -2.243155e-02  3.151463e-03   1.23e-01  
499      -8.975175e-03  -1.037733e-02  1.402159e-03   1.56e-01  
500      -1.692736e-03  -7.486278e-04  9.441079e-04   5.58e-01  
501      -1.138040e-01  -1.147293e-01  9.253509e-04   8.13e-03  
502      2.456083e-02   2.431534e-02   2.454932e-04   1.00e-02  
503      5.585548e-02   5.638981e-02   5.343269e-04   9.57e-03  
504      5.724526e-02   5.617153e-02   1.073733e-03   1.88e-02  
505      6.573641e-02   6.413529e-02   1.601121e-03   2.44e-02  
506      6.442975e-02   6.511470e-02   6.849545e-04   1.06e-02  
507      6.326981e-02   6.501523e-02   1.745422e-03   2.76e-02  
508      5.427737e-02   5.485276e-02   5.753926e-04   1.06e-02  
509      4.613698e-02   4.541164e-02   7.253410e-04   1.57e-02  
510      3.556758e-02   3.478362e-02   7.839565e-04   2.20e-02  
511      1.593466e-02   1.616684e-02   2.321751e-04   1.46e-02  
512      3.951763e-03   3.345804e-03   6.059591e-04   1.53e-01  
513      3.045877e-03   1.667786e-03   1.378091e-03   4.52e-01  
514      8.395883e-04   -4.177991e-04  1.257387e-03   1.50e+00  
515      -7.635306e-05  -2.248726e-03  2.172373e-03   2.85e+01  
516      2.883078e-03   1.433591e-03   1.449487e-03   5.03e-01  
517      1.086224e-02   1.209571e-02   1.233468e-03   1.14e-01  
518      2.263751e-02   2.387537e-02   1.237868e-03   5.47e-02  
519      4.029808e-02   4.099718e-02   6.990980e-04   1.73e-02  
520      8.954740e-02   8.987172e-02   3.243179e-04   3.62e-03  
521      1.687122e-01   1.688176e-01   1.053498e-04   6.24e-04  
522      2.526374e-01   2.520187e-01   6.186893e-04   2.45e-03  
523      3.272070e-01   3.260465e-01   1.160515e-03   3.55e-03  
524      3.449358e-01   3.445308e-01   4.050209e-04   1.17e-03  
525      2.792180e-01   2.778336e-01   1.384453e-03   4.96e-03  
526      2.653402e-01   2.660227e-01   6.824775e-04   2.57e-03  
527      2.212514e-01   2.211374e-01   1.140571e-04   5.16e-04  
528      1.437978e-01   1.461240e-01   2.326125e-03   1.62e-02  
529      2.031257e-01   2.051706e-01   2.044945e-03   1.01e-02  
530      2.968496e-01   2.965197e-01   3.298517e-04   1.11e-03  
531      3.129673e-01   3.140013e-01   1.033993e-03   3.30e-03  
532      2.455485e-01   2.446103e-01   9.381892e-04   3.82e-03  
533      1.666249e-01   1.662090e-01   4.158381e-04   2.50e-03  
534      9.738069e-02   9.843120e-02   1.050515e-03   1.08e-02  
535      3.003989e-02   2.980471e-02   2.351832e-04   7.83e-03  
536      2.145205e-02   2.082800e-02   6.240504e-04   2.91e-02  
537      -2.282357e-02  -2.356785e-02  7.442816e-04   3.26e-02  
538      -8.623577e-02  -8.534812e-02  8.876492e-04   1.03e-02  
539      -1.179072e-01  -1.161385e-01  1.768718e-03   1.50e-02  
540      -2.724657e-01  -2.710414e-01  1.424377e-03   5.23e-03  
541      -4.207940e-01  -4.217111e-01  9.170843e-04   2.18e-03  
542      -3.693556e-01  -3.687944e-01  5.611504e-04   1.52e-03  
543      -3.405498e-01  -3.415261e-01  9.762925e-04   2.87e-03  
544      -1.827336e-01  -1.817006e-01  1.033000e-03   5.65e-03  
545      8.955091e-02   8.967390e-02   1.229931e-04   1.37e-03  
546      2.989755e-01   2.986332e-01   3.423221e-04   1.14e-03  
547      1.014544e-01   1.012882e-01   1.662739e-04   1.64e-03  
548      -2.882807e-02  -3.087791e-02  2.049840e-03   7.11e-02  
549      -2.087594e-02  -2.145327e-02  5.773389e-04   2.77e-02  
550      -4.274231e-03  -3.476543e-03  7.976879e-04   1.87e-01  
551      -3.783618e-01  -3.810851e-01  2.723282e-03   7.20e-03  
552      1.678806e-01   1.572278e-01   1.065283e-02   6.35e-02  
553      2.418714e-01   2.423138e-01   4.423847e-04   1.83e-03  
554      1.844180e-01   1.844927e-01   7.469827e-05   4.05e-04  
555      2.003967e-01   1.993197e-01   1.076992e-03   5.37e-03  
556      1.540095e-01   1.555304e-01   1.520882e-03   9.88e-03  
557      1.544742e-01   1.525768e-01   1.897399e-03   1.23e-02  
558      1.103585e-01   1.102740e-01   8.449610e-05   7.66e-04  
559      1.344539e-01   1.372604e-01   2.806434e-03   2.09e-02  
560      1.286564e-01   1.318182e-01   3.161822e-03   2.46e-02  
561      1.541447e-01   1.533454e-01   7.993624e-04   5.19e-03  
562      1.708585e-01   1.708918e-01   3.328716e-05   1.95e-04  
563      1.933785e-01   1.935825e-01   2.039880e-04   1.05e-03  
564      1.501660e-01   1.517776e-01   1.611615e-03   1.07e-02  
565      1.087793e-01   1.092627e-01   4.834365e-04   4.44e-03  
566      6.553589e-02   6.555297e-02   1.707991e-05   2.61e-04  
567      3.245328e-02   3.342791e-02   9.746286e-04   3.00e-02  
568      1.497810e-02   1.546027e-02   4.821689e-04   3.22e-02  
569      -2.753094e-03  -4.616254e-03  1.863160e-03   6.77e-01  
570      2.948756e-02   2.858940e-02   8.981647e-04   3.05e-02  
571      1.247229e-01   1.249077e-01   1.848129e-04   1.48e-03  
572      1.980067e-01   1.947478e-01   3.258827e-03   1.65e-02  
573      2.359318e-01   2.375288e-01   1.596962e-03   6.77e-03  
574      2.952353e-01   2.936349e-01   1.600401e-03   5.42e-03  
575      3.458681e-01   3.471524e-01   1.284356e-03   3.71e-03  
576      2.468058e-01   2.472672e-01   4.613453e-04   1.87e-03  
577      1.249651e-01   1.254182e-01   4.530737e-04   3.63e-03  
578      1.140991e-01   1.167507e-01   2.651577e-03   2.32e-02  
579      2.371382e-01   2.378778e-01   7.395432e-04   3.12e-03  
580      2.738287e-01   2.735442e-01   2.845698e-04   1.04e-03  
581      1.878269e-01   1.868085e-01   1.018406e-03   5.42e-03  
582      1.299308e-01   1.294666e-01   4.642592e-04   3.57e-03  
583      8.359387e-02   8.446193e-02   8.680655e-04   1.04e-02  
584      4.787086e-02   4.875062e-02   8.797611e-04   1.84e-02  
585      3.527121e-02   3.424589e-02   1.025325e-03   2.91e-02  
586      5.592376e-02   5.573497e-02   1.887828e-04   3.38e-03  
587      9.606253e-02   9.559926e-02   4.632674e-04   4.82e-03  
588      9.038696e-02   8.879681e-02   1.590153e-03   1.76e-02  
589      6.986090e-02   6.887149e-02   9.894162e-04   1.42e-02  
590      2.326816e-02   2.489855e-02   1.630391e-03   7.01e-02  
591      -4.500209e-02  -4.561173e-02  6.096396e-04   1.35e-02  
592      -4.064153e-01  -4.087173e-01  2.301979e-03   5.66e-03  
593      -4.047752e-01  -4.026009e-01  2.174288e-03   5.37e-03  
594      -2.881999e-01  -2.851465e-01  3.053455e-03   1.06e-02  
595      -7.958292e-02  -7.950860e-02  7.432036e-05   9.34e-04  
596      3.522051e-01   3.526628e-01   4.577054e-04   1.30e-03  
597      3.369804e-01   3.355245e-01   1.455838e-03   4.32e-03  
598      4.262604e-02   4.428273e-02   1.656693e-03   3.89e-02  
599      -3.698145e-02  -3.777302e-02  7.915660e-04   2.14e-02  
600      -1.128058e-02  -1.350998e-02  2.229392e-03   1.98e-01  
601      -2.892679e-01  -3.084375e-01  1.916958e-02   6.63e-02  
602      4.319081e-01   4.184267e-01   1.348145e-02   3.12e-02  
603      4.261862e-01   4.281145e-01   1.928268e-03   4.52e-03  
604      2.959423e-01   2.964833e-01   5.410292e-04   1.83e-03  
605      3.326711e-01   3.320611e-01   6.100364e-04   1.83e-03  
606      2.995405e-01   2.983842e-01   1.156367e-03   3.86e-03  
607      3.613695e-01   3.620187e-01   6.491764e-04   1.80e-03  
608      3.536794e-01   3.543352e-01   6.558029e-04   1.85e-03  
609      4.266227e-01   4.296527e-01   3.029955e-03   7.10e-03  
610      4.542876e-01   4.519450e-01   2.342646e-03   5.16e-03  
611      5.503333e-01   5.498345e-01   4.988513e-04   9.06e-04  
612      6.447490e-01   6.455247e-01   7.756802e-04   1.20e-03  
613      6.986085e-01   6.972482e-01   1.360271e-03   1.95e-03  
614      6.846401e-01   6.841492e-01   4.908616e-04   7.17e-04  
615      6.243641e-01   6.245727e-01   2.086294e-04   3.34e-04  
616      4.645734e-01   4.653708e-01   7.974492e-04   1.72e-03  
617      2.511272e-01   2.518141e-01   6.869043e-04   2.74e-03  
618      1.022333e-01   1.028991e-01   6.658014e-04   6.51e-03  
619      -5.268834e-02  -5.206516e-02  6.231798e-04   1.18e-02  
620      -1.386781e-01  -1.414185e-01  2.740370e-03   1.98e-02  
621      -1.103850e-01  -1.092951e-01  1.089914e-03   9.87e-03  
622      -4.755142e-02  -4.752224e-02  2.918868e-05   6.14e-04  
623      2.815148e-02   2.915840e-02   1.006917e-03   3.58e-02  
624      1.588415e-01   1.578513e-01   9.901233e-04   6.23e-03  
625      2.455192e-01   2.464736e-01   9.544444e-04   3.89e-03  
626      1.045292e-01   1.063967e-01   1.867465e-03   1.79e-02  
627      -1.691718e-02  -1.793865e-02  1.021469e-03   6.04e-02  
628      4.502117e-02   4.553726e-02   5.160909e-04   1.15e-02  
629      1.428361e-01   1.417334e-01   1.102745e-03   7.72e-03  
630      1.681905e-01   1.668678e-01   1.322661e-03   7.86e-03  
631      1.109988e-01   1.105172e-01   4.815830e-04   4.34e-03  
632      7.802232e-02   7.689607e-02   1.126246e-03   1.44e-02  
633      5.907456e-02   5.802633e-02   1.048230e-03   1.77e-02  
634      7.272185e-02   7.338713e-02   6.652786e-04   9.15e-03  
635      9.518041e-02   9.528719e-02   1.067813e-04   1.12e-03  
636      1.150474e-01   1.143582e-01   6.892715e-04   5.99e-03  
637      1.331872e-01   1.326731e-01   5.141150e-04   3.86e-03  
638      2.517011e-02   2.487127e-02   2.988381e-04   1.19e-02  
639      3.357634e-02   3.506671e-02   1.490369e-03   4.44e-02  
640      9.942224e-03   9.754331e-03   1.878931e-04   1.89e-02  
641      3.159110e-03   4.405933e-03   1.246824e-03   3.95e-01  
642      -4.169517e-02  -4.090566e-02  7.895123e-04   1.89e-02  
643      1.054444e-02   1.101398e-02   4.695396e-04   4.45e-02  
644      3.680326e-02   3.562150e-02   1.181761e-03   3.21e-02  
645      6.601282e-02   6.629364e-02   2.808184e-04   4.25e-03  
646      1.373951e-01   1.357756e-01   1.619523e-03   1.18e-02  
647      2.626811e-01   2.629679e-01   2.867689e-04   1.09e-03  
648      2.674132e-01   2.663825e-01   1.030753e-03   3.85e-03  
649      -2.896060e-02  -2.923855e-02  2.779512e-04   9.60e-03  
650      -2.641335e-02  -2.670788e-02  2.945279e-04   1.12e-02  
651      6.436854e-02   6.042342e-02   3.945118e-03   6.13e-02  
652      1.919572e-01   1.952191e-01   3.261879e-03   1.70e-02  
653      1.826847e-01   1.817375e-01   9.472391e-04   5.19e-03  
654      2.600820e-01   2.588996e-01   1.182398e-03   4.55e-03  
655      2.695511e-01   2.693935e-01   1.576768e-04   5.85e-04  
656      2.013873e-01   1.990338e-01   2.353464e-03   1.17e-02  
657      2.104419e-01   2.098329e-01   6.089849e-04   2.89e-03  
658      2.496795e-01   2.492868e-01   3.926760e-04   1.57e-03  
659      3.891163e-01   3.885594e-01   5.568740e-04   1.43e-03  
660      5.882042e-01   5.887938e-01   5.896313e-04   1.00e-03  
661      7.146134e-01   7.148600e-01   2.465651e-04   3.45e-04  
662      8.532011e-01   8.554088e-01   2.207625e-03   2.59e-03  
663      7.532178e-01   7.535999e-01   3.821189e-04   5.07e-04  
664      9.188042e-01   9.190285e-01   2.242944e-04   2.44e-04  
665      9.269368e-01   9.258099e-01   1.126854e-03   1.22e-03  
666      6.211622e-01   6.219034e-01   7.411594e-04   1.19e-03  
667      3.693593e-01   3.698796e-01   5.202600e-04   1.41e-03  
668      2.811864e-01   2.820423e-01   8.559083e-04   3.04e-03  
669      1.692531e-01   1.724612e-01   3.208119e-03   1.90e-02  
670      3.789936e-02   3.771731e-02   1.820439e-04   4.80e-03  
671      3.251084e-02   3.293565e-02   4.248006e-04   1.31e-02  
672      4.596918e-02   4.623814e-02   2.689592e-04   5.85e-03  
673      -8.115532e-03  -9.546284e-03  1.430752e-03   1.76e-01  
674      2.053716e-02   2.122988e-02   6.927162e-04   3.37e-02  
675      -3.872700e-02  -4.047820e-02  1.751195e-03   4.52e-02  
676      -4.647977e-02  -4.439016e-02  2.089606e-03   4.50e-02  
677      -1.196344e-01  -1.199123e-01  2.779479e-04   2.32e-03  
678      -5.141973e-02  -4.955496e-02  1.864776e-03   3.63e-02  
679      4.400961e-02   4.393087e-02   7.874536e-05   1.79e-03  
680      8.037809e-02   7.875371e-02   1.624380e-03   2.02e-02  
681      8.211912e-02   8.009351e-02   2.025604e-03   2.47e-02  
682      9.470996e-02   9.313851e-02   1.571447e-03   1.66e-02  
683      1.134178e-01   1.130218e-01   3.960795e-04   3.49e-03  
684      1.750466e-01   1.757695e-01   7.228692e-04   4.13e-03  
685      1.657717e-01   1.671361e-01   1.364411e-03   8.23e-03  
686      1.526129e-01   1.513422e-01   1.270677e-03   8.33e-03  
687      1.424922e-01   1.434569e-01   9.646306e-04   6.77e-03  
688      1.853086e-03   2.184493e-03   3.314061e-04   1.79e-01  
689      3.394492e-02   3.369848e-02   2.464330e-04   7.26e-03  
690      -1.126729e-02  -9.147243e-03  2.120042e-03   1.88e-01  
691      -4.681575e-02  -4.591811e-02  8.976360e-04   1.92e-02  
692      -2.660100e-02  -2.765375e-02  1.052755e-03   3.96e-02  
693      3.010353e-02   2.982972e-02   2.738056e-04   9.10e-03  
694      8.440063e-02   8.590916e-02   1.508534e-03   1.79e-02  
695      6.301499e-02   6.241237e-02   6.026240e-04   9.56e-03  
696      3.531130e-02   3.459490e-02   7.163998e-04   2.03e-02  
697      -2.194157e-01  -2.195361e-01  1.204517e-04   5.49e-04  
698      1.193384e-01   1.189898e-01   3.485921e-04   2.92e-03  
699      -2.084347e-02  -2.127308e-02  4.296107e-04   2.06e-02  
700      -5.154303e-02  -4.878814e-02  2.754889e-03   5.34e-02  
701      2.116712e-01   2.154638e-01   3.792595e-03   1.79e-02  
702      -2.063295e-02  -1.309786e-02  7.535089e-03   3.65e-01  
703      2.591632e-02   2.389186e-02   2.024464e-03   7.81e-02  
704      3.949638e-02   3.932655e-02   1.698306e-04   4.30e-03  
705      2.423296e-02   2.565628e-02   1.423322e-03   5.87e-02  
706      1.422392e-01   1.423933e-01   1.540930e-04   1.08e-03  
707      1.786254e-01   1.788754e-01   2.500517e-04   1.40e-03  
708      1.905105e-01   1.917664e-01   1.255888e-03   6.59e-03  
709      2.955899e-01   2.968068e-01   1.216840e-03   4.12e-03  
710      4.210886e-01   4.216861e-01   5.974936e-04   1.42e-03  
711      3.191341e-01   3.193003e-01   1.661995e-04   5.21e-04  
712      3.042473e-01   3.067805e-01   2.533240e-03   8.33e-03  
713      -1.869526e-01  -1.874184e-01  4.658121e-04   2.49e-03  
714      -3.535836e-01  -3.550298e-01  1.446201e-03   4.09e-03  
715      -6.400449e-01  -6.384874e-01  1.557480e-03   2.43e-03  
716      -7.398874e-01  -7.383466e-01  1.540889e-03   2.08e-03  
717      -8.079840e-02  -7.937956e-02  1.418839e-03   1.76e-02  
718      5.654501e-01   5.650412e-01   4.088668e-04   7.23e-04  
719      6.103338e-01   6.126851e-01   2.351325e-03   3.85e-03  
720      3.992264e-01   3.967676e-01   2.458804e-03   6.16e-03  
721      2.572123e-01   2.598256e-01   2.613266e-03   1.02e-02  
722      6.020290e-02   5.833783e-02   1.865065e-03   3.10e-02  
723      -7.807175e-03  -8.021175e-03  2.140002e-04   2.74e-02  
724      2.163822e-01   2.172948e-01   9.125591e-04   4.22e-03  
725      8.596353e-02   8.658560e-02   6.220719e-04   7.24e-03  
726      -1.353337e-02  -1.178421e-02  1.749156e-03   1.29e-01  
727      -7.516507e-02  -7.653966e-02  1.374591e-03   1.83e-02  
728      -2.064813e-02  -2.174716e-02  1.099021e-03   5.32e-02  
729      1.527401e-02   1.752142e-02   2.247409e-03   1.47e-01  
730      2.097307e-02   2.067509e-02   2.979774e-04   1.42e-02  
731      8.476682e-02   8.291750e-02   1.849327e-03   2.18e-02  
732      1.496796e-01   1.487007e-01   9.789425e-04   6.54e-03  
733      1.850205e-01   1.854761e-01   4.555734e-04   2.46e-03  
734      1.935835e-01   1.922746e-01   1.308974e-03   6.76e-03  
735      1.333508e-01   1.345052e-01   1.154389e-03   8.66e-03  
736      9.106127e-02   9.092219e-02   1.390839e-04   1.53e-03  
737      6.696627e-02   6.685525e-02   1.110227e-04   1.66e-03  
738      3.454475e-02   3.417995e-02   3.648013e-04   1.06e-02  
739      -8.751979e-03  -7.891572e-03  8.604067e-04   9.83e-02  
740      -1.191503e-01  -1.195457e-01  3.954341e-04   3.32e-03  
741      -1.274796e-01  -1.289857e-01  1.506081e-03   1.18e-02  
742      -9.330482e-02  -9.454141e-02  1.236583e-03   1.33e-02  
743      2.274286e-02   2.226386e-02   4.789999e-04   2.11e-02  
744      1.460184e-01   1.479026e-01   1.884213e-03   1.29e-02  
745      1.094956e-01   1.097538e-01   2.582174e-04   2.36e-03  
746      5.319962e-02   5.281606e-02   3.835560e-04   7.21e-03  
747      -7.665278e-03  -4.345111e-03  3.320167e-03   4.33e-01  
748      -2.589339e-01  -2.570994e-01  1.834559e-03   7.09e-03  
749      -2.804869e-01  -2.791768e-01  1.310150e-03   4.67e-03  
750      -1.067118e-01  -1.014996e-01  5.212197e-03   4.88e-02  
751      1.595218e-01   1.591894e-01   3.323439e-04   2.08e-03  
752      -4.163341e-02  -3.793502e-02  3.698386e-03   8.88e-02  
753      -2.598846e-02  -2.573415e-02  2.543099e-04   9.79e-03  
754      -3.272124e-02  -3.162313e-02  1.098105e-03   3.36e-02  
755      -1.758451e-02  -1.789829e-02  3.137805e-04   1.78e-02  
756      3.359506e-02   3.424304e-02   6.479819e-04   1.93e-02  
757      -1.561474e-02  -1.715932e-02  1.544588e-03   9.89e-02  
758      -6.494743e-02  -6.469691e-02  2.505264e-04   3.86e-03  
759      7.076676e-03   6.427285e-03   6.493904e-04   9.18e-02  
760      6.993997e-02   7.109520e-02   1.155230e-03   1.65e-02  
761      -5.692638e-02  -5.896538e-02  2.039004e-03   3.58e-02  
762      -2.164567e-02  -2.103150e-02  6.141775e-04   2.84e-02  
763      -2.300031e-01  -2.262794e-01  3.723632e-03   1.62e-02  
764      -3.125681e-01  -3.121608e-01  4.073735e-04   1.30e-03  
765      -5.910242e-01  -5.906122e-01  4.120183e-04   6.97e-04  
766      -6.901467e-01  -6.887910e-01  1.355674e-03   1.96e-03  
767      -5.898426e-02  -5.939341e-02  4.091540e-04   6.94e-03  
768      6.569501e-01   6.574680e-01   5.178984e-04   7.88e-04  
769      7.992363e-01   8.009647e-01   1.728394e-03   2.16e-03  
770      7.170484e-01   7.185861e-01   1.537728e-03   2.14e-03  
771      8.427538e-01   8.421654e-01   5.884035e-04   6.98e-04  
772      1.031201e+00   1.028828e+00   2.373359e-03   2.30e-03  
773      8.644636e-01   8.642678e-01   1.958285e-04   2.27e-04  
774      4.409641e-01   4.408906e-01   7.345245e-05   1.67e-04  
775      -1.878977e-01  -1.866067e-01  1.290957e-03   6.87e-03  
776      -2.717994e-03  -3.750529e-03  1.032535e-03   3.80e-01  
777      1.120965e-01   1.126074e-01   5.108760e-04   4.56e-03  
778      7.903641e-03   7.281074e-03   6.225680e-04   7.88e-02  
779      6.124190e-03   7.292442e-03   1.168252e-03   1.91e-01  
780      -9.354954e-03  -1.125670e-02  1.901748e-03   2.03e-01  
781      1.205255e-01   1.214198e-01   8.943096e-04   7.42e-03  
782      2.413412e-01   2.427686e-01   1.427345e-03   5.91e-03  
783      2.644881e-01   2.642435e-01   2.446259e-04   9.25e-04  
784      1.611239e-01   1.618054e-01   6.814178e-04   4.23e-03  
785      6.371894e-02   6.363166e-02   8.728160e-05   1.37e-03  
786      3.208200e-03   2.785896e-03   4.223039e-04   1.32e-01  
787      -8.535269e-03  -7.028120e-03  1.507149e-03   1.77e-01  
788      3.100728e-02   3.129003e-02   2.827503e-04   9.12e-03  
789      -1.156834e-01  -1.180979e-01  2.414472e-03   2.09e-02  
790      -2.088655e-01  -2.102746e-01  1.409067e-03   6.75e-03  
791      -2.322389e-01  -2.312169e-01  1.022076e-03   4.40e-03  
792      -2.654035e-01  -2.635448e-01  1.858686e-03   7.00e-03  
793      -1.729191e-01  -1.727352e-01  1.838580e-04   1.06e-03  
794      1.055204e-02   8.680558e-03   1.871484e-03   1.77e-01  
795      9.698238e-02   9.592270e-02   1.059676e-03   1.09e-02  
796      3.694148e-02   4.030028e-02   3.358801e-03   9.09e-02  
797      2.478116e-02   2.361276e-02   1.168406e-03   4.71e-02  
798      -1.209546e-02  -1.204512e-02  5.034164e-05   4.16e-03  
799      8.296163e-03   7.441940e-03   8.542224e-04   1.03e-01  
800      -4.767388e-03  -4.281446e-03  4.859417e-04   1.02e-01  
801      9.142788e-02   9.147584e-02   4.795856e-05   5.25e-04  
802      1.032970e-02   1.074568e-02   4.159786e-04   4.03e-02  
803      -8.226888e-03  -1.078604e-02  2.559150e-03   3.11e-01  
804      5.582808e-04   8.003553e-04   2.420745e-04   4.34e-01  
805      2.967681e-02   2.957961e-02   9.719915e-05   3.28e-03  
806      3.425208e-02   3.396735e-02   2.847269e-04   8.31e-03  
807      1.745999e-02   1.710475e-02   3.552360e-04   2.03e-02  
808      -9.055859e-03  -8.197958e-03  8.579011e-04   9.47e-02  
809      6.144294e-03   6.434675e-03   2.903815e-04   4.73e-02  
810      -4.424908e-03  -5.379093e-03  9.541848e-04   2.16e-01  
811      -4.491459e-02  -4.152753e-02  3.387060e-03   7.54e-02  
812      -5.332707e-02  -5.423260e-02  9.055302e-04   1.70e-02  
813      -8.158243e-02  -8.139352e-02  1.889081e-04   2.32e-03  
814      -9.744942e-02  -9.864095e-02  1.191531e-03   1.22e-02  
815      -1.672504e-01  -1.674113e-01  1.608199e-04   9.62e-04  
816      -2.157470e-01  -2.164614e-01  7.144243e-04   3.31e-03  
817      -9.560244e-02  -9.577832e-02  1.758798e-04   1.84e-03  
818      1.259118e-01   1.258525e-01   5.933894e-05   4.71e-04  
819      2.557420e-01   2.554390e-01   3.030700e-04   1.19e-03  
820      3.218487e-01   3.233180e-01   1.469239e-03   4.56e-03  
821      3.330337e-01   3.334043e-01   3.705885e-04   1.11e-03  
822      4.065832e-01   4.056443e-01   9.388959e-04   2.31e-03  
823      3.039713e-01   3.043704e-01   3.990378e-04   1.31e-03  
824      -2.585298e-02  -2.394358e-02  1.909397e-03   7.39e-02  
825      -4.024449e-01  -4.043756e-01  1.930695e-03   4.80e-03  
826      3.955496e-02   3.836647e-02   1.188494e-03   3.00e-02  
827      -9.188350e-02  -9.144856e-02  4.349417e-04   4.73e-03  
828      -1.457417e-01  -1.438826e-01  1.859110e-03   1.28e-02  
829      -8.003835e-02  -8.057100e-02  5.326535e-04   6.65e-03  
830      1.734525e-03   1.903686e-03   1.691607e-04   9.75e-02  
831      1.645063e-01   1.639285e-01   5.778462e-04   3.51e-03  
832      2.680657e-01   2.684607e-01   3.949490e-04   1.47e-03  
833      2.544065e-01   2.526150e-01   1.791501e-03   7.04e-03  
834      1.963371e-01   1.963986e-01   6.150245e-05   3.13e-04  
835      1.309515e-01   1.317898e-01   8.382410e-04   6.40e-03  
836      2.872534e-02   2.888157e-02   1.562351e-04   5.44e-03  
837      4.418529e-02   4.504102e-02   8.557248e-04   1.94e-02  
838      1.782337e-02   1.843205e-02   6.086801e-04   3.42e-02  
839      -2.219990e-01  -2.222652e-01  2.661232e-04   1.20e-03  
840      -4.337935e-01  -4.323249e-01  1.468603e-03   3.39e-03  
841      -5.389083e-01  -5.385800e-01  3.282555e-04   6.09e-04  
842      -5.810492e-01  -5.802588e-01  7.904250e-04   1.36e-03  
843      -5.322800e-01  -5.310801e-01  1.199923e-03   2.25e-03  
844      -2.250734e-01  -2.245713e-01  5.020606e-04   2.23e-03  
845      -1.812588e-02  -1.880551e-02  6.796290e-04   3.75e-02  
846      1.038868e-02   1.155911e-02   1.170433e-03   1.13e-01  
847      1.146303e-04   2.925731e-03   2.811100e-03   2.45e+01  
848      1.204340e-02   1.209457e-02   5.117580e-05   4.25e-03  
849      4.551695e-03   4.260414e-03   2.912804e-04   6.40e-02  
850      1.011788e-03   -6.173195e-04  1.629108e-03   1.61e+00  
851      3.731173e-02   3.879279e-02   1.481062e-03   3.97e-02  
852      1.954161e-02   1.941032e-02   1.312833e-04   6.72e-03  
853      5.596197e-03   4.341700e-03   1.254496e-03   2.24e-01  
854      6.483828e-03   5.896368e-03   5.874598e-04   9.06e-02  
855      1.298644e-02   1.368790e-02   7.014560e-04   5.40e-02  
856      1.126901e-02   9.781047e-03   1.487967e-03   1.32e-01  
857      2.950995e-03   3.973355e-03   1.022360e-03   3.46e-01  
858      6.714755e-03   5.243237e-03   1.471518e-03   2.19e-01  
859      4.717378e-03   3.523155e-03   1.194223e-03   2.53e-01  
860      4.620109e-03   4.449134e-03   1.709748e-04   3.70e-02  
861      1.627804e-03   2.216325e-03   5.885205e-04   3.62e-01  
862      4.771271e-03   3.287823e-03   1.483447e-03   3.11e-01  
863      -3.311367e-03  -2.358433e-03  9.529334e-04   2.88e-01  
864      -1.316319e-02  -1.140450e-02  1.758692e-03   1.34e-01  
865      -2.276118e-02  -2.294371e-02  1.825285e-04   8.02e-03  
866      -2.483786e-02  -2.479851e-02  3.934700e-05   1.58e-03  
867      -2.282417e-02  -2.221213e-02  6.120400e-04   2.68e-02  
868      -9.312813e-03  -9.405312e-03  9.249897e-05   9.93e-03  
869      1.202307e-02   1.443027e-02   2.407203e-03   2.00e-01  
870      3.784192e-02   3.833122e-02   4.893047e-04   1.29e-02  
871      1.407467e-02   1.416424e-02   8.957701e-05   6.36e-03  
872      -6.470824e-02  -6.434846e-02  3.597882e-04   5.56e-03  
873      -3.600469e-01  -3.590651e-01  9.817971e-04   2.73e-03  
874      -5.919572e-01  -5.918594e-01  9.783430e-05   1.65e-04  
875      -4.803373e-01  -4.806577e-01  3.203917e-04   6.67e-04  
876      1.819808e-01   1.817040e-01   2.767929e-04   1.52e-03  
877      -8.943675e-03  -9.124506e-03  1.808307e-04   2.02e-02  
878      8.925679e-02   8.860923e-02   6.475609e-04   7.26e-03  
879      9.096859e-02   9.269513e-02   1.726539e-03   1.90e-02  
880      -1.150295e-01  -1.158918e-01  8.622783e-04   7.50e-03  
881      -6.783865e-02  -6.673929e-02  1.099359e-03   1.62e-02  
882      1.106555e-01   1.134561e-01   2.800573e-03   2.53e-02  
883      1.062599e-01   1.050677e-01   1.192192e-03   1.12e-02  
884      2.001529e-01   2.006198e-01   4.668291e-04   2.33e-03  
885      2.517924e-01   2.519687e-01   1.762565e-04   7.00e-04  
886      1.349913e-01   1.361582e-01   1.166851e-03   8.64e-03  
887      9.275386e-02   9.064706e-02   2.106798e-03   2.27e-02  
888      1.171171e-02   1.222134e-02   5.096262e-04   4.35e-02  
889      -5.333065e-01  -5.319401e-01  1.366334e-03   2.56e-03  
890      -9.093363e-01  -9.100961e-01  7.598541e-04   8.36e-04  
891      -7.546537e-01  -7.534049e-01  1.248711e-03   1.65e-03  
892      -5.587255e-01  -5.586230e-01  1.024667e-04   1.83e-04  
893      -5.504365e-01  -5.510702e-01  6.336852e-04   1.15e-03  
894      -2.515658e-01  -2.511655e-01  4.002773e-04   1.59e-03  
895      -3.714943e-02  -3.719663e-02  4.719465e-05   1.27e-03  
896      -1.342537e-03  -1.762146e-03  4.196093e-04   3.13e-01  
897      3.071021e-05   3.984724e-04   3.677622e-04   1.20e+01  
898      1.065659e-03   2.906972e-03   1.841313e-03   1.73e+00  
899      2.331071e-04   7.980816e-04   5.649745e-04   2.42e+00  
900      6.388456e-04   -2.154366e-04  8.542822e-04   1.34e+00  
901      1.595220e-02   1.439901e-02   1.553193e-03   9.74e-02  
902      1.466230e-02   1.406818e-02   5.941194e-04   4.05e-02  
903      1.051326e-02   9.328573e-03   1.184687e-03   1.13e-01  
904      1.010297e-02   8.702159e-03   1.400812e-03   1.39e-01  
905      7.978164e-03   7.855192e-03   1.229723e-04   1.54e-02  
906      6.057196e-03   4.348522e-03   1.708675e-03   2.82e-01  
907      3.825409e-03   4.961862e-03   1.136453e-03   2.97e-01  
908      4.985407e-03   3.681748e-03   1.303659e-03   2.61e-01  
909      4.056302e-04   2.313527e-03   1.907897e-03   4.70e+00  
910      4.846440e-03   4.235972e-03   6.104688e-04   1.26e-01  
911      2.364065e-03   1.988951e-03   3.751142e-04   1.59e-01  
912      9.277378e-03   1.001183e-02   7.344529e-04   7.92e-02  
913      5.122942e-03   5.702532e-03   5.795896e-04   1.13e-01  
914      -9.903502e-04  -1.396074e-03  4.057242e-04   4.10e-01  
915      -2.328691e-03  -2.618208e-03  2.895165e-04   1.24e-01  
916      -2.003981e-03  -3.062723e-03  1.058742e-03   5.28e-01  
917      -1.063096e-03  -9.976020e-04  6.549367e-05   6.16e-02  
918      -9.781594e-04  -1.667217e-03  6.890580e-04   7.04e-01  
919      -2.024270e-03  -2.689831e-03  6.655606e-04   3.29e-01  
920      -2.645432e-03  -7.815970e-04  1.863835e-03   7.05e-01  
921      -1.568871e-03  -1.087415e-03  4.814563e-04   3.07e-01  
922      -7.418860e-03  -7.565291e-03  1.464306e-04   1.97e-02  
923      -7.997443e-02  -7.972517e-02  2.492602e-04   3.12e-03  
924      -1.484129e-01  -1.468607e-01  1.552275e-03   1.05e-02  
925      -1.984481e-01  -2.008528e-01  2.404699e-03   1.21e-02  
926      -1.843970e-01  -1.844444e-01  4.735183e-05   2.57e-04  
927      -3.885876e-01  -3.892416e-01  6.539176e-04   1.68e-03  
928      2.836043e-01   2.772379e-01   6.366488e-03   2.24e-02  
929      6.515869e-01   6.403701e-01   1.121676e-02   1.72e-02  
930      4.583554e-01   5.309903e-01   7.263490e-02   1.58e-01  
931      -4.587352e-01  -4.575998e-01  1.135468e-03   2.48e-03  
932      -2.012144e-01  -1.997267e-01  1.487694e-03   7.39e-03  
933      -1.878984e-01  -1.846649e-01  3.233413e-03   1.72e-02  
934      -5.933060e-02  -6.121979e-02  1.889198e-03   3.18e-02  
935      1.382982e-01   1.377293e-01   5.688293e-04   4.11e-03  
936      2.365945e-01   2.362174e-01   3.771089e-04   1.59e-03  
937      2.166802e-01   2.147328e-01   1.947360e-03   8.99e-03  
938      4.350640e-03   5.104539e-03   7.538989e-04   1.73e-01  
939      -8.724607e-01  -8.715699e-01  8.907667e-04   1.02e-03  
940      -1.020514e+00  -1.019588e+00  9.251119e-04   9.07e-04  
941      -3.707087e-01  -3.692361e-01  1.472617e-03   3.97e-03  
942      -1.070867e-01  -1.052962e-01  1.790538e-03   1.67e-02  
943      -2.201978e-01  -2.203922e-01  1.943208e-04   8.82e-04  
944      -1.076251e-01  -1.068514e-01  7.736700e-04   7.19e-03  
945      -1.085003e-02  -1.020169e-02  6.483371e-04   5.98e-02  
946      -4.948410e-04  4.672529e-04   9.620939e-04   1.94e+00  
947      5.842825e-04   -2.377760e-03  2.962043e-03   5.07e+00  
948      8.880262e-04   -1.926992e-04  1.080725e-03   1.22e+00  
949      7.103915e-04   1.388116e-03   6.777248e-04   9.54e-01  
950      5.557740e-04   -5.519496e-04  1.107724e-03   1.99e+00  
951      -1.474198e-03  2.097522e-04   1.683950e-03   1.14e+00  
952      -7.111683e-03  -8.673737e-03  1.562055e-03   2.20e-01  
953      -4.707268e-03  -5.077254e-03  3.699862e-04   7.86e-02  
954      2.330299e-03   3.781793e-03   1.451494e-03   6.23e-01  
955      2.878842e-03   2.072511e-03   8.063312e-04   2.80e-01  
956      6.026998e-03   6.808136e-03   7.811386e-04   1.30e-01  
957      3.893978e-03   2.830802e-03   1.063176e-03   2.73e-01  
958      2.114915e-03   1.272724e-03   8.421909e-04   3.98e-01  
959      3.507952e-03   4.458229e-03   9.502775e-04   2.71e-01  
960      9.701210e-03   1.003286e-02   3.316537e-04   3.42e-02  
961      2.962562e-03   2.894467e-03   6.809495e-05   2.30e-02  
962      3.311260e-03   4.865797e-03   1.554537e-03   4.69e-01  
963      5.686121e-04   3.285550e-04   2.400571e-04   4.22e-01  
964      -2.940609e-04  -2.978595e-04  3.798573e-06   1.29e-02  
965      -3.202792e-04  -3.421974e-04  2.191817e-05   6.84e-02  
966      -1.438968e-04  1.210765e-04   2.649733e-04   1.84e+00  
967      -1.737657e-05  -1.989520e-04  1.815754e-04   1.04e+01  
968      1.380919e-05   5.059064e-04   4.920972e-04   3.56e+01  
969      -7.826909e-07  -2.211209e-04  2.203382e-04   2.82e+02  
970      -7.562607e-06  6.798473e-04   6.874099e-04   9.09e+01  
971      -2.595017e-05  1.528520e-03   1.554470e-03   5.99e+01  
972      -4.597532e-05  6.969003e-04   7.428756e-04   1.62e+01  
973      -7.031594e-04  2.773959e-04   9.805553e-04   1.39e+00  
974      -5.825524e-03  -7.439667e-03  1.614143e-03   2.77e-01  
975      -2.047596e-02  -1.680633e-02  3.669638e-03   1.79e-01  
976      -5.335876e-02  -4.724939e-02  6.109373e-03   1.14e-01  
977      -1.997092e-01  -1.827158e-01  1.699338e-02   8.51e-02  
978      -1.441535e-01  -1.515065e-01  7.352949e-03   5.10e-02  
979      4.847882e-01   4.517136e-01   3.307459e-02   6.82e-02  
980      1.727998e+00   1.732244e+00   4.246300e-03   2.46e-03  
981      9.789496e-03   3.489731e-02   2.510782e-02   2.56e+00  
982      -3.699262e-01  -3.658766e-01  4.049530e-03   1.09e-02  
983      -5.515553e-01  -5.546337e-01  3.078463e-03   5.58e-03  
984      -4.024712e-01  -4.043630e-01  1.891832e-03   4.70e-03  
985      3.781624e-02   3.702951e-02   7.867304e-04   2.08e-02  
986      3.198060e-01   3.190439e-01   7.620912e-04   2.38e-03  
987      1.692722e-02   1.580361e-02   1.123616e-03   6.64e-02  
988      -3.169300e-01  -3.179497e-01  1.019709e-03   3.22e-03  
989      -5.832043e-01  -5.819805e-01  1.223744e-03   2.10e-03  
990      -3.530562e-01  -3.527254e-01  3.308887e-04   9.37e-04  
991      -3.349268e-02  -3.438743e-02  8.947417e-04   2.67e-02  
992      -1.249173e-02  -1.403066e-02  1.538930e-03   1.23e-01  
993      -5.606778e-02  -5.572986e-02  3.379279e-04   6.03e-03  
994      -1.182366e-02  -1.104809e-02  7.755715e-04   6.56e-02  
995      1.388424e-02   1.338719e-02   4.970505e-04   3.58e-02  
996      7.070083e-03   8.014354e-03   9.442708e-04   1.34e-01  
997      3.152585e-03   4.056915e-03   9.043294e-04   2.87e-01  
998      1.847296e-03   3.563514e-03   1.716218e-03   9.29e-01  
999      9.505916e-04   -8.793677e-04  1.829959e-03   1.93e+00  
1000     2.128549e-04   -3.444711e-04  5.573260e-04   2.62e+00  
1001     -1.038977e+00  -1.052800e+00  1.382315e-02   1.33e-02  
1002     -8.885351e-02  -1.338987e-01  4.504514e-02   5.07e-01  
1003     7.203591e-02   7.482527e-02   2.789360e-03   3.87e-02  
1004     -2.553517e-01  -2.557198e-01  3.681019e-04   1.44e-03  
1005     -7.629145e-02  -8.032373e-02  4.032276e-03   5.29e-02  
1006     2.204735e-01   2.208668e-01   3.933066e-04   1.78e-03  
1007     1.152825e-01   1.149306e-01   3.519048e-04   3.05e-03  
1008     -4.469443e-02  -4.487219e-02  1.777685e-04   3.98e-03  
1009     -5.586882e-02  -5.522338e-02  6.454365e-04   1.16e-02  
1010     -4.861732e-03  -4.233129e-03  6.286027e-04   1.29e-01  
1011     3.673148e-03   4.229719e-03   5.565704e-04   1.52e-01  
1012     -5.085543e-03  -5.167635e-03  8.209226e-05   1.61e-02  
1013     -5.465543e-03  -4.764615e-03  7.009274e-04   1.28e-01  
1014     5.047881e-03   3.616378e-03   1.431502e-03   2.84e-01  
1015     1.022913e-02   7.514700e-03   2.714432e-03   2.65e-01  
1016     2.510375e-03   -9.436008e-04  3.453976e-03   1.38e+00  
1017     1.660414e-03   1.294893e-03   3.655207e-04   2.20e-01  
1018     1.502170e-03   3.113882e-03   1.611713e-03   1.07e+00  
1019     8.978627e-04   2.023626e-03   1.125763e-03   1.25e+00  
1020     2.368577e-04   -1.045919e-03  1.282777e-03   5.42e+00  
1021     -5.873507e-01  -5.757261e-01  1.162466e-02   1.98e-02  
1022     -2.335255e-01  -2.413879e-01  7.862369e-03   3.37e-02  
1023     2.481917e-02   2.428294e-02   5.362328e-04   2.16e-02  
1024     1.204699e-01   1.248333e-01   4.363341e-03   3.62e-02  
1025     -1.865704e-02  -2.035506e-02  1.698023e-03   9.10e-02  
1026     -1.374902e-01  -1.376151e-01  1.249101e-04   9.09e-04  
1027     -6.918090e-02  -6.856624e-02  6.146648e-04   8.88e-03  
1028     -6.264962e-03  -5.920242e-03  3.447203e-04   5.50e-02  
1029     1.063778e-02   1.187459e-02   1.236808e-03   1.16e-01  
1030     7.839557e-04   1.064677e-03   2.807215e-04   3.58e-01  
1031     -1.009194e-04  -1.816716e-03  1.715796e-03   1.70e+01  
1032     -3.608816e-04  -2.148681e-03  1.787800e-03   4.95e+00  
1033     -1.512147e-04  8.645884e-04   1.015803e-03   6.72e+00  
1034     4.346037e-03   6.120331e-03   1.774294e-03   4.08e-01  
1035     5.670441e-03   3.491323e-03   2.179118e-03   3.84e-01  
1036     9.982877e-04   4.058620e-04   5.924257e-04   5.93e-01  
1037     1.157746e-03   1.143690e-03   1.405685e-05   1.21e-02  
1038     1.205812e-03   1.616058e-03   4.102467e-04   3.40e-01  
1039     8.842997e-04   -1.388685e-03  2.272984e-03   2.57e+00  
1040     3.818933e-04   2.283969e-03   1.902075e-03   4.98e+00  
1041     -8.998358e-02  -8.451423e-02  5.469349e-03   6.08e-02  
1042     -3.173696e-01  -3.147767e-01  2.592957e-03   8.17e-03  
1043     -3.758395e-01  -3.783259e-01  2.486445e-03   6.62e-03  
1044     -3.167253e-01  -3.152024e-01  1.522873e-03   4.81e-03  
1045     -2.112682e-01  -2.128053e-01  1.537110e-03   7.28e-03  
1046     -6.956346e-02  -6.945015e-02  1.133079e-04   1.63e-03  
1047     -1.596211e-02  -1.601165e-02  4.954336e-05   3.10e-03  
1048     7.993557e-05   9.026735e-04   8.227379e-04   1.03e+01  
1049     -3.152466e-03  -1.803073e-03  1.349392e-03   4.28e-01  
1050     -8.218251e-04  -1.358558e-04  6.859694e-04   8.35e-01  
1051     -6.080865e-03  -5.971970e-03  1.088955e-04   1.79e-02  
1052     -1.057124e-02  -1.043929e-02  1.319510e-04   1.25e-02  
1053     -1.202514e-02  -1.342869e-02  1.403547e-03   1.17e-01  
1054     -2.315573e-03  1.773515e-04   2.492925e-03   1.08e+00  
1055     2.001043e-03   1.825242e-03   1.758008e-04   8.79e-02  
1056     6.102800e-04   -4.433787e-04  1.053659e-03   1.73e+00  
1057     7.424202e-04   2.287379e-03   1.544959e-03   2.08e+00  
1058     8.801145e-04   -6.247092e-04  1.504824e-03   1.71e+00  
1059     8.886896e-04   1.953140e-03   1.064450e-03   1.20e+00  
1060     4.748588e-04   -6.616574e-04  1.136516e-03   2.39e+00  
1061     -1.018386e-02  -9.157475e-03  1.026382e-03   1.01e-01  
1062     -1.035396e-01  -1.020391e-01  1.500519e-03   1.45e-02  
1063     -4.911740e-01  -4.932849e-01  2.110953e-03   4.30e-03  
1064     -5.782247e-01  -5.758329e-01  2.391759e-03   4.14e-03  
1065     -2.563252e-01  -2.572176e-01  8.924198e-04   3.48e-03  
1066     -3.897700e-02  -4.139224e-02  2.415245e-03   6.20e-02  
1067     -7.589468e-02  -7.513620e-02  7.584778e-04   9.99e-03  
1068     -2.026438e-02  -1.773969e-02  2.524682e-03   1.25e-01  
1069     -1.626653e-02  -1.621970e-02  4.682968e-05   2.88e-03  
1070     -1.659819e-02  -1.448143e-02  2.116758e-03   1.28e-01  
1071     -4.628415e-02  -4.787807e-02  1.593929e-03   3.44e-02  
1072     -6.766651e-02  -6.610207e-02  1.564435e-03   2.31e-02  
1073     -5.524528e-02  -5.432526e-02  9.200235e-04   1.67e-02  
1074     -1.759537e-02  -1.780109e-02  2.057172e-04   1.17e-02  
1075     -1.079907e-03  -9.168843e-04  1.630229e-04   1.51e-01  
1076     4.120261e-04   2.631282e-03   2.219256e-03   5.39e+00  
1077     3.914883e-04   2.418687e-03   2.027199e-03   5.18e+00  
1078     7.962491e-04   -1.178364e-03  1.974613e-03   2.48e+00  
1079     9.537313e-04   2.480647e-03   1.526916e-03   1.60e+00  
1080     4.871368e-04   3.248033e-03   2.760896e-03   5.67e+00  
1081     5.259629e-03   6.519940e-03   1.260311e-03   2.40e-01  
1082     -5.800913e-02  -5.597826e-02  2.030868e-03   3.50e-02  
1083     6.390579e-01   6.394396e-01   3.817019e-04   5.97e-04  
1084     8.093638e-01   8.095498e-01   1.859847e-04   2.30e-04  
1085     -2.949580e-01  -2.989111e-01  3.953076e-03   1.34e-02  
1086     1.185099e-03   3.967671e-04   7.883320e-04   6.65e-01  
1087     -1.310087e-01  -1.300464e-01  9.623353e-04   7.35e-03  
1088     -1.466916e-01  -1.488769e-01  2.185324e-03   1.49e-02  
1089     -7.670114e-02  -7.676704e-02  6.589656e-05   8.59e-04  
1090     -7.321237e-02  -7.240089e-02  8.114746e-04   1.11e-02  
1091     -1.178915e-01  -1.191393e-01  1.247763e-03   1.06e-02  
1092     -1.307112e-01  -1.336741e-01  2.962927e-03   2.27e-02  
1093     -7.810823e-02  -7.789765e-02  2.105811e-04   2.70e-03  
1094     -1.940952e-02  -1.641297e-02  2.996552e-03   1.54e-01  
1095     1.614828e-03   1.897433e-03   2.826057e-04   1.75e-01  
1096     7.908946e-04   8.691359e-04   7.824130e-05   9.89e-02  
1097     6.394941e-04   6.059508e-04   3.354324e-05   5.25e-02  
1098     7.106917e-04   -1.230660e-03  1.941352e-03   2.73e+00  
1099     8.576304e-04   -2.627303e-03  3.484933e-03   4.06e+00  
1100     5.921942e-04   -1.035687e-03  1.627881e-03   2.75e+00  
1101     6.230233e-03   3.286686e-03   2.943547e-03   4.72e-01  
1102     -1.323972e-02  -1.208832e-02  1.151403e-03   8.70e-02  
1103     3.743398e-01   3.713586e-01   2.981127e-03   7.96e-03  
1104     5.551058e-01   5.552590e-01   1.532683e-04   2.76e-04  
1105     3.972492e-01   3.991403e-01   1.891035e-03   4.76e-03  
1106     5.078781e-02   5.016261e-02   6.252026e-04   1.23e-02  
1107     -2.150694e-02  -1.979231e-02  1.714626e-03   7.97e-02  
1108     -2.156053e-01  -2.149000e-01  7.053050e-04   3.27e-03  
1109     -2.006187e-01  -2.008176e-01  1.989102e-04   9.91e-04  
1110     -1.590285e-01  -1.621356e-01  3.107114e-03   1.95e-02  
1111     -1.588948e-01  -1.584039e-01  4.909184e-04   3.09e-03  
1112     -1.196006e-01  -1.196997e-01  9.911892e-05   8.29e-04  
1113     -1.710390e-02  -1.741739e-02  3.134894e-04   1.83e-02  
1114     1.382397e-02   1.222531e-02   1.598656e-03   1.16e-01  
1115     -3.289587e-02  -3.378602e-02  8.901523e-04   2.71e-02  
1116     -2.034612e-03  -1.797957e-03  2.366547e-04   1.16e-01  
1117     -4.860822e-05  -1.303420e-03  1.254811e-03   2.58e+01  
1118     4.402575e-04   1.574563e-04   2.828012e-04   6.42e-01  
1119     3.838509e-04   1.688818e-03   1.304967e-03   3.40e+00  
1120     3.090424e-04   -1.926992e-04  5.017416e-04   1.62e+00  
1121     1.912893e-04   1.136868e-06   1.901524e-04   9.94e-01  
1122     3.500494e-02   3.424645e-02   7.584881e-04   2.17e-02  
1123     2.644945e-01   2.638541e-01   6.404245e-04   2.42e-03  
1124     3.352797e-01   3.358889e-01   6.092025e-04   1.82e-03  
1125     2.923783e-01   2.932217e-01   8.434014e-04   2.88e-03  
1126     9.169104e-02   9.250300e-02   8.119565e-04   8.86e-03  
1127     1.055156e-01   1.048284e-01   6.872222e-04   6.51e-03  
1128     -1.331103e-01  -1.355340e-01  2.423725e-03   1.82e-02  
1129     -2.783880e-01  -2.783185e-01  6.956725e-05   2.50e-04  
1130     -3.058021e-01  -3.044414e-01  1.360640e-03   4.45e-03  
1131     -2.989186e-01  -3.015248e-01  2.606198e-03   8.72e-03  
1132     -1.556435e-01  -1.551518e-01  4.916140e-04   3.16e-03  
1133     3.485104e-02   3.578975e-02   9.387146e-04   2.69e-02  
1134     -3.911743e-02  -3.919354e-02  7.611167e-05   1.95e-03  
1135     -2.548543e-01  -2.533494e-01  1.504868e-03   5.90e-03  
1136     -1.367489e-01  -1.395978e-01  2.848849e-03   2.08e-02  
1137     -7.505332e-03  -7.843255e-03  3.379231e-04   4.50e-02  
1138     3.425009e-04   4.700951e-03   4.358450e-03   1.27e+01  
1139     -5.668123e-05  -1.704166e-03  1.647484e-03   2.91e+01  
1140     -3.227989e-04  -2.835350e-03  2.512551e-03   7.78e+00  
1141     1.222850e-04   2.714273e-03   2.591988e-03   2.12e+01  
1142     2.373852e-02   2.406637e-02   3.278468e-04   1.38e-02  
1143     1.741098e-01   1.749396e-01   8.298331e-04   4.77e-03  
1144     2.231665e-01   2.250408e-01   1.874361e-03   8.40e-03  
1145     1.657265e-01   1.658157e-01   8.918755e-05   5.38e-04  
1146     -1.552578e-03  1.252829e-03   2.805407e-03   1.81e+00  
1147     4.962544e-02   5.088282e-02   1.257375e-03   2.53e-02  
1148     3.519145e-02   3.599098e-02   7.995274e-04   2.27e-02  
1149     -5.312956e-02  -5.170875e-02  1.420805e-03   2.67e-02  
1150     -1.558368e-01  -1.551882e-01  6.486203e-04   4.16e-03  
1151     -2.743097e-01  -2.747987e-01  4.890137e-04   1.78e-03  
1152     -1.093336e-01  -1.060596e-01  3.273986e-03   2.99e-02  
1153     1.198486e-01   1.193081e-01   5.405122e-04   4.51e-03  
1154     4.394148e-02   4.213746e-02   1.804025e-03   4.11e-02  
1155     -2.611179e-01  -2.626808e-01  1.562927e-03   5.99e-03  
1156     -4.354828e-01  -4.402978e-01  4.814952e-03   1.11e-02  
1157     -7.054790e-02  -6.807227e-02  2.475637e-03   3.51e-02  
1158     -1.524075e-03  -5.132961e-04  1.010779e-03   6.63e-01  
1159     4.336954e-04   -1.667786e-03  2.101481e-03   4.85e+00  
1160     2.176043e-05   1.895160e-03   1.873399e-03   8.61e+01  
1161     4.984364e-04   -7.906920e-04  1.289128e-03   2.59e+00  
1162     1.422856e-02   1.544720e-02   1.218643e-03   8.56e-02  
1163     9.552390e-02   9.482562e-02   6.982784e-04   7.31e-03  
1164     1.004606e-01   9.822600e-02   2.234647e-03   2.22e-02  
1165     9.489131e-02   9.530766e-02   4.163433e-04   4.39e-03  
1166     8.798587e-02   8.668962e-02   1.296246e-03   1.47e-02  
1167     -4.483805e-02  -4.783544e-02  2.997388e-03   6.68e-02  
1168     3.580840e-02   3.711989e-02   1.311485e-03   3.66e-02  
1169     4.435020e-02   4.472952e-02   3.793189e-04   8.55e-03  
1170     -9.285693e-02  -8.860695e-02  4.249974e-03   4.58e-02  
1171     -2.512630e-01  -2.512127e-01  5.030460e-05   2.00e-04  
1172     -9.694224e-02  -9.494215e-02  2.000089e-03   2.06e-02  
1173     1.004236e-01   1.014854e-01   1.061790e-03   1.06e-02  
1174     9.460276e-02   9.403266e-02   5.701014e-04   6.03e-03  
1175     -8.014471e-02  -8.051529e-02  3.705863e-04   4.62e-03  
1176     -4.352757e-01  -4.379177e-01  2.641993e-03   6.07e-03  
1177     -3.037328e-02  -2.836714e-02  2.006144e-03   6.60e-02  
1178     -1.487347e-03  -3.446416e-03  1.959070e-03   1.32e+00  
1179     2.922664e-02   2.901515e-02   2.114811e-04   7.24e-03  
1180     2.216011e-03   1.568310e-03   6.477015e-04   2.92e-01  
1181     3.798460e-03   2.452794e-03   1.345667e-03   3.54e-01  
1182     2.621470e-02   2.585011e-02   3.645858e-04   1.39e-02  
1183     7.479497e-02   7.460244e-02   1.925339e-04   2.57e-03  
1184     5.505835e-02   5.455831e-02   5.000396e-04   9.08e-03  
1185     8.331200e-02   8.201027e-02   1.301721e-03   1.56e-02  
1186     7.965768e-02   7.764470e-02   2.012976e-03   2.53e-02  
1187     -3.492508e-02  -3.813170e-02  3.206623e-03   9.18e-02  
1188     -3.990284e-02  -3.735181e-02  2.551028e-03   6.39e-02  
1189     -5.287011e-02  -5.297409e-02  1.039763e-04   1.97e-03  
1190     -1.614462e-01  -1.603166e-01  1.129550e-03   7.00e-03  
1191     -2.626868e-01  -2.622880e-01  3.987226e-04   1.52e-03  
1192     -1.931545e-01  -1.922274e-01  9.270737e-04   4.80e-03  
1193     -1.078511e-01  -1.066616e-01  1.189572e-03   1.10e-02  
1194     -8.332655e-02  -8.223310e-02  1.093447e-03   1.31e-02  
1195     1.076077e-02   9.464998e-03   1.295772e-03   1.20e-01  
1196     -4.700779e-02  -4.612104e-02  8.867427e-04   1.89e-02  
1197     2.128761e-01   2.127115e-01   1.646220e-04   7.73e-04  
1198     2.508648e-01   2.520943e-01   1.229495e-03   4.90e-03  
1199     2.898572e-01   2.867358e-01   3.121393e-03   1.08e-02  
1200     5.180903e-02   4.189417e-02   9.914860e-03   1.91e-01  
1201     1.153158e-02   1.515275e-02   3.621169e-03   3.14e-01  
1202     4.396133e-02   4.333288e-02   6.284589e-04   1.43e-02  
1203     8.698904e-02   8.804932e-02   1.060280e-03   1.22e-02  
1204     8.649025e-02   8.633776e-02   1.524882e-04   1.76e-03  
1205     1.850695e-01   1.869694e-01   1.899877e-03   1.03e-02  
1206     5.880824e-02   5.871868e-02   8.955676e-05   1.52e-03  
1207     -1.892153e-02  -1.964224e-02  7.207183e-04   3.81e-02  
1208     -8.532279e-02  -8.139295e-02  3.929833e-03   4.61e-02  
1209     -1.487700e-01  -1.489474e-01  1.773607e-04   1.19e-03  
1210     -2.011573e-01  -2.005174e-01  6.398434e-04   3.18e-03  
1211     -2.250439e-01  -2.213011e-01  3.742800e-03   1.66e-02  
1212     -2.107558e-01  -2.099699e-01  7.858546e-04   3.73e-03  
1213     -1.683743e-01  -1.703830e-01  2.008780e-03   1.19e-02  
1214     -2.414027e-02  -1.953083e-02  4.609438e-03   1.91e-01  
1215     1.335965e-01   1.359751e-01   2.378599e-03   1.78e-02  
1216     -6.994077e-02  -7.134304e-02  1.402266e-03   2.00e-02  
1217     -7.220915e-02  -7.153119e-02  6.779553e-04   9.39e-03  
1218     1.242505e-01   1.208866e-01   3.363848e-03   2.71e-02  
1219     2.357058e-01   2.369484e-01   1.242630e-03   5.27e-03  
1220     3.910235e-02   3.396281e-02   5.139542e-03   1.31e-01  
1221     1.679521e-03   5.532570e-03   3.853048e-03   2.29e+00  
1222     2.596112e-02   2.658453e-02   6.234095e-04   2.40e-02  
1223     7.107775e-02   7.169263e-02   6.148764e-04   8.65e-03  
1224     2.114796e-01   2.095032e-01   1.976359e-03   9.35e-03  
1225     3.431404e-01   3.431302e-01   1.021094e-05   2.98e-05  
1226     -1.303300e-01  -1.321479e-01  1.817832e-03   1.39e-02  
1227     -3.380497e-03  -4.108074e-03  7.275773e-04   2.15e-01  
1228     -4.516860e-02  -4.512003e-02  4.856976e-05   1.08e-03  
1229     -1.340819e-01  -1.315965e-01  2.485449e-03   1.85e-02  
1230     -1.783119e-01  -1.783366e-01  2.471314e-05   1.39e-04  
1231     -1.631950e-01  -1.626307e-01  5.643218e-04   3.46e-03  
1232     -1.089981e-01  -1.097618e-01  7.636664e-04   7.01e-03  
1233     3.244726e-02   2.969898e-02   2.748284e-03   8.47e-02  
1234     2.016824e-01   1.982693e-01   3.413164e-03   1.69e-02  
1235     1.559846e-01   1.595106e-01   3.525946e-03   2.26e-02  
1236     -1.265159e-01  -1.262754e-01  2.405480e-04   1.90e-03  
1237     -9.997782e-02  -1.050893e-01  5.111448e-03   5.11e-02  
1238     1.463760e-01   1.459995e-01   3.765319e-04   2.57e-03  
1239     9.778444e-02   9.693053e-02   8.539055e-04   8.73e-03  
1240     1.118423e-02   1.584453e-02   4.660306e-03   4.17e-01  
1241     1.236722e-02   1.469289e-02   2.325666e-03   1.88e-01  
1242     3.817830e-02   3.508262e-02   3.095676e-03   8.11e-02  
1243     -8.231748e-03  -7.248104e-03  9.836435e-04   1.19e-01  
1244     -1.542372e-01  -1.538092e-01  4.280507e-04   2.78e-03  
1245     -1.409949e-01  -1.409518e-01  4.309213e-05   3.06e-04  
1246     -1.245800e-01  -1.266233e-01  2.043306e-03   1.64e-02  
1247     2.840221e-02   2.793115e-02   4.710553e-04   1.66e-02  
1248     4.549178e-02   4.688218e-02   1.390400e-03   3.06e-02  
1249     -1.691654e-02  -1.626915e-02  6.473886e-04   3.83e-02  
1250     -5.757665e-02  -5.869595e-02  1.119296e-03   1.94e-02  
1251     -1.951651e-02  -2.180400e-02  2.287491e-03   1.17e-01  
1252     1.039432e-01   1.002883e-01   3.654968e-03   3.52e-02  
1253     2.414964e-01   2.472848e-01   5.788394e-03   2.40e-02  
1254     2.475136e-01   2.497552e-01   2.241562e-03   9.06e-03  
1255     1.240241e-01   1.220866e-01   1.937514e-03   1.56e-02  
1256     2.191475e-02   2.022318e-02   1.691566e-03   7.72e-02  
1257     6.318979e-02   5.866070e-02   4.529084e-03   7.17e-02  
1258     1.230898e-01   1.225101e-01   5.797008e-04   4.71e-03  
1259     2.865598e-02   2.422496e-02   4.431024e-03   1.55e-01  
1260     6.540718e-04   2.671641e-04   3.869077e-04   5.92e-01  
1261     -3.465986e-02  -3.164359e-02  3.016266e-03   8.70e-02  
1262     -7.626386e-02  -7.996562e-02  3.701756e-03   4.85e-02  
1263     -6.038081e-02  -6.136077e-02  9.799550e-04   1.62e-02  
1264     -1.913712e-01  -1.917016e-01  3.303500e-04   1.73e-03  
1265     -1.038397e-01  -1.047857e-01  9.459881e-04   9.11e-03  
1266     -1.566926e-01  -1.525086e-01  4.184027e-03   2.67e-02  
1267     -3.578832e-03  -3.654463e-03  7.563112e-05   2.11e-02  
1268     1.054966e-01   1.042787e-01   1.217937e-03   1.15e-02  
1269     1.075625e-01   1.072664e-01   2.960882e-04   2.75e-03  
1270     1.213818e-01   1.217472e-01   3.654198e-04   3.01e-03  
1271     1.959530e-01   1.957488e-01   2.041598e-04   1.04e-03  
1272     2.198922e-01   2.218570e-01   1.964793e-03   8.94e-03  
1273     1.464874e-01   1.448205e-01   1.666842e-03   1.14e-02  
1274     7.990579e-02   7.857352e-02   1.332269e-03   1.67e-02  
1275     1.078225e-01   1.082077e-01   3.852125e-04   3.57e-03  
1276     -6.137278e-03  -8.545840e-03  2.408561e-03   3.92e-01  
1277     -2.020447e-02  -2.087404e-02  6.695699e-04   3.31e-02  
1278     1.818923e-02   1.461729e-02   3.571943e-03   1.96e-01  
1279     2.185709e-03   1.921308e-03   2.644010e-04   1.21e-01  
1280     -4.568120e-04  -3.346372e-03  2.889560e-03   6.33e+00  
1281     -9.364505e-03  -1.135390e-02  1.989399e-03   2.12e-01  
1282     -4.453793e-02  -4.655476e-02  2.016833e-03   4.53e-02  
1283     -1.117266e-01  -1.089575e-01  2.769106e-03   2.48e-02  
1284     -1.974317e-01  -1.982886e-01  8.568959e-04   4.34e-03  
1285     -1.109615e-01  -1.097931e-01  1.168418e-03   1.05e-02  
1286     -1.174486e-01  -1.204523e-01  3.003775e-03   2.56e-02  
1287     -9.759506e-02  -9.897121e-02  1.376157e-03   1.41e-02  
1288     1.021923e-01   1.024722e-01   2.798726e-04   2.74e-03  
1289     1.781666e-01   1.776152e-01   5.513899e-04   3.09e-03  
1290     1.134854e-01   1.053991e-01   8.086376e-03   7.13e-02  
1291     5.991777e-02   6.477421e-02   4.856440e-03   8.11e-02  
1292     -3.101308e-02  -3.214495e-02  1.131877e-03   3.65e-02  
1293     -9.998396e-03  -1.417845e-02  4.180058e-03   4.18e-01  
1294     4.904328e-02   4.971128e-02   6.679991e-04   1.36e-02  
1295     2.936978e-02   2.821139e-02   1.158390e-03   3.94e-02  
1296     -6.768375e-02  -7.001006e-02  2.326310e-03   3.44e-02  
1297     -3.668956e-02  -3.926345e-02  2.573894e-03   7.02e-02  
1298     2.764428e-03   8.304823e-03   5.540396e-03   2.00e+00  
1299     2.412202e-03   3.807372e-03   1.395170e-03   5.78e-01  
1300     -8.682472e-04  -1.588774e-03  7.205263e-04   8.30e-01  
1301     1.233933e-02   1.280171e-02   4.623749e-04   3.75e-02  
1302     6.577993e-03   2.408456e-03   4.169538e-03   6.34e-01  
1303     -8.767972e-02  -8.689483e-02  7.848864e-04   8.95e-03  
1304     -1.763118e-01  -1.737135e-01  2.598262e-03   1.47e-02  
1305     -1.299575e-01  -1.295922e-01  3.653194e-04   2.81e-03  
1306     -8.006811e-02  -8.287202e-02  2.803908e-03   3.50e-02  
1307     -9.741633e-02  -9.776613e-02  3.497982e-04   3.59e-03  
1308     7.460867e-03   6.525624e-03   9.352423e-04   1.25e-01  
1309     1.592732e-01   1.589802e-01   2.929768e-04   1.84e-03  
1310     -6.951865e-02  -6.906816e-02  4.504867e-04   6.48e-03  
1311     -1.771009e-01  -1.764880e-01  6.128384e-04   3.46e-03  
1312     -9.555882e-02  -9.517748e-02  3.813395e-04   3.99e-03  
1313     5.469378e-02   5.471861e-02   2.483398e-05   4.54e-04  
1314     7.957563e-02   8.201596e-02   2.440326e-03   3.07e-02  
1315     -2.764889e-02  -2.596948e-02  1.679410e-03   6.07e-02  
1316     -5.191843e-02  -4.938101e-02  2.537418e-03   4.89e-02  
1317     -1.054071e-02  -1.441549e-02  3.874781e-03   3.68e-01  
1318     5.729278e-03   3.618652e-03   2.110626e-03   3.68e-01  
1319     1.039513e-03   3.454375e-03   2.414862e-03   2.32e+00  
1320     -1.253406e-03  -3.790888e-03  2.537481e-03   2.02e+00  
1321     1.521916e-02   1.150511e-02   3.714055e-03   2.44e-01  
1322     2.502336e-02   2.897536e-02   3.952007e-03   1.58e-01  
1323     -4.549296e-02  -4.505864e-02  4.343158e-04   9.55e-03  
1324     -1.499550e-01  -1.514036e-01  1.448591e-03   9.66e-03  
1325     -1.452481e-01  -1.490895e-01  3.841422e-03   2.64e-02  
1326     -6.958324e-02  -6.955361e-02  2.963139e-05   4.26e-04  
1327     -5.416267e-02  -5.481184e-02  6.491644e-04   1.20e-02  
1328     -7.530396e-02  -7.497022e-02  3.337470e-04   4.43e-03  
1329     1.269547e-01   1.273213e-01   3.665791e-04   2.89e-03  
1330     -1.397968e-01  -1.381648e-01  1.632070e-03   1.17e-02  
1331     -2.014282e-01  -2.038536e-01  2.425377e-03   1.20e-02  
1332     -2.839535e-02  -2.841432e-02  1.896698e-05   6.68e-04  
1333     1.207623e-02   1.185583e-02   2.204010e-04   1.83e-02  
1334     -6.208632e-02  -5.953041e-02  2.555910e-03   4.12e-02  
1335     -7.955590e-02  -7.833250e-02  1.223397e-03   1.54e-02  
1336     -3.863167e-02  -3.799869e-02  6.329789e-04   1.64e-02  
1337     -1.108527e-03  -1.180638e-03  7.211128e-05   6.51e-02  
1338     5.092320e-03   4.914682e-03   1.776381e-04   3.49e-02  
1339     -7.624793e-05  -1.484750e-03  1.408502e-03   1.85e+01  
1340     -1.616734e-03  2.228262e-03   3.844996e-03   2.38e+00  
1341     8.739234e-03   8.003553e-03   7.356806e-04   8.42e-02  
1342     2.006214e-02   2.068305e-02   6.209046e-04   3.09e-02  
1343     -1.092605e-02  -9.317773e-03  1.608279e-03   1.47e-01  
1344     -1.014493e-01  -9.902863e-02  2.420675e-03   2.39e-02  
1345     -1.278132e-01  -1.267119e-01  1.101227e-03   8.62e-03  
1346     -1.035709e-01  -1.061738e-01  2.602896e-03   2.51e-02  
1347     -7.348581e-02  -7.501740e-02  1.531590e-03   2.08e-02  
1348     -1.163835e-01  -1.155689e-01  8.145346e-04   7.00e-03  
1349     -1.140690e-01  -1.138920e-01  1.769454e-04   1.55e-03  
1350     -1.343419e-01  -1.315811e-01  2.760714e-03   2.05e-02  
1351     -1.076533e-01  -1.044248e-01  3.228549e-03   3.00e-02  
1352     -1.254383e-01  -1.269876e-01  1.549334e-03   1.24e-02  
1353     -1.346834e-01  -1.341334e-01  5.499659e-04   4.08e-03  
1354     -1.455377e-01  -1.443487e-01  1.188948e-03   8.17e-03  
1355     -1.085087e-01  -1.098607e-01  1.351996e-03   1.25e-02  
1356     -4.943657e-02  -5.127220e-02  1.835623e-03   3.71e-02  
1357     -7.165086e-03  -8.337793e-03  1.172707e-03   1.64e-01  
1358     2.184184e-03   3.129799e-03   9.456142e-04   4.33e-01  
1359     -8.943715e-04  1.232934e-03   2.127305e-03   2.38e+00  
1360     -1.886081e-03  1.227818e-04   2.008863e-03   1.07e+00  
1361     -9.179897e-03  -1.079513e-02  1.615237e-03   1.76e-01  
1362     -8.793809e-03  -8.394636e-03  3.991727e-04   4.54e-02  
1363     -8.756791e-03  -7.604513e-03  1.152278e-03   1.32e-01  
1364     -6.914868e-02  -6.796711e-02  1.181577e-03   1.71e-02  
1365     -1.174232e-01  -1.170213e-01  4.018972e-04   3.42e-03  
1366     -1.338957e-01  -1.336946e-01  2.011137e-04   1.50e-03  
1367     -1.365158e-01  -1.356983e-01  8.174943e-04   5.99e-03  
1368     -1.494930e-01  -1.508567e-01  1.363755e-03   9.12e-03  
1369     -1.881529e-01  -1.860184e-01  2.134531e-03   1.13e-02  
1370     -1.818079e-01  -1.807655e-01  1.042380e-03   5.73e-03  
1371     -1.746205e-01  -1.740409e-01  5.796232e-04   3.32e-03  
1372     -2.125517e-01  -2.102621e-01  2.289556e-03   1.08e-02  
1373     -2.297148e-01  -2.306030e-01  8.881028e-04   3.87e-03  
1374     -2.087038e-01  -2.082436e-01  4.601773e-04   2.20e-03  
1375     -1.358092e-01  -1.339720e-01  1.837258e-03   1.35e-02  
1376     -6.057777e-02  -5.808431e-02  2.493460e-03   4.12e-02  
1377     -1.761868e-02  -1.188653e-02  5.732153e-03   3.25e-01  
1378     -1.767497e-03  -5.158540e-03  3.391044e-03   1.92e+00  
1379     -8.218274e-04  -4.312142e-03  3.490314e-03   4.25e+00  
1380     -1.786681e-03  -4.051799e-03  2.265118e-03   1.27e+00  
1381     -1.365041e-02  -1.273236e-02  9.180489e-04   6.73e-02  
1382     -2.411433e-02  -2.153570e-02  2.578637e-03   1.07e-01  
1383     -1.784447e-02  -1.609124e-02  1.753239e-03   9.83e-02  
1384     -5.851044e-02  -5.465495e-02  3.855490e-03   6.59e-02  
1385     -1.219952e-01  -1.231331e-01  1.137834e-03   9.33e-03  
1386     -1.649193e-01  -1.641627e-01  7.566006e-04   4.59e-03  
1387     -1.856093e-01  -1.819490e-01  3.660288e-03   1.97e-02  
1388     -1.897199e-01  -1.885439e-01  1.175954e-03   6.20e-03  
1389     -1.988886e-01  -1.951560e-01  3.732632e-03   1.88e-02  
1390     -2.221126e-01  -2.207565e-01  1.356027e-03   6.11e-03  
1391     -2.473366e-01  -2.470478e-01  2.888388e-04   1.17e-03  
1392     -2.851608e-01  -2.901902e-01  5.029430e-03   1.76e-02  
1393     -2.870333e-01  -2.903334e-01  3.300146e-03   1.15e-02  
1394     -2.474881e-01  -2.469039e-01  5.841822e-04   2.36e-03  
1395     -1.607007e-01  -1.574762e-01  3.224555e-03   2.01e-02  
1396     -7.863411e-02  -7.719279e-02  1.441319e-03   1.83e-02  
1397     -3.175433e-02  -3.381501e-02  2.060681e-03   6.49e-02  
1398     -7.987745e-03  -6.536993e-03  1.450752e-03   1.82e-01  
1399     -1.190183e-03  -4.197886e-03  3.007704e-03   2.53e+00  
1400     -1.353982e-03  2.568186e-03   3.922167e-03   2.90e+00  
1401     -8.914212e-03  -1.296769e-02  4.053477e-03   4.55e-01  
1402     -2.599617e-02  -2.593083e-02  6.534302e-05   2.51e-03  
1403     -3.956438e-02  -4.130413e-02  1.739753e-03   4.40e-02  
1404     -7.327937e-02  -7.218375e-02  1.095622e-03   1.50e-02  
1405     -1.272835e-01  -1.289942e-01  1.710743e-03   1.34e-02  
1406     -1.822754e-01  -1.792608e-01  3.014518e-03   1.65e-02  
1407     -2.213118e-01  -2.199835e-01  1.328358e-03   6.00e-03  
1408     -2.173503e-01  -2.145845e-01  2.765801e-03   1.27e-02  
1409     -1.982692e-01  -1.931431e-01  5.126038e-03   2.59e-02  
1410     -2.139666e-01  -2.131492e-01  8.173790e-04   3.82e-03  
1411     -2.520752e-01  -2.507710e-01  1.304205e-03   5.17e-03  
1412     -2.940370e-01  -2.966044e-01  2.567447e-03   8.73e-03  
1413     -2.976042e-01  -2.984848e-01  8.806354e-04   2.96e-03  
1414     -2.560090e-01  -2.603861e-01  4.377075e-03   1.71e-02  
1415     -1.729886e-01  -1.704984e-01  2.490188e-03   1.44e-02  
1416     -9.437494e-02  -9.789176e-02  3.516816e-03   3.73e-02  
1417     -4.194331e-02  -4.221135e-02  2.680424e-04   6.39e-03  
1418     -1.467433e-02  -1.507431e-02  3.999738e-04   2.73e-02  
1419     -2.207168e-03  -3.588525e-03  1.381357e-03   6.26e-01  
1420     -8.276979e-04  -7.573817e-03  6.746119e-03   8.15e+00  
1421     -4.126855e-03  -4.541789e-03  4.149346e-04   1.01e-01  
1422     -2.273268e-02  -2.386173e-02  1.129053e-03   4.97e-02  
1423     -6.008249e-02  -5.914728e-02  9.352047e-04   1.56e-02  
1424     -9.546339e-02  -9.284065e-02  2.622744e-03   2.75e-02  
1425     -1.302633e-01  -1.269598e-01  3.303559e-03   2.54e-02  
1426     -1.883375e-01  -1.845660e-01  3.771488e-03   2.00e-02  
1427     -2.456443e-01  -2.427089e-01  2.935395e-03   1.19e-02  
1428     -2.487122e-01  -2.475241e-01  1.188086e-03   4.78e-03  
1429     -2.075204e-01  -2.065053e-01  1.015061e-03   4.89e-03  
1430     -1.974010e-01  -1.958000e-01  1.600990e-03   8.11e-03  
1431     -2.191348e-01  -2.179473e-01  1.187514e-03   5.42e-03  
1432     -2.559044e-01  -2.552656e-01  6.387622e-04   2.50e-03  
1433     -2.688715e-01  -2.703121e-01  1.440517e-03   5.36e-03  
1434     -2.304185e-01  -2.258429e-01  4.575579e-03   1.99e-02  
1435     -1.646609e-01  -1.666712e-01  2.010304e-03   1.22e-02  
1436     -9.685733e-02  -9.394000e-02  2.917332e-03   3.01e-02  
1437     -3.207736e-02  -3.393268e-02  1.855322e-03   5.78e-02  
1438     -2.428039e-02  -2.575121e-02  1.470820e-03   6.06e-02  
1439     -6.590034e-03  -5.215384e-03  1.374650e-03   2.09e-01  
1440     -1.457326e-03  -2.052047e-03  5.947211e-04   4.08e-01  
1441     -1.129784e-03  5.519496e-04   1.681734e-03   1.49e+00  
1442     -1.429804e-02  -1.663295e-02  2.334917e-03   1.63e-01  
1443     -6.267603e-02  -6.227936e-02  3.966790e-04   6.33e-03  
1444     -1.174154e-01  -1.160021e-01  1.413352e-03   1.20e-02  
1445     -1.454681e-01  -1.473404e-01  1.872280e-03   1.29e-02  
1446     -1.965271e-01  -1.962928e-01  2.342812e-04   1.19e-03  
1447     -2.597945e-01  -2.598665e-01  7.201481e-05   2.77e-04  
1448     -2.799753e-01  -2.811169e-01  1.141540e-03   4.08e-03  
1449     -2.337513e-01  -2.366261e-01  2.874779e-03   1.23e-02  
1450     -1.907080e-01  -1.891880e-01  1.520050e-03   7.97e-03  
1451     -1.822589e-01  -1.817733e-01  4.855403e-04   2.66e-03  
1452     -1.975382e-01  -1.987172e-01  1.179017e-03   5.97e-03  
1453     -2.062705e-01  -2.064144e-01  1.438879e-04   6.98e-04  
1454     -1.845548e-01  -1.865396e-01  1.984882e-03   1.08e-02  
1455     -1.548410e-01  -1.548329e-01  8.095355e-06   5.23e-05  
1456     -7.847449e-02  -7.919937e-02  7.248745e-04   9.24e-03  
1457     -1.553265e-02  -1.359865e-02  1.934000e-03   1.25e-01  
1458     5.585550e-03   3.554419e-03   2.031131e-03   3.64e-01  
1459     -2.161395e-02  -2.573643e-02  4.122473e-03   1.91e-01  
1460     -3.815897e-03  -5.509833e-03  1.693936e-03   4.44e-01  
1461     -3.027258e-04  -1.318767e-04  1.708490e-04   5.64e-01  
1462     -7.012027e-03  -1.026137e-02  3.249347e-03   4.63e-01  
1463     -4.680813e-02  -4.486424e-02  1.943893e-03   4.15e-02  
1464     -1.161678e-01  -1.136806e-01  2.487247e-03   2.14e-02  
1465     -1.499835e-01  -1.502849e-01  3.014533e-04   2.01e-03  
1466     -1.945694e-01  -1.960893e-01  1.519908e-03   7.81e-03  
1467     -2.608893e-01  -2.582567e-01  2.632628e-03   1.01e-02  
1468     -3.072255e-01  -3.023951e-01  4.830470e-03   1.57e-02  
1469     -2.757659e-01  -2.774163e-01  1.650413e-03   5.98e-03  
1470     -2.080240e-01  -2.085801e-01  5.561375e-04   2.67e-03  
1471     -1.642013e-01  -1.610965e-01  3.104771e-03   1.89e-02  
1472     -1.439093e-01  -1.434069e-01  5.024883e-04   3.49e-03  
1473     -1.326004e-01  -1.345416e-01  1.941190e-03   1.46e-02  
1474     -1.208208e-01  -1.214386e-01  6.177776e-04   5.11e-03  
1475     -8.608450e-02  -8.780205e-02  1.717549e-03   2.00e-02  
1476     -7.098144e-02  -6.819334e-02  2.788100e-03   3.93e-02  
1477     -3.537709e-02  -3.764967e-02  2.272578e-03   6.42e-02  
1478     2.778947e-01   2.766120e-01   1.282644e-03   4.62e-03  
1479     1.757921e-01   1.758127e-01   2.061107e-05   1.17e-04  
1480     6.229926e-02   5.633581e-02   5.963451e-03   9.57e-02  
1481     -3.544640e-05  -1.583658e-03  1.548211e-03   4.37e+01  
1482     -2.068889e-03  -2.752358e-03  6.834690e-04   3.30e-01  
1483     -2.393968e-02  -2.543175e-02  1.492063e-03   6.23e-02  
1484     -8.501562e-02  -8.674704e-02  1.731421e-03   2.04e-02  
1485     -1.327908e-01  -1.340356e-01  1.244823e-03   9.37e-03  
1486     -1.720828e-01  -1.755876e-01  3.504784e-03   2.04e-02  
1487     -2.362322e-01  -2.345587e-01  1.673491e-03   7.08e-03  
1488     -3.163441e-01  -3.144373e-01  1.906783e-03   6.03e-03  
1489     -3.178659e-01  -3.199835e-01  2.117658e-03   6.66e-03  
1490     -2.461058e-01  -2.468119e-01  7.060736e-04   2.87e-03  
1491     -1.602669e-01  -1.581662e-01  2.100657e-03   1.31e-02  
1492     -1.021567e-01  -9.963344e-02  2.523251e-03   2.47e-02  
1493     -5.204024e-02  -5.018364e-02  1.856599e-03   3.57e-02  
1494     9.442969e-02   9.351766e-02   9.120349e-04   9.66e-03  
1495     2.894216e-01   2.900231e-01   6.014962e-04   2.08e-03  
1496     3.306291e-01   3.315427e-01   9.135933e-04   2.76e-03  
1497     3.117623e-01   3.117572e-01   5.176537e-06   1.66e-05  
1498     1.984060e-01   1.994562e-01   1.050139e-03   5.29e-03  
1499     8.857067e-02   9.234213e-02   3.771467e-03   4.26e-02  
1500     2.957668e-02   2.855188e-02   1.024799e-03   3.46e-02  
1501     -4.481812e-06  1.278977e-04   1.323795e-04   2.95e+01  
1502     -2.530266e-04  2.582397e-03   2.835423e-03   1.12e+01  
1503     -6.131982e-03  -5.737206e-03  3.947755e-04   6.44e-02  
1504     -4.596224e-02  -4.489493e-02  1.067303e-03   2.32e-02  
1505     -1.155758e-01  -1.136573e-01  1.918545e-03   1.66e-02  
1506     -1.598098e-01  -1.619088e-01  2.098987e-03   1.31e-02  
1507     -2.046589e-01  -2.030805e-01  1.578395e-03   7.71e-03  
1508     -3.005725e-01  -2.997876e-01  7.848617e-04   2.61e-03  
1509     -3.484938e-01  -3.506943e-01  2.200568e-03   6.31e-03  
1510     -2.893412e-01  -2.874555e-01  1.885719e-03   6.52e-03  
1511     -1.750281e-01  -1.765375e-01  1.509342e-03   8.62e-03  
1512     -4.964398e-02  -4.843059e-02  1.213387e-03   2.44e-02  
1513     1.531260e-01   1.562182e-01   3.092183e-03   2.02e-02  
1514     2.859539e-01   2.874617e-01   1.507845e-03   5.27e-03  
1515     2.300541e-01   2.300050e-01   4.912076e-05   2.14e-04  
1516     2.034181e-01   1.998251e-01   3.593045e-03   1.77e-02  
1517     2.241971e-01   2.230462e-01   1.150899e-03   5.13e-03  
1518     1.169551e-01   1.194803e-01   2.525178e-03   2.16e-02  
1519     5.220090e-02   5.138531e-02   8.155827e-04   1.56e-02  
1520     9.202724e-03   7.061658e-03   2.141066e-03   2.33e-01  
1521     1.732591e-03   1.233502e-03   4.990891e-04   2.88e-01  
1522     9.729396e-04   1.441549e-03   4.686095e-04   4.82e-01  
1523     -2.149286e-03  -1.861622e-03  2.876639e-04   1.34e-01  
1524     -2.529229e-02  -2.108720e-02  4.205089e-03   1.66e-01  
1525     -8.203557e-02  -8.276800e-02  7.324287e-04   8.93e-03  
1526     -1.188056e-01  -1.156798e-01  3.125858e-03   2.63e-02  
1527     -1.391021e-01  -1.386240e-01  4.780570e-04   3.44e-03  
1528     -2.382190e-01  -2.358018e-01  2.417111e-03   1.01e-02  
1529     -3.153455e-01  -3.130492e-01  2.296322e-03   7.28e-03  
1530     -2.609588e-01  -2.557806e-01  5.178217e-03   1.98e-02  
1531     -1.701438e-01  -1.734622e-01  3.318486e-03   1.95e-02  
1532     1.542760e-01   1.528241e-01   1.451886e-03   9.41e-03  
1533     3.006306e-01   2.990055e-01   1.625089e-03   5.41e-03  
1534     1.487140e-01   1.469681e-01   1.745939e-03   1.17e-02  
1535     1.804683e-02   2.124636e-02   3.199538e-03   1.77e-01  
1536     9.605892e-02   1.027371e-01   6.678165e-03   6.95e-02  
1537     1.175974e-01   1.131423e-01   4.455104e-03   3.79e-02  
1538     6.323379e-02   6.207301e-02   1.160780e-03   1.84e-02  
1539     1.687436e-02   1.572914e-02   1.145218e-03   6.79e-02  
1540     2.216780e-03   -1.604121e-03  3.820901e-03   1.72e+00  
1541     9.013836e-03   8.639631e-03   3.742050e-04   4.15e-02  
1542     9.884687e-03   8.145093e-03   1.739593e-03   1.76e-01  
1543     2.155254e-03   1.481339e-03   6.739150e-04   3.13e-01  
1544     -1.452067e-02  -1.158071e-02  2.939960e-03   2.02e-01  
1545     -5.851073e-02  -5.639549e-02  2.115238e-03   3.62e-02  
1546     -9.661733e-02  -1.016525e-01  5.035188e-03   5.21e-02  
1547     -1.016108e-01  -9.837379e-02  3.236988e-03   3.19e-02  
1548     -1.453905e-01  -1.446710e-01  7.194798e-04   4.95e-03  
1549     -1.815437e-01  -1.868545e-01  5.310807e-03   2.93e-02  
1550     -1.178590e-01  -1.144582e-01  3.400787e-03   2.89e-02  
1551     -9.877526e-02  -9.230348e-02  6.471783e-03   6.55e-02  
1552     3.913691e-01   3.965721e-01   5.202985e-03   1.33e-02  
1553     2.474705e-01   2.468943e-01   5.762500e-04   2.33e-03  
1554     -2.865893e-03  -3.581135e-03  7.152423e-04   2.50e-01  
1555     1.290287e-03   4.081926e-03   2.791639e-03   2.16e+00  
1556     6.517770e-02   7.195695e-02   6.779244e-03   1.04e-01  
1557     4.945548e-02   4.617732e-02   3.278161e-03   6.63e-02  
1558     1.959621e-02   2.072227e-02   1.126062e-03   5.75e-02  
1559     3.923300e-03   3.607852e-03   3.154479e-04   8.04e-02  
1560     5.537723e-04   -4.001777e-04  9.539499e-04   1.72e+00  
1561     8.606726e-03   7.436256e-03   1.170470e-03   1.36e-01  
1562     4.409871e-03   8.600409e-04   3.549830e-03   8.05e-01  
1563     -2.891551e-03  -1.713829e-03  1.177722e-03   4.07e-01  
1564     -1.294052e-02  -1.237538e-02  5.651428e-04   4.37e-02  
1565     -1.144626e-02  -9.724204e-03  1.722057e-03   1.50e-01  
1566     -8.112178e-04  -4.267235e-03  3.456018e-03   4.26e+00  
1567     -4.168261e-03  -1.146930e-02  7.301036e-03   1.75e+00  
1568     -3.758189e-02  -3.911737e-02  1.535478e-03   4.09e-02  
1569     -3.900305e-02  -4.652634e-02  7.523287e-03   1.93e-01  
1570     1.963037e-01   1.938810e-01   2.422725e-03   1.23e-02  
1571     3.767669e-01   3.808941e-01   4.127161e-03   1.10e-02  
1572     2.646401e-01   2.641985e-01   4.415822e-04   1.67e-03  
1573     1.014872e-01   1.044384e-01   2.951253e-03   2.91e-02  
1574     4.425750e-02   4.589026e-02   1.632764e-03   3.69e-02  
1575     4.601920e-02   4.860567e-02   2.586475e-03   5.62e-02  
1576     3.387489e-02   3.636274e-02   2.487847e-03   7.34e-02  
1577     1.592029e-02   1.550916e-02   4.111330e-04   2.58e-02  
1578     4.543086e-03   5.239826e-03   6.967406e-04   1.53e-01  
1579     9.463016e-04   4.064304e-04   5.398711e-04   5.71e-01  
1580     1.525863e-04   -1.425065e-03  1.577651e-03   1.03e+01  
1581     -2.471709e-02  -2.191314e-02  2.803954e-03   1.13e-01  
1582     -2.417643e-02  -2.632760e-02  2.151165e-03   8.90e-02  
1583     3.135999e-02   3.008950e-02   1.270496e-03   4.05e-02  
1584     6.696569e-02   6.831385e-02   1.348165e-03   2.01e-02  
1585     4.063810e-02   3.851596e-02   2.122140e-03   5.22e-02  
1586     -3.273963e-02  -3.512639e-02  2.386759e-03   7.29e-02  
1587     -1.029293e-01  -1.067303e-01  3.801032e-03   3.69e-02  
1588     -1.443993e-01  -1.418556e-01  2.543742e-03   1.76e-02  
1589     -1.834971e-01  -1.801760e-01  3.321098e-03   1.81e-02  
1590     -1.017359e-01  -1.059459e-01  4.210023e-03   4.14e-02  
1591     5.100454e-02   3.771504e-02   1.328950e-02   2.61e-01  
1592     2.097954e-02   1.825867e-02   2.720869e-03   1.30e-01  
1593     3.790080e-02   3.643834e-02   1.462463e-03   3.86e-02  
1594     3.178020e-02   3.023615e-02   1.544044e-03   4.86e-02  
1595     1.947053e-02   1.615092e-02   3.319607e-03   1.70e-01  
1596     9.042749e-03   8.214442e-03   8.283065e-04   9.16e-02  
1597     3.038517e-03   1.496119e-03   1.542398e-03   5.08e-01  
1598     8.354469e-04   1.426770e-03   5.913229e-04   7.08e-01  
1599     2.080293e-04   2.623892e-03   2.415863e-03   1.16e+01  
1600     3.293180e-05   1.756462e-03   1.723530e-03   5.23e+01  
