
--- dgtw/dx: Hashin sensitivity w.r.t. density ---
Element AnalyticValue Numericvalue Abs.Err Rel.Err
1        -2.739514e-02  -2.658471e-02  8.104362e-04   2.96e-02  
2        -1.497371e-02  -1.577937e-02  8.056566e-04   5.38e-02  
3        -6.001883e-03  -5.856131e-03  1.457519e-04   2.43e-02  
4        -2.147900e-03  -2.046960e-03  1.009398e-04   4.70e-02  
5        -4.472247e-04  -3.769177e-04  7.030696e-05   1.57e-01  
6        2.683836e-04   3.221489e-04   5.376530e-05   2.00e-01  
7        5.635773e-04   6.098082e-04   4.623087e-05   8.20e-02  
8        5.848328e-04   6.282853e-04   4.345257e-05   7.43e-02  
9        5.149386e-04   5.565531e-04   4.161454e-05   8.08e-02  
10       4.729437e-04   5.131957e-04   4.025200e-05   8.51e-02  
11       4.224243e-04   4.617497e-04   3.932536e-05   9.31e-02  
12       3.055807e-04   3.437729e-04   3.819217e-05   1.25e-01  
13       1.268379e-04   1.646737e-04   3.783584e-05   2.98e-01  
14       -2.212069e-05  1.466535e-05   3.678604e-05   1.66e+00  
15       -1.932897e-04  -1.574506e-04  3.583909e-05   1.85e-01  
16       -3.504728e-04  -3.164592e-04  3.401360e-05   9.71e-02  
17       -5.360366e-04  -5.030040e-04  3.303262e-05   6.16e-02  
18       -7.351050e-04  -7.047426e-04  3.036240e-05   4.13e-02  
19       -8.472607e-04  -8.191234e-04  2.813731e-05   3.32e-02  
20       -9.166473e-04  -8.908676e-04  2.577968e-05   2.81e-02  
21       -1.016665e-03  -9.929788e-04  2.368662e-05   2.33e-02  
22       -1.032884e-03  -1.008439e-03  2.444501e-05   2.37e-02  
23       -1.064919e-03  -1.040913e-03  2.400574e-05   2.25e-02  
24       -1.026262e-03  -9.975087e-04  2.875335e-05   2.80e-02  
25       -9.604019e-04  -9.166434e-04  4.375854e-05   4.56e-02  
26       -9.780837e-04  -9.331572e-04  4.492655e-05   4.59e-02  
27       -1.071926e-03  -1.034958e-03  3.696841e-05   3.45e-02  
28       -1.075097e-03  -1.039428e-03  3.566884e-05   3.32e-02  
29       -9.940083e-04  -9.578262e-04  3.618212e-05   3.64e-02  
30       -1.048019e-03  -1.012484e-03  3.553489e-05   3.39e-02  
31       -1.083875e-03  -1.044755e-03  3.912049e-05   3.61e-02  
32       -9.468605e-04  -9.151566e-04  3.170386e-05   3.35e-02  
33       -8.353816e-04  -8.069377e-04  2.844392e-05   3.40e-02  
34       -7.288401e-04  -6.991287e-04  2.971145e-05   4.08e-02  
35       -5.596507e-04  -5.343886e-04  2.526205e-05   4.51e-02  
36       -3.895045e-04  -3.694811e-04  2.002345e-05   5.14e-02  
37       -2.368843e-04  -2.224544e-04  1.442994e-05   6.09e-02  
38       -1.357204e-04  -1.266175e-04  9.102840e-06   6.71e-02  
39       -7.939142e-05  -7.412521e-05  5.266204e-06   6.63e-02  
40       -4.909840e-05  -4.619469e-05  2.903705e-06   5.91e-02  
41       -3.350922e-05  -3.181826e-05  1.690963e-06   5.05e-02  
42       -2.287451e-05  -2.184765e-05  1.026852e-06   4.49e-02  
43       -1.446008e-05  -1.382989e-05  6.301958e-07   4.36e-02  
44       -8.704186e-06  -8.307617e-06  3.965694e-07   4.56e-02  
45       -4.907849e-06  -4.666496e-06  2.413528e-07   4.92e-02  
46       -2.623608e-06  -2.480824e-06  1.427841e-07   5.44e-02  
47       -1.314800e-06  -1.234857e-06  7.994317e-08   6.08e-02  
48       -5.787137e-07  -5.388956e-07  3.981815e-08   6.88e-02  
49       -1.937326e-07  -1.779088e-07  1.582376e-08   8.17e-02  
50       -3.717116e-08  -3.141265e-08  5.758505e-09   1.55e-01  
51       -1.484180e-02  -1.564745e-02  8.056554e-04   5.43e-02  
52       -9.601820e-03  -1.019364e-02  5.918214e-04   6.16e-02  
53       -6.325616e-03  -6.429213e-03  1.035973e-04   1.64e-02  
54       -4.306141e-03  -4.332698e-03  2.655753e-05   6.17e-03  
55       -3.043173e-03  -3.037665e-03  5.508024e-06   1.81e-03  
56       -2.342825e-03  -2.325087e-03  1.773766e-05   7.57e-03  
57       -2.001570e-03  -1.977675e-03  2.389551e-05   1.19e-02  
58       -1.857231e-03  -1.834311e-03  2.292042e-05   1.23e-02  
59       -1.784527e-03  -1.764346e-03  2.018093e-05   1.13e-02  
60       -1.724367e-03  -1.705120e-03  1.924659e-05   1.12e-02  
61       -1.672161e-03  -1.654010e-03  1.815060e-05   1.09e-02  
62       -1.639857e-03  -1.624770e-03  1.508698e-05   9.20e-03  
63       -1.626603e-03  -1.616854e-03  9.749503e-06   5.99e-03  
64       -1.585017e-03  -1.578445e-03  6.571286e-06   4.15e-03  
65       -1.544780e-03  -1.543158e-03  1.621424e-06   1.05e-03  
66       -1.485914e-03  -1.488252e-03  2.338437e-06   1.57e-03  
67       -1.450359e-03  -1.457256e-03  6.897721e-06   4.76e-03  
68       -1.395611e-03  -1.408992e-03  1.338136e-05   9.59e-03  
69       -1.334048e-03  -1.350251e-03  1.620260e-05   1.21e-02  
70       -1.273290e-03  -1.290725e-03  1.743485e-05   1.37e-02  
71       -1.246355e-03  -1.268476e-03  2.212123e-05   1.77e-02  
72       -1.261800e-03  -1.282276e-03  2.047624e-05   1.62e-02  
73       -1.287260e-03  -1.310095e-03  2.283507e-05   1.77e-02  
74       -1.438322e-03  -1.459509e-03  2.118717e-05   1.47e-02  
75       -1.753054e-03  -1.767549e-03  1.449543e-05   8.27e-03  
76       -1.819614e-03  -1.834717e-03  1.510286e-05   8.30e-03  
77       -1.692293e-03  -1.713228e-03  2.093518e-05   1.24e-02  
78       -1.585502e-03  -1.606533e-03  2.103099e-05   1.33e-02  
79       -1.556554e-03  -1.573153e-03  1.659953e-05   1.07e-02  
80       -1.540816e-03  -1.561000e-03  2.018385e-05   1.31e-02  
81       -1.643887e-03  -1.664198e-03  2.031037e-05   1.24e-02  
82       -1.469818e-03  -1.487363e-03  1.754474e-05   1.19e-02  
83       -1.349088e-03  -1.364882e-03  1.579338e-05   1.17e-02  
84       -1.278384e-03  -1.291148e-03  1.276327e-05   9.98e-03  
85       -1.138599e-03  -1.147824e-03  9.225146e-06   8.10e-03  
86       -9.142680e-04  -9.202317e-04  5.963747e-06   6.52e-03  
87       -6.956855e-04  -6.986137e-04  2.928160e-06   4.21e-03  
88       -4.577725e-04  -4.593335e-04  1.560992e-06   3.41e-03  
89       -2.734031e-04  -2.743465e-04  9.433923e-07   3.45e-03  
90       -1.537571e-04  -1.544162e-04  6.591713e-07   4.29e-03  
91       -8.810362e-05  -8.862716e-05  5.235404e-07   5.94e-03  
92       -5.294250e-05  -5.332306e-05  3.805547e-07   7.19e-03  
93       -3.221061e-05  -3.244535e-05  2.347421e-07   7.29e-03  
94       -1.981886e-05  -1.995676e-05  1.379016e-07   6.96e-03  
95       -1.206630e-05  -1.213784e-05  7.153609e-08   5.93e-03  
96       -7.164236e-06  -7.199927e-06  3.569084e-08   4.98e-03  
97       -4.084299e-06  -4.100211e-06  1.591229e-08   3.90e-03  
98       -2.166997e-06  -2.172522e-06  5.524849e-09   2.55e-03  
99       -9.637647e-07  -9.676682e-07  3.903488e-09   4.05e-03  
100      -3.164925e-07  -3.002931e-07  1.619940e-08   5.12e-02  
101      -2.682791e-03  -2.633292e-03  4.949827e-05   1.85e-02  
102      -2.922002e-03  -2.923031e-03  1.028453e-06   3.52e-04  
103      -3.493792e-03  -3.493792e-03  4.874025e-10   1.40e-07  
104      -3.601088e-03  -3.601088e-03  5.867472e-10   1.63e-07  
105      -3.514280e-03  -3.514280e-03  5.959001e-10   1.70e-07  
106      -3.401185e-03  -3.401186e-03  1.062123e-09   3.12e-07  
107      -3.316039e-03  -3.316040e-03  4.216234e-10   1.27e-07  
108      -3.202572e-03  -3.202572e-03  1.789619e-10   5.59e-08  
109      -3.099428e-03  -3.099428e-03  2.934345e-10   9.47e-08  
110      -3.011267e-03  -3.011267e-03  4.181220e-10   1.39e-07  
111      -2.900259e-03  -2.900258e-03  5.542681e-10   1.91e-07  
112      -2.784064e-03  -2.784064e-03  1.024297e-10   3.68e-08  
113      -2.640666e-03  -2.640666e-03  3.025714e-10   1.15e-07  
114      -2.458290e-03  -2.458291e-03  2.811508e-10   1.14e-07  
115      -2.263777e-03  -2.263777e-03  4.980206e-10   2.20e-07  
116      -2.093181e-03  -2.093181e-03  2.011471e-10   9.61e-08  
117      -1.982414e-03  -1.982415e-03  2.982668e-10   1.50e-07  
118      -1.887321e-03  -1.887321e-03  2.091623e-12   1.11e-09  
119      -1.866720e-03  -1.866721e-03  6.788294e-10   3.64e-07  
120      -1.884698e-03  -1.884698e-03  9.612479e-11   5.10e-08  
121      -1.894268e-03  -1.894268e-03  4.589653e-11   2.42e-08  
122      -1.956271e-03  -1.956271e-03  1.915748e-10   9.79e-08  
123      -1.899191e-03  -1.899192e-03  4.935774e-10   2.60e-07  
124      -1.774530e-03  -1.774531e-03  1.094611e-09   6.17e-07  
125      -1.754948e-03  -1.754949e-03  5.592031e-10   3.19e-07  
126      -1.745956e-03  -1.745957e-03  4.344756e-10   2.49e-07  
127      -1.690873e-03  -1.690873e-03  7.386329e-10   4.37e-07  
128      -1.532829e-03  -1.532830e-03  1.228638e-09   8.02e-07  
129      -1.344232e-03  -1.344233e-03  4.435643e-10   3.30e-07  
130      -1.176726e-03  -1.176726e-03  3.610678e-11   3.07e-08  
131      -1.368906e-03  -1.368906e-03  5.181839e-11   3.79e-08  
132      -1.441881e-03  -1.441880e-03  7.654068e-10   5.31e-07  
133      -1.479673e-03  -1.479673e-03  4.123280e-10   2.79e-07  
134      -1.457876e-03  -1.457876e-03  2.185623e-11   1.50e-08  
135      -1.475859e-03  -1.475858e-03  8.802948e-10   5.96e-07  
136      -1.304640e-03  -1.304640e-03  3.097223e-10   2.37e-07  
137      -1.221431e-03  -1.221430e-03  4.004552e-10   3.28e-07  
138      -9.339942e-04  -9.339956e-04  1.432239e-09   1.53e-06  
139      -6.086413e-04  -6.086416e-04  3.001638e-10   4.93e-07  
140      -3.551346e-04  -3.551348e-04  2.156096e-10   6.07e-07  
141      -1.916981e-04  -1.916971e-04  1.067145e-09   5.57e-06  
142      -1.049942e-04  -1.049943e-04  7.087346e-11   6.75e-07  
143      -6.033806e-05  -6.033781e-05  2.474209e-10   4.10e-06  
144      -3.580116e-05  -3.580120e-05  3.610876e-11   1.01e-06  
145      -2.171013e-05  -2.170954e-05  5.952542e-10   2.74e-05  
146      -1.324701e-05  -1.324686e-05  1.460637e-10   1.10e-05  
147      -7.993186e-06  -7.992538e-06  6.484812e-10   8.11e-05  
148      -4.698570e-06  -4.698530e-06  3.963791e-11   8.44e-06  
149      -2.473182e-06  -2.490363e-06  1.718157e-08   6.95e-03  
150      -1.149195e-06  -1.098901e-06  5.029440e-08   4.38e-02  
151      -3.398309e-05  -3.247532e-05  1.507772e-06   4.44e-02  
152      -3.911571e-04  -3.916637e-04  5.065118e-07   1.29e-03  
153      -7.000161e-04  -7.000157e-04  3.896444e-10   5.57e-07  
154      -9.765726e-04  -9.765716e-04  1.070060e-09   1.10e-06  
155      -1.258336e-03  -1.258335e-03  9.425365e-10   7.49e-07  
156      -1.535424e-03  -1.535424e-03  2.387615e-10   1.56e-07  
157      -1.819518e-03  -1.819518e-03  1.441035e-13   7.92e-11  
158      -2.055513e-03  -2.055513e-03  1.555745e-10   7.57e-08  
159      -2.268828e-03  -2.268829e-03  7.471937e-10   3.29e-07  
160      -2.439540e-03  -2.439540e-03  3.382906e-10   1.39e-07  
161      -2.516767e-03  -2.516767e-03  7.762981e-11   3.08e-08  
162      -2.537467e-03  -2.537469e-03  1.855283e-09   7.31e-07  
163      -2.501632e-03  -2.501631e-03  2.184267e-10   8.73e-08  
164      -2.414522e-03  -2.414523e-03  7.935705e-10   3.29e-07  
165      -2.323961e-03  -2.323961e-03  3.500240e-10   1.51e-07  
166      -2.279890e-03  -2.279890e-03  6.241806e-10   2.74e-07  
167      -2.239191e-03  -2.239192e-03  6.577677e-10   2.94e-07  
168      -2.189108e-03  -2.189108e-03  3.358219e-10   1.53e-07  
169      -2.163273e-03  -2.163274e-03  5.686368e-10   2.63e-07  
170      -2.131754e-03  -2.131753e-03  1.973742e-10   9.26e-08  
171      -2.057878e-03  -2.057877e-03  4.564295e-10   2.22e-07  
172      -2.022336e-03  -2.022336e-03  4.954565e-10   2.45e-07  
173      -2.047137e-03  -2.047137e-03  6.292297e-10   3.07e-07  
174      -1.984745e-03  -1.984745e-03  2.953821e-11   1.49e-08  
175      -1.861666e-03  -1.861666e-03  2.855117e-10   1.53e-07  
176      -1.910047e-03  -1.910047e-03  4.963108e-10   2.60e-07  
177      -1.910890e-03  -1.910891e-03  7.892305e-10   4.13e-07  
178      -1.652378e-03  -1.652377e-03  4.844148e-10   2.93e-07  
179      -1.209097e-03  -1.209098e-03  7.803856e-10   6.45e-07  
180      -9.012859e-04  -9.012863e-04  3.304948e-10   3.67e-07  
181      -8.899685e-04  -8.899672e-04  1.274137e-09   1.43e-06  
182      -9.921804e-04  -9.921813e-04  8.737306e-10   8.81e-07  
183      -7.991014e-04  -7.991022e-04  7.434029e-10   9.30e-07  
184      -1.074734e-03  -1.074733e-03  1.104555e-09   1.03e-06  
185      -1.228220e-03  -1.228221e-03  4.801882e-10   3.91e-07  
186      -1.305427e-03  -1.305426e-03  8.970523e-10   6.87e-07  
187      -1.535604e-03  -1.535604e-03  9.843849e-12   6.41e-09  
188      -1.487487e-03  -1.487487e-03  1.092779e-10   7.35e-08  
189      -1.158021e-03  -1.158022e-03  9.560083e-10   8.26e-07  
190      -7.655399e-04  -7.655392e-04  7.196543e-10   9.40e-07  
191      -4.233486e-04  -4.233480e-04  6.344606e-10   1.50e-06  
192      -2.079182e-04  -2.079187e-04  4.771931e-10   2.30e-06  
193      -1.009011e-04  -1.008999e-04  1.144118e-09   1.13e-05  
194      -5.345348e-05  -5.345326e-05  2.210780e-10   4.14e-06  
195      -3.079624e-05  -3.079653e-05  2.927571e-10   9.51e-06  
196      -1.852613e-05  -1.852642e-05  2.884883e-10   1.56e-05  
197      -1.147002e-05  -1.147113e-05  1.106304e-09   9.65e-05  
198      -7.116914e-06  -7.116621e-06  2.933432e-10   4.12e-05  
199      -4.180565e-06  -4.225178e-06  4.461340e-08   1.07e-02  
200      -2.480518e-06  -2.394900e-06  8.561780e-08   3.45e-02  
201      -1.507119e-05  -1.477671e-05  2.944779e-07   1.95e-02  
202      -2.324068e-05  -2.355969e-05  3.190089e-07   1.37e-02  
203      -6.380569e-05  -6.380564e-05  4.802584e-11   7.53e-07  
204      -1.516856e-04  -1.516842e-04  1.413250e-09   9.32e-06  
205      -2.904039e-04  -2.904037e-04  2.121361e-10   7.30e-07  
206      -4.713972e-04  -4.713970e-04  2.016374e-10   4.28e-07  
207      -6.959502e-04  -6.959503e-04  4.653830e-11   6.69e-08  
208      -9.411315e-04  -9.411319e-04  4.270857e-10   4.54e-07  
209      -1.204705e-03  -1.204706e-03  8.134645e-10   6.75e-07  
210      -1.461804e-03  -1.461803e-03  9.515577e-10   6.51e-07  
211      -1.669080e-03  -1.669080e-03  1.273768e-10   7.63e-08  
212      -1.816288e-03  -1.816287e-03  5.795999e-10   3.19e-07  
213      -1.922533e-03  -1.922533e-03  3.788468e-10   1.97e-07  
214      -1.995434e-03  -1.995434e-03  3.168691e-10   1.59e-07  
215      -2.066203e-03  -2.066203e-03  9.838531e-11   4.76e-08  
216      -2.148608e-03  -2.148608e-03  3.448986e-10   1.61e-07  
217      -2.156097e-03  -2.156097e-03  2.997865e-10   1.39e-07  
218      -2.107606e-03  -2.107606e-03  4.108972e-10   1.95e-07  
219      -2.032306e-03  -2.032307e-03  7.742574e-10   3.81e-07  
220      -1.927866e-03  -1.927865e-03  5.088780e-10   2.64e-07  
221      -1.835966e-03  -1.835967e-03  4.229760e-10   2.30e-07  
222      -1.833122e-03  -1.833123e-03  8.607142e-10   4.70e-07  
223      -2.036373e-03  -2.036373e-03  5.589150e-10   2.74e-07  
224      -2.253837e-03  -2.253837e-03  3.210329e-10   1.42e-07  
225      -2.419908e-03  -2.419909e-03  1.185817e-09   4.90e-07  
226      -2.718413e-03  -2.718413e-03  5.740918e-12   2.11e-09  
227      -2.909741e-03  -2.909741e-03  3.030754e-10   1.04e-07  
228      -2.980745e-03  -2.980745e-03  4.048231e-11   1.36e-08  
229      -3.124535e-03  -3.124536e-03  3.735773e-10   1.20e-07  
230      -3.656195e-03  -3.656196e-03  3.468882e-10   9.49e-08  
231      -4.119370e-03  -4.119370e-03  1.392971e-10   3.38e-08  
232      -3.931684e-03  -3.931685e-03  5.083581e-10   1.29e-07  
233      -2.030921e-03  -2.030920e-03  4.846948e-10   2.39e-07  
234      -1.295906e-03  -1.295906e-03  1.321972e-10   1.02e-07  
235      -9.322832e-04  -9.322834e-04  1.891970e-10   2.03e-07  
236      -8.292804e-04  -8.292795e-04  9.294512e-10   1.12e-06  
237      -1.304183e-03  -1.304183e-03  5.222819e-10   4.00e-07  
238      -1.803951e-03  -1.803951e-03  3.435461e-10   1.90e-07  
239      -1.712870e-03  -1.712870e-03  2.524555e-10   1.47e-07  
240      -1.343992e-03  -1.343992e-03  4.459319e-10   3.32e-07  
241      -8.635986e-04  -8.635980e-04  5.607845e-10   6.49e-07  
242      -4.555040e-04  -4.555050e-04  1.010985e-09   2.22e-06  
243      -2.041106e-04  -2.041100e-04  6.328399e-10   3.10e-06  
244      -8.771407e-05  -8.771434e-05  2.701706e-10   3.08e-06  
245      -4.298822e-05  -4.298882e-05  6.069320e-10   1.41e-05  
246      -2.427950e-05  -2.428101e-05  1.515628e-09   6.24e-05  
247      -1.485542e-05  -1.485476e-05  6.593976e-10   4.44e-05  
248      -9.369131e-06  -9.368395e-06  7.363486e-10   7.86e-05  
249      -5.842663e-06  -5.920964e-06  7.830032e-08   1.34e-02  
250      -4.001160e-06  -3.882001e-06  1.191585e-07   2.98e-02  
251      -6.354674e-06  -6.140795e-06  2.138791e-07   3.37e-02  
252      -1.219281e-05  -1.233778e-05  1.449679e-07   1.19e-02  
253      -2.493138e-05  -2.493258e-05  1.206929e-09   4.84e-05  
254      -4.925237e-05  -4.925212e-05  2.475486e-10   5.03e-06  
255      -9.620671e-05  -9.620775e-05  1.043274e-09   1.08e-05  
256      -1.751064e-04  -1.751059e-04  4.593697e-10   2.62e-06  
257      -2.927999e-04  -2.927999e-04  3.032532e-11   1.04e-07  
258      -4.380211e-04  -4.380209e-04  2.069922e-10   4.73e-07  
259      -6.237208e-04  -6.237212e-04  4.432671e-10   7.11e-07  
260      -8.577531e-04  -8.577529e-04  1.427706e-10   1.66e-07  
261      -1.135709e-03  -1.135708e-03  3.054768e-10   2.69e-07  
262      -1.398025e-03  -1.398026e-03  9.897701e-10   7.08e-07  
263      -1.665213e-03  -1.665212e-03  7.919698e-10   4.76e-07  
264      -1.936492e-03  -1.936492e-03  5.524676e-10   2.85e-07  
265      -2.165420e-03  -2.165420e-03  2.094487e-10   9.67e-08  
266      -2.290842e-03  -2.290843e-03  5.396993e-10   2.36e-07  
267      -2.258025e-03  -2.258025e-03  9.268156e-11   4.10e-08  
268      -2.119663e-03  -2.119664e-03  3.701163e-10   1.75e-07  
269      -1.913335e-03  -1.913335e-03  9.816320e-11   5.13e-08  
270      -1.771129e-03  -1.771129e-03  9.458528e-11   5.34e-08  
271      -1.809096e-03  -1.809097e-03  9.208310e-10   5.09e-07  
272      -1.988888e-03  -1.988887e-03  2.527120e-10   1.27e-07  
273      -2.277161e-03  -2.277162e-03  3.633899e-10   1.60e-07  
274      -2.533143e-03  -2.533143e-03  2.048137e-10   8.09e-08  
275      -2.656465e-03  -2.656465e-03  1.052613e-10   3.96e-08  
276      -2.746335e-03  -2.746335e-03  3.474746e-11   1.27e-08  
277      -2.320212e-03  -2.320212e-03  2.339924e-11   1.01e-08  
278      -1.284339e-03  -1.284339e-03  3.159926e-10   2.46e-07  
279      -6.422925e-04  -6.422918e-04  7.409652e-10   1.15e-06  
280      -1.091793e-03  -1.091792e-03  2.763365e-10   2.53e-07  
281      -1.650919e-03  -1.650920e-03  8.633973e-10   5.23e-07  
282      -3.229443e-03  -3.229444e-03  4.404232e-10   1.36e-07  
283      -3.490536e-03  -3.490536e-03  5.877578e-10   1.68e-07  
284      -4.022049e-03  -4.022050e-03  4.573352e-10   1.14e-07  
285      -3.996586e-03  -3.996585e-03  4.818999e-10   1.21e-07  
286      -2.113153e-03  -2.113153e-03  6.498586e-11   3.08e-08  
287      -1.517968e-03  -1.517967e-03  6.992161e-10   4.61e-07  
288      -1.524339e-03  -1.524339e-03  2.512763e-10   1.65e-07  
289      -1.916480e-03  -1.916481e-03  5.501104e-10   2.87e-07  
290      -1.801853e-03  -1.801853e-03  4.398840e-10   2.44e-07  
291      -1.419822e-03  -1.419821e-03  1.088957e-09   7.67e-07  
292      -8.931721e-04  -8.931712e-04  8.912336e-10   9.98e-07  
293      -4.440855e-04  -4.440863e-04  8.209623e-10   1.85e-06  
294      -1.818576e-04  -1.818577e-04  1.477786e-10   8.13e-07  
295      -6.985690e-05  -6.985642e-05  4.782781e-10   6.85e-06  
296      -3.191175e-05  -3.191159e-05  1.604935e-10   5.03e-06  
297      -1.823270e-05  -1.823217e-05  5.308643e-10   2.91e-05  
298      -1.141641e-05  -1.141651e-05  9.788640e-11   8.57e-06  
299      -7.325989e-06  -7.430678e-06  1.046895e-07   1.43e-02  
300      -5.248757e-06  -5.100660e-06  1.480972e-07   2.82e-02  
301      5.285938e-06   5.615342e-06   3.294037e-07   6.23e-02  
302      -1.662857e-05  -1.646167e-05  1.669024e-07   1.00e-02  
303      -4.614853e-05  -4.614809e-05  4.379208e-10   9.49e-06  
304      -6.892709e-05  -6.892778e-05  6.961936e-10   1.01e-05  
305      -9.744001e-05  -9.744087e-05  8.618312e-10   8.84e-06  
306      -1.407463e-04  -1.407457e-04  6.411245e-10   4.56e-06  
307      -2.045985e-04  -2.045984e-04  9.148551e-11   4.47e-07  
308      -2.910153e-04  -2.910153e-04  2.376811e-11   8.17e-08  
309      -4.411020e-04  -4.411020e-04  1.269647e-11   2.88e-08  
310      -6.575819e-04  -6.575824e-04  5.031841e-10   7.65e-07  
311      -8.957688e-04  -8.957692e-04  3.911366e-10   4.37e-07  
312      -1.037962e-03  -1.037962e-03  1.434457e-10   1.38e-07  
313      -1.105314e-03  -1.105313e-03  1.430045e-10   1.29e-07  
314      -1.114662e-03  -1.114662e-03  8.375996e-11   7.51e-08  
315      -1.096800e-03  -1.096799e-03  2.708888e-10   2.47e-07  
316      -1.069922e-03  -1.069922e-03  2.500608e-10   2.34e-07  
317      -1.021865e-03  -1.021865e-03  3.341022e-10   3.27e-07  
318      -9.995527e-04  -9.995526e-04  1.312567e-10   1.31e-07  
319      -9.225509e-04  -9.225510e-04  1.542711e-10   1.67e-07  
320      -8.872722e-04  -8.872719e-04  3.112743e-10   3.51e-07  
321      -9.983171e-04  -9.983182e-04  1.121808e-09   1.12e-06  
322      -1.111595e-03  -1.111595e-03  1.843682e-10   1.66e-07  
323      -1.183310e-03  -1.183310e-03  1.979204e-10   1.67e-07  
324      -1.269662e-03  -1.269661e-03  3.294232e-10   2.59e-07  
325      -1.384823e-03  -1.384823e-03  3.605932e-10   2.60e-07  
326      -1.601226e-03  -1.601226e-03  7.671290e-10   4.79e-07  
327      -1.229324e-03  -1.229323e-03  4.150293e-10   3.38e-07  
328      -2.192451e-04  -2.192451e-04  3.657442e-11   1.67e-07  
329      -1.921982e-04  -1.921987e-04  4.660127e-10   2.42e-06  
330      -6.028718e-04  -6.028724e-04  5.560986e-10   9.22e-07  
331      1.535715e-04   1.535713e-04   1.273950e-10   8.30e-07  
332      -4.962437e-04  -4.962442e-04  5.183409e-10   1.04e-06  
333      -1.121832e-03  -1.121832e-03  4.104001e-11   3.66e-08  
334      -1.807229e-03  -1.807229e-03  2.467298e-10   1.37e-07  
335      -4.021645e-03  -4.021646e-03  3.654538e-10   9.09e-08  
336      -3.726230e-03  -3.726230e-03  4.631480e-11   1.24e-08  
337      -3.922685e-03  -3.922685e-03  3.799238e-10   9.69e-08  
338      -1.399762e-03  -1.399761e-03  2.243786e-10   1.60e-07  
339      -1.717396e-03  -1.717397e-03  7.044722e-10   4.10e-07  
340      -1.880833e-03  -1.880833e-03  3.625409e-10   1.93e-07  
341      -1.787874e-03  -1.787874e-03  2.233416e-10   1.25e-07  
342      -1.377582e-03  -1.377582e-03  4.661711e-10   3.38e-07  
343      -8.209030e-04  -8.209027e-04  2.349358e-10   2.86e-07  
344      -3.818052e-04  -3.818051e-04  1.490584e-10   3.90e-07  
345      -1.483024e-04  -1.483031e-04  7.465439e-10   5.03e-06  
346      -5.132058e-05  -5.132036e-05  2.220514e-10   4.33e-06  
347      -2.274894e-05  -2.274892e-05  1.863419e-11   8.19e-07  
348      -1.376776e-05  -1.376807e-05  3.113350e-10   2.26e-05  
349      -8.747869e-06  -8.866599e-06  1.187295e-07   1.36e-02  
350      -6.035134e-06  -5.858205e-06  1.769294e-07   2.93e-02  
351      1.880707e-05   1.926345e-05   4.563780e-07   2.43e-02  
352      -2.423121e-05  -2.361873e-05  6.124862e-07   2.53e-02  
353      -7.909207e-05  -7.909232e-05  2.484134e-10   3.14e-06  
354      -1.130593e-04  -1.130587e-04  5.986410e-10   5.29e-06  
355      -1.511646e-04  -1.511641e-04  4.715021e-10   3.12e-06  
356      -1.917850e-04  -1.917857e-04  7.477005e-10   3.90e-06  
357      -2.497367e-04  -2.497362e-04  4.849873e-10   1.94e-06  
358      -3.597624e-04  -3.597615e-04  9.494349e-10   2.64e-06  
359      -5.635168e-04  -5.635168e-04  3.026344e-11   5.37e-08  
360      -8.346873e-04  -8.346862e-04  1.148300e-09   1.38e-06  
361      -1.087126e-03  -1.087126e-03  4.829110e-11   4.44e-08  
362      -1.276385e-03  -1.276385e-03  7.716324e-11   6.05e-08  
363      -1.411952e-03  -1.411952e-03  5.244156e-10   3.71e-07  
364      -1.368756e-03  -1.368756e-03  1.538168e-10   1.12e-07  
365      -1.134322e-03  -1.134323e-03  1.053935e-09   9.29e-07  
366      -8.339722e-04  -8.339712e-04  1.001026e-09   1.20e-06  
367      -5.275159e-04  -5.275149e-04  9.618546e-10   1.82e-06  
368      -2.816152e-04  -2.816158e-04  5.260380e-10   1.87e-06  
369      -2.761739e-04  -2.761745e-04  5.672487e-10   2.05e-06  
370      -6.705263e-04  -6.705265e-04  2.217191e-10   3.31e-07  
371      -1.241148e-03  -1.241147e-03  5.961552e-10   4.80e-07  
372      -1.539608e-03  -1.539608e-03  6.178439e-10   4.01e-07  
373      -1.640477e-03  -1.640476e-03  6.232288e-10   3.80e-07  
374      -1.820230e-03  -1.820230e-03  4.490834e-10   2.47e-07  
375      -1.992818e-03  -1.992818e-03  4.720618e-10   2.37e-07  
376      -1.892265e-03  -1.892266e-03  8.258376e-10   4.36e-07  
377      -1.084666e-03  -1.084666e-03  6.709166e-10   6.19e-07  
378      -4.632787e-04  -4.632789e-04  2.029118e-10   4.38e-07  
379      -8.029908e-04  -8.029905e-04  2.727273e-10   3.40e-07  
380      -8.008214e-04  -8.008218e-04  4.601344e-10   5.75e-07  
381      -4.538415e-04  -4.538413e-04  1.659264e-10   3.66e-07  
382      -1.061916e-03  -1.061917e-03  1.169989e-09   1.10e-06  
383      -9.557604e-04  -9.557615e-04  1.125312e-09   1.18e-06  
384      -4.717691e-04  -4.717701e-04  1.014219e-09   2.15e-06  
385      -1.600321e-03  -1.600321e-03  6.260623e-10   3.91e-07  
386      -1.787109e-03  -1.787110e-03  8.350975e-10   4.67e-07  
387      -3.899221e-03  -3.899220e-03  6.009628e-10   1.54e-07  
388      -7.006118e-04  -7.006122e-04  4.617473e-10   6.59e-07  
389      -1.620544e-03  -1.620546e-03  1.446349e-09   8.93e-07  
390      -1.743868e-03  -1.743868e-03  5.118359e-10   2.94e-07  
391      -1.834813e-03  -1.834813e-03  5.152905e-11   2.81e-08  
392      -1.706970e-03  -1.706970e-03  4.348041e-10   2.55e-07  
393      -1.239744e-03  -1.239745e-03  1.522064e-09   1.23e-06  
394      -6.722449e-04  -6.722446e-04  3.206797e-10   4.77e-07  
395      -3.129740e-04  -3.129743e-04  3.464453e-10   1.11e-06  
396      -1.211361e-04  -1.211355e-04  5.972125e-10   4.93e-06  
397      -3.666176e-05  -3.666219e-05  4.345028e-10   1.19e-05  
398      -1.740773e-05  -1.740785e-05  1.205127e-10   6.92e-06  
399      -1.086980e-05  -1.099425e-05  1.244466e-07   1.14e-02  
400      -6.606720e-06  -6.395573e-06  2.111467e-07   3.20e-02  
401      2.107587e-05   2.181215e-05   7.362712e-07   3.49e-02  
402      -3.266663e-05  -3.193352e-05  7.331069e-07   2.24e-02  
403      -9.896883e-05  -9.896959e-05  7.601380e-10   7.68e-06  
404      -1.390648e-04  -1.390638e-04  9.804878e-10   7.05e-06  
405      -1.852321e-04  -1.852316e-04  4.866745e-10   2.63e-06  
406      -2.265369e-04  -2.265370e-04  1.388239e-10   6.13e-07  
407      -2.917685e-04  -2.917690e-04  4.855190e-10   1.66e-06  
408      -4.476507e-04  -4.476501e-04  5.975633e-10   1.33e-06  
409      -6.503610e-04  -6.503598e-04  1.263211e-09   1.94e-06  
410      -9.163995e-04  -9.163992e-04  2.720926e-10   2.97e-07  
411      -1.210274e-03  -1.210274e-03  5.360568e-12   4.43e-09  
412      -1.529164e-03  -1.529164e-03  3.728270e-10   2.44e-07  
413      -1.708265e-03  -1.708265e-03  7.289261e-11   4.27e-08  
414      -1.545945e-03  -1.545945e-03  6.044364e-10   3.91e-07  
415      -9.835198e-04  -9.835206e-04  7.685035e-10   7.81e-07  
416      -3.612195e-04  -3.612196e-04  1.066734e-10   2.95e-07  
417      1.975300e-05   1.975222e-05   7.813610e-10   3.96e-05  
418      2.533882e-04   2.533877e-04   5.114238e-10   2.02e-06  
419      -2.352345e-04  -2.352335e-04  1.023648e-09   4.35e-06  
420      -1.367669e-03  -1.367669e-03  3.004702e-11   2.20e-08  
421      -2.112256e-03  -2.112257e-03  3.767398e-10   1.78e-07  
422      -2.109031e-03  -2.109031e-03  5.292869e-10   2.51e-07  
423      -2.128876e-03  -2.128876e-03  4.908231e-10   2.31e-07  
424      -2.540437e-03  -2.540437e-03  3.203715e-10   1.26e-07  
425      -2.636915e-03  -2.636915e-03  1.879121e-10   7.13e-08  
426      -1.559688e-03  -1.559689e-03  4.705009e-10   3.02e-07  
427      -4.226372e-04  -4.226370e-04  1.603328e-10   3.79e-07  
428      -5.575721e-04  -5.575723e-04  2.279351e-10   4.09e-07  
429      -1.163034e-03  -1.163035e-03  1.037764e-09   8.92e-07  
430      -1.188815e-03  -1.188815e-03  2.959836e-10   2.49e-07  
431      -1.550166e-03  -1.550167e-03  1.716545e-10   1.11e-07  
432      -1.901027e-03  -1.901028e-03  9.437468e-10   4.96e-07  
433      -2.464939e-03  -2.464940e-03  8.528542e-10   3.46e-07  
434      -3.354571e-03  -3.354571e-03  3.102833e-10   9.25e-08  
435      -2.441433e-03  -2.441433e-03  1.214282e-10   4.97e-08  
436      -4.871259e-04  -4.871256e-04  3.099220e-10   6.36e-07  
437      -2.598459e-03  -2.598461e-03  1.833229e-09   7.06e-07  
438      -7.225295e-04  -7.225295e-04  6.422989e-11   8.89e-08  
439      -1.962820e-03  -1.962821e-03  1.057825e-09   5.39e-07  
440      -1.692437e-03  -1.692437e-03  4.866800e-10   2.88e-07  
441      -1.693251e-03  -1.693252e-03  7.728075e-10   4.56e-07  
442      -1.795675e-03  -1.795676e-03  8.013531e-10   4.46e-07  
443      -1.616019e-03  -1.616020e-03  4.047515e-10   2.50e-07  
444      -9.398050e-04  -9.398060e-04  1.010285e-09   1.07e-06  
445      -4.975932e-04  -4.975933e-04  1.618575e-10   3.25e-07  
446      -2.587256e-04  -2.587258e-04  2.361679e-10   9.13e-07  
447      -9.104881e-05  -9.104838e-05  4.294617e-10   4.72e-06  
448      -2.766241e-05  -2.766330e-05  8.857163e-10   3.20e-05  
449      -1.569806e-05  -1.583303e-05  1.349684e-07   8.60e-03  
450      -7.715312e-06  -7.392384e-06  3.229277e-07   4.19e-02  
451      -5.094809e-06  -4.722456e-06  3.723531e-07   7.31e-02  
452      -3.231918e-05  -3.185273e-05  4.664531e-07   1.44e-02  
453      -7.052814e-05  -7.052847e-05  3.305053e-10   4.69e-06  
454      -1.160844e-04  -1.160852e-04  7.998121e-10   6.89e-06  
455      -1.898658e-04  -1.898668e-04  1.030215e-09   5.43e-06  
456      -2.514898e-04  -2.514900e-04  1.455373e-10   5.79e-07  
457      -3.157059e-04  -3.157061e-04  1.470509e-10   4.66e-07  
458      -4.641895e-04  -4.641896e-04  6.368109e-11   1.37e-07  
459      -6.017594e-04  -6.017604e-04  1.019306e-09   1.69e-06  
460      -8.186256e-04  -8.186255e-04  1.041971e-10   1.27e-07  
461      -1.139901e-03  -1.139902e-03  9.490015e-10   8.33e-07  
462      -1.321192e-03  -1.321192e-03  3.484465e-11   2.64e-08  
463      -1.324546e-03  -1.324545e-03  5.603390e-10   4.23e-07  
464      -1.095418e-03  -1.095420e-03  1.378600e-09   1.26e-06  
465      -4.548840e-04  -4.548840e-04  4.527242e-12   9.95e-09  
466      3.809020e-05   3.809009e-05   1.112174e-10   2.92e-06  
467      2.892958e-04   2.892957e-04   1.191075e-10   4.12e-07  
468      2.607430e-04   2.607429e-04   1.623676e-10   6.23e-07  
469      -8.611200e-04  -8.611204e-04  4.100147e-10   4.76e-07  
470      -2.178668e-03  -2.178669e-03  1.240687e-09   5.69e-07  
471      -2.593995e-03  -2.593995e-03  2.343826e-10   9.04e-08  
472      -2.405744e-03  -2.405744e-03  9.085945e-11   3.78e-08  
473      -2.550350e-03  -2.550349e-03  4.948805e-10   1.94e-07  
474      -2.672503e-03  -2.672504e-03  8.190107e-10   3.06e-07  
475      -1.993479e-03  -1.993480e-03  5.877303e-10   2.95e-07  
476      -1.336506e-04  -1.336504e-04  2.152600e-10   1.61e-06  
477      -2.534919e-04  -2.534914e-04  4.980798e-10   1.96e-06  
478      -1.426248e-03  -1.426248e-03  2.212883e-10   1.55e-07  
479      -1.965877e-03  -1.965877e-03  2.556461e-10   1.30e-07  
480      -2.078059e-03  -2.078058e-03  3.588496e-10   1.73e-07  
481      -2.598676e-03  -2.598677e-03  8.595323e-10   3.31e-07  
482      -3.155916e-03  -3.155916e-03  3.872984e-10   1.23e-07  
483      -3.755973e-03  -3.755974e-03  1.295402e-09   3.45e-07  
484      -4.043753e-03  -4.043753e-03  5.564631e-10   1.38e-07  
485      -2.279168e-03  -2.279168e-03  3.500157e-10   1.54e-07  
486      -3.399145e-04  -3.399143e-04  1.847595e-10   5.44e-07  
487      -1.711616e-03  -1.711616e-03  3.152036e-10   1.84e-07  
488      -9.834799e-04  -9.834803e-04  3.990595e-10   4.06e-07  
489      -2.253725e-03  -2.253727e-03  1.525413e-09   6.77e-07  
490      -1.744968e-03  -1.744969e-03  1.337842e-09   7.67e-07  
491      -1.649916e-03  -1.649918e-03  1.457053e-09   8.83e-07  
492      -1.754771e-03  -1.754772e-03  6.003462e-10   3.42e-07  
493      -1.913740e-03  -1.913740e-03  2.514066e-10   1.31e-07  
494      -1.267366e-03  -1.267366e-03  4.763121e-10   3.76e-07  
495      -6.452999e-04  -6.452998e-04  6.220037e-11   9.64e-08  
496      -3.844839e-04  -3.844838e-04  1.011588e-10   2.63e-07  
497      -2.051422e-04  -2.051416e-04  5.911029e-10   2.88e-06  
498      -6.775067e-05  -6.775073e-05  5.787113e-11   8.54e-07  
499      -2.387420e-05  -2.400622e-05  1.320181e-07   5.53e-03  
500      -9.657938e-06  -9.136585e-06  5.213534e-07   5.40e-02  
501      -2.468112e-04  -2.448007e-04  2.010543e-06   8.15e-03  
502      -2.090970e-04  -2.117309e-04  2.633922e-06   1.26e-02  
503      -1.460109e-04  -1.460117e-04  7.220493e-10   4.95e-06  
504      -1.127894e-04  -1.127897e-04  2.729872e-10   2.42e-06  
505      -1.549450e-04  -1.549451e-04  6.536598e-11   4.22e-07  
506      -2.649960e-04  -2.649966e-04  6.200064e-10   2.34e-06  
507      -4.183752e-04  -4.183750e-04  1.288951e-10   3.08e-07  
508      -6.245268e-04  -6.245269e-04  5.646516e-11   9.04e-08  
509      -7.289452e-04  -7.289443e-04  9.098920e-10   1.25e-06  
510      -7.935706e-04  -7.935708e-04  2.091644e-10   2.64e-07  
511      -8.553477e-04  -8.553485e-04  8.284570e-10   9.69e-07  
512      -6.329021e-04  -6.329026e-04  4.712751e-10   7.45e-07  
513      -4.413643e-04  -4.413650e-04  7.096544e-10   1.61e-06  
514      -4.365945e-04  -4.365955e-04  9.945680e-10   2.28e-06  
515      -4.529656e-04  -4.529651e-04  5.068816e-10   1.12e-06  
516      -7.807663e-04  -7.807665e-04  2.072064e-10   2.65e-07  
517      -5.289256e-04  -5.289264e-04  8.627180e-10   1.63e-06  
518      -3.069266e-04  -3.069261e-04  4.815893e-10   1.57e-06  
519      -1.480855e-03  -1.480855e-03  6.420653e-12   4.34e-09  
520      -2.897175e-03  -2.897175e-03  6.764574e-10   2.33e-07  
521      -3.325731e-03  -3.325731e-03  8.030582e-11   2.41e-08  
522      -3.177321e-03  -3.177322e-03  5.706734e-10   1.80e-07  
523      -2.803234e-03  -2.803235e-03  1.302108e-09   4.65e-07  
524      -1.599961e-03  -1.599961e-03  3.587940e-10   2.24e-07  
525      9.226661e-05   9.226719e-05   5.759502e-10   6.24e-06  
526      -3.943153e-04  -3.943155e-04  1.933204e-10   4.90e-07  
527      -1.954058e-03  -1.954059e-03  5.711738e-10   2.92e-07  
528      -2.279637e-03  -2.279638e-03  8.660649e-10   3.80e-07  
529      -2.309713e-03  -2.309714e-03  8.807714e-10   3.81e-07  
530      -2.343670e-03  -2.343670e-03  1.037366e-10   4.43e-08  
531      -2.282044e-03  -2.282044e-03  8.208407e-10   3.60e-07  
532      -2.048476e-03  -2.048477e-03  7.350582e-10   3.59e-07  
533      -1.872518e-03  -1.872519e-03  7.000695e-10   3.74e-07  
534      -1.773259e-03  -1.773258e-03  8.162328e-10   4.60e-07  
535      -1.272200e-03  -1.272201e-03  9.315707e-10   7.32e-07  
536      -4.129444e-04  -4.129457e-04  1.317952e-09   3.19e-06  
537      -8.911458e-04  -8.911459e-04  6.036133e-11   6.77e-08  
538      -6.739076e-04  -6.739079e-04  2.563978e-10   3.80e-07  
539      -1.836780e-03  -1.836780e-03  1.586587e-10   8.64e-08  
540      -1.781701e-03  -1.781702e-03  9.603374e-10   5.39e-07  
541      -1.776846e-03  -1.776847e-03  3.000036e-10   1.69e-07  
542      -1.414206e-03  -1.414207e-03  2.282683e-10   1.61e-07  
543      -1.234811e-03  -1.234812e-03  9.930833e-10   8.04e-07  
544      -1.102885e-03  -1.102885e-03  4.837090e-11   4.39e-08  
545      -8.601032e-04  -8.601030e-04  2.419644e-10   2.81e-07  
546      -3.682835e-04  -3.682831e-04  3.729140e-10   1.01e-06  
547      -3.190635e-04  -3.190648e-04  1.311832e-09   4.11e-06  
548      -1.888495e-04  -1.888496e-04  5.975405e-11   3.16e-07  
549      -5.170098e-05  -5.190041e-05  1.994263e-07   3.86e-03  
550      -1.649016e-05  -1.580709e-05  6.830744e-07   4.14e-02  
551      -1.079435e-03  -1.056970e-03  2.246503e-05   2.08e-02  
552      -9.404859e-04  -9.632368e-04  2.275090e-05   2.42e-02  
553      -8.898375e-04  -8.898376e-04  1.397881e-10   1.57e-07  
554      -8.323871e-04  -8.323870e-04  2.500166e-12   3.00e-09  
555      -8.463994e-04  -8.463992e-04  2.226236e-10   2.63e-07  
556      -8.641120e-04  -8.641117e-04  2.311513e-10   2.68e-07  
557      -8.890483e-04  -8.890482e-04  1.637100e-10   1.84e-07  
558      -9.679508e-04  -9.679512e-04  3.450809e-10   3.57e-07  
559      -1.031121e-03  -1.031120e-03  7.772401e-10   7.54e-07  
560      -1.059484e-03  -1.059485e-03  1.185886e-09   1.12e-06  
561      -1.033287e-03  -1.033286e-03  2.796223e-10   2.71e-07  
562      -6.159261e-04  -6.159267e-04  6.378743e-10   1.04e-06  
563      1.500975e-04   1.500972e-04   3.090841e-10   2.06e-06  
564      8.270733e-04   8.270732e-04   4.730761e-11   5.72e-08  
565      7.134074e-04   7.134088e-04   1.401993e-09   1.97e-06  
566      -4.456224e-04  -4.456237e-04  1.353519e-09   3.04e-06  
567      -1.201133e-03  -1.201133e-03  9.441099e-11   7.86e-08  
568      -1.283819e-03  -1.283819e-03  3.972590e-10   3.09e-07  
569      -1.550138e-03  -1.550138e-03  1.166281e-11   7.52e-09  
570      -2.537608e-03  -2.537608e-03  3.995910e-10   1.57e-07  
571      -3.507474e-03  -3.507474e-03  1.699553e-10   4.85e-08  
572      -3.352892e-03  -3.352893e-03  1.237128e-09   3.69e-07  
573      -1.510970e-03  -1.510970e-03  3.737098e-11   2.47e-08  
574      1.234725e-03   1.234725e-03   3.397136e-12   2.75e-09  
575      1.359741e-04   1.359743e-04   1.292295e-10   9.50e-07  
576      -2.982551e-03  -2.982551e-03  3.936207e-10   1.32e-07  
577      -1.652941e-03  -1.652941e-03  2.671528e-11   1.62e-08  
578      -1.136391e-03  -1.136392e-03  3.448589e-10   3.03e-07  
579      -1.867055e-03  -1.867056e-03  5.484342e-10   2.94e-07  
580      -2.781188e-03  -2.781188e-03  1.832978e-11   6.59e-09  
581      -2.336051e-03  -2.336052e-03  8.288758e-10   3.55e-07  
582      -1.421095e-03  -1.421094e-03  9.379241e-10   6.60e-07  
583      -1.096762e-03  -1.096762e-03  3.974191e-11   3.62e-08  
584      -1.177751e-03  -1.177750e-03  2.663040e-10   2.26e-07  
585      -8.708448e-04  -8.708444e-04  3.646136e-10   4.19e-07  
586      -4.622068e-04  -4.622063e-04  4.706254e-10   1.02e-06  
587      -6.273883e-04  -6.273886e-04  2.551399e-10   4.07e-07  
588      -1.127712e-03  -1.127713e-03  1.664749e-09   1.48e-06  
589      -2.202864e-03  -2.202864e-03  4.396417e-10   2.00e-07  
590      -2.608248e-03  -2.608248e-03  8.566037e-11   3.28e-08  
591      -2.346640e-03  -2.346639e-03  7.196608e-10   3.07e-07  
592      -1.181305e-03  -1.181305e-03  1.658787e-10   1.40e-07  
593      -3.410003e-04  -3.410004e-04  1.661341e-10   4.87e-07  
594      -7.803696e-04  -7.803703e-04  6.532020e-10   8.37e-07  
595      -1.098260e-03  -1.098260e-03  2.365054e-10   2.15e-07  
596      -4.888622e-04  -4.888640e-04  1.790399e-09   3.66e-06  
597      -2.999259e-04  -2.999253e-04  6.292529e-10   2.10e-06  
598      -4.211767e-04  -4.211752e-04  1.470153e-09   3.49e-06  
599      -1.619771e-04  -1.627128e-04  7.356337e-07   4.54e-03  
600      -5.439425e-05  -5.246895e-05  1.925299e-06   3.54e-02  
601      -1.888139e-03  -1.862361e-03  2.577805e-05   1.37e-02  
602      -1.310586e-03  -1.353401e-03  4.281561e-05   3.27e-02  
603      -1.347492e-03  -1.347493e-03  7.805013e-10   5.79e-07  
604      -1.330988e-03  -1.330989e-03  2.695527e-10   2.03e-07  
605      -1.406979e-03  -1.406978e-03  2.745159e-10   1.95e-07  
606      -1.436089e-03  -1.436089e-03  8.568228e-11   5.97e-08  
607      -1.361123e-03  -1.361124e-03  5.546550e-10   4.07e-07  
608      -1.271032e-03  -1.271032e-03  1.102463e-10   8.67e-08  
609      -1.100973e-03  -1.100973e-03  2.625229e-10   2.38e-07  
610      -8.794310e-04  -8.794311e-04  1.311672e-10   1.49e-07  
611      -5.412775e-04  -5.412775e-04  4.170127e-11   7.70e-08  
612      -2.332868e-05  -2.332847e-05  2.015930e-10   8.64e-06  
613      6.672993e-04   6.672990e-04   2.520938e-10   3.78e-07  
614      1.286175e-03   1.286176e-03   3.600714e-10   2.80e-07  
615      1.201490e-03   1.201490e-03   3.105624e-10   2.58e-07  
616      3.552738e-04   3.552744e-04   6.572905e-10   1.85e-06  
617      -7.283651e-04  -7.283648e-04  3.508361e-10   4.82e-07  
618      -1.975635e-03  -1.975634e-03  1.024669e-09   5.19e-07  
619      -2.468781e-03  -2.468780e-03  9.943607e-10   4.03e-07  
620      -2.625058e-03  -2.625059e-03  1.135226e-09   4.32e-07  
621      -3.289868e-03  -3.289868e-03  8.584009e-11   2.61e-08  
622      -3.154520e-03  -3.154520e-03  1.331378e-10   4.22e-08  
623      -1.792549e-03  -1.792548e-03  7.767825e-10   4.33e-07  
624      -1.964081e-03  -1.964081e-03  2.546275e-10   1.30e-07  
625      -5.297978e-03  -5.297979e-03  4.573932e-10   8.63e-08  
626      -2.600582e-03  -2.600583e-03  6.601863e-10   2.54e-07  
627      3.269680e-03   3.269680e-03   1.731003e-10   5.29e-08  
628      -9.188307e-04  -9.188302e-04  4.854688e-10   5.28e-07  
629      -2.607926e-03  -2.607927e-03  2.203228e-10   8.45e-08  
630      -2.683773e-03  -2.683774e-03  8.611788e-10   3.21e-07  
631      -2.481157e-03  -2.481157e-03  5.559359e-10   2.24e-07  
632      -2.065780e-03  -2.065780e-03  2.029908e-10   9.83e-08  
633      -2.024978e-03  -2.024979e-03  4.991858e-10   2.47e-07  
634      -2.012271e-03  -2.012272e-03  5.364032e-10   2.67e-07  
635      -2.221954e-03  -2.221955e-03  8.074049e-10   3.63e-07  
636      -2.726163e-03  -2.726163e-03  2.574582e-10   9.44e-08  
637      -2.031061e-03  -2.031061e-03  1.378000e-12   6.78e-10  
638      -2.292236e-03  -2.292238e-03  1.662867e-09   7.25e-07  
639      -2.439489e-03  -2.439489e-03  1.091465e-10   4.47e-08  
640      -2.775277e-03  -2.775277e-03  4.727069e-10   1.70e-07  
641      -3.241443e-03  -3.241443e-03  1.154274e-10   3.56e-08  
642      -3.176375e-03  -3.176375e-03  1.497821e-11   4.72e-09  
643      -2.671623e-03  -2.671624e-03  1.060950e-09   3.97e-07  
644      -2.220788e-03  -2.220788e-03  5.311403e-10   2.39e-07  
645      -1.311489e-03  -1.311489e-03  5.129327e-10   3.91e-07  
646      -5.098551e-04  -5.098554e-04  2.990542e-10   5.87e-07  
647      -3.387999e-04  -3.387995e-04  4.157271e-10   1.23e-06  
648      -5.584500e-04  -5.584502e-04  2.345275e-10   4.20e-07  
649      -4.601516e-04  -4.628534e-04  2.701851e-06   5.87e-03  
650      -1.858782e-04  -1.778244e-04  8.053779e-06   4.33e-02  
651      -2.201214e-03  -2.181730e-03  1.948336e-05   8.85e-03  
652      -1.362176e-03  -1.422129e-03  5.995317e-05   4.40e-02  
653      -1.008812e-03  -1.008812e-03  2.678139e-10   2.65e-07  
654      -1.058884e-03  -1.058884e-03  3.520983e-11   3.33e-08  
655      -9.049058e-04  -9.049060e-04  2.110042e-10   2.33e-07  
656      -9.665688e-04  -9.665696e-04  7.281379e-10   7.53e-07  
657      -1.006129e-03  -1.006130e-03  3.119876e-10   3.10e-07  
658      -1.128018e-03  -1.128018e-03  3.598938e-10   3.19e-07  
659      -1.082076e-03  -1.082075e-03  2.656045e-10   2.45e-07  
660      -1.069215e-03  -1.069216e-03  1.030751e-10   9.64e-08  
661      -1.050010e-03  -1.050009e-03  5.325719e-10   5.07e-07  
662      -8.650044e-04  -8.650049e-04  4.862908e-10   5.62e-07  
663      -8.078844e-04  -8.078837e-04  6.792612e-10   8.41e-07  
664      -9.256334e-04  -9.256344e-04  9.509621e-10   1.03e-06  
665      -1.416435e-03  -1.416435e-03  6.281066e-11   4.43e-08  
666      -2.556052e-03  -2.556051e-03  3.978273e-10   1.56e-07  
667      -4.239841e-03  -4.239842e-03  3.516175e-10   8.29e-08  
668      -6.195163e-03  -6.195163e-03  1.226826e-10   1.98e-08  
669      -7.272500e-03  -7.272500e-03  2.392231e-10   3.29e-08  
670      -8.049573e-03  -8.049575e-03  1.388106e-09   1.72e-07  
671      -9.089197e-03  -9.089196e-03  4.946060e-10   5.44e-08  
672      -9.761900e-03  -9.761900e-03  3.414770e-10   3.50e-08  
673      -1.133928e-02  -1.133929e-02  1.189931e-09   1.05e-07  
674      -1.168794e-02  -1.168794e-02  2.396050e-11   2.05e-09  
675      -8.902177e-03  -8.902176e-03  3.329861e-10   3.74e-08  
676      -1.397174e-03  -1.397174e-03  5.072413e-10   3.63e-07  
677      9.224446e-04   9.224440e-04   6.251728e-10   6.78e-07  
678      -3.314305e-03  -3.314306e-03  4.501116e-10   1.36e-07  
679      -3.078683e-03  -3.078683e-03  1.370156e-11   4.45e-09  
680      -2.642731e-03  -2.642731e-03  5.609645e-11   2.12e-08  
681      -3.066736e-03  -3.066736e-03  8.665076e-10   2.83e-07  
682      -3.320709e-03  -3.320709e-03  6.918176e-10   2.08e-07  
683      -3.690079e-03  -3.690080e-03  1.136543e-09   3.08e-07  
684      -3.739826e-03  -3.739827e-03  9.276109e-10   2.48e-07  
685      -5.326555e-03  -5.326556e-03  1.044258e-09   1.96e-07  
686      -5.950491e-03  -5.950493e-03  2.063799e-09   3.47e-07  
687      -4.762924e-03  -4.762924e-03  4.520980e-11   9.49e-09  
688      -3.910163e-03  -3.910164e-03  4.462645e-10   1.14e-07  
689      -2.947925e-03  -2.947925e-03  1.906009e-10   6.47e-08  
690      -2.082063e-03  -2.082063e-03  3.343326e-10   1.61e-07  
691      -1.887963e-03  -1.887962e-03  6.965326e-10   3.69e-07  
692      -1.841094e-03  -1.841095e-03  2.574613e-11   1.40e-08  
693      -1.560684e-03  -1.560685e-03  5.560809e-10   3.56e-07  
694      -1.204623e-03  -1.204623e-03  3.723895e-10   3.09e-07  
695      -5.254998e-04  -5.254999e-04  1.313189e-10   2.50e-07  
696      -3.136024e-04  -3.136008e-04  1.570772e-09   5.01e-06  
697      -8.576300e-05  -8.576496e-05  1.955277e-09   2.28e-05  
698      2.364102e-05   2.364056e-05   4.638903e-10   1.96e-05  
699      -5.379557e-04  -5.450117e-04  7.056037e-06   1.31e-02  
700      -3.988901e-04  -3.810018e-04  1.788823e-05   4.48e-02  
701      -1.491089e-03  -1.457345e-03  3.374429e-05   2.26e-02  
702      -1.158469e-03  -1.188369e-03  2.989937e-05   2.58e-02  
703      -5.000452e-04  -5.000457e-04  4.889737e-10   9.78e-07  
704      -7.549925e-04  -7.549922e-04  2.922715e-10   3.87e-07  
705      -1.713004e-04  -1.713002e-04  2.013888e-10   1.18e-06  
706      -2.040081e-04  -2.040099e-04  1.753677e-09   8.60e-06  
707      -4.085198e-04  -4.085199e-04  1.260426e-10   3.09e-07  
708      -8.517523e-04  -8.517525e-04  2.579878e-10   3.03e-07  
709      -1.023650e-03  -1.023650e-03  4.170898e-10   4.07e-07  
710      -1.183723e-03  -1.183723e-03  1.037267e-10   8.76e-08  
711      -1.417526e-03  -1.417526e-03  3.976052e-10   2.80e-07  
712      -1.468373e-03  -1.468372e-03  8.571502e-10   5.84e-07  
713      -1.750801e-03  -1.750801e-03  6.222761e-10   3.55e-07  
714      -2.398160e-03  -2.398161e-03  9.371363e-10   3.91e-07  
715      -2.677796e-03  -2.677796e-03  5.535318e-10   2.07e-07  
716      -2.507967e-03  -2.507967e-03  7.137689e-10   2.85e-07  
717      -2.471693e-03  -2.471692e-03  5.622161e-10   2.27e-07  
718      -2.972012e-03  -2.972012e-03  2.643841e-10   8.90e-08  
719      -3.018888e-03  -3.018888e-03  1.433271e-11   4.75e-09  
720      -3.388580e-03  -3.388580e-03  4.669569e-10   1.38e-07  
721      -3.922304e-03  -3.922305e-03  4.297032e-10   1.10e-07  
722      -4.577077e-03  -4.577077e-03  1.370742e-10   2.99e-08  
723      -6.444117e-03  -6.444116e-03  5.659622e-10   8.78e-08  
724      -8.696063e-03  -8.696063e-03  9.648292e-11   1.11e-08  
725      -9.867100e-03  -9.867100e-03  2.260330e-10   2.29e-08  
726      -5.634944e-03  -5.634944e-03  1.036261e-10   1.84e-08  
727      -3.402114e-03  -3.402114e-03  2.818428e-10   8.28e-08  
728      -2.473102e-03  -2.473102e-03  6.264802e-10   2.53e-07  
729      -3.224492e-03  -3.224491e-03  6.832155e-10   2.12e-07  
730      -4.021832e-03  -4.021831e-03  7.188720e-10   1.79e-07  
731      -4.154926e-03  -4.154926e-03  8.069294e-10   1.94e-07  
732      -4.176924e-03  -4.176925e-03  4.559402e-10   1.09e-07  
733      -3.477721e-03  -3.477721e-03  2.566340e-11   7.38e-09  
734      -3.056681e-03  -3.056683e-03  1.434540e-09   4.69e-07  
735      -5.635025e-03  -5.635027e-03  1.753332e-09   3.11e-07  
736      -5.284676e-03  -5.284676e-03  4.397125e-10   8.32e-08  
737      -4.261340e-03  -4.261341e-03  5.535682e-10   1.30e-07  
738      -2.404586e-03  -2.404587e-03  9.333214e-10   3.88e-07  
739      -1.725326e-03  -1.725326e-03  3.438849e-10   1.99e-07  
740      -1.030830e-03  -1.030829e-03  5.134715e-10   4.98e-07  
741      -7.834532e-04  -7.834535e-04  3.313055e-10   4.23e-07  
742      -1.132645e-03  -1.132645e-03  2.259562e-11   1.99e-08  
743      -1.367461e-03  -1.367460e-03  5.881655e-10   4.30e-07  
744      -1.393238e-03  -1.393237e-03  8.785941e-10   6.31e-07  
745      -1.423587e-03  -1.423586e-03  1.334193e-09   9.37e-07  
746      -1.688059e-03  -1.688058e-03  1.500918e-09   8.89e-07  
747      -1.507729e-03  -1.507726e-03  2.621514e-09   1.74e-06  
748      -1.194091e-03  -1.194091e-03  5.097648e-10   4.27e-07  
749      -1.618530e-03  -1.627651e-03  9.120845e-06   5.64e-03  
750      -1.148850e-03  -1.134736e-03  1.411357e-05   1.23e-02  
751      -4.924375e-04  -4.740970e-04  1.834052e-05   3.72e-02  
752      -6.731394e-04  -6.784722e-04  5.332840e-06   7.92e-03  
753      -2.586963e-04  -2.586961e-04  1.917242e-10   7.41e-07  
754      -5.891162e-04  -5.891167e-04  5.115236e-10   8.68e-07  
755      -2.087971e-06  -2.088016e-06  4.581839e-11   2.19e-05  
756      -1.816918e-04  -1.816932e-04  1.391045e-09   7.66e-06  
757      -1.960829e-04  -1.960835e-04  5.459662e-10   2.78e-06  
758      -2.413689e-04  -2.413683e-04  6.069676e-10   2.51e-06  
759      -3.593833e-04  -3.593824e-04  8.932144e-10   2.49e-06  
760      -5.826753e-04  -5.826755e-04  1.905928e-10   3.27e-07  
761      -7.760680e-04  -7.760685e-04  5.223267e-10   6.73e-07  
762      -8.058984e-04  -8.058985e-04  1.326333e-10   1.65e-07  
763      -1.012749e-03  -1.012750e-03  3.618658e-10   3.57e-07  
764      -1.285934e-03  -1.285935e-03  8.926722e-10   6.94e-07  
765      -4.605062e-04  -4.605061e-04  7.409642e-11   1.61e-07  
766      1.159270e-03   1.159269e-03   6.706998e-10   5.79e-07  
767      2.106987e-03   2.106988e-03   4.625822e-10   2.20e-07  
768      1.886649e-03   1.886649e-03   2.884688e-10   1.53e-07  
769      1.630618e-03   1.630616e-03   1.644691e-09   1.01e-06  
770      3.975087e-04   3.975086e-04   9.857305e-11   2.48e-07  
771      -9.982710e-04  -9.982720e-04  1.054559e-09   1.06e-06  
772      -1.881030e-03  -1.881029e-03  5.635235e-10   3.00e-07  
773      -2.990734e-03  -2.990734e-03  4.908287e-10   1.64e-07  
774      -5.513155e-03  -5.513155e-03  1.022491e-10   1.85e-08  
775      -1.038821e-02  -1.038821e-02  5.107873e-11   4.92e-09  
776      -1.011534e-02  -1.011534e-02  5.214930e-10   5.16e-08  
777      -7.781792e-03  -7.781792e-03  3.606026e-11   4.63e-09  
778      -3.178172e-03  -3.178173e-03  7.372117e-10   2.32e-07  
779      -4.142147e-03  -4.142148e-03  7.688318e-10   1.86e-07  
780      -4.027457e-03  -4.027457e-03  2.179930e-10   5.41e-08  
781      -1.558526e-03  -1.558526e-03  2.403913e-11   1.54e-08  
782      -1.629164e-03  -1.629166e-03  1.558830e-09   9.57e-07  
783      -1.696234e-03  -1.696234e-03  4.126291e-10   2.43e-07  
784      -2.065792e-03  -2.065792e-03  4.142350e-10   2.01e-07  
785      -4.737994e-03  -4.737995e-03  9.111870e-10   1.92e-07  
786      -3.918576e-03  -3.918577e-03  9.733155e-10   2.48e-07  
787      -3.662689e-03  -3.662691e-03  1.620924e-09   4.43e-07  
788      -2.504940e-03  -2.504941e-03  2.993456e-10   1.20e-07  
789      -8.988793e-04  -8.988808e-04  1.541528e-09   1.71e-06  
790      -4.531904e-04  -4.531910e-04  6.063329e-10   1.34e-06  
791      -9.125529e-04  -9.125530e-04  7.508551e-11   8.23e-08  
792      -1.555762e-03  -1.555762e-03  2.641821e-10   1.70e-07  
793      -1.565546e-03  -1.565546e-03  4.649448e-10   2.97e-07  
794      -1.821328e-03  -1.821329e-03  4.074126e-10   2.24e-07  
795      -2.360125e-03  -2.360125e-03  6.875352e-10   2.91e-07  
796      -3.811730e-03  -3.811728e-03  1.659381e-09   4.35e-07  
797      -6.076394e-03  -6.076394e-03  9.525869e-11   1.57e-08  
798      -7.888891e-03  -7.888894e-03  2.453763e-09   3.11e-07  
799      -7.315616e-03  -7.418259e-03  1.026429e-04   1.40e-02  
800      -5.364639e-03  -5.166243e-03  1.983962e-04   3.70e-02  
801      -4.033985e-05  -3.847392e-05  1.865923e-06   4.63e-02  
802      -1.392912e-04  -1.392613e-04  2.995400e-08   2.15e-04  
803      -1.817214e-05  -1.817249e-05  3.475698e-10   1.91e-05  
804      -1.887776e-04  -1.887785e-04  9.429437e-10   4.99e-06  
805      5.974214e-05   5.974187e-05   2.657962e-10   4.45e-06  
806      -1.243923e-04  -1.243923e-04  2.522265e-11   2.03e-07  
807      -2.114341e-04  -2.114340e-04  4.565026e-11   2.16e-07  
808      -1.031464e-04  -1.031461e-04  3.440217e-10   3.34e-06  
809      -5.645521e-05  -5.645550e-05  2.944455e-10   5.22e-06  
810      -1.454565e-04  -1.454571e-04  6.570710e-10   4.52e-06  
811      -1.269901e-04  -1.269907e-04  5.674848e-10   4.47e-06  
812      -8.481110e-05  -8.481036e-05  7.471204e-10   8.81e-06  
813      -1.047303e-04  -1.047303e-04  8.078107e-13   7.71e-09  
814      -2.057911e-04  -2.057917e-04  5.586855e-10   2.71e-06  
815      1.273720e-04   1.273709e-04   1.157269e-09   9.09e-06  
816      8.973624e-04   8.973628e-04   4.093696e-10   4.56e-07  
817      1.679785e-03   1.679785e-03   4.028455e-10   2.40e-07  
818      2.103217e-03   2.103216e-03   1.474842e-09   7.01e-07  
819      2.332285e-03   2.332284e-03   5.283495e-10   2.27e-07  
820      1.052048e-03   1.052048e-03   1.382371e-10   1.31e-07  
821      -1.455034e-03  -1.455034e-03  1.390195e-10   9.55e-08  
822      -3.464125e-03  -3.464125e-03  2.131455e-10   6.15e-08  
823      -4.755670e-03  -4.755670e-03  2.611372e-10   5.49e-08  
824      -4.322419e-03  -4.322419e-03  1.381747e-10   3.20e-08  
825      -6.252543e-03  -6.252543e-03  7.655367e-11   1.22e-08  
826      -1.319933e-02  -1.319934e-02  8.308069e-10   6.29e-08  
827      -2.035458e-02  -2.035458e-02  2.886826e-10   1.42e-08  
828      -1.641975e-02  -1.641975e-02  6.044813e-10   3.68e-08  
829      -8.317862e-03  -8.317863e-03  4.375222e-10   5.26e-08  
830      -1.324834e-03  -1.324834e-03  1.243648e-10   9.39e-08  
831      1.991270e-03   1.991269e-03   5.005479e-10   2.51e-07  
832      -9.280092e-04  -9.280094e-04  1.263105e-10   1.36e-07  
833      -2.445292e-03  -2.445292e-03  8.604956e-11   3.52e-08  
834      -2.780880e-03  -2.780881e-03  1.193489e-09   4.29e-07  
835      -4.296592e-03  -4.296593e-03  8.741674e-10   2.03e-07  
836      -4.000698e-03  -4.000699e-03  1.610711e-09   4.03e-07  
837      -4.267360e-03  -4.267361e-03  1.621988e-09   3.80e-07  
838      -3.735699e-03  -3.735701e-03  1.670085e-09   4.47e-07  
839      5.877356e-04   5.877353e-04   2.995236e-10   5.10e-07  
840      -1.317365e-04  -1.317369e-04  3.379092e-10   2.57e-06  
841      -1.534735e-03  -1.534736e-03  3.243824e-10   2.11e-07  
842      -6.788819e-04  -6.788813e-04  5.937719e-10   8.75e-07  
843      2.984517e-04   2.984516e-04   6.126926e-11   2.05e-07  
844      -2.168178e-03  -2.168178e-03  3.982820e-10   1.84e-07  
845      -3.614514e-03  -3.614513e-03  1.519284e-09   4.20e-07  
846      -5.064668e-03  -5.064668e-03  1.668832e-10   3.30e-08  
847      -6.373061e-03  -6.373061e-03  3.618162e-11   5.68e-09  
848      -6.921828e-03  -6.921828e-03  7.594819e-13   1.10e-10  
849      -6.968570e-03  -7.134171e-03  1.656006e-04   2.38e-02  
850      -7.647724e-03  -7.530649e-03  1.170749e-04   1.53e-02  
851      6.945113e-05   6.757339e-05   1.877734e-06   2.70e-02  
852      4.950148e-05   5.115392e-05   1.652437e-06   3.34e-02  
853      2.429861e-05   2.429833e-05   2.750129e-10   1.13e-05  
854      -9.004559e-06  -9.004253e-06  3.061254e-10   3.40e-05  
855      1.452544e-05   1.452466e-05   7.820829e-10   5.38e-05  
856      -8.990080e-06  -8.989700e-06  3.797719e-10   4.22e-05  
857      -6.556502e-05  -6.556503e-05  1.478533e-11   2.26e-07  
858      -6.926955e-06  -6.926129e-06  8.264565e-10   1.19e-04  
859      -4.925537e-06  -4.925049e-06  4.873826e-10   9.90e-05  
860      -1.074628e-04  -1.074638e-04  9.586140e-10   8.92e-06  
861      -7.300695e-05  -7.300818e-05  1.229187e-09   1.68e-05  
862      -1.875119e-05  -1.875048e-05  7.111968e-10   3.79e-05  
863      1.239010e-05   1.238952e-05   5.790656e-10   4.67e-05  
864      3.597372e-05   3.597325e-05   4.739437e-10   1.32e-05  
865      1.000032e-04   1.000039e-04   6.373396e-10   6.37e-06  
866      1.808273e-04   1.808272e-04   5.043764e-11   2.79e-07  
867      2.219418e-04   2.219421e-04   3.405084e-10   1.53e-06  
868      2.241626e-04   2.241615e-04   1.117779e-09   4.99e-06  
869      4.482297e-04   4.482298e-04   5.968901e-12   1.33e-08  
870      1.095027e-04   1.095027e-04   1.558169e-11   1.42e-07  
871      -1.342209e-03  -1.342208e-03  5.095898e-10   3.80e-07  
872      -2.560077e-03  -2.560078e-03  2.826289e-10   1.10e-07  
873      -2.625025e-03  -2.625026e-03  6.313642e-10   2.41e-07  
874      -2.502949e-04  -2.502967e-04  1.815736e-09   7.25e-06  
875      3.252761e-03   3.252760e-03   9.665123e-10   2.97e-07  
876      2.616818e-03   2.616816e-03   1.544899e-09   5.90e-07  
877      -8.967647e-03  -8.967648e-03  1.194709e-09   1.33e-07  
878      -2.633500e-02  -2.633500e-02  5.259673e-11   2.00e-09  
879      -3.215627e-02  -3.215627e-02  6.447884e-12   2.01e-10  
880      -1.814546e-02  -1.814546e-02  1.923649e-10   1.06e-08  
881      -3.314450e-03  -3.314450e-03  6.668733e-10   2.01e-07  
882      -3.115501e-03  -3.115500e-03  4.231614e-10   1.36e-07  
883      -4.152217e-03  -4.152217e-03  3.201810e-10   7.71e-08  
884      -3.432229e-03  -3.432229e-03  5.291857e-11   1.54e-08  
885      -2.722304e-03  -2.722305e-03  9.512877e-10   3.49e-07  
886      -2.835520e-03  -2.835521e-03  1.248903e-09   4.40e-07  
887      -1.038365e-03  -1.038365e-03  6.136252e-10   5.91e-07  
888      3.161800e-03   3.161800e-03   1.111426e-10   3.52e-08  
889      2.422069e-03   2.422069e-03   2.986507e-10   1.23e-07  
890      -6.298802e-04  -6.298805e-04  3.528524e-10   5.60e-07  
891      3.800854e-04   3.800852e-04   2.081658e-10   5.48e-07  
892      4.771756e-03   4.771755e-03   7.763535e-10   1.63e-07  
893      5.177555e-03   5.177553e-03   1.715134e-09   3.31e-07  
894      -2.728046e-03  -2.728047e-03  3.691433e-10   1.35e-07  
895      -6.211425e-03  -6.211425e-03  2.318442e-10   3.73e-08  
896      -6.978143e-03  -6.978143e-03  1.174623e-10   1.68e-08  
897      -7.476881e-03  -7.476880e-03  1.933968e-10   2.59e-08  
898      -7.879542e-03  -7.879542e-03  1.468662e-10   1.86e-08  
899      -9.101869e-03  -9.348252e-03  2.463832e-04   2.71e-02  
900      -1.075830e-02  -1.056364e-02  1.946604e-04   1.81e-02  
901      6.809837e-05   6.648172e-05   1.616653e-06   2.37e-02  
902      6.788711e-05   7.140745e-05   3.520338e-06   5.19e-02  
903      1.651743e-05   1.674475e-05   2.273204e-07   1.38e-02  
904      2.330412e-06   3.520644e-06   1.190232e-06   5.11e-01  
905      -2.396643e-05  -2.209754e-05  1.868892e-06   7.80e-02  
906      -1.549392e-05  -1.252059e-05  2.973333e-06   1.92e-01  
907      3.916828e-06   6.784782e-06   2.867954e-06   7.32e-01  
908      1.366014e-05   1.484592e-05   1.185778e-06   8.68e-02  
909      7.397240e-06   7.339271e-06   5.796896e-08   7.84e-03  
910      -3.436692e-05  -3.471022e-05  3.433060e-07   9.99e-03  
911      -1.066275e-05  -1.099598e-05  3.332269e-07   3.13e-02  
912      7.311270e-06   7.234200e-06   7.707030e-08   1.05e-02  
913      -2.451614e-06  -3.279255e-06  8.276405e-07   3.38e-01  
914      1.059097e-05   1.100569e-05   4.147170e-07   3.92e-02  
915      4.247766e-05   4.272724e-05   2.495758e-07   5.88e-03  
916      4.328631e-05   4.348440e-05   1.980941e-07   4.58e-03  
917      2.461614e-05   2.463882e-05   2.267299e-08   9.21e-04  
918      -2.710173e-05  -2.710158e-05  1.493680e-10   5.51e-06  
919      1.482545e-05   1.482455e-05   9.029381e-10   6.09e-05  
920      3.351986e-05   3.352013e-05   2.765205e-10   8.25e-06  
921      -1.994443e-04  -1.994512e-04  6.829641e-09   3.42e-05  
922      -3.456430e-04  -3.456764e-04  3.342685e-08   9.67e-05  
923      -1.444511e-04  -1.446790e-04  2.278628e-07   1.58e-03  
924      1.609346e-03   1.607229e-03   2.116462e-06   1.32e-03  
925      6.961175e-03   6.954012e-03   7.162812e-06   1.03e-03  
926      1.800034e-02   1.794650e-02   5.384106e-05   2.99e-03  
927      2.174507e-02   2.147169e-02   2.733770e-04   1.26e-02  
928      -6.199282e-03  -6.792486e-03  5.932039e-04   9.57e-02  
929      -4.913286e-02  -5.008309e-02  9.502328e-04   1.93e-02  
930      -5.095230e-02  -5.173262e-02  7.803186e-04   1.53e-02  
931      -2.358351e-02  -2.358351e-02  9.547988e-10   4.05e-08  
932      -6.810929e-03  -6.810928e-03  6.068155e-10   8.91e-08  
933      -3.020161e-03  -3.020163e-03  1.384313e-09   4.58e-07  
934      -3.347746e-03  -3.347746e-03  4.592860e-10   1.37e-07  
935      3.644900e-04   3.644905e-04   5.014719e-10   1.38e-06  
936      -3.172734e-04  -3.172738e-04  4.255504e-10   1.34e-06  
937      2.661006e-04   2.660985e-04   2.126221e-09   7.99e-06  
938      5.652791e-03   5.652788e-03   2.654665e-09   4.70e-07  
939      5.507283e-04   5.507273e-04   9.727566e-10   1.77e-06  
940      -8.501271e-04  -8.501273e-04  1.570659e-10   1.85e-07  
941      3.645989e-03   3.645988e-03   1.192116e-09   3.27e-07  
942      5.652991e-03   5.652989e-03   1.103064e-09   1.95e-07  
943      3.708008e-03   3.708008e-03   1.683944e-11   4.54e-09  
944      -6.790673e-03  -6.790673e-03  6.371503e-10   9.38e-08  
945      -9.720466e-03  -9.720467e-03  1.545480e-09   1.59e-07  
946      -9.319151e-03  -9.319153e-03  1.260410e-09   1.35e-07  
947      -9.286501e-03  -9.286501e-03  7.242542e-10   7.80e-08  
948      -9.757867e-03  -9.757870e-03  2.281652e-09   2.34e-07  
949      -1.077745e-02  -1.102702e-02  2.495707e-04   2.32e-02  
950      -1.159102e-02  -1.135993e-02  2.310834e-04   1.99e-02  
951      2.730938e-05   2.248726e-05   4.822114e-06   1.77e-01  
952      5.470238e-05   5.308569e-05   1.616689e-06   2.96e-02  
953      2.892646e-05   2.869633e-05   2.301384e-07   7.96e-03  
954      4.596805e-05   4.592802e-05   4.002858e-08   8.71e-04  
955      6.670297e-05   6.825160e-05   1.548625e-06   2.32e-02  
956      1.028991e-04   1.039081e-04   1.009085e-06   9.81e-03  
957      1.010445e-04   1.013658e-04   3.213483e-07   3.18e-03  
958      5.254171e-05   5.231561e-05   2.261048e-07   4.30e-03  
959      7.773300e-06   7.370755e-06   4.025445e-07   5.18e-02  
960      -1.792768e-05  -1.707200e-05  8.556801e-07   4.77e-02  
961      -6.923334e-06  -7.545766e-06  6.224319e-07   8.99e-02  
962      -8.865196e-06  -9.089882e-06  2.246863e-07   2.53e-02  
963      -1.803273e-05  -1.808480e-05  5.206702e-08   2.89e-03  
964      5.430992e-06   5.539198e-06   1.082058e-07   1.99e-02  
965      1.653694e-05   1.577346e-05   7.634891e-07   4.62e-02  
966      1.365254e-05   1.276125e-05   8.912835e-07   6.53e-02  
967      5.079912e-06   4.669165e-06   4.107466e-07   8.09e-02  
968      4.185199e-06   3.643743e-06   5.414555e-07   1.29e-01  
969      -1.335158e-06  -1.155420e-06  1.797376e-07   1.35e-01  
970      2.175680e-06   1.874860e-06   3.008201e-07   1.38e-01  
971      1.813390e-06   1.513165e-06   3.002247e-07   1.66e-01  
972      4.283823e-06   3.358602e-06   9.252210e-07   2.16e-01  
973      1.618659e-05   1.107681e-05   5.109776e-06   3.16e-01  
974      9.885967e-05   7.091170e-05   2.794796e-05   2.83e-01  
975      4.665141e-04   3.231809e-04   1.433332e-04   3.07e-01  
976      1.640297e-04   -3.224403e-04  4.864700e-04   2.97e+00  
977      -4.886030e-03  -5.807396e-03  9.213659e-04   1.89e-01  
978      -2.191717e-02  -2.220998e-02  2.928090e-04   1.34e-02  
979      -4.445935e-02  -4.308068e-02  1.378667e-03   3.10e-02  
980      -4.742486e-02  -4.464278e-02  2.782078e-03   5.87e-02  
981      -4.277698e-02  -4.394301e-02  1.166029e-03   2.73e-02  
982      -3.639631e-02  -3.639631e-02  1.528176e-10   4.20e-09  
983      -1.859782e-02  -1.859782e-02  1.538538e-09   8.27e-08  
984      -8.090078e-03  -8.090078e-03  4.478490e-10   5.54e-08  
985      -3.650914e-03  -3.650915e-03  7.656512e-10   2.10e-07  
986      -3.722268e-03  -3.722269e-03  3.929958e-10   1.06e-07  
987      -6.032028e-03  -6.032029e-03  9.122037e-10   1.51e-07  
988      -3.050490e-03  -3.050489e-03  2.836114e-10   9.30e-08  
989      -1.911632e-03  -1.911633e-03  5.490294e-10   2.87e-07  
990      2.838761e-04   2.838757e-04   3.766009e-10   1.33e-06  
991      2.050459e-03   2.050458e-03   8.085993e-10   3.94e-07  
992      1.712355e-03   1.712354e-03   5.938061e-10   3.47e-07  
993      1.464059e-03   1.464065e-03   6.232120e-09   4.26e-06  
994      -8.450064e-03  -8.450063e-03  1.046644e-09   1.24e-07  
995      -1.209163e-02  -1.209163e-02  6.170142e-10   5.10e-08  
996      -1.116210e-02  -1.116210e-02  2.852692e-10   2.56e-08  
997      -1.093576e-02  -1.093576e-02  6.977890e-10   6.38e-08  
998      -1.118861e-02  -1.118861e-02  7.363388e-10   6.58e-08  
999      -1.143831e-02  -1.167211e-02  2.337968e-04   2.04e-02  
1000     -1.133112e-02  -1.108903e-02  2.420899e-04   2.14e-02  
1001     -2.599996e-02  -2.393395e-02  2.066006e-03   7.95e-02  
1002     -3.769098e-02  -3.807669e-02  3.857104e-04   1.02e-02  
1003     -3.944374e-02  -3.944374e-02  1.103341e-09   2.80e-08  
1004     -3.314183e-02  -3.314183e-02  3.876946e-10   1.17e-08  
1005     -2.207511e-02  -2.207511e-02  6.848301e-10   3.10e-08  
1006     -1.175322e-02  -1.175322e-02  1.574497e-09   1.34e-07  
1007     -6.236610e-03  -6.236610e-03  5.342110e-11   8.57e-09  
1008     -1.392946e-03  -1.392947e-03  2.005130e-10   1.44e-07  
1009     1.794067e-03   1.794067e-03   1.143471e-10   6.37e-08  
1010     7.900282e-04   7.900285e-04   3.253935e-10   4.12e-07  
1011     4.000980e-04   4.000976e-04   3.634676e-10   9.08e-07  
1012     -5.205883e-05  -5.205874e-05  8.865059e-11   1.70e-06  
1013     -1.991137e-04  -1.991118e-04  1.809982e-09   9.09e-06  
1014     -8.260764e-03  -8.260764e-03  5.006851e-10   6.06e-08  
1015     -1.217947e-02  -1.217947e-02  3.369403e-10   2.77e-08  
1016     -1.184871e-02  -1.184871e-02  9.980495e-10   8.42e-08  
1017     -1.204513e-02  -1.204512e-02  1.431509e-09   1.19e-07  
1018     -1.233014e-02  -1.233015e-02  8.646493e-10   7.01e-08  
1019     -1.214767e-02  -1.238607e-02  2.384037e-04   1.96e-02  
1020     -1.162900e-02  -1.137331e-02  2.556855e-04   2.20e-02  
1021     -1.174790e-02  -1.127067e-02  4.772367e-04   4.06e-02  
1022     -2.263950e-02  -2.276337e-02  1.238679e-04   5.47e-03  
1023     -2.317445e-02  -2.317445e-02  2.485591e-10   1.07e-08  
1024     -1.945808e-02  -1.945808e-02  2.230872e-11   1.15e-09  
1025     -1.062410e-02  -1.062410e-02  2.146655e-09   2.02e-07  
1026     -6.757913e-03  -6.757915e-03  1.484781e-09   2.20e-07  
1027     -2.711419e-03  -2.711420e-03  1.096446e-09   4.04e-07  
1028     2.265004e-04   2.264998e-04   6.500741e-10   2.87e-06  
1029     8.905874e-04   8.905879e-04   5.256714e-10   5.90e-07  
1030     9.896186e-05   9.896206e-05   1.950724e-10   1.97e-06  
1031     8.583327e-06   8.583620e-06   2.932614e-10   3.42e-05  
1032     1.265824e-05   1.265864e-05   4.031113e-10   3.18e-05  
1033     -9.143027e-04  -9.143029e-04  2.707244e-10   2.96e-07  
1034     -6.559693e-03  -6.559694e-03  7.914243e-10   1.21e-07  
1035     -1.092480e-02  -1.092480e-02  3.346318e-10   3.06e-08  
1036     -1.159081e-02  -1.159080e-02  7.122417e-10   6.14e-08  
1037     -1.265405e-02  -1.265405e-02  9.618202e-10   7.60e-08  
1038     -1.337363e-02  -1.337363e-02  1.834421e-10   1.37e-08  
1039     -1.327968e-02  -1.354472e-02  2.650316e-04   2.00e-02  
1040     -1.281221e-02  -1.253280e-02  2.794081e-04   2.18e-02  
1041     -1.331550e-02  -1.279858e-02  5.169183e-04   3.88e-02  
1042     -1.996939e-02  -2.026804e-02  2.986474e-04   1.50e-02  
1043     -1.625767e-02  -1.625767e-02  7.849318e-10   4.83e-08  
1044     -2.193319e-02  -2.193319e-02  1.608197e-10   7.33e-09  
1045     -1.334079e-02  -1.334079e-02  1.693150e-09   1.27e-07  
1046     -9.694472e-03  -9.694476e-03  3.960605e-09   4.09e-07  
1047     -1.446054e-03  -1.446056e-03  2.121777e-09   1.47e-06  
1048     4.605223e-04   4.605248e-04   2.538109e-09   5.51e-06  
1049     -3.345471e-06  -3.346177e-06  7.057654e-10   2.11e-04  
1050     1.912604e-04   1.912608e-04   3.775148e-10   1.97e-06  
1051     -2.660633e-05  -2.660629e-05  4.393313e-11   1.65e-06  
1052     -3.253231e-04  -3.253227e-04  4.559809e-10   1.40e-06  
1053     -1.081375e-03  -1.081373e-03  1.625499e-09   1.50e-06  
1054     -4.868076e-03  -4.868076e-03  3.474307e-10   7.14e-08  
1055     -9.301730e-03  -9.301730e-03  2.216549e-10   2.38e-08  
1056     -1.101324e-02  -1.101324e-02  1.579722e-09   1.43e-07  
1057     -1.298691e-02  -1.298691e-02  1.600523e-09   1.23e-07  
1058     -1.437095e-02  -1.437095e-02  6.901663e-10   4.80e-08  
1059     -1.476884e-02  -1.507422e-02  3.053763e-04   2.07e-02  
1060     -1.461544e-02  -1.430383e-02  3.116111e-04   2.13e-02  
1061     -7.581806e-03  -7.345227e-03  2.365785e-04   3.12e-02  
1062     -9.022487e-03  -9.157998e-03  1.355106e-04   1.50e-02  
1063     -4.190054e-03  -4.190054e-03  1.637189e-10   3.91e-08  
1064     -1.558495e-02  -1.558495e-02  2.731792e-09   1.75e-07  
1065     -1.305349e-02  -1.305349e-02  5.864614e-10   4.49e-08  
1066     -1.068513e-02  -1.068513e-02  2.728552e-09   2.55e-07  
1067     -1.208854e-03  -1.208851e-03  3.377115e-09   2.79e-06  
1068     1.012061e-03   1.012061e-03   7.701170e-11   7.61e-08  
1069     -5.093680e-04  -5.093678e-04  1.534496e-10   3.01e-07  
1070     -3.481426e-04  -3.481430e-04  3.736472e-10   1.07e-06  
1071     -7.953537e-04  -7.953532e-04  4.947552e-10   6.22e-07  
1072     -1.392313e-03  -1.392315e-03  2.370853e-09   1.70e-06  
1073     -1.792623e-03  -1.792624e-03  9.070679e-10   5.06e-07  
1074     -4.120785e-03  -4.120787e-03  2.015740e-09   4.89e-07  
1075     -8.063721e-03  -8.063724e-03  2.498823e-09   3.10e-07  
1076     -1.041642e-02  -1.041642e-02  4.024380e-12   3.86e-10  
1077     -1.303676e-02  -1.303676e-02  1.149511e-09   8.82e-08  
1078     -1.516945e-02  -1.516945e-02  7.447614e-10   4.91e-08  
1079     -1.640631e-02  -1.675833e-02  3.520160e-04   2.15e-02  
1080     -1.675560e-02  -1.640785e-02  3.477570e-04   2.08e-02  
1081     -2.351448e-03  -2.254654e-03  9.679409e-05   4.12e-02  
1082     -5.037811e-03  -5.062526e-03  2.471543e-05   4.91e-03  
1083     -3.470190e-03  -3.470189e-03  7.090237e-10   2.04e-07  
1084     -7.674772e-03  -7.674772e-03  1.655358e-10   2.16e-08  
1085     -9.726336e-03  -9.726334e-03  2.110218e-09   2.17e-07  
1086     -1.232315e-02  -1.232315e-02  1.419052e-09   1.15e-07  
1087     -4.254253e-03  -4.254255e-03  2.063053e-09   4.85e-07  
1088     1.237648e-03   1.237646e-03   1.134544e-09   9.17e-07  
1089     -2.181682e-04  -2.181688e-04  6.179252e-10   2.83e-06  
1090     -1.165549e-03  -1.165550e-03  9.761471e-11   8.37e-08  
1091     -1.275732e-03  -1.275733e-03  1.294382e-09   1.01e-06  
1092     -1.458684e-03  -1.458684e-03  1.149845e-10   7.88e-08  
1093     -1.625106e-03  -1.625106e-03  6.544709e-11   4.03e-08  
1094     -4.031941e-03  -4.031942e-03  6.278288e-10   1.56e-07  
1095     -7.662244e-03  -7.662242e-03  1.950674e-09   2.55e-07  
1096     -9.853740e-03  -9.853739e-03  5.930875e-10   6.02e-08  
1097     -1.263042e-02  -1.263042e-02  2.038969e-09   1.61e-07  
1098     -1.550464e-02  -1.550464e-02  3.743742e-10   2.41e-08  
1099     -1.793796e-02  -1.834290e-02  4.049397e-04   2.26e-02  
1100     -1.913908e-02  -1.875554e-02  3.835417e-04   2.00e-02  
1101     -7.974518e-04  -7.162260e-04  8.122576e-05   1.02e-01  
1102     -3.172042e-03  -3.172513e-03  4.706732e-07   1.48e-04  
1103     -4.423875e-03  -4.423876e-03  5.466874e-10   1.24e-07  
1104     -1.168450e-03  -1.168450e-03  7.590069e-10   6.50e-07  
1105     -1.709949e-03  -1.709951e-03  2.485290e-09   1.45e-06  
1106     -6.427385e-03  -6.427385e-03  1.584749e-10   2.47e-08  
1107     -6.452956e-03  -6.452958e-03  2.243749e-09   3.48e-07  
1108     -1.211346e-03  -1.211345e-03  4.140461e-10   3.42e-07  
1109     8.659306e-04   8.659303e-04   3.425707e-10   3.96e-07  
1110     4.542763e-04   4.542768e-04   5.439058e-10   1.20e-06  
1111     1.694742e-04   1.694741e-04   1.638535e-10   9.67e-07  
1112     -6.201648e-06  -6.201977e-06  3.282886e-10   5.29e-05  
1113     -6.062517e-04  -6.062517e-04  4.256791e-11   7.02e-08  
1114     -3.955019e-03  -3.955019e-03  1.638105e-10   4.14e-08  
1115     -7.954328e-03  -7.954327e-03  6.363211e-10   8.00e-08  
1116     -9.625651e-03  -9.625652e-03  8.804026e-10   9.15e-08  
1117     -1.187870e-02  -1.187870e-02  1.131275e-09   9.52e-08  
1118     -1.506638e-02  -1.506638e-02  3.439845e-10   2.28e-08  
1119     -1.884962e-02  -1.931291e-02  4.632936e-04   2.46e-02  
1120     -2.129879e-02  -2.089356e-02  4.052331e-04   1.90e-02  
1121     -6.464514e-05  -5.644013e-05  8.205006e-06   1.27e-01  
1122     -1.468768e-03  -1.468781e-03  1.264174e-08   8.61e-06  
1123     -4.185089e-03  -4.185088e-03  9.620737e-10   2.30e-07  
1124     -2.887939e-03  -2.887939e-03  1.250496e-10   4.33e-08  
1125     -1.737843e-03  -1.737841e-03  2.008973e-09   1.16e-06  
1126     -1.805846e-03  -1.805847e-03  8.669895e-10   4.80e-07  
1127     -3.799982e-03  -3.799983e-03  1.061419e-09   2.79e-07  
1128     -2.626342e-03  -2.626343e-03  8.039395e-10   3.06e-07  
1129     -3.341685e-04  -3.341710e-04  2.512952e-09   7.52e-06  
1130     5.398185e-04   5.398189e-04   4.097259e-10   7.59e-07  
1131     7.175155e-04   7.175158e-04   3.161818e-10   4.41e-07  
1132     3.314391e-04   3.314376e-04   1.495849e-09   4.51e-06  
1133     -1.531074e-05  -1.531050e-05  2.362518e-10   1.54e-05  
1134     -2.185992e-03  -2.185992e-03  2.565298e-10   1.17e-07  
1135     -5.766022e-03  -5.766024e-03  1.648433e-09   2.86e-07  
1136     -7.993895e-03  -7.993897e-03  1.183057e-09   1.48e-07  
1137     -1.022320e-02  -1.022320e-02  1.233888e-09   1.21e-07  
1138     -1.356445e-02  -1.356445e-02  2.286033e-09   1.69e-07  
1139     -1.802095e-02  -1.850170e-02  4.807469e-04   2.67e-02  
1140     -2.122083e-02  -2.083209e-02  3.887378e-04   1.83e-02  
1141     -9.585152e-06  -8.252063e-06  1.333089e-06   1.39e-01  
1142     -5.360815e-04  -5.360838e-04  2.365536e-09   4.41e-06  
1143     -2.836371e-03  -2.836370e-03  1.565671e-09   5.52e-07  
1144     -2.567550e-03  -2.567552e-03  1.965447e-09   7.65e-07  
1145     -1.911882e-03  -1.911886e-03  3.907346e-09   2.04e-06  
1146     -1.029358e-03  -1.029357e-03  6.339987e-10   6.16e-07  
1147     -1.898699e-03  -1.898700e-03  6.493215e-10   3.42e-07  
1148     -1.839164e-03  -1.839164e-03  4.416849e-10   2.40e-07  
1149     -8.794561e-04  -8.794560e-04  8.468048e-11   9.63e-08  
1150     -4.244163e-04  -4.244169e-04  5.861909e-10   1.38e-06  
1151     -4.712716e-04  -4.712715e-04  5.466158e-11   1.16e-07  
1152     -5.224092e-04  -5.224096e-04  3.772085e-10   7.22e-07  
1153     -5.923202e-04  -5.923187e-04  1.493446e-09   2.52e-06  
1154     -1.078861e-03  -1.078863e-03  2.480373e-09   2.30e-06  
1155     -2.371387e-03  -2.371387e-03  2.100030e-10   8.86e-08  
1156     -4.344253e-03  -4.344251e-03  2.828502e-09   6.51e-07  
1157     -7.289828e-03  -7.289826e-03  1.896590e-09   2.60e-07  
1158     -1.149755e-02  -1.149754e-02  2.096582e-09   1.82e-07  
1159     -1.504455e-02  -1.541334e-02  3.687921e-04   2.45e-02  
1160     -1.667705e-02  -1.635701e-02  3.200384e-04   1.92e-02  
1161     7.041090e-06   6.618290e-06   4.227997e-07   6.00e-02  
1162     -1.166718e-04  -1.166189e-04  5.290180e-08   4.53e-04  
1163     -1.214249e-03  -1.214248e-03  1.009107e-09   8.31e-07  
1164     -1.654098e-03  -1.654101e-03  2.490935e-09   1.51e-06  
1165     -1.388903e-03  -1.388900e-03  2.814796e-09   2.03e-06  
1166     -1.431297e-03  -1.431298e-03  1.259570e-09   8.80e-07  
1167     -1.290938e-03  -1.290939e-03  1.799050e-09   1.39e-06  
1168     -1.573313e-03  -1.573310e-03  3.466981e-09   2.20e-06  
1169     -7.034501e-04  -7.034506e-04  4.535452e-10   6.45e-07  
1170     -8.375705e-05  -8.375966e-05  2.618063e-09   3.13e-05  
1171     -1.718802e-04  -1.718807e-04  4.364653e-10   2.54e-06  
1172     -5.276887e-04  -5.276879e-04  7.796370e-10   1.48e-06  
1173     -9.940192e-04  -9.940177e-04  1.456556e-09   1.47e-06  
1174     -1.502631e-03  -1.502630e-03  2.232663e-10   1.49e-07  
1175     -2.620527e-03  -2.620525e-03  2.498187e-09   9.53e-07  
1176     -4.949320e-03  -4.949320e-03  1.289464e-10   2.61e-08  
1177     -7.479705e-03  -7.479705e-03  4.930693e-10   6.59e-08  
1178     -1.000791e-02  -1.000791e-02  5.723846e-10   5.72e-08  
1179     -1.047688e-02  -1.066629e-02  1.894181e-04   1.81e-02  
1180     -8.971232e-03  -8.715516e-03  2.557160e-04   2.85e-02  
1181     4.115591e-05   3.946844e-05   1.687470e-06   4.10e-02  
1182     6.000056e-06   6.344876e-06   3.448198e-07   5.75e-02  
1183     -6.828342e-04  -6.828368e-04  2.562125e-09   3.75e-06  
1184     -1.259674e-03  -1.259674e-03  2.305420e-10   1.83e-07  
1185     -1.468388e-03  -1.468387e-03  3.166194e-10   2.16e-07  
1186     -7.894260e-04  -7.894265e-04  5.002011e-10   6.34e-07  
1187     -1.916187e-04  -1.916193e-04  6.359412e-10   3.32e-06  
1188     -8.565944e-04  -8.565923e-04  2.125112e-09   2.48e-06  
1189     -6.600967e-04  -6.600972e-04  4.808023e-10   7.28e-07  
1190     1.838667e-04   1.838645e-04   2.228380e-09   1.21e-05  
1191     5.480001e-04   5.480024e-04   2.272087e-09   4.15e-06  
1192     1.837839e-04   1.837827e-04   1.126455e-09   6.13e-06  
1193     -4.210002e-04  -4.210001e-04  1.373812e-10   3.26e-07  
1194     -1.121047e-03  -1.121046e-03  1.590232e-09   1.42e-06  
1195     -2.350958e-03  -2.350958e-03  4.940907e-10   2.10e-07  
1196     -3.481587e-03  -3.481589e-03  1.859811e-09   5.34e-07  
1197     -2.984993e-03  -2.984988e-03  5.130463e-09   1.72e-06  
1198     -2.610421e-03  -2.610426e-03  4.808699e-09   1.84e-06  
1199     -1.466818e-03  -1.405593e-03  6.122506e-05   4.17e-02  
1200     3.959087e-04   3.937736e-04   2.135123e-06   5.39e-03  
1201     1.336502e-04   1.264817e-04   7.168440e-06   5.36e-02  
1202     7.823726e-05   8.087067e-05   2.633410e-06   3.37e-02  
1203     -5.256824e-04  -5.256832e-04  8.445146e-10   1.61e-06  
1204     -1.106930e-03  -1.106930e-03  6.094943e-10   5.51e-07  
1205     -1.827741e-03  -1.827741e-03  4.258158e-10   2.33e-07  
1206     -7.763784e-04  -7.763818e-04  3.393724e-09   4.37e-06  
1207     -9.269474e-05  -9.269429e-05  4.538575e-10   4.90e-06  
1208     -3.034256e-04  -3.034276e-04  1.985655e-09   6.54e-06  
1209     -3.378100e-04  -3.378081e-04  1.918283e-09   5.68e-06  
1210     3.683447e-05   3.683790e-05   3.423387e-09   9.29e-05  
1211     3.128396e-04   3.128401e-04   4.286585e-10   1.37e-06  
1212     1.691819e-04   1.691827e-04   8.329596e-10   4.92e-06  
1213     -1.519390e-04  -1.519416e-04  2.623678e-09   1.73e-05  
1214     -5.991824e-04  -5.991836e-04  1.261185e-09   2.10e-06  
1215     -1.770378e-03  -1.770381e-03  2.767590e-09   1.56e-06  
1216     -2.496893e-03  -2.496892e-03  9.958281e-10   3.99e-07  
1217     -8.172463e-04  -8.172479e-04  1.621920e-09   1.98e-06  
1218     -1.207684e-03  -1.207681e-03  2.399553e-09   1.99e-06  
1219     -7.173796e-04  -6.857344e-04  3.164520e-05   4.41e-02  
1220     1.022215e-03   1.042481e-03   2.026605e-05   1.98e-02  
1221     5.512844e-05   5.589045e-05   7.620092e-07   1.38e-02  
1222     -3.027183e-05  -2.875278e-05  1.519051e-06   5.02e-02  
1223     -3.130937e-04  -3.130939e-04  1.118826e-10   3.57e-07  
1224     -7.177284e-04  -7.177264e-04  1.963526e-09   2.74e-06  
1225     -1.353908e-03  -1.353907e-03  1.412401e-09   1.04e-06  
1226     -5.459038e-04  -5.459039e-04  1.246302e-10   2.28e-07  
1227     -1.193815e-04  -1.193831e-04  1.603481e-09   1.34e-05  
1228     -2.124982e-04  -2.124969e-04  1.338886e-09   6.30e-06  
1229     -3.203803e-04  -3.203811e-04  7.527940e-10   2.35e-06  
1230     -2.514336e-04  -2.514328e-04  7.240869e-10   2.88e-06  
1231     -2.814872e-04  -2.814864e-04  8.294533e-10   2.95e-06  
1232     -6.302580e-04  -6.302564e-04  1.586732e-09   2.52e-06  
1233     -1.160968e-03  -1.160972e-03  3.895377e-09   3.36e-06  
1234     -1.702216e-03  -1.702213e-03  3.397751e-09   2.00e-06  
1235     -2.208381e-03  -2.208383e-03  1.627193e-09   7.37e-07  
1236     -2.033085e-03  -2.033087e-03  1.489216e-09   7.32e-07  
1237     3.148028e-04   3.148006e-04   2.149094e-09   6.83e-06  
1238     -2.184461e-03  -2.184465e-03  3.837963e-09   1.76e-06  
1239     -2.372208e-03  -2.383343e-03  1.113549e-05   4.69e-03  
1240     -9.850083e-04  -9.369579e-04  4.805045e-05   4.88e-02  
1241     -3.281151e-05  -2.710464e-05  5.706871e-06   1.74e-01  
1242     -1.955770e-04  -1.951972e-04  3.798390e-07   1.94e-03  
1243     -2.626484e-04  -2.626490e-04  6.585573e-10   2.51e-06  
1244     -6.686593e-04  -6.686614e-04  2.079944e-09   3.11e-06  
1245     -1.037499e-03  -1.037496e-03  3.035776e-09   2.93e-06  
1246     -7.726868e-04  -7.726849e-04  1.912551e-09   2.48e-06  
1247     -4.260900e-04  -4.260914e-04  1.434414e-09   3.37e-06  
1248     -3.108844e-04  -3.108842e-04  1.595734e-10   5.13e-07  
1249     -5.260878e-04  -5.260913e-04  3.477642e-09   6.61e-06  
1250     -6.867451e-04  -6.867446e-04  4.833309e-10   7.04e-07  
1251     -1.186953e-03  -1.186951e-03  2.153261e-09   1.81e-06  
1252     -1.736084e-03  -1.736085e-03  6.134464e-10   3.53e-07  
1253     -2.144795e-03  -2.144795e-03  2.953602e-10   1.38e-07  
1254     -2.215834e-03  -2.215833e-03  3.402827e-10   1.54e-07  
1255     -2.040471e-03  -2.040473e-03  2.523192e-09   1.24e-06  
1256     -6.458706e-04  -6.458711e-04  4.767131e-10   7.38e-07  
1257     1.400571e-03   1.400571e-03   3.087487e-10   2.20e-07  
1258     -4.176223e-03  -4.176226e-03  2.651504e-09   6.35e-07  
1259     -5.301209e-03  -5.379652e-03  7.844314e-05   1.48e-02  
1260     -3.904504e-03  -3.778468e-03  1.260360e-04   3.23e-02  
1261     -1.191842e-04  -1.106901e-04  8.494124e-06   7.13e-02  
1262     -4.040125e-04  -4.055467e-04  1.534232e-06   3.80e-03  
1263     -5.059337e-04  -5.059337e-04  5.756205e-11   1.14e-07  
1264     -8.645492e-04  -8.645492e-04  3.008780e-11   3.48e-08  
1265     -9.944196e-04  -9.944212e-04  1.586872e-09   1.60e-06  
1266     -1.048233e-03  -1.048237e-03  3.602981e-09   3.44e-06  
1267     -8.232864e-04  -8.232837e-04  2.627654e-09   3.19e-06  
1268     -4.870266e-04  -4.870251e-04  1.526115e-09   3.13e-06  
1269     -9.798923e-04  -9.798939e-04  1.616952e-09   1.65e-06  
1270     -1.597763e-03  -1.597767e-03  3.512695e-09   2.20e-06  
1271     -2.442285e-03  -2.442284e-03  1.022168e-09   4.19e-07  
1272     -2.726801e-03  -2.726802e-03  1.025254e-09   3.76e-07  
1273     -2.514833e-03  -2.514829e-03  4.360855e-09   1.73e-06  
1274     -2.350430e-03  -2.350429e-03  6.168099e-10   2.62e-07  
1275     -1.987435e-03  -1.987438e-03  2.525036e-09   1.27e-06  
1276     2.357860e-05   2.357924e-05   6.356063e-10   2.70e-05  
1277     1.505838e-03   1.505840e-03   1.547892e-09   1.03e-06  
1278     -4.447113e-03  -4.447111e-03  1.459598e-09   3.28e-07  
1279     -6.282808e-03  -6.404447e-03  1.216386e-04   1.94e-02  
1280     -5.397795e-03  -5.253418e-03  1.443765e-04   2.67e-02  
1281     -2.600615e-04  -2.425979e-04  1.746360e-05   6.72e-02  
1282     -6.861626e-04  -6.888898e-04  2.727248e-06   3.97e-03  
1283     -8.309631e-04  -8.309615e-04  1.555258e-09   1.87e-06  
1284     -1.011397e-03  -1.011396e-03  6.275142e-10   6.20e-07  
1285     -1.006921e-03  -1.006919e-03  2.054096e-09   2.04e-06  
1286     -1.116405e-03  -1.116406e-03  1.131935e-09   1.01e-06  
1287     -1.142002e-03  -1.141999e-03  2.274044e-09   1.99e-06  
1288     -9.994916e-04  -9.994917e-04  9.239171e-11   9.24e-08  
1289     -1.592110e-03  -1.592110e-03  2.642067e-10   1.66e-07  
1290     -2.062497e-03  -2.062498e-03  9.538966e-10   4.62e-07  
1291     -2.603395e-03  -2.603395e-03  3.334319e-10   1.28e-07  
1292     -2.560147e-03  -2.560146e-03  1.583017e-09   6.18e-07  
1293     -2.385732e-03  -2.385733e-03  1.376714e-09   5.77e-07  
1294     -1.787942e-03  -1.787942e-03  2.528937e-10   1.41e-07  
1295     -6.297206e-04  -6.297202e-04  4.128176e-10   6.56e-07  
1296     5.991930e-04   5.991971e-04   4.087519e-09   6.82e-06  
1297     -4.546665e-04  -4.546649e-04  1.589155e-09   3.50e-06  
1298     -4.321714e-03  -4.321709e-03  4.225630e-09   9.78e-07  
1299     -5.261692e-03  -5.351621e-03  8.992887e-05   1.71e-02  
1300     -4.389417e-03  -4.271414e-03  1.180029e-04   2.69e-02  
1301     -4.119242e-04  -3.922055e-04  1.971870e-05   4.79e-02  
1302     -8.851609e-04  -8.919294e-04  6.768515e-06   7.65e-03  
1303     -1.076024e-03  -1.076023e-03  1.420588e-09   1.32e-06  
1304     -1.133073e-03  -1.133071e-03  2.073402e-09   1.83e-06  
1305     -1.119265e-03  -1.119267e-03  1.382753e-09   1.24e-06  
1306     -1.120548e-03  -1.120548e-03  4.807259e-10   4.29e-07  
1307     -1.368113e-03  -1.368111e-03  1.807655e-09   1.32e-06  
1308     -1.727920e-03  -1.727916e-03  3.939757e-09   2.28e-06  
1309     -1.901585e-03  -1.901585e-03  6.902216e-10   3.63e-07  
1310     -1.599631e-03  -1.599630e-03  1.311661e-09   8.20e-07  
1311     -1.876398e-03  -1.876396e-03  2.085835e-09   1.11e-06  
1312     -2.183506e-03  -2.183504e-03  1.327897e-09   6.08e-07  
1313     -2.142780e-03  -2.142781e-03  1.706974e-09   7.97e-07  
1314     -6.277332e-04  -6.277364e-04  3.157522e-09   5.03e-06  
1315     9.733181e-04   9.733157e-04   2.411345e-09   2.48e-06  
1316     9.712422e-04   9.712413e-04   8.866150e-10   9.13e-07  
1317     -1.763373e-03  -1.763371e-03  1.865603e-09   1.06e-06  
1318     -3.724360e-03  -3.724360e-03  5.125753e-11   1.38e-08  
1319     -3.780633e-03  -3.825996e-03  4.536319e-05   1.20e-02  
1320     -2.617192e-03  -2.534157e-03  8.303492e-05   3.17e-02  
1321     -5.672688e-04  -5.445540e-04  2.271479e-05   4.00e-02  
1322     -1.028208e-03  -1.038203e-03  9.994267e-06   9.72e-03  
1323     -1.259119e-03  -1.259120e-03  9.578016e-10   7.61e-07  
1324     -1.313477e-03  -1.313479e-03  1.726916e-09   1.31e-06  
1325     -1.406674e-03  -1.406674e-03  2.384210e-10   1.69e-07  
1326     -1.272789e-03  -1.272787e-03  1.383230e-09   1.09e-06  
1327     -1.439844e-03  -1.439842e-03  2.350522e-09   1.63e-06  
1328     -2.073322e-03  -2.073323e-03  1.302282e-09   6.28e-07  
1329     -2.327787e-03  -2.327787e-03  1.504771e-10   6.46e-08  
1330     -1.877035e-03  -1.877035e-03  1.760743e-10   9.38e-08  
1331     -2.216510e-03  -2.216515e-03  5.643684e-09   2.55e-06  
1332     -1.794997e-03  -1.794995e-03  1.128649e-09   6.29e-07  
1333     -1.358612e-03  -1.358614e-03  1.829767e-09   1.35e-06  
1334     -1.750610e-04  -1.750584e-04  2.574649e-09   1.47e-05  
1335     6.613068e-04   6.613058e-04   1.021431e-09   1.54e-06  
1336     1.673413e-04   1.673405e-04   7.641245e-10   4.57e-06  
1337     -2.208913e-03  -2.208903e-03  9.222405e-09   4.18e-06  
1338     -3.157433e-03  -3.157435e-03  2.214664e-09   7.01e-07  
1339     -2.759481e-03  -2.784643e-03  2.516117e-05   9.12e-03  
1340     -1.561979e-03  -1.501625e-03  6.035419e-05   3.86e-02  
1341     -6.430491e-04  -6.174104e-04  2.563873e-05   3.99e-02  
1342     -1.114299e-03  -1.127185e-03  1.288555e-05   1.16e-02  
1343     -1.391018e-03  -1.391019e-03  1.540624e-09   1.11e-06  
1344     -1.519980e-03  -1.519980e-03  3.735897e-10   2.46e-07  
1345     -1.739926e-03  -1.739926e-03  8.825959e-11   5.07e-08  
1346     -1.686455e-03  -1.686455e-03  5.209882e-10   3.09e-07  
1347     -1.627100e-03  -1.627096e-03  3.534018e-09   2.17e-06  
1348     -2.071850e-03  -2.071850e-03  5.437798e-10   2.62e-07  
1349     -2.785067e-03  -2.785063e-03  3.743352e-09   1.34e-06  
1350     -2.857725e-03  -2.857724e-03  1.060399e-09   3.71e-07  
1351     -3.046916e-03  -3.046913e-03  2.407051e-09   7.90e-07  
1352     -1.956942e-03  -1.956941e-03  1.005342e-09   5.14e-07  
1353     -7.756184e-04  -7.756168e-04  1.626754e-09   2.10e-06  
1354     -4.088131e-05  -4.087897e-05  2.342833e-09   5.73e-05  
1355     -3.190558e-06  -3.189686e-06  8.713665e-10   2.73e-04  
1356     -1.136484e-03  -1.136489e-03  4.621060e-09   4.07e-06  
1357     -2.462114e-03  -2.462110e-03  4.408396e-09   1.79e-06  
1358     -2.738141e-03  -2.738142e-03  9.271400e-10   3.39e-07  
1359     -2.179958e-03  -2.199023e-03  1.906488e-05   8.75e-03  
1360     -1.171948e-03  -1.124773e-03  4.717505e-05   4.03e-02  
1361     -4.589460e-04  -4.377936e-04  2.115239e-05   4.61e-02  
1362     -9.905190e-04  -9.976127e-04  7.093681e-06   7.16e-03  
1363     -1.443169e-03  -1.443168e-03  1.450810e-09   1.01e-06  
1364     -1.618624e-03  -1.618624e-03  9.420525e-11   5.82e-08  
1365     -1.868643e-03  -1.868642e-03  1.278911e-09   6.84e-07  
1366     -1.919250e-03  -1.919247e-03  3.026533e-09   1.58e-06  
1367     -1.850062e-03  -1.850062e-03  1.986487e-10   1.07e-07  
1368     -1.941022e-03  -1.941023e-03  3.936217e-10   2.03e-07  
1369     -2.325894e-03  -2.325893e-03  3.586138e-10   1.54e-07  
1370     -2.409094e-03  -2.409093e-03  1.691382e-09   7.02e-07  
1371     -2.406810e-03  -2.406813e-03  2.685884e-09   1.12e-06  
1372     -1.751256e-03  -1.751259e-03  3.105336e-09   1.77e-06  
1373     -1.236454e-03  -1.236457e-03  2.520718e-09   2.04e-06  
1374     -9.738013e-04  -9.737963e-04  4.926017e-09   5.06e-06  
1375     -7.151049e-04  -7.151048e-04  1.639543e-10   2.29e-07  
1376     -1.607202e-03  -1.607205e-03  3.160613e-09   1.97e-06  
1377     -2.390755e-03  -2.390754e-03  6.746437e-10   2.82e-07  
1378     -2.405745e-03  -2.405742e-03  3.133987e-09   1.30e-06  
1379     -1.877685e-03  -1.898323e-03  2.063816e-05   1.10e-02  
1380     -1.187498e-03  -1.147915e-03  3.958228e-05   3.33e-02  
1381     -2.936304e-04  -2.758593e-04  1.777109e-05   6.05e-02  
1382     -8.479761e-04  -8.516092e-04  3.633140e-06   4.28e-03  
1383     -1.426935e-03  -1.426936e-03  1.102851e-09   7.73e-07  
1384     -1.613760e-03  -1.613761e-03  1.169881e-09   7.25e-07  
1385     -1.876339e-03  -1.876340e-03  9.594741e-10   5.11e-07  
1386     -1.996778e-03  -1.996777e-03  9.339336e-10   4.68e-07  
1387     -1.818902e-03  -1.818902e-03  3.771290e-10   2.07e-07  
1388     -1.718411e-03  -1.718413e-03  2.235133e-09   1.30e-06  
1389     -1.974584e-03  -1.974590e-03  5.719817e-09   2.90e-06  
1390     -2.243581e-03  -2.243584e-03  2.879476e-09   1.28e-06  
1391     -2.232452e-03  -2.232455e-03  2.690986e-09   1.21e-06  
1392     -2.051654e-03  -2.051658e-03  3.705734e-09   1.81e-06  
1393     -1.768243e-03  -1.768246e-03  2.917983e-09   1.65e-06  
1394     -1.570079e-03  -1.570083e-03  3.821278e-09   2.43e-06  
1395     -1.253809e-03  -1.253811e-03  2.117229e-09   1.69e-06  
1396     -1.836546e-03  -1.836548e-03  1.737734e-09   9.46e-07  
1397     -2.307516e-03  -2.307515e-03  9.494905e-10   4.11e-07  
1398     -2.184626e-03  -2.184627e-03  4.452403e-10   2.04e-07  
1399     -1.802020e-03  -1.833065e-03  3.104522e-05   1.72e-02  
1400     -1.495048e-03  -1.457231e-03  3.781777e-05   2.53e-02  
1401     -1.979630e-04  -1.835089e-04  1.445417e-05   7.30e-02  
1402     -6.788441e-04  -6.811724e-04  2.328251e-06   3.43e-03  
1403     -1.288176e-03  -1.288177e-03  1.054669e-09   8.19e-07  
1404     -1.534498e-03  -1.534495e-03  2.840104e-09   1.85e-06  
1405     -1.849251e-03  -1.849251e-03  1.633102e-10   8.83e-08  
1406     -2.023217e-03  -2.023216e-03  1.896951e-10   9.38e-08  
1407     -1.727199e-03  -1.727196e-03  2.855559e-09   1.65e-06  
1408     -1.214693e-03  -1.214693e-03  1.002001e-10   8.25e-08  
1409     -1.338713e-03  -1.338714e-03  6.762441e-10   5.05e-07  
1410     -1.707742e-03  -1.707741e-03  1.064943e-09   6.24e-07  
1411     -1.929271e-03  -1.929273e-03  1.406583e-09   7.29e-07  
1412     -2.090446e-03  -2.090447e-03  1.043904e-09   4.99e-07  
1413     -2.018196e-03  -2.018195e-03  6.387897e-10   3.17e-07  
1414     -1.856655e-03  -1.856655e-03  9.289208e-11   5.00e-08  
1415     -1.764885e-03  -1.764883e-03  1.738107e-09   9.85e-07  
1416     -1.902634e-03  -1.902633e-03  1.638956e-09   8.61e-07  
1417     -2.137518e-03  -2.137521e-03  3.723845e-09   1.74e-06  
1418     -2.045893e-03  -2.045895e-03  1.366995e-09   6.68e-07  
1419     -1.738423e-03  -1.775612e-03  3.718861e-05   2.14e-02  
1420     -1.675203e-03  -1.640091e-03  3.511134e-05   2.10e-02  
1421     -8.664911e-05  -7.966892e-05  6.980193e-06   8.06e-02  
1422     -4.036126e-04  -4.042875e-04  6.749368e-07   1.67e-03  
1423     -9.885733e-04  -9.885738e-04  4.974066e-10   5.03e-07  
1424     -1.398106e-03  -1.398107e-03  1.460091e-09   1.04e-06  
1425     -1.799923e-03  -1.799924e-03  9.837824e-10   5.47e-07  
1426     -2.033470e-03  -2.033468e-03  2.467355e-09   1.21e-06  
1427     -1.734055e-03  -1.734054e-03  1.782458e-09   1.03e-06  
1428     -8.767600e-04  -8.767593e-04  6.575060e-10   7.50e-07  
1429     -6.119954e-04  -6.119946e-04  8.032393e-10   1.31e-06  
1430     -8.431768e-04  -8.431755e-04  1.354555e-09   1.61e-06  
1431     -1.253791e-03  -1.253789e-03  1.523505e-09   1.22e-06  
1432     -1.745430e-03  -1.745431e-03  4.693964e-10   2.69e-07  
1433     -1.940091e-03  -1.940096e-03  5.034791e-09   2.60e-06  
1434     -2.012287e-03  -2.012286e-03  1.179452e-09   5.86e-07  
1435     -2.063998e-03  -2.064001e-03  2.828455e-09   1.37e-06  
1436     -1.949835e-03  -1.949833e-03  2.258930e-09   1.16e-06  
1437     -1.976327e-03  -1.976324e-03  3.573507e-09   1.81e-06  
1438     -2.294161e-03  -2.294157e-03  4.065443e-09   1.77e-06  
1439     -1.979905e-03  -2.012732e-03  3.282754e-05   1.66e-02  
1440     -1.665393e-03  -1.631124e-03  3.426926e-05   2.06e-02  
1441     -1.507412e-05  -1.316505e-05  1.909068e-06   1.27e-01  
1442     -1.734901e-04  -1.735644e-04  7.432193e-08   4.28e-04  
1443     -6.514217e-04  -6.514237e-04  1.976205e-09   3.03e-06  
1444     -1.185989e-03  -1.185988e-03  1.288195e-09   1.09e-06  
1445     -1.612706e-03  -1.612701e-03  5.474947e-09   3.39e-06  
1446     -1.866426e-03  -1.866428e-03  1.994190e-09   1.07e-06  
1447     -1.671460e-03  -1.671460e-03  1.373716e-10   8.22e-08  
1448     -8.370204e-04  -8.370210e-04  5.851838e-10   6.99e-07  
1449     -2.474272e-04  -2.474239e-04  3.247768e-09   1.31e-05  
1450     -8.282111e-05  -8.281705e-05  4.057044e-09   4.90e-05  
1451     -4.090063e-04  -4.090081e-04  1.825539e-09   4.46e-06  
1452     -9.385820e-04  -9.385841e-04  2.097791e-09   2.24e-06  
1453     -1.459391e-03  -1.459391e-03  8.221903e-10   5.63e-07  
1454     -2.014419e-03  -2.014418e-03  1.530977e-09   7.60e-07  
1455     -2.297340e-03  -2.297344e-03  4.059864e-09   1.77e-06  
1456     -1.909627e-03  -1.909625e-03  1.713153e-09   8.97e-07  
1457     -1.892980e-03  -1.892979e-03  1.160842e-09   6.13e-07  
1458     -2.621599e-03  -2.621601e-03  2.102429e-09   8.02e-07  
1459     -2.736902e-03  -2.777990e-03  4.108800e-05   1.50e-02  
1460     -1.908157e-03  -1.833296e-03  7.486115e-05   3.92e-02  
1461     5.778348e-05   5.848673e-05   7.032510e-07   1.22e-02  
1462     -8.704090e-05  -8.623999e-05  8.009028e-07   9.20e-03  
1463     -4.929647e-04  -4.929656e-04  8.232458e-10   1.67e-06  
1464     -1.171202e-03  -1.171205e-03  2.436033e-09   2.08e-06  
1465     -1.523106e-03  -1.523104e-03  1.289589e-09   8.47e-07  
1466     -1.662612e-03  -1.662609e-03  2.205503e-09   1.33e-06  
1467     -1.569065e-03  -1.569067e-03  1.464129e-09   9.33e-07  
1468     -1.002942e-03  -1.002942e-03  3.002163e-10   2.99e-07  
1469     -3.715631e-04  -3.715603e-04  2.881126e-09   7.75e-06  
1470     1.196151e-04   1.196152e-04   3.594767e-11   3.01e-07  
1471     7.309708e-06   7.307877e-06   1.831328e-09   2.51e-04  
1472     -2.133096e-04  -2.133112e-04  1.617293e-09   7.58e-06  
1473     -4.846028e-04  -4.846042e-04  1.383682e-09   2.86e-06  
1474     -1.380233e-03  -1.380235e-03  1.673138e-09   1.21e-06  
1475     -1.666867e-03  -1.666865e-03  2.469892e-09   1.48e-06  
1476     -1.747263e-03  -1.747263e-03  3.524240e-10   2.02e-07  
1477     -2.215887e-03  -2.215885e-03  1.275793e-09   5.76e-07  
1478     -1.526353e-03  -1.526350e-03  2.648068e-09   1.73e-06  
1479     -1.323882e-03  -1.333264e-03  9.381167e-06   7.09e-03  
1480     -7.627112e-04  -7.379497e-04  2.476147e-05   3.25e-02  
1481     1.347490e-04   1.348853e-04   1.363557e-07   1.01e-03  
1482     1.398395e-05   1.982569e-05   5.841738e-06   4.18e-01  
1483     -3.345896e-04  -3.345890e-04  6.425222e-10   1.92e-06  
1484     -1.207955e-03  -1.207952e-03  3.060210e-09   2.53e-06  
1485     -1.633809e-03  -1.633812e-03  2.318736e-09   1.42e-06  
1486     -1.521228e-03  -1.521227e-03  1.470925e-09   9.67e-07  
1487     -1.454901e-03  -1.454899e-03  2.147145e-09   1.48e-06  
1488     -1.153528e-03  -1.153528e-03  6.196223e-10   5.37e-07  
1489     -7.561359e-04  -7.561374e-04  1.463083e-09   1.93e-06  
1490     -1.327604e-04  -1.327618e-04  1.407974e-09   1.06e-05  
1491     -3.279620e-05  -3.279752e-05  1.324505e-09   4.04e-05  
1492     -2.763437e-04  -2.763465e-04  2.823167e-09   1.02e-05  
1493     -8.106125e-04  -8.106076e-04  4.848037e-09   5.98e-06  
1494     -1.259073e-03  -1.259072e-03  6.125794e-10   4.87e-07  
1495     -3.810796e-04  -3.810826e-04  3.059295e-09   8.03e-06  
1496     -1.082697e-03  -1.082692e-03  5.040319e-09   4.66e-06  
1497     -2.561335e-03  -2.561337e-03  1.582346e-09   6.18e-07  
1498     -1.534394e-03  -1.534396e-03  1.575007e-09   1.03e-06  
1499     -8.515878e-04  -8.565641e-04  4.976280e-06   5.84e-03  
1500     -3.632329e-04  -3.433429e-04  1.989004e-05   5.48e-02  
1501     1.181474e-05   1.082981e-05   9.849358e-07   8.34e-02  
1502     2.380758e-06   -4.794387e-08  2.428702e-06   1.02e+00  
1503     -1.740562e-04  -1.740572e-04  9.452951e-10   5.43e-06  
1504     -1.006269e-03  -1.006266e-03  3.067399e-09   3.05e-06  
1505     -1.590208e-03  -1.590210e-03  1.852446e-09   1.16e-06  
1506     -1.402266e-03  -1.402262e-03  3.833923e-09   2.73e-06  
1507     -1.284097e-03  -1.284093e-03  3.546235e-09   2.76e-06  
1508     -1.126436e-03  -1.126438e-03  1.970195e-09   1.75e-06  
1509     -1.063664e-03  -1.063665e-03  1.105360e-09   1.04e-06  
1510     -7.353433e-04  -7.353433e-04  4.776939e-11   6.50e-08  
1511     -3.212699e-04  -3.212729e-04  2.965417e-09   9.23e-06  
1512     -8.562937e-04  -8.562931e-04  6.567207e-10   7.67e-07  
1513     -1.491730e-03  -1.491734e-03  4.653465e-09   3.12e-06  
1514     -1.449120e-03  -1.449119e-03  4.775449e-10   3.30e-07  
1515     -1.363398e-03  -1.363397e-03  1.014624e-09   7.44e-07  
1516     -2.240284e-03  -2.240283e-03  8.219843e-10   3.67e-07  
1517     -2.094559e-03  -2.094562e-03  2.337326e-09   1.12e-06  
1518     -9.537492e-04  -9.537467e-04  2.560383e-09   2.68e-06  
1519     -4.225944e-04  -4.253157e-04  2.721239e-06   6.44e-03  
1520     -1.559730e-04  -1.497265e-04  6.246493e-06   4.00e-02  
1521     4.907586e-05   4.869548e-05   3.803793e-07   7.75e-03  
1522     2.124636e-05   2.431833e-05   3.071967e-06   1.45e-01  
1523     -1.572268e-04  -1.572318e-04  4.991050e-09   3.17e-05  
1524     -8.624917e-04  -8.624924e-04  7.668753e-10   8.89e-07  
1525     -1.610278e-03  -1.610277e-03  7.924020e-10   4.92e-07  
1526     -1.546619e-03  -1.546620e-03  1.147718e-09   7.42e-07  
1527     -1.232452e-03  -1.232449e-03  2.897864e-09   2.35e-06  
1528     -7.280458e-04  -7.280438e-04  2.000586e-09   2.75e-06  
1529     -7.952812e-04  -7.952794e-04  1.772485e-09   2.23e-06  
1530     -9.965419e-04  -9.965457e-04  3.858309e-09   3.87e-06  
1531     -7.710975e-04  -7.710972e-04  3.593689e-10   4.66e-07  
1532     -1.657447e-03  -1.657449e-03  2.556883e-09   1.54e-06  
1533     -1.730763e-03  -1.730768e-03  5.002838e-09   2.89e-06  
1534     -1.075750e-03  -1.075750e-03  9.469903e-11   8.80e-08  
1535     -1.303693e-03  -1.303696e-03  3.134709e-09   2.40e-06  
1536     -1.556971e-03  -1.556967e-03  3.865178e-09   2.48e-06  
1537     -8.487046e-04  -8.487012e-04  3.442635e-09   4.06e-06  
1538     -3.717121e-04  -3.717117e-04  3.599301e-10   9.68e-07  
1539     -1.191629e-04  -1.196781e-04  5.152075e-07   4.32e-03  
1540     -4.615667e-05  -4.447961e-05  1.677061e-06   3.63e-02  
1541     -4.554095e-04  -4.543698e-04  1.039640e-06   2.28e-03  
1542     -3.810420e-04  -3.828520e-04  1.810007e-06   4.75e-03  
1543     -4.036635e-04  -4.036645e-04  9.696519e-10   2.40e-06  
1544     -5.763039e-04  -5.763034e-04  4.816393e-10   8.36e-07  
1545     -9.636373e-04  -9.636367e-04  5.823019e-10   6.04e-07  
1546     -1.086544e-03  -1.086545e-03  1.405503e-09   1.29e-06  
1547     -1.007788e-03  -1.007790e-03  2.093632e-09   2.08e-06  
1548     -6.017139e-04  -6.017115e-04  2.399904e-09   3.99e-06  
1549     -3.501356e-04  -3.501360e-04  3.757921e-10   1.07e-06  
1550     -7.241615e-04  -7.241651e-04  3.637103e-09   5.02e-06  
1551     -1.208501e-03  -1.208495e-03  6.020932e-09   4.98e-06  
1552     -1.808781e-03  -1.808781e-03  8.908887e-10   4.93e-07  
1553     -9.419110e-04  -9.419115e-04  4.943199e-10   5.25e-07  
1554     -5.895801e-04  -5.895862e-04  6.028602e-09   1.02e-05  
1555     -8.598329e-04  -8.598288e-04  4.122701e-09   4.79e-06  
1556     -5.994300e-04  -5.994285e-04  1.475098e-09   2.46e-06  
1557     -2.362710e-04  -2.362693e-04  1.709937e-09   7.24e-06  
1558     -7.561698e-05  -7.561847e-05  1.494031e-09   1.98e-05  
1559     -2.620339e-05  -2.627133e-05  6.794037e-08   2.59e-03  
1560     -8.769357e-06  -8.353349e-06  4.160074e-07   4.74e-02  
1561     -2.032436e-03  -2.010460e-03  2.197589e-05   1.08e-02  
1562     -2.030103e-03  -2.105884e-03  7.578039e-05   3.73e-02  
1563     -2.019093e-03  -2.034703e-03  1.561068e-05   7.73e-03  
1564     -1.917483e-03  -1.931635e-03  1.415229e-05   7.38e-03  
1565     -1.978063e-03  -2.004943e-03  2.687997e-05   1.36e-02  
1566     -1.991595e-03  -2.020040e-03  2.844458e-05   1.43e-02  
1567     -2.238470e-03  -2.263757e-03  2.528668e-05   1.13e-02  
1568     -2.396441e-03  -2.400481e-03  4.040229e-06   1.69e-03  
1569     -2.149300e-03  -2.141098e-03  8.201972e-06   3.82e-03  
1570     -2.051330e-03  -2.046349e-03  4.981200e-06   2.43e-03  
1571     -1.978343e-03  -1.973587e-03  4.756023e-06   2.40e-03  
1572     -1.564349e-03  -1.567246e-03  2.897145e-06   1.85e-03  
1573     -5.260135e-04  -5.290966e-04  3.083108e-06   5.86e-03  
1574     -4.388661e-04  -4.413918e-04  2.525671e-06   5.75e-03  
1575     -3.929789e-04  -3.937338e-04  7.548710e-07   1.92e-03  
1576     -1.793691e-04  -1.794685e-04  9.938932e-08   5.54e-04  
1577     -5.015043e-05  -5.016109e-05  1.065788e-08   2.13e-04  
1578     -1.552120e-05  -1.551939e-05  1.811379e-09   1.17e-04  
1579     -5.978252e-06  -5.978600e-06  3.476339e-10   5.81e-05  
1580     -1.200048e-06  -1.116391e-06  8.365687e-08   6.97e-02  
1581     -1.359057e-03  -1.255282e-03  1.037750e-04   7.64e-02  
1582     -1.153294e-03  -1.131320e-03  2.197356e-05   1.91e-02  
1583     -1.056541e-03  -1.000000e-03  5.654114e-05   5.35e-02  
1584     -1.056716e-03  -1.005001e-03  5.171412e-05   4.89e-02  
1585     -1.366808e-03  -1.316826e-03  4.998226e-05   3.66e-02  
1586     -1.459079e-03  -1.411552e-03  4.752702e-05   3.26e-02  
1587     -1.279816e-03  -1.226010e-03  5.380649e-05   4.20e-02  
1588     -7.812900e-04  -7.067704e-04  7.451963e-05   9.54e-02  
1589     -2.537481e-04  -1.905706e-04  6.317752e-05   2.49e-01  
1590     -2.202310e-04  -1.605466e-04  5.968440e-05   2.71e-01  
1591     -2.875844e-04  -2.304705e-04  5.711382e-05   1.99e-01  
1592     -3.336719e-04  -2.969026e-04  3.676924e-05   1.10e-01  
1593     -1.687088e-04  -1.619066e-04  6.802190e-06   4.03e-02  
1594     -1.779861e-04  -1.664245e-04  1.156155e-05   6.50e-02  
1595     -9.433440e-05  -8.679037e-05  7.544025e-06   8.00e-02  
1596     -2.763273e-05  -2.498306e-05  2.649668e-06   9.59e-02  
1597     -6.018547e-06  -5.339627e-06  6.789203e-07   1.13e-01  
1598     -1.859590e-06  -1.613873e-06  2.457168e-07   1.32e-01  
1599     -4.486297e-07  -3.725242e-07  7.610550e-08   1.70e-01  
1600     7.150767e-08   6.922241e-08   2.285267e-09   3.20e-02  

--- dgh/dtheta: Hashin sensitivity w.r.t. fibre angle ---
Element AnalyticValue Numericvalue Abs.Err Rel.Err
1        -1.917427e-02  -1.884993e-02  3.243401e-04   1.69e-02  
2        -7.414997e-03  -8.187720e-03  7.727231e-04   1.04e-01  
3        -1.727359e-03  -1.735217e-03  7.858044e-06   4.55e-03  
4        -6.306406e-04  -6.257462e-04  4.894361e-06   7.76e-03  
5        -2.903494e-04  -2.829977e-04  7.351698e-06   2.53e-02  
6        -2.709546e-04  -2.669992e-04  3.955417e-06   1.46e-02  
7        -2.644809e-04  -2.603990e-04  4.081926e-06   1.54e-02  
8        -2.184231e-04  -2.163069e-04  2.116157e-06   9.69e-03  
9        -1.750693e-04  -1.714932e-04  3.576088e-06   2.04e-02  
10       -9.769943e-05  -9.518097e-05  2.518458e-06   2.58e-02  
11       -6.864064e-05  -6.827244e-05  3.682018e-07   5.36e-03  
12       -1.427989e-05  -1.380218e-05  4.777087e-07   3.35e-02  
13       1.019354e-04   1.019140e-04   2.138840e-08   2.10e-04  
14       1.697167e-04   1.682275e-04   1.489232e-06   8.77e-03  
15       2.511972e-04   2.480711e-04   3.126026e-06   1.24e-02  
16       2.161886e-04   2.137220e-04   2.466563e-06   1.14e-02  
17       1.475954e-04   1.451027e-04   2.492718e-06   1.69e-02  
18       1.260450e-04   1.249960e-04   1.048985e-06   8.32e-03  
19       9.566991e-05   9.441967e-05   1.250238e-06   1.31e-02  
20       6.576497e-05   6.561517e-05   1.497971e-07   2.28e-03  
21       3.177682e-05   3.231369e-05   5.368716e-07   1.69e-02  
22       -1.395152e-05  -1.345023e-05  5.012888e-07   3.59e-02  
23       3.320531e-05   3.302275e-05   1.825553e-07   5.50e-03  
24       6.875794e-05   6.925004e-05   4.920991e-07   7.16e-03  
25       5.669976e-05   5.643434e-05   2.654186e-07   4.68e-03  
26       4.320351e-06   3.393295e-06   9.270566e-07   2.15e-01  
27       -3.388864e-05  -3.564691e-05  1.758274e-06   5.19e-02  
28       -4.243256e-05  -4.119562e-05  1.236940e-06   2.92e-02  
29       -5.437866e-05  -5.371552e-05  6.631387e-07   1.22e-02  
30       -4.214898e-05  -4.398490e-05  1.835915e-06   4.36e-02  
31       -6.854148e-05  -6.594374e-05  2.597732e-06   3.79e-02  
32       -5.502560e-05  -5.423104e-05  7.945596e-07   1.44e-02  
33       -6.585651e-05  -6.622363e-05  3.671257e-07   5.57e-03  
34       -7.401241e-05  -7.322466e-05  7.877537e-07   1.06e-02  
35       -5.878157e-05  -5.809039e-05  6.911776e-07   1.18e-02  
36       -4.685582e-05  -4.516668e-05  1.689140e-06   3.60e-02  
37       -3.040437e-05  -2.838135e-05  2.023021e-06   6.65e-02  
38       -1.777328e-05  -1.622003e-05  1.553244e-06   8.74e-02  
39       -9.087460e-06  -8.281886e-06  8.055739e-07   8.86e-02  
40       -4.221277e-06  -3.898981e-06  3.222957e-07   7.64e-02  
41       -2.355691e-06  -2.205254e-06  1.504369e-07   6.39e-02  
42       -1.474173e-06  -1.390854e-06  8.331922e-08   5.65e-02  
43       -8.905471e-07  -8.436518e-07  4.689531e-08   5.27e-02  
44       -5.240765e-07  -4.965717e-07  2.750486e-08   5.25e-02  
45       -2.917030e-07  -2.772715e-07  1.443142e-08   4.95e-02  
46       -1.513856e-07  -1.428968e-07  8.488781e-09   5.61e-02  
47       -7.049405e-08  -6.538325e-08  5.110793e-09   7.25e-02  
48       -2.661979e-08  -2.501332e-08  1.606465e-09   6.03e-02  
49       -6.567502e-09  -7.107648e-09  5.401462e-10   8.22e-02  
50       -6.302625e-10  -2.442491e-10  3.860134e-10   6.12e-01  
51       -7.454125e-03  -8.226819e-03  7.726947e-04   1.04e-01  
52       -1.685461e-03  -1.922276e-03  2.368141e-04   1.41e-01  
53       -1.011543e-04  -1.346219e-04  3.346759e-05   3.31e-01  
54       -1.172859e-04  -1.298967e-04  1.261075e-05   1.08e-01  
55       -1.777398e-04  -1.813711e-04  3.631305e-06   2.04e-02  
56       -1.680696e-04  -1.748595e-04  6.789979e-06   4.04e-02  
57       -1.523469e-04  -1.580896e-04  5.742707e-06   3.77e-02  
58       -1.222583e-04  -1.274233e-04  5.165024e-06   4.22e-02  
59       -1.295573e-04  -1.335032e-04  3.945834e-06   3.05e-02  
60       -9.113360e-05  -9.252444e-05  1.390840e-06   1.53e-02  
61       -4.353836e-05  -4.549765e-05  1.959292e-06   4.50e-02  
62       -1.685550e-05  -1.765903e-05  8.035261e-07   4.77e-02  
63       3.306915e-05   3.632540e-05   3.256251e-06   9.85e-02  
64       8.269702e-05   8.611434e-05   3.417326e-06   4.13e-02  
65       1.469131e-04   1.534138e-04   6.500750e-06   4.42e-02  
66       1.334726e-04   1.386178e-04   5.145254e-06   3.85e-02  
67       1.068436e-04   1.094608e-04   2.617126e-06   2.45e-02  
68       7.572392e-05   7.905147e-05   3.327548e-06   4.39e-02  
69       5.871414e-05   6.067889e-05   1.964748e-06   3.35e-02  
70       1.919470e-05   2.080560e-05   1.610898e-06   8.39e-02  
71       -3.069267e-06  -1.825808e-06  1.243458e-06   4.05e-01  
72       -1.162184e-05  -1.266105e-05  1.039202e-06   8.94e-02  
73       3.428425e-05   3.521943e-05   9.351876e-07   2.73e-02  
74       3.667853e-05   3.879567e-05   2.117141e-06   5.77e-02  
75       3.618273e-05   3.772319e-05   1.540467e-06   4.26e-02  
76       3.128673e-05   3.123526e-05   5.146465e-08   1.64e-03  
77       1.648339e-05   1.477379e-05   1.709598e-06   1.04e-01  
78       -1.876167e-05  -1.915172e-05  3.900443e-07   2.08e-02  
79       -2.629758e-05  -2.770592e-05  1.408337e-06   5.36e-02  
80       -2.523405e-05  -2.664361e-05  1.409554e-06   5.59e-02  
81       -3.710818e-05  -3.832217e-05  1.213994e-06   3.27e-02  
82       -7.012845e-05  -7.113837e-05  1.009923e-06   1.44e-02  
83       -7.317501e-06  -9.197896e-06  1.880395e-06   2.57e-01  
84       -5.474315e-05  -5.645411e-05  1.710960e-06   3.13e-02  
85       -3.975406e-05  -4.107058e-05  1.316527e-06   3.31e-02  
86       -5.618129e-05  -5.702852e-05  8.472262e-07   1.51e-02  
87       -7.514751e-05  -7.545469e-05  3.071750e-07   4.09e-03  
88       -6.228550e-05  -6.241705e-05  1.315451e-07   2.11e-03  
89       -3.923197e-05  -3.930265e-05  7.068015e-08   1.80e-03  
90       -1.952752e-05  -1.957060e-05  4.307587e-08   2.21e-03  
91       -9.024168e-06  -9.055374e-06  3.120582e-08   3.46e-03  
92       -4.485342e-06  -4.507448e-06  2.210560e-08   4.93e-03  
93       -2.416046e-06  -2.429406e-06  1.335940e-08   5.53e-03  
94       -1.347281e-06  -1.355862e-06  8.581516e-09   6.37e-03  
95       -7.432161e-07  -7.474621e-07  4.245951e-09   5.71e-03  
96       -3.903194e-07  -3.926548e-07  2.335430e-09   5.98e-03  
97       -1.885245e-07  -1.890355e-07  5.109160e-10   2.71e-03  
98       -7.885472e-08  -7.878365e-08  7.107278e-11   9.01e-04  
99       -2.485378e-08  -2.578382e-08  9.300399e-10   3.74e-02  
100      -5.044169e-09  -4.769518e-09  2.746507e-10   5.44e-02  
101      -1.164844e-03  -1.157160e-03  7.683578e-06   6.60e-03  
102      -2.424930e-04  -2.502604e-04  7.767327e-06   3.20e-02  
103      1.440887e-04   1.440889e-04   1.696427e-10   1.18e-06  
104      2.887770e-04   2.887779e-04   8.836104e-10   3.06e-06  
105      2.731870e-04   2.731868e-04   2.507784e-10   9.18e-07  
106      1.731651e-04   1.731657e-04   6.216873e-10   3.59e-06  
107      6.457663e-05   6.457714e-05   5.097920e-10   7.89e-06  
108      2.694677e-05   2.694654e-05   2.318809e-10   8.61e-06  
109      -1.562265e-06  -1.561238e-06  1.027122e-09   6.57e-04  
110      -1.433682e-05  -1.433629e-05  5.320602e-10   3.71e-05  
111      -1.070941e-05  -1.070942e-05  7.906693e-12   7.38e-07  
112      7.534680e-06   7.533907e-06   7.736295e-10   1.03e-04  
113      3.006907e-05   3.006811e-05   9.595083e-10   3.19e-05  
114      5.148050e-05   5.148083e-05   3.263653e-10   6.34e-06  
115      7.809631e-05   7.809642e-05   1.060165e-10   1.36e-06  
116      7.866284e-05   7.866273e-05   1.153054e-10   1.47e-06  
117      8.720240e-05   8.720214e-05   2.610032e-10   2.99e-06  
118      6.868087e-05   6.868186e-05   9.905473e-10   1.44e-05  
119      6.694107e-05   6.694123e-05   1.666402e-10   2.49e-06  
120      2.932094e-05   2.932042e-05   5.205450e-10   1.78e-05  
121      2.709083e-05   2.709067e-05   1.638635e-10   6.05e-06  
122      5.594087e-05   5.594087e-05   8.253667e-12   1.48e-07  
123      1.358638e-04   1.358626e-04   1.180661e-09   8.69e-06  
124      1.427416e-04   1.427423e-04   6.943808e-10   4.86e-06  
125      9.414497e-05   9.414430e-05   6.655641e-10   7.07e-06  
126      2.762546e-05   2.762500e-05   4.573863e-10   1.66e-05  
127      -1.084744e-05  -1.084734e-05  1.001479e-10   9.23e-06  
128      -8.362049e-06  -8.362264e-06  2.148246e-10   2.57e-05  
129      -6.613673e-05  -6.613646e-05  2.774663e-10   4.20e-06  
130      -6.500721e-05  -6.500731e-05  9.510947e-11   1.46e-06  
131      -7.909695e-06  -7.908931e-06  7.640623e-10   9.66e-05  
132      -3.555507e-05  -3.555471e-05  3.587240e-10   1.01e-05  
133      -8.726392e-05  -8.726496e-05  1.043800e-09   1.20e-05  
134      -4.369011e-06  -4.369218e-06  2.075217e-10   4.75e-05  
135      -4.926825e-05  -4.926818e-05  7.198811e-11   1.46e-06  
136      -1.158765e-05  -1.158830e-05  6.514285e-10   5.62e-05  
137      -4.307368e-05  -4.307410e-05  4.173892e-10   9.69e-06  
138      -5.700780e-05  -5.700721e-05  5.839518e-10   1.02e-05  
139      -5.821985e-05  -5.821983e-05  2.228590e-11   3.83e-07  
140      -4.269900e-05  -4.269930e-05  3.040333e-10   7.12e-06  
141      -2.419035e-05  -2.418953e-05  8.266901e-10   3.42e-05  
142      -1.158306e-05  -1.158367e-05  6.075937e-10   5.25e-05  
143      -5.324888e-06  -5.324257e-06  6.309357e-10   1.18e-04  
144      -2.589136e-06  -2.588372e-06  7.638280e-10   2.95e-04  
145      -1.306199e-06  -1.306988e-06  7.888545e-10   6.04e-04  
146      -6.427822e-07  -6.436340e-07  8.518845e-10   1.33e-03  
147      -2.939153e-07  -2.949818e-07  1.066536e-09   3.63e-03  
148      -1.193593e-07  -1.197265e-07  3.671781e-10   3.08e-03  
149      -3.785040e-08  -3.830491e-08  4.545157e-10   1.20e-02  
150      -8.316194e-09  -7.975842e-09  3.403522e-10   4.09e-02  
151      -5.950741e-05  -5.934577e-05  1.616325e-07   2.72e-03  
152      -5.715774e-05  -5.714585e-05  1.188953e-08   2.08e-04  
153      2.938255e-07   2.939182e-07   9.273218e-11   3.16e-04  
154      3.435374e-05   3.435354e-05   2.046945e-10   5.96e-06  
155      3.453966e-05   3.453967e-05   1.661874e-11   4.81e-07  
156      2.746776e-05   2.746751e-05   2.450061e-10   8.92e-06  
157      2.189185e-05   2.189124e-05   6.073005e-10   2.77e-05  
158      9.485928e-06   9.485830e-06   9.817776e-11   1.03e-05  
159      1.150408e-05   1.150354e-05   5.382653e-10   4.68e-05  
160      1.893929e-05   1.893999e-05   6.935124e-10   3.66e-05  
161      1.321348e-05   1.321417e-05   6.957158e-10   5.27e-05  
162      1.546619e-05   1.546601e-05   1.770538e-10   1.14e-05  
163      6.650781e-06   6.650602e-06   1.789994e-10   2.69e-05  
164      -3.854912e-06  -3.855334e-06  4.220204e-10   1.09e-04  
165      1.489968e-05   1.489927e-05   4.110820e-10   2.76e-05  
166      3.313503e-05   3.313578e-05   7.478792e-10   2.26e-05  
167      5.804000e-05   5.804003e-05   3.452973e-11   5.95e-07  
168      7.278731e-05   7.278758e-05   2.680527e-10   3.68e-06  
169      7.858067e-05   7.858013e-05   5.393904e-10   6.86e-06  
170      6.848063e-05   6.848051e-05   1.235565e-10   1.80e-06  
171      5.294335e-05   5.294330e-05   4.529221e-11   8.55e-07  
172      7.004315e-06   7.004313e-06   1.961633e-12   2.80e-07  
173      6.531054e-07   6.526446e-07   4.607733e-10   7.06e-04  
174      1.806368e-05   1.806398e-05   3.030579e-10   1.68e-05  
175      3.966360e-05   3.966339e-05   2.149626e-10   5.42e-06  
176      5.323852e-05   5.323895e-05   4.285396e-10   8.05e-06  
177      -6.412514e-06  -6.411442e-06  1.071087e-09   1.67e-04  
178      -2.571522e-05  -2.571600e-05  7.731948e-10   3.01e-05  
179      -2.155633e-06  -2.156177e-06  5.447734e-10   2.53e-04  
180      6.694842e-05   6.694844e-05   2.475935e-11   3.70e-07  
181      3.847231e-05   3.847204e-05   2.714639e-10   7.06e-06  
182      1.585915e-04   1.585919e-04   4.010406e-10   2.53e-06  
183      -1.180906e-04  -1.180903e-04  2.844001e-10   2.41e-06  
184      1.623801e-04   1.623802e-04   1.004872e-10   6.19e-07  
185      -1.505242e-05  -1.505239e-05  3.517540e-11   2.34e-06  
186      -2.489832e-05  -2.489783e-05  4.904180e-10   1.97e-05  
187      -6.125413e-05  -6.125388e-05  2.516450e-10   4.11e-06  
188      -5.612180e-05  -5.612166e-05  1.347464e-10   2.40e-06  
189      -6.576374e-05  -6.576414e-05  4.023236e-10   6.12e-06  
190      -5.580275e-05  -5.580314e-05  3.807152e-10   6.82e-06  
191      -3.999812e-05  -3.999762e-05  5.035113e-10   1.26e-05  
192      -2.435140e-05  -2.435140e-05  3.517853e-12   1.44e-07  
193      -1.183156e-05  -1.183107e-05  4.915233e-10   4.15e-05  
194      -4.999703e-06  -4.999570e-06  1.336875e-10   2.67e-05  
195      -2.168350e-06  -2.168103e-06  2.469807e-10   1.14e-04  
196      -9.580920e-07  -9.582002e-07  1.082076e-10   1.13e-04  
197      -4.030357e-07  -4.031997e-07  1.640452e-10   4.07e-04  
198      -1.522269e-07  -1.521339e-07  9.301389e-11   6.11e-04  
199      -4.632215e-08  -4.690248e-08  5.803341e-10   1.25e-02  
200      -1.078626e-08  -1.031175e-08  4.745107e-10   4.40e-02  
201      1.159799e-06   1.136300e-06   2.349952e-08   2.03e-02  
202      -1.994987e-07  -1.729261e-07  2.657262e-08   1.33e-01  
203      -5.085802e-06  -5.085081e-06  7.212205e-10   1.42e-04  
204      -1.364869e-05  -1.364872e-05  2.775573e-11   2.03e-06  
205      -2.424982e-05  -2.424955e-05  2.699202e-10   1.11e-05  
206      -3.519904e-05  -3.519887e-05  1.601145e-10   4.55e-06  
207      -4.666005e-05  -4.666064e-05  5.941555e-10   1.27e-05  
208      -6.872489e-05  -6.872565e-05  7.586631e-10   1.10e-05  
209      -8.367665e-05  -8.367669e-05  3.694946e-11   4.42e-07  
210      -8.722366e-05  -8.722382e-05  1.640225e-10   1.88e-06  
211      -9.518551e-05  -9.518534e-05  1.781281e-10   1.87e-06  
212      -9.753860e-05  -9.753912e-05  5.260547e-10   5.39e-06  
213      -9.120389e-05  -9.120389e-05  1.736957e-12   1.90e-08  
214      -6.249320e-05  -6.249355e-05  3.516124e-10   5.63e-06  
215      -1.383551e-05  -1.383601e-05  5.022497e-10   3.63e-05  
216      4.859073e-06   4.859400e-06   3.264250e-10   6.72e-05  
217      -3.174897e-06  -3.175211e-06  3.142765e-10   9.90e-05  
218      -1.077191e-05  -1.077169e-05  2.233715e-10   2.07e-05  
219      -9.479704e-06  -9.479648e-06  5.548872e-11   5.85e-06  
220      1.597383e-05   1.597383e-05   8.394332e-13   5.26e-08  
221      2.583011e-05   2.582987e-05   2.412738e-10   9.34e-06  
222      3.914847e-05   3.914858e-05   1.129433e-10   2.88e-06  
223      7.026881e-05   7.026887e-05   6.232349e-11   8.87e-07  
224      9.461668e-05   9.461602e-05   6.512772e-10   6.88e-06  
225      4.781517e-05   4.781535e-05   1.856315e-10   3.88e-06  
226      -2.515115e-05  -2.515065e-05  4.987342e-10   1.98e-05  
227      -1.024810e-04  -1.024807e-04  2.641054e-10   2.58e-06  
228      -1.268304e-04  -1.268312e-04  8.139256e-10   6.42e-06  
229      -4.404642e-05  -4.404664e-05  2.161178e-10   4.91e-06  
230      -3.769438e-05  -3.769441e-05  2.574488e-11   6.83e-07  
231      -7.851861e-05  -7.851848e-05  1.245834e-10   1.59e-06  
232      2.126786e-05   2.126795e-05   9.052098e-11   4.26e-06  
233      -2.123078e-05  -2.123091e-05  1.335654e-10   6.29e-06  
234      -4.951045e-05  -4.950930e-05  1.149382e-09   2.32e-05  
235      2.949145e-04   2.949141e-04   3.816485e-10   1.29e-06  
236      -8.250625e-06  -8.250800e-06  1.753139e-10   2.12e-05  
237      7.790967e-05   7.791018e-05   5.052245e-10   6.48e-06  
238      -1.031331e-04  -1.031332e-04  1.030097e-10   9.99e-07  
239      -1.150491e-04  -1.150491e-04  7.808282e-11   6.79e-07  
240      -7.332401e-05  -7.332511e-05  1.100195e-09   1.50e-05  
241      -5.013547e-05  -5.013598e-05  5.100313e-10   1.02e-05  
242      -3.765464e-05  -3.765405e-05  5.892904e-10   1.56e-05  
243      -2.439565e-05  -2.439625e-05  5.991863e-10   2.46e-05  
244      -1.131465e-05  -1.131442e-05  2.287601e-10   2.02e-05  
245      -4.165735e-06  -4.165832e-06  9.754643e-11   2.34e-05  
246      -1.581137e-06  -1.580187e-06  9.502927e-10   6.01e-04  
247      -6.234745e-07  -6.239320e-07  4.574816e-10   7.34e-04  
248      -2.253816e-07  -2.257838e-07  4.021948e-10   1.78e-03  
249      -6.586827e-08  -6.616929e-08  3.010253e-10   4.57e-03  
250      -1.529552e-08  -1.305622e-08  2.239292e-09   1.46e-01  
251      1.263707e-06   1.237550e-06   2.615697e-08   2.07e-02  
252      1.243097e-06   1.270708e-06   2.761139e-08   2.22e-02  
253      1.017843e-06   1.018281e-06   4.384762e-10   4.31e-04  
254      -2.555090e-07  -2.560840e-07  5.750553e-10   2.25e-03  
255      -4.705478e-06  -4.705230e-06  2.488486e-10   5.29e-05  
256      -1.389355e-05  -1.389383e-05  2.842979e-10   2.05e-05  
257      -2.818082e-05  -2.818028e-05  5.475140e-10   1.94e-05  
258      -4.944886e-05  -4.944881e-05  4.693933e-11   9.49e-07  
259      -7.618737e-05  -7.618763e-05  2.641836e-10   3.47e-06  
260      -1.067734e-04  -1.067734e-04  5.994909e-12   5.61e-08  
261      -1.379349e-04  -1.379355e-04  6.176451e-10   4.48e-06  
262      -1.486659e-04  -1.486663e-04  4.083079e-10   2.75e-06  
263      -1.178494e-04  -1.178498e-04  4.305860e-10   3.65e-06  
264      -5.723207e-05  -5.723187e-05  2.027541e-10   3.54e-06  
265      -6.917304e-07  -6.920886e-07  3.581657e-10   5.18e-04  
266      1.683559e-05   1.683613e-05   5.426769e-10   3.22e-05  
267      -1.514791e-05  -1.514795e-05  4.832388e-11   3.19e-06  
268      -8.146398e-05  -8.146293e-05  1.051483e-09   1.29e-05  
269      -1.382905e-04  -1.382897e-04  7.708151e-10   5.57e-06  
270      -1.264124e-04  -1.264130e-04  5.759365e-10   4.56e-06  
271      -7.390065e-05  -7.390103e-05  3.833211e-10   5.19e-06  
272      1.845851e-05   1.845851e-05   4.568229e-12   2.47e-07  
273      8.328965e-05   8.328883e-05   8.197771e-10   9.84e-06  
274      1.597436e-04   1.597455e-04   1.857583e-09   1.16e-05  
275      2.816180e-04   2.816176e-04   3.494650e-10   1.24e-06  
276      4.474122e-04   4.474119e-04   2.629055e-10   5.88e-07  
277      4.998166e-04   4.998168e-04   1.851851e-10   3.71e-07  
278      2.532726e-04   2.532727e-04   1.096737e-10   4.33e-07  
279      -2.975962e-05  -2.976027e-05  6.473517e-10   2.18e-05  
280      6.127820e-05   6.127782e-05   3.765206e-10   6.14e-06  
281      5.571924e-04   5.571931e-04   6.252233e-10   1.12e-06  
282      -3.115550e-04  -3.115545e-04  5.378978e-10   1.73e-06  
283      3.026235e-05   3.026238e-05   2.987752e-11   9.87e-07  
284      -2.559131e-05  -2.559170e-05  3.914424e-10   1.53e-05  
285      1.119592e-04   1.119593e-04   1.523014e-10   1.36e-06  
286      -9.242469e-05  -9.242439e-05  3.040375e-10   3.29e-06  
287      1.289058e-04   1.289053e-04   4.404362e-10   3.42e-06  
288      -1.227197e-04  -1.227200e-04  3.151471e-10   2.57e-06  
289      -1.411409e-04  -1.411413e-04  3.759125e-10   2.66e-06  
290      -9.896028e-05  -9.895957e-05  7.115329e-10   7.19e-06  
291      -6.264215e-05  -6.264218e-05  2.391617e-11   3.82e-07  
292      -4.733066e-05  -4.733141e-05  7.506897e-10   1.59e-05  
293      -3.928547e-05  -3.928573e-05  2.589585e-10   6.59e-06  
294      -2.465511e-05  -2.465443e-05  6.764029e-10   2.74e-05  
295      -9.982778e-06  -9.983696e-06  9.185663e-10   9.20e-05  
296      -2.978308e-06  -2.978913e-06  6.050087e-10   2.03e-04  
297      -9.847858e-07  -9.849077e-07  1.218773e-10   1.24e-04  
298      -3.466144e-07  -3.463518e-07  2.625577e-10   7.57e-04  
299      -1.004096e-07  -1.004019e-07  7.667786e-12   7.64e-05  
300      -2.318678e-08  -2.124301e-08  1.943773e-09   8.38e-02  
301      1.135250e-06   1.104374e-06   3.087598e-08   2.72e-02  
302      1.602495e-06   1.624614e-06   2.211871e-08   1.38e-02  
303      2.774390e-06   2.774243e-06   1.468446e-10   5.29e-05  
304      4.956800e-06   4.957379e-06   5.793952e-10   1.17e-04  
305      7.806706e-06   7.806582e-06   1.234824e-10   1.58e-05  
306      9.362821e-06   9.363355e-06   5.333851e-10   5.70e-05  
307      8.881840e-06   8.882788e-06   9.477428e-10   1.07e-04  
308      7.699870e-06   7.699474e-06   3.956767e-10   5.14e-05  
309      1.568026e-05   1.567914e-05   1.116507e-09   7.12e-05  
310      4.435279e-05   4.435231e-05   4.852623e-10   1.09e-05  
311      9.562363e-05   9.562405e-05   4.205080e-10   4.40e-06  
312      1.536558e-04   1.536564e-04   6.488882e-10   4.22e-06  
313      1.970878e-04   1.970866e-04   1.202671e-09   6.10e-06  
314      2.067585e-04   2.067576e-04   8.895277e-10   4.30e-06  
315      2.004880e-04   2.004877e-04   2.965582e-10   1.48e-06  
316      1.949979e-04   1.949974e-04   4.373275e-10   2.24e-06  
317      1.969906e-04   1.969904e-04   1.731705e-10   8.79e-07  
318      1.839527e-04   1.839521e-04   5.010472e-10   2.72e-06  
319      1.262049e-04   1.262050e-04   9.496232e-11   7.52e-07  
320      9.778473e-05   9.778442e-05   3.089392e-10   3.16e-06  
321      1.718271e-04   1.718269e-04   2.144459e-10   1.25e-06  
322      3.003614e-04   3.003603e-04   1.108667e-09   3.69e-06  
323      3.482941e-04   3.482950e-04   8.883523e-10   2.55e-06  
324      3.049682e-04   3.049685e-04   3.257564e-10   1.07e-06  
325      2.460604e-04   2.460603e-04   1.528101e-11   6.21e-08  
326      2.035724e-04   2.035735e-04   1.078429e-09   5.30e-06  
327      1.469426e-04   1.469430e-04   3.778920e-10   2.57e-06  
328      -4.524908e-05  -4.524945e-05  3.700052e-10   8.18e-06  
329      -1.201744e-04  -1.201744e-04  3.674404e-11   3.06e-07  
330      -4.986678e-05  -4.986642e-05  3.607039e-10   7.23e-06  
331      1.136823e-04   1.136824e-04   5.415750e-11   4.76e-07  
332      -1.687720e-04  -1.687716e-04  4.690692e-10   2.78e-06  
333      2.369310e-04   2.369308e-04   1.693147e-10   7.15e-07  
334      5.714438e-04   5.714437e-04   5.182217e-11   9.07e-08  
335      -4.427513e-04  -4.427516e-04  2.548674e-10   5.76e-07  
336      1.214151e-04   1.214159e-04   7.893607e-10   6.50e-06  
337      -2.003969e-04  -2.003970e-04  1.062579e-10   5.30e-07  
338      -4.767534e-04  -4.767534e-04  6.229251e-11   1.31e-07  
339      -3.000844e-04  -3.000842e-04  2.564210e-10   8.54e-07  
340      -6.439575e-05  -6.439528e-05  4.640327e-10   7.21e-06  
341      -4.176966e-05  -4.177014e-05  4.769075e-10   1.14e-05  
342      -4.551848e-05  -4.551848e-05  3.744045e-12   8.23e-08  
343      -4.865237e-05  -4.865287e-05  5.028669e-10   1.03e-05  
344      -3.903531e-05  -3.903501e-05  2.945762e-10   7.55e-06  
345      -2.230418e-05  -2.230426e-05  8.259298e-11   3.70e-06  
346      -7.857197e-06  -7.858343e-06  1.145469e-09   1.46e-04  
347      -1.736856e-06  -1.737657e-06  8.006410e-10   4.61e-04  
348      -5.028544e-07  -5.025824e-07  2.719524e-10   5.41e-04  
349      -1.458695e-07  -1.460565e-07  1.870381e-10   1.28e-03  
350      -3.116101e-08  -2.888578e-08  2.275229e-09   7.30e-02  
351      1.170947e-06   1.121256e-06   4.969029e-08   4.24e-02  
352      2.907257e-06   2.926475e-06   1.921761e-08   6.61e-03  
353      8.806846e-06   8.808168e-06   1.321630e-09   1.50e-04  
354      1.670088e-05   1.670047e-05   4.134023e-10   2.48e-05  
355      2.715237e-05   2.715207e-05   2.920399e-10   1.08e-05  
356      3.813359e-05   3.813300e-05   5.904497e-10   1.55e-05  
357      5.133192e-05   5.133103e-05   8.983675e-10   1.75e-05  
358      7.316982e-05   7.316939e-05   4.230093e-10   5.78e-06  
359      1.154482e-04   1.154481e-04   9.076769e-11   7.86e-07  
360      1.814162e-04   1.814161e-04   1.258580e-10   6.94e-07  
361      2.412004e-04   2.411997e-04   7.017434e-10   2.91e-06  
362      2.590946e-04   2.590958e-04   1.145838e-09   4.42e-06  
363      2.284513e-04   2.284514e-04   1.488230e-10   6.51e-07  
364      1.598829e-04   1.598832e-04   3.018234e-10   1.89e-06  
365      1.025625e-04   1.025620e-04   4.875117e-10   4.75e-06  
366      8.294252e-05   8.294237e-05   1.518463e-10   1.83e-06  
367      9.336493e-05   9.336488e-05   5.609926e-11   6.01e-07  
368      1.088484e-04   1.088480e-04   4.220024e-10   3.88e-06  
369      1.349575e-04   1.349575e-04   7.948843e-11   5.89e-07  
370      2.217959e-04   2.217953e-04   6.046512e-10   2.73e-06  
371      3.301065e-04   3.301065e-04   4.039693e-11   1.22e-07  
372      3.352769e-04   3.352759e-04   9.255904e-10   2.76e-06  
373      2.287290e-04   2.287291e-04   1.231840e-10   5.39e-07  
374      1.267727e-04   1.267737e-04   1.059108e-09   8.35e-06  
375      1.244697e-04   1.244693e-04   3.895806e-10   3.13e-06  
376      5.401720e-05   5.401661e-05   5.903202e-10   1.09e-05  
377      -8.263433e-05  -8.263370e-05  6.286993e-10   7.61e-06  
378      -1.398776e-04  -1.398777e-04  9.472585e-11   6.77e-07  
379      1.781277e-05   1.781332e-05   5.497859e-10   3.09e-05  
380      1.447370e-04   1.447364e-04   6.231981e-10   4.31e-06  
381      -6.975678e-05  -6.975636e-05  4.131304e-10   5.92e-06  
382      1.150715e-04   1.150718e-04   2.837909e-10   2.47e-06  
383      2.752289e-05   2.752357e-05   6.777063e-10   2.46e-05  
384      -1.407503e-04  -1.407499e-04  3.664275e-10   2.60e-06  
385      -2.828203e-04  -2.828209e-04  5.579578e-10   1.97e-06  
386      4.583304e-04   4.583301e-04   3.143930e-10   6.86e-07  
387      -5.549889e-04  -5.549888e-04  1.238351e-10   2.23e-07  
388      -2.303984e-04  -2.303990e-04  6.557849e-10   2.85e-06  
389      -3.510835e-04  -3.510843e-04  8.320952e-10   2.37e-06  
390      -2.266239e-04  -2.266238e-04  1.179401e-10   5.20e-07  
391      -4.092434e-05  -4.092396e-05  3.790791e-10   9.26e-06  
392      -2.809860e-05  -2.809835e-05  2.463265e-10   8.77e-06  
393      -3.676222e-05  -3.676201e-05  2.097177e-10   5.70e-06  
394      -3.470814e-05  -3.470852e-05  3.781049e-10   1.09e-05  
395      -3.000939e-05  -3.000929e-05  1.079792e-10   3.60e-06  
396      -1.816144e-05  -1.816135e-05  9.005013e-11   4.96e-06  
397      -5.594191e-06  -5.594594e-06  4.023777e-10   7.19e-05  
398      -8.351643e-07  -8.347256e-07  4.386897e-10   5.25e-04  
399      -1.799168e-07  -1.791878e-07  7.290532e-10   4.05e-03  
400      -3.651440e-08  -3.310463e-08  3.409771e-09   9.34e-02  
401      1.648552e-06   1.562299e-06   8.625243e-08   5.23e-02  
402      5.694216e-06   5.716287e-06   2.207144e-08   3.88e-03  
403      1.978720e-05   1.978725e-05   4.870758e-11   2.46e-06  
404      3.612446e-05   3.612448e-05   2.095995e-11   5.80e-07  
405      5.746300e-05   5.746313e-05   1.329907e-10   2.31e-06  
406      8.233219e-05   8.233261e-05   4.267431e-10   5.18e-06  
407      1.088380e-04   1.088388e-04   8.476761e-10   7.79e-06  
408      1.506648e-04   1.506643e-04   4.888217e-10   3.24e-06  
409      2.053383e-04   2.053381e-04   2.075319e-10   1.01e-06  
410      2.896009e-04   2.896009e-04   1.463380e-11   5.05e-08  
411      3.554451e-04   3.554458e-04   6.468500e-10   1.82e-06  
412      3.587547e-04   3.587542e-04   5.190194e-10   1.45e-06  
413      2.833118e-04   2.833113e-04   4.882617e-10   1.72e-06  
414      1.526617e-04   1.526622e-04   4.664127e-10   3.06e-06  
415      2.884483e-05   2.884530e-05   4.637769e-10   1.61e-05  
416      -1.826360e-05  -1.826292e-05  6.815083e-10   3.73e-05  
417      1.552162e-05   1.552228e-05   6.612943e-10   4.26e-05  
418      7.088514e-05   7.088542e-05   2.768774e-10   3.91e-06  
419      2.113798e-04   2.113806e-04   7.496862e-10   3.55e-06  
420      3.831281e-04   3.831284e-04   3.444645e-10   8.99e-07  
421      3.879587e-04   3.879583e-04   4.075979e-10   1.05e-06  
422      2.422008e-04   2.421995e-04   1.281300e-09   5.29e-06  
423      7.519304e-05   7.519309e-05   4.032553e-11   5.36e-07  
424      2.285297e-05   2.285276e-05   2.109905e-10   9.23e-06  
425      4.594993e-05   4.594955e-05   3.862375e-10   8.41e-06  
426      -1.656207e-04  -1.656209e-04  2.366376e-10   1.43e-06  
427      -2.273014e-04  -2.273014e-04  1.237947e-11   5.45e-08  
428      -4.634662e-05  -4.634693e-05  3.078158e-10   6.64e-06  
429      -3.162081e-06  -3.161731e-06  3.497061e-10   1.11e-04  
430      -1.394156e-04  -1.394152e-04  3.792206e-10   2.72e-06  
431      -1.962251e-04  -1.962251e-04  4.215064e-11   2.15e-07  
432      -7.678090e-05  -7.678077e-05  1.273296e-10   1.66e-06  
433      -3.229432e-05  -3.229397e-05  3.448849e-10   1.07e-05  
434      -1.897729e-04  -1.897715e-04  1.478730e-09   7.79e-06  
435      -1.107028e-04  -1.107031e-04  3.129152e-10   2.83e-06  
436      1.636225e-04   1.636227e-04   1.595999e-10   9.75e-07  
437      -1.476851e-04  -1.476852e-04  6.058751e-11   4.10e-07  
438      1.183981e-05   1.184066e-05   8.404715e-10   7.10e-05  
439      -2.789824e-04  -2.789834e-04  1.019111e-09   3.65e-06  
440      -2.767577e-04  -2.767577e-04  7.194571e-12   2.60e-08  
441      -2.952926e-04  -2.952930e-04  4.185833e-10   1.42e-06  
442      -5.734397e-05  -5.734516e-05  1.186811e-09   2.07e-05  
443      -5.550766e-05  -5.550735e-05  3.170506e-10   5.71e-06  
444      -1.575981e-05  -1.575939e-05  4.120086e-10   2.61e-05  
445      3.959448e-06   3.958902e-06   5.463503e-10   1.38e-04  
446      -1.524832e-05  -1.524782e-05  4.970847e-10   3.26e-05  
447      -1.286011e-05  -1.286011e-05  5.676842e-12   4.41e-07  
448      -3.726289e-06  -3.726481e-06  1.923521e-10   5.16e-05  
449      -2.689557e-07  -2.696243e-07  6.686220e-10   2.49e-03  
450      -2.367668e-08  -2.145617e-08  2.220508e-09   9.38e-02  
451      2.371900e-06   2.310290e-06   6.161028e-08   2.60e-02  
452      3.525958e-06   3.570102e-06   4.414435e-08   1.25e-02  
453      2.024035e-05   2.024045e-05   1.001523e-10   4.95e-06  
454      4.863186e-05   4.863255e-05   6.928322e-10   1.42e-05  
455      9.594911e-05   9.594876e-05   3.449683e-10   3.60e-06  
456      1.565319e-04   1.565327e-04   7.964457e-10   5.09e-06  
457      2.083058e-04   2.083067e-04   9.232174e-10   4.43e-06  
458      2.676368e-04   2.676367e-04   1.479548e-10   5.53e-07  
459      3.194417e-04   3.194422e-04   4.722568e-10   1.48e-06  
460      4.169259e-04   4.169254e-04   4.774053e-10   1.15e-06  
461      5.100179e-04   5.100176e-04   2.959457e-10   5.80e-07  
462      4.986780e-04   4.986780e-04   8.956599e-11   1.80e-07  
463      3.951121e-04   3.951116e-04   5.036855e-10   1.27e-06  
464      2.270869e-04   2.270865e-04   3.779489e-10   1.66e-06  
465      1.027975e-05   1.027944e-05   3.075598e-10   2.99e-05  
466      -6.942165e-05  -6.942150e-05  1.493387e-10   2.15e-06  
467      2.263182e-05   2.263191e-05   9.469033e-11   4.18e-06  
468      2.198853e-04   2.198846e-04   6.634360e-10   3.02e-06  
469      4.331284e-04   4.331286e-04   1.663542e-10   3.84e-07  
470      4.795229e-04   4.795214e-04   1.537474e-09   3.21e-06  
471      3.306888e-04   3.306886e-04   2.393511e-10   7.24e-07  
472      1.194519e-04   1.194518e-04   2.272540e-11   1.90e-07  
473      -3.385058e-05  -3.385047e-05  1.101549e-10   3.25e-06  
474      -1.466250e-04  -1.466254e-04  3.909032e-10   2.67e-06  
475      -2.284240e-04  -2.284238e-04  2.403238e-10   1.05e-06  
476      -3.358966e-04  -3.358960e-04  6.860104e-10   2.04e-06  
477      -7.338470e-05  -7.338488e-05  1.786114e-10   2.43e-06  
478      -2.866032e-05  -2.866005e-05  2.648323e-10   9.24e-06  
479      -1.025720e-04  -1.025718e-04  2.248141e-10   2.19e-06  
480      -1.740315e-04  -1.740308e-04  7.175109e-10   4.12e-06  
481      1.251976e-04   1.251971e-04   5.114433e-10   4.09e-06  
482      2.550649e-05   2.550676e-05   2.671162e-10   1.05e-05  
483      -1.383593e-04  -1.383578e-04  1.486509e-09   1.07e-05  
484      -1.322075e-04  -1.322077e-04  2.291884e-10   1.73e-06  
485      -1.220838e-04  -1.220828e-04  9.484387e-10   7.77e-06  
486      -7.956280e-05  -7.956333e-05  5.257047e-10   6.61e-06  
487      -1.757042e-04  -1.757032e-04  1.053189e-09   5.99e-06  
488      -3.315602e-04  -3.315589e-04  1.367321e-09   4.12e-06  
489      -1.106733e-04  -1.106736e-04  3.344000e-10   3.02e-06  
490      -3.289168e-04  -3.289171e-04  3.013044e-10   9.16e-07  
491      -7.755115e-04  -7.755113e-04  1.268735e-10   1.64e-07  
492      -2.127098e-04  -2.127090e-04  7.759578e-10   3.65e-06  
493      -2.533331e-04  -2.533334e-04  2.928138e-10   1.16e-06  
494      -9.705127e-05  -9.705157e-05  3.049474e-10   3.14e-06  
495      2.670085e-05   2.670169e-05   8.425730e-10   3.16e-05  
496      4.888095e-05   4.888072e-05   2.260259e-10   4.62e-06  
497      -1.299659e-06  -1.299756e-06  9.680023e-11   7.45e-05  
498      -1.021125e-05  -1.021139e-05  1.390048e-10   1.36e-05  
499      -2.007774e-06  -2.007121e-06  6.529266e-10   3.25e-04  
500      -5.791032e-08  -5.433431e-08  3.576005e-09   6.18e-02  
501      3.783956e-06   4.131147e-06   3.471901e-07   9.18e-02  
502      -9.076409e-06  -8.984735e-06  9.167401e-08   1.01e-02  
503      -1.398288e-05  -1.398325e-05  3.668487e-10   2.62e-05  
504      -8.225933e-06  -8.225589e-06  3.441017e-10   4.18e-05  
505      4.718490e-05   4.718492e-05   1.113754e-11   2.36e-07  
506      1.553034e-04   1.553033e-04   1.487619e-10   9.58e-07  
507      2.915930e-04   2.915930e-04   4.017436e-11   1.38e-07  
508      4.163294e-04   4.163295e-04   1.201951e-10   2.89e-07  
509      5.014684e-04   5.014694e-04   9.819566e-10   1.96e-06  
510      6.311571e-04   6.311575e-04   4.240994e-10   6.72e-07  
511      7.401139e-04   7.401142e-04   3.012271e-10   4.07e-07  
512      6.964695e-04   6.964684e-04   1.146342e-09   1.65e-06  
513      5.332796e-04   5.332800e-04   4.368651e-10   8.19e-07  
514      3.573393e-04   3.573398e-04   4.400423e-10   1.23e-06  
515      1.767256e-04   1.767258e-04   1.408052e-10   7.97e-07  
516      1.250928e-04   1.250914e-04   1.403444e-09   1.12e-05  
517      4.396613e-05   4.396654e-05   4.115425e-10   9.36e-06  
518      2.898134e-04   2.898141e-04   7.115153e-10   2.46e-06  
519      5.260786e-04   5.260777e-04   8.794695e-10   1.67e-06  
520      5.848309e-04   5.848303e-04   5.509166e-10   9.42e-07  
521      4.686416e-04   4.686415e-04   8.157503e-11   1.74e-07  
522      9.713306e-05   9.713331e-05   2.550171e-10   2.63e-06  
523      -1.818170e-04  -1.818162e-04  7.649642e-10   4.21e-06  
524      -3.968020e-04  -3.968025e-04  4.954900e-10   1.25e-06  
525      -2.675492e-04  -2.675488e-04  3.550629e-10   1.33e-06  
526      -1.771161e-04  -1.771156e-04  5.266223e-10   2.97e-06  
527      -7.999316e-05  -7.999217e-05  9.945724e-10   1.24e-05  
528      -2.138757e-04  -2.138760e-04  3.065580e-10   1.43e-06  
529      9.064173e-06   9.064158e-06   1.445753e-11   1.60e-06  
530      1.993718e-04   1.993721e-04   3.448596e-10   1.73e-06  
531      1.307915e-04   1.307921e-04   5.728689e-10   4.38e-06  
532      -8.120443e-06  -8.120056e-06  3.871993e-10   4.77e-05  
533      -1.112028e-04  -1.112031e-04  3.080511e-10   2.77e-06  
534      -6.075146e-05  -6.075096e-05  5.044922e-10   8.30e-06  
535      -1.057538e-04  -1.057533e-04  4.769190e-10   4.51e-06  
536      4.118573e-05   4.118591e-05   1.797371e-10   4.36e-06  
537      2.710905e-05   2.710882e-05   2.345849e-10   8.65e-06  
538      -4.254563e-04  -4.254568e-04  4.925952e-10   1.16e-06  
539      -9.495858e-05  -9.495964e-05  1.069015e-09   1.13e-05  
540      -5.361122e-05  -5.361246e-05  1.233084e-09   2.30e-05  
541      -3.209952e-04  -3.209952e-04  3.875291e-11   1.21e-07  
542      -1.531595e-04  -1.531591e-04  3.752098e-10   2.45e-06  
543      -1.720314e-04  -1.720316e-04  1.934038e-10   1.12e-06  
544      -4.597302e-05  -4.597220e-05  8.198713e-10   1.78e-05  
545      -3.987614e-05  -3.987652e-05  3.778957e-10   9.48e-06  
546      1.492234e-04   1.492239e-04   5.324670e-10   3.57e-06  
547      7.462175e-05   7.462177e-05   2.118336e-11   2.84e-07  
548      1.375446e-06   1.376586e-06   1.139079e-09   8.28e-04  
549      -9.198409e-06  -9.204772e-06  6.363984e-09   6.92e-04  
550      -1.263389e-06  -1.161948e-06  1.014404e-07   8.03e-02  
551      1.550572e-05   1.533981e-05   1.659149e-07   1.07e-02  
552      6.363050e-06   6.864729e-06   5.016790e-07   7.88e-02  
553      -7.292064e-06  -7.292624e-06  5.604204e-10   7.69e-05  
554      -5.127313e-05  -5.127268e-05  4.530758e-10   8.84e-06  
555      -4.064046e-05  -4.064098e-05  5.271500e-10   1.30e-05  
556      -3.888324e-05  -3.888308e-05  1.681991e-10   4.33e-06  
557      4.110701e-05   4.110822e-05   1.209538e-09   2.94e-05  
558      7.532751e-05   7.532771e-05   1.973864e-10   2.62e-06  
559      1.643435e-04   1.643424e-04   1.017790e-09   6.19e-06  
560      2.559709e-04   2.559708e-04   1.235713e-10   4.83e-07  
561      2.940634e-04   2.940619e-04   1.527948e-09   5.20e-06  
562      2.204322e-04   2.204320e-04   2.357543e-10   1.07e-06  
563      1.348622e-04   1.348617e-04   4.632174e-10   3.43e-06  
564      -3.540313e-06  -3.539431e-06  8.822789e-10   2.49e-04  
565      1.616179e-04   1.616177e-04   2.023661e-10   1.25e-06  
566      4.767376e-04   4.767379e-04   3.171735e-10   6.65e-07  
567      2.657374e-04   2.657376e-04   1.855521e-10   6.98e-07  
568      5.304833e-04   5.304830e-04   3.312278e-10   6.24e-07  
569      5.796711e-04   5.796707e-04   4.297441e-10   7.41e-07  
570      6.496093e-04   6.496101e-04   8.288921e-10   1.28e-06  
571      3.235106e-04   3.235100e-04   5.733453e-10   1.77e-06  
572      -2.606205e-04  -2.606192e-04  1.317475e-09   5.06e-06  
573      -3.562360e-04  -3.562353e-04  7.121908e-10   2.00e-06  
574      -7.849351e-04  -7.849350e-04  1.642291e-10   2.09e-07  
575      -1.369031e-04  -1.369029e-04  1.688765e-10   1.23e-06  
576      -6.494063e-04  -6.494064e-04  1.034345e-10   1.59e-07  
577      -4.369006e-04  -4.369007e-04  1.476450e-10   3.38e-07  
578      1.239340e-04   1.239339e-04   9.074847e-11   7.32e-07  
579      3.021742e-04   3.021744e-04   1.814532e-10   6.00e-07  
580      4.870863e-04   4.870862e-04   5.734608e-11   1.18e-07  
581      1.674168e-04   1.674170e-04   1.821583e-10   1.09e-06  
582      1.559176e-04   1.559178e-04   1.750556e-10   1.12e-06  
583      1.314643e-04   1.314640e-04   3.823855e-10   2.91e-06  
584      6.361274e-05   6.361337e-05   6.230491e-10   9.79e-06  
585      -6.401054e-05  -6.401038e-05  1.603087e-10   2.50e-06  
586      1.696019e-05   1.696056e-05   3.760797e-10   2.22e-05  
587      1.596268e-04   1.596258e-04   9.910986e-10   6.21e-06  
588      1.812504e-04   1.812514e-04   9.378379e-10   5.17e-06  
589      -3.766763e-05  -3.766696e-05  6.734261e-10   1.79e-05  
590      -7.768585e-05  -7.768410e-05  1.747925e-09   2.25e-05  
591      2.228660e-04   2.228656e-04   3.875269e-10   1.74e-06  
592      -6.647045e-04  -6.647035e-04  9.750191e-10   1.47e-06  
593      -3.016931e-04  -3.016938e-04  7.147279e-10   2.37e-06  
594      9.744070e-06   9.744459e-06   3.889397e-10   3.99e-05  
595      -1.189412e-04  -1.189419e-04  7.693196e-10   6.47e-06  
596      2.504070e-05   2.504066e-05   3.533546e-11   1.41e-06  
597      2.597460e-04   2.597459e-04   4.446762e-11   1.71e-07  
598      1.273026e-04   1.273032e-04   6.255348e-10   4.91e-06  
599      -1.588684e-05  -1.593302e-05  4.618163e-08   2.91e-03  
600      -9.197390e-06  -8.630980e-06  5.664095e-07   6.16e-02  
601      4.066941e-05   4.032800e-05   3.414073e-07   8.39e-03  
602      5.180742e-05   5.192303e-05   1.156122e-07   2.23e-03  
603      1.081928e-05   1.081973e-05   4.495914e-10   4.16e-05  
604      1.277288e-05   1.277290e-05   2.467745e-11   1.93e-06  
605      -1.737960e-05  -1.737996e-05  3.548546e-10   2.04e-05  
606      -6.518398e-05  -6.518423e-05  2.497731e-10   3.83e-06  
607      -5.145266e-05  -5.145286e-05  1.970352e-10   3.83e-06  
608      -8.876863e-05  -8.876851e-05  1.144466e-10   1.29e-06  
609      -6.185109e-05  -6.185041e-05  6.789838e-10   1.10e-05  
610      -1.287954e-04  -1.287963e-04  8.688956e-10   6.75e-06  
611      -2.745234e-04  -2.745240e-04  5.935531e-10   2.16e-06  
612      -3.718807e-04  -3.718801e-04  6.456450e-10   1.74e-06  
613      -3.725915e-04  -3.725915e-04  2.261220e-11   6.07e-08  
614      -3.014004e-04  -3.013990e-04  1.323991e-09   4.39e-06  
615      3.908662e-04   3.908662e-04   6.278117e-11   1.61e-07  
616      1.392920e-03   1.392921e-03   4.125409e-10   2.96e-07  
617      1.194686e-03   1.194686e-03   3.114231e-10   2.61e-07  
618      8.581396e-04   8.581397e-04   1.316802e-10   1.53e-07  
619      6.637082e-04   6.637079e-04   2.517459e-10   3.79e-07  
620      7.170581e-04   7.170584e-04   3.151731e-10   4.40e-07  
621      2.926491e-04   2.926497e-04   5.669596e-10   1.94e-06  
622      4.150727e-05   4.150676e-05   5.081054e-10   1.22e-05  
623      -6.373285e-05  -6.373334e-05  4.882082e-10   7.66e-06  
624      -6.942605e-04  -6.942604e-04  1.437289e-10   2.07e-07  
625      -4.116678e-04  -4.116674e-04  3.628292e-10   8.81e-07  
626      -6.637975e-04  -6.637973e-04  1.736528e-10   2.62e-07  
627      1.973289e-06   1.972746e-06   5.426390e-10   2.75e-04  
628      8.286571e-04   8.286567e-04   3.866292e-10   4.67e-07  
629      3.046707e-04   3.046702e-04   4.735538e-10   1.55e-06  
630      3.020958e-04   3.020961e-04   3.236658e-10   1.07e-06  
631      1.655622e-04   1.655620e-04   1.225798e-10   7.40e-07  
632      1.673414e-04   1.673414e-04   8.208201e-11   4.91e-07  
633      8.637329e-05   8.637312e-05   1.690305e-10   1.96e-06  
634      2.569022e-05   2.569024e-05   2.020240e-11   7.86e-07  
635      -3.044625e-04  -3.044626e-04  1.083051e-10   3.56e-07  
636      -3.669395e-04  -3.669392e-04  2.894333e-10   7.89e-07  
637      -2.967974e-04  -2.967970e-04  3.874072e-10   1.31e-06  
638      -3.043884e-04  -3.043880e-04  3.937118e-10   1.29e-06  
639      -2.306338e-04  -2.306341e-04  3.122078e-10   1.35e-06  
640      -1.424963e-04  -1.424970e-04  6.885790e-10   4.83e-06  
641      6.332138e-05   6.332115e-05   2.323237e-10   3.67e-06  
642      -6.933647e-05  -6.933711e-05  6.448758e-10   9.30e-06  
643      2.038804e-05   2.038754e-05   4.925587e-10   2.42e-05  
644      -1.138059e-04  -1.138068e-04  8.456142e-10   7.43e-06  
645      8.224859e-05   8.224815e-05   4.414089e-10   5.37e-06  
646      -3.142776e-04  -3.142772e-04  3.459612e-10   1.10e-06  
647      1.051024e-04   1.051026e-04   1.839373e-10   1.75e-06  
648      5.340291e-04   5.340290e-04   6.726216e-11   1.26e-07  
649      5.366880e-05   5.318168e-05   4.871215e-07   9.08e-03  
650      -4.191755e-05  -4.053212e-05  1.385431e-06   3.31e-02  
651      1.402049e-04   1.342990e-04   5.905926e-06   4.21e-02  
652      1.657197e-04   1.699638e-04   4.244110e-06   2.56e-02  
653      1.422160e-04   1.422168e-04   8.628564e-10   6.07e-06  
654      1.442510e-04   1.442521e-04   1.147969e-09   7.96e-06  
655      4.776907e-05   4.776965e-05   5.738536e-10   1.20e-05  
656      -6.045012e-05  -6.045031e-05  1.887842e-10   3.12e-06  
657      -2.039819e-04  -2.039815e-04  4.320798e-10   2.12e-06  
658      -2.239448e-04  -2.239448e-04  3.495994e-11   1.56e-07  
659      -1.992364e-04  -1.992362e-04  2.332175e-10   1.17e-06  
660      -1.386317e-04  -1.386309e-04  7.826218e-10   5.65e-06  
661      -2.034314e-04  -2.034314e-04  5.715107e-11   2.81e-07  
662      -2.227580e-04  -2.227572e-04  7.466870e-10   3.35e-06  
663      -3.750558e-04  -3.750558e-04  6.229556e-12   1.66e-08  
664      -4.052101e-04  -4.052095e-04  6.041056e-10   1.49e-06  
665      -3.951833e-04  -3.951822e-04  1.118646e-09   2.83e-06  
666      8.011340e-04   8.011350e-04   9.999197e-10   1.25e-06  
667      2.218576e-03   2.218577e-03   1.677575e-09   7.56e-07  
668      1.950527e-03   1.950528e-03   7.740690e-10   3.97e-07  
669      5.691498e-04   5.691503e-04   4.904574e-10   8.62e-07  
670      -2.663008e-04  -2.663005e-04  2.610996e-10   9.80e-07  
671      -5.164610e-05  -5.164580e-05  2.987016e-10   5.78e-06  
672      8.894372e-04   8.894371e-04   2.837265e-11   3.19e-08  
673      8.811671e-04   8.811677e-04   5.218624e-10   5.92e-07  
674      6.662821e-04   6.662829e-04   8.210321e-10   1.23e-06  
675      2.711264e-04   2.711265e-04   8.505275e-11   3.14e-07  
676      8.467312e-04   8.467309e-04   3.328538e-10   3.93e-07  
677      1.310677e-03   1.310677e-03   4.867013e-10   3.71e-07  
678      6.594468e-04   6.594459e-04   9.032091e-10   1.37e-06  
679      6.869017e-05   6.868976e-05   4.126500e-10   6.01e-06  
680      8.619539e-05   8.619417e-05   1.215013e-09   1.41e-05  
681      -1.662979e-05  -1.662937e-05  4.164180e-10   2.50e-05  
682      -6.039015e-05  -6.038978e-05  3.613609e-10   5.98e-06  
683      -1.465020e-04  -1.465016e-04  4.192312e-10   2.86e-06  
684      -2.003567e-04  -2.003572e-04  5.637728e-10   2.81e-06  
685      -6.348991e-04  -6.348989e-04  2.472542e-10   3.89e-07  
686      -6.741688e-04  -6.741686e-04  2.251493e-10   3.34e-07  
687      -4.054816e-04  -4.054819e-04  2.839175e-10   7.00e-07  
688      -3.007294e-04  -3.007291e-04  3.805401e-10   1.27e-06  
689      6.337586e-05   6.337555e-05   3.057863e-10   4.82e-06  
690      1.010559e-04   1.010552e-04   6.815531e-10   6.74e-06  
691      -6.813029e-05  -6.813034e-05  5.048705e-11   7.41e-07  
692      -4.806170e-05  -4.806089e-05  8.105888e-10   1.69e-05  
693      -1.384514e-05  -1.384483e-05  3.085525e-10   2.23e-05  
694      -3.591267e-05  -3.591235e-05  3.133765e-10   8.73e-06  
695      -1.002736e-04  -1.002730e-04  5.551108e-10   5.54e-06  
696      9.963386e-05   9.963474e-05   8.827223e-10   8.86e-06  
697      -3.094410e-04  -3.094425e-04  1.511767e-09   4.89e-06  
698      4.119850e-04   4.119868e-04   1.819285e-09   4.42e-06  
699      1.871189e-04   1.847530e-04   2.365860e-06   1.26e-02  
700      -8.908409e-05  -9.159375e-05  2.509661e-06   2.82e-02  
701      -1.285695e-05  -1.329222e-05  4.352712e-07   3.39e-02  
702      6.751131e-05   6.590527e-05   1.606036e-06   2.38e-02  
703      1.049594e-04   1.049588e-04   5.651285e-10   5.38e-06  
704      -1.598811e-05  -1.598902e-05  9.142769e-10   5.72e-05  
705      -1.513048e-05  -1.513096e-05  4.798893e-10   3.17e-05  
706      7.606192e-06   7.606298e-06   1.056213e-10   1.39e-05  
707      -8.716482e-05  -8.716474e-05  8.063542e-11   9.25e-07  
708      -8.255083e-05  -8.255019e-05  6.443460e-10   7.81e-06  
709      -8.895208e-05  -8.895253e-05  4.506833e-10   5.07e-06  
710      -1.054383e-04  -1.054383e-04  2.689475e-11   2.55e-07  
711      -2.990000e-04  -2.989998e-04  2.254736e-10   7.54e-07  
712      -3.148610e-04  -3.148611e-04  1.189794e-10   3.78e-07  
713      -5.361646e-04  -5.361646e-04  6.829253e-12   1.27e-08  
714      -2.261804e-04  -2.261805e-04  3.509996e-11   1.55e-07  
715      -1.025766e-04  -1.025766e-04  3.312382e-11   3.23e-07  
716      6.842226e-04   6.842218e-04   8.068270e-10   1.18e-06  
717      2.455540e-03   2.455540e-03   4.428960e-11   1.80e-08  
718      3.364199e-03   3.364200e-03   1.408826e-09   4.19e-07  
719      1.209761e-03   1.209763e-03   1.121241e-09   9.27e-07  
720      -1.760990e-03  -1.760990e-03  1.847243e-10   1.05e-07  
721      -2.580184e-03  -2.580184e-03  4.384357e-10   1.70e-07  
722      -4.291495e-04  -4.291484e-04  1.073279e-09   2.50e-06  
723      7.501048e-04   7.501044e-04   3.975145e-10   5.30e-07  
724      5.222540e-05   5.222598e-05   5.789811e-10   1.11e-05  
725      -1.192793e-03  -1.192793e-03  1.244863e-11   1.04e-08  
726      1.424998e-03   1.424998e-03   2.735385e-10   1.92e-07  
727      1.389280e-03   1.389279e-03   5.684810e-10   4.09e-07  
728      1.852395e-04   1.852398e-04   3.249652e-10   1.75e-06  
729      1.692640e-04   1.692643e-04   3.186004e-10   1.88e-06  
730      -1.595328e-04  -1.595326e-04  2.652409e-10   1.66e-06  
731      -4.911689e-04  -4.911690e-04  1.660205e-10   3.38e-07  
732      -4.133135e-04  -4.133136e-04  1.674344e-11   4.05e-08  
733      -2.469951e-04  -2.469946e-04  5.837743e-10   2.36e-06  
734      -3.975330e-04  -3.975331e-04  1.171182e-10   2.95e-07  
735      -6.496909e-04  -6.496909e-04  7.815177e-12   1.20e-08  
736      -6.938589e-04  -6.938581e-04  8.357465e-10   1.20e-06  
737      -5.982783e-04  -5.982779e-04  3.497089e-10   5.85e-07  
738      -1.151282e-04  -1.151278e-04  4.596654e-10   3.99e-06  
739      6.772654e-05   6.772724e-05   7.039425e-10   1.04e-05  
740      -2.427543e-04  -2.427553e-04  9.854359e-10   4.06e-06  
741      -1.958644e-04  -1.958649e-04  5.457172e-10   2.79e-06  
742      -1.448153e-04  -1.448165e-04  1.214568e-09   8.39e-06  
743      -8.148507e-05  -8.148455e-05  5.259365e-10   6.45e-06  
744      5.337737e-05   5.337692e-05   4.516803e-10   8.46e-06  
745      -1.544818e-04  -1.544825e-04  6.429841e-10   4.16e-06  
746      -2.883408e-05  -2.883418e-05  1.065379e-10   3.69e-06  
747      7.075700e-04   7.075695e-04   4.235298e-10   5.99e-07  
748      1.235220e-04   1.235226e-04   6.299864e-10   5.10e-06  
749      -6.086371e-05  -6.535288e-05  4.489165e-06   7.38e-02  
750      -1.590565e-04  -1.584835e-04  5.730035e-07   3.60e-03  
751      -3.996286e-05  -3.928710e-05  6.757530e-07   1.69e-02  
752      -1.859806e-05  -1.951139e-05  9.133237e-07   4.91e-02  
753      1.121711e-05   1.121774e-05   6.249133e-10   5.57e-05  
754      -8.230905e-05  -8.230909e-05  3.909575e-11   4.75e-07  
755      -4.991816e-05  -4.991825e-05  8.704142e-11   1.74e-06  
756      -4.925781e-05  -4.925809e-05  2.791767e-10   5.67e-06  
757      -1.554750e-05  -1.554722e-05  2.812091e-10   1.81e-05  
758      -8.767746e-05  -8.767712e-05  3.465853e-10   3.95e-06  
759      -1.163966e-04  -1.163967e-04  1.949461e-11   1.67e-07  
760      -7.238008e-05  -7.237859e-05  1.489318e-09   2.06e-05  
761      -1.518758e-04  -1.518752e-04  5.925182e-10   3.90e-06  
762      -4.353733e-05  -4.353794e-05  6.106011e-10   1.40e-05  
763      -1.575482e-04  -1.575481e-04  9.304130e-11   5.91e-07  
764      -2.129099e-04  -2.129099e-04  1.682969e-11   7.90e-08  
765      -2.366916e-04  -2.366932e-04  1.625507e-09   6.87e-06  
766      -3.732993e-05  -3.733030e-05  3.683006e-10   9.87e-06  
767      7.468228e-04   7.468225e-04   3.075154e-10   4.12e-07  
768      2.034891e-03   2.034892e-03   1.778032e-09   8.74e-07  
769      4.058591e-04   4.058601e-04   9.621773e-10   2.37e-06  
770      -2.329363e-03  -2.329363e-03  2.389278e-10   1.03e-07  
771      -3.636286e-03  -3.636286e-03  1.624707e-10   4.47e-08  
772      -2.726622e-03  -2.726622e-03  7.175416e-10   2.63e-07  
773      -1.342140e-03  -1.342140e-03  2.245046e-11   1.67e-08  
774      1.738763e-03   1.738763e-03   2.001571e-11   1.15e-08  
775      4.177752e-03   4.177752e-03   2.833990e-10   6.78e-08  
776      8.453176e-04   8.453173e-04   3.453472e-10   4.09e-07  
777      -3.543995e-03  -3.543995e-03  1.242944e-10   3.51e-08  
778      -8.464042e-04  -8.464045e-04  3.601377e-10   4.25e-07  
779      1.171083e-03   1.171083e-03   4.398080e-10   3.76e-07  
780      -7.905120e-04  -7.905112e-04  7.448752e-10   9.42e-07  
781      -1.122658e-03  -1.122657e-03  6.929563e-10   6.17e-07  
782      -2.254985e-04  -2.254988e-04  3.265718e-10   1.45e-06  
783      3.272808e-04   3.272798e-04   9.829801e-10   3.00e-06  
784      -9.072478e-05  -9.072487e-05  8.991386e-11   9.91e-07  
785      -6.288392e-04  -6.288381e-04  1.050875e-09   1.67e-06  
786      -9.966605e-04  -9.966605e-04  6.364447e-11   6.39e-08  
787      -9.576046e-04  -9.576047e-04  9.275954e-11   9.69e-08  
788      -1.351423e-04  -1.351425e-04  1.324931e-10   9.80e-07  
789      -4.227681e-04  -4.227671e-04  9.422088e-10   2.23e-06  
790      -6.821766e-04  -6.821774e-04  7.822244e-10   1.15e-06  
791      -1.771297e-04  -1.771280e-04  1.630000e-09   9.20e-06  
792      -1.026265e-04  -1.026275e-04  9.769298e-10   9.52e-06  
793      -1.726420e-04  -1.726427e-04  7.214213e-10   4.18e-06  
794      -8.082830e-05  -8.082826e-05  4.672805e-11   5.78e-07  
795      8.731078e-05   8.731241e-05   1.634488e-09   1.87e-05  
796      -2.188073e-04  -2.188063e-04  9.483270e-10   4.33e-06  
797      -1.882514e-04  -1.882500e-04  1.402141e-09   7.45e-06  
798      -2.409405e-05  -2.409496e-05  9.091971e-10   3.77e-05  
799      4.248246e-05   4.259368e-05   1.112142e-07   2.62e-03  
800      3.509760e-07   -1.299545e-06  1.650521e-06   4.70e+00  
801      -8.456536e-06  -8.185757e-06  2.707794e-07   3.20e-02  
802      -1.042319e-05  -1.040823e-05  1.496728e-08   1.44e-03  
803      -1.502410e-05  -1.502472e-05  6.274211e-10   4.18e-05  
804      -1.898085e-05  -1.898100e-05  1.451711e-10   7.65e-06  
805      1.547681e-05   1.547690e-05   8.989240e-11   5.81e-06  
806      2.109332e-06   2.108667e-06   6.650467e-10   3.15e-04  
807      4.942354e-05   4.942392e-05   3.895354e-10   7.88e-06  
808      -1.313556e-05  -1.313587e-05  3.106501e-10   2.36e-05  
809      -1.919001e-05  -1.918971e-05  3.019789e-10   1.57e-05  
810      -1.707350e-05  -1.707392e-05  4.138485e-10   2.42e-05  
811      -2.087496e-05  -2.087610e-05  1.137548e-09   5.45e-05  
812      1.993680e-06   1.994236e-06   5.554157e-10   2.79e-04  
813      -1.096606e-05  -1.096555e-05  5.112260e-10   4.66e-05  
814      -1.115915e-04  -1.115919e-04  4.237918e-10   3.80e-06  
815      -1.598309e-04  -1.598315e-04  5.957999e-10   3.73e-06  
816      -7.786475e-05  -7.786565e-05  9.012448e-10   1.16e-05  
817      -3.958477e-05  -3.958514e-05  3.682997e-10   9.30e-06  
818      4.357586e-04   4.357586e-04   3.039086e-11   6.97e-08  
819      -2.212815e-04  -2.212808e-04  7.456163e-10   3.37e-06  
820      -1.418600e-03  -1.418601e-03  4.158479e-10   2.93e-07  
821      -2.428829e-03  -2.428829e-03  5.373471e-10   2.21e-07  
822      -1.727519e-03  -1.727518e-03  8.304489e-10   4.81e-07  
823      3.909712e-04   3.909706e-04   6.252147e-10   1.60e-06  
824      2.457385e-03   2.457385e-03   2.603862e-10   1.06e-07  
825      5.575762e-03   5.575761e-03   6.979327e-10   1.25e-07  
826      5.812723e-03   5.812723e-03   6.978126e-10   1.20e-07  
827      -3.598106e-03  -3.598104e-03  1.056628e-09   2.94e-07  
828      -4.076322e-03  -4.076321e-03  4.863608e-10   1.19e-07  
829      5.294517e-03   5.294517e-03   4.211724e-10   7.95e-08  
830      -4.718007e-04  -4.718000e-04  7.599242e-10   1.61e-06  
831      -1.583166e-03  -1.583166e-03  9.550535e-11   6.03e-08  
832      4.595775e-04   4.595770e-04   4.383813e-10   9.54e-07  
833      5.818567e-04   5.818565e-04   2.692054e-10   4.63e-07  
834      3.429631e-04   3.429630e-04   1.459331e-10   4.26e-07  
835      -5.058094e-04  -5.058091e-04  3.052893e-10   6.04e-07  
836      -1.296687e-03  -1.296688e-03  7.153875e-10   5.52e-07  
837      -1.161712e-03  -1.161712e-03  2.025688e-10   1.74e-07  
838      -5.562098e-04  -5.562096e-04  1.629782e-10   2.93e-07  
839      -6.916001e-04  -6.915991e-04  9.471694e-10   1.37e-06  
840      -1.876076e-04  -1.876073e-04  3.365663e-10   1.79e-06  
841      2.960384e-04   2.960381e-04   3.619624e-10   1.22e-06  
842      2.069160e-04   2.069148e-04   1.248718e-09   6.03e-06  
843      -8.672227e-05  -8.672274e-05  4.649967e-10   5.36e-06  
844      -1.432393e-04  -1.432386e-04  7.512676e-10   5.24e-06  
845      7.542439e-05   7.542363e-05   7.578848e-10   1.00e-05  
846      1.296893e-04   1.296900e-04   7.138790e-10   5.50e-06  
847      -6.069815e-05  -6.069964e-05  1.485102e-09   2.45e-05  
848      8.834586e-05   8.834495e-05   9.115652e-10   1.03e-05  
849      -4.748614e-05  -4.546536e-05  2.020775e-06   4.26e-02  
850      1.018770e-05   1.482537e-05   4.637670e-06   4.55e-01  
851      2.242318e-06   1.601530e-06   6.407881e-07   2.86e-01  
852      1.153432e-05   1.152855e-05   5.772744e-09   5.00e-04  
853      1.207845e-07   1.211209e-07   3.364304e-10   2.79e-03  
854      -2.417043e-06  -2.416247e-06  7.953824e-10   3.29e-04  
855      1.688095e-06   1.689016e-06   9.206799e-10   5.45e-04  
856      5.980033e-06   5.980703e-06   6.691293e-10   1.12e-04  
857      6.707527e-06   6.706993e-06   5.338076e-10   7.96e-05  
858      3.166013e-06   3.165737e-06   2.768772e-10   8.75e-05  
859      -2.498795e-06  -2.499376e-06  5.811616e-10   2.33e-04  
860      2.403395e-06   2.403366e-06   2.849431e-11   1.19e-05  
861      7.426882e-06   7.426990e-06   1.083849e-10   1.46e-05  
862      1.128951e-05   1.128901e-05   5.020264e-10   4.45e-05  
863      3.953040e-06   3.953466e-06   4.260242e-10   1.08e-04  
864      -1.661085e-05  -1.661106e-05  2.128599e-10   1.28e-05  
865      -1.417540e-05  -1.417579e-05  3.862853e-10   2.73e-05  
866      -1.538814e-05  -1.538832e-05  1.740956e-10   1.13e-05  
867      -1.385051e-05  -1.385025e-05  2.616547e-10   1.89e-05  
868      -4.468385e-05  -4.468342e-05  4.327945e-10   9.69e-06  
869      -8.323025e-05  -8.323060e-05  3.525800e-10   4.24e-06  
870      -2.698146e-04  -2.698134e-04  1.158132e-09   4.29e-06  
871      -5.151616e-04  -5.151607e-04  9.264384e-10   1.80e-06  
872      -6.497773e-04  -6.497774e-04  7.871745e-11   1.21e-07  
873      -6.838171e-04  -6.838179e-04  7.894531e-10   1.15e-06  
874      4.347476e-04   4.347469e-04   7.246464e-10   1.67e-06  
875      3.233681e-03   3.233681e-03   8.032448e-10   2.48e-07  
876      4.308733e-03   4.308734e-03   1.580210e-09   3.67e-07  
877      -1.027735e-02  -1.027735e-02  9.459696e-10   9.20e-08  
878      -2.480956e-02  -2.480956e-02  2.361248e-09   9.52e-08  
879      2.508950e-03   2.508953e-03   2.991697e-09   1.19e-06  
880      3.840593e-03   3.840594e-03   4.191096e-10   1.09e-07  
881      -2.194817e-03  -2.194817e-03  4.818927e-11   2.20e-08  
882      3.289581e-04   3.289585e-04   3.765034e-10   1.14e-06  
883      3.475071e-05   3.475163e-05   9.209733e-10   2.65e-05  
884      -2.607282e-04  -2.607276e-04  5.701383e-10   2.19e-06  
885      -9.411243e-04  -9.411242e-04  6.544991e-11   6.95e-08  
886      -1.714623e-03  -1.714622e-03  2.032701e-10   1.19e-07  
887      -1.871731e-03  -1.871731e-03  1.361297e-10   7.27e-08  
888      -1.258089e-03  -1.258088e-03  1.125971e-09   8.95e-07  
889      1.872695e-04   1.872688e-04   6.564893e-10   3.51e-06  
890      5.227205e-04   5.227193e-04   1.220535e-09   2.33e-06  
891      1.371549e-04   1.371536e-04   1.285024e-09   9.37e-06  
892      1.622781e-04   1.622766e-04   1.476089e-09   9.10e-06  
893      -1.993664e-04  -1.993676e-04  1.164074e-09   5.84e-06  
894      -2.044311e-04  -2.044309e-04  1.394729e-10   6.82e-07  
895      -6.552597e-05  -6.552705e-05  1.078183e-09   1.65e-05  
896      2.390958e-05   2.391023e-05   6.531853e-10   2.73e-05  
897      -1.863630e-05  -1.863671e-05  4.168878e-10   2.24e-05  
898      -3.526488e-06  -3.526663e-06  1.757318e-10   4.98e-05  
899      -8.191621e-06  -9.181700e-06  9.900785e-07   1.21e-01  
900      3.180463e-07   -1.629710e-06  1.947756e-06   6.12e+00  
901      -1.344517e-05  -1.380995e-05  3.647815e-07   2.71e-02  
902      -2.674586e-06  -3.044522e-06  3.699367e-07   1.38e-01  
903      -1.903567e-06  -1.913087e-06  9.520141e-09   5.00e-03  
904      -2.127834e-06  -2.233425e-06  1.055901e-07   4.96e-02  
905      4.335756e-06   4.356815e-06   2.105845e-08   4.86e-03  
906      3.945005e-06   4.156997e-06   2.119916e-07   5.37e-02  
907      2.320888e-06   2.411795e-06   9.090737e-08   3.92e-02  
908      1.061983e-06   1.184115e-06   1.221318e-07   1.15e-01  
909      8.960912e-07   9.995849e-07   1.034936e-07   1.15e-01  
910      1.132445e-05   1.205745e-05   7.330007e-07   6.47e-02  
911      6.887031e-06   6.921146e-06   3.411476e-08   4.95e-03  
912      1.110738e-05   1.111465e-05   7.265725e-09   6.54e-04  
913      5.251037e-06   5.233336e-06   1.770099e-08   3.37e-03  
914      -3.267529e-07  -3.290723e-07  2.319408e-09   7.10e-03  
915      2.435978e-06   2.433913e-06   2.064637e-09   8.48e-04  
916      8.346020e-07   8.342593e-07   3.426576e-10   4.11e-04  
917      7.812682e-07   7.809597e-07   3.084308e-10   3.95e-04  
918      -1.490014e-05  -1.489975e-05  3.919328e-10   2.63e-05  
919      -9.488284e-06  -9.487309e-06  9.756443e-10   1.03e-04  
920      -1.185264e-05  -1.185220e-05  4.387268e-10   3.70e-05  
921      -3.458847e-05  -3.458842e-05  4.791386e-11   1.39e-06  
922      -2.217524e-05  -2.217505e-05  1.831405e-10   8.26e-06  
923      -1.868258e-04  -1.868280e-04  2.206247e-09   1.18e-05  
924      -8.994114e-05  -9.001723e-05  7.609389e-08   8.46e-04  
925      6.600698e-04   6.596990e-04   3.708028e-07   5.62e-04  
926      2.094920e-03   2.092591e-03   2.328857e-06   1.11e-03  
927      -7.193517e-03  -7.222801e-03  2.928425e-05   4.07e-03  
928      -2.522051e-02  -2.542362e-02  2.031108e-04   8.05e-03  
929      1.717473e-02   1.770527e-02   5.305404e-04   3.09e-02  
930      3.281491e-02   3.517381e-02   2.358893e-03   7.19e-02  
931      -2.151139e-03  -2.151141e-03  1.728144e-09   8.03e-07  
932      -2.428688e-03  -2.428689e-03  5.498842e-10   2.26e-07  
933      -3.879385e-03  -3.879385e-03  3.615510e-10   9.32e-08  
934      -2.567210e-03  -2.567210e-03  7.420003e-10   2.89e-07  
935      -2.476872e-03  -2.476871e-03  1.372228e-10   5.54e-08  
936      -1.942422e-03  -1.942422e-03  1.009583e-10   5.20e-08  
937      -1.697714e-03  -1.697714e-03  6.848610e-11   4.03e-08  
938      -1.405916e-03  -1.405915e-03  1.026961e-09   7.30e-07  
939      -2.656617e-04  -2.656654e-04  3.712152e-09   1.40e-05  
940      -2.197503e-04  -2.197535e-04  3.208080e-09   1.46e-05  
941      -6.386239e-05  -6.386332e-05  9.233876e-10   1.45e-05  
942      1.187973e-04   1.187959e-04   1.397919e-09   1.18e-05  
943      -3.785069e-04  -3.785075e-04  5.347386e-10   1.41e-06  
944      -3.738185e-04  -3.738183e-04  2.207430e-10   5.91e-07  
945      -3.149079e-04  -3.149084e-04  5.261711e-10   1.67e-06  
946      -1.519725e-04  -1.519734e-04  8.625301e-10   5.68e-06  
947      -1.032491e-04  -1.032487e-04  3.972280e-10   3.85e-06  
948      -7.680185e-05  -7.680235e-05  4.988706e-10   6.50e-06  
949      -4.537538e-05  -4.591893e-05  5.435512e-07   1.20e-02  
950      -2.969607e-05  -2.826821e-05  1.427860e-06   4.81e-02  
951      -1.523903e-05  -1.469596e-05  5.430635e-07   3.56e-02  
952      -4.894158e-06  -5.236869e-06  3.427103e-07   7.00e-02  
953      -1.368381e-06  -1.356750e-06  1.163111e-08   8.50e-03  
954      -3.429286e-06  -3.325937e-06  1.033487e-07   3.01e-02  
955      3.281805e-06   3.030645e-06   2.511608e-07   7.65e-02  
956      6.709619e-06   6.691154e-06   1.846505e-08   2.75e-03  
957      5.554985e-06   5.468259e-06   8.672553e-08   1.56e-02  
958      4.459223e-06   4.475107e-06   1.588356e-08   3.56e-03  
959      8.700984e-06   8.749002e-06   4.801724e-08   5.52e-03  
960      2.193426e-05   2.163078e-05   3.034831e-07   1.38e-02  
961      6.457388e-06   6.436265e-06   2.112278e-08   3.27e-03  
962      3.204122e-06   2.809883e-06   3.942390e-07   1.23e-01  
963      2.362838e-07   1.461253e-07   9.015846e-08   3.82e-01  
964      -1.802832e-07  -1.829203e-07  2.637101e-09   1.46e-02  
965      1.304732e-08   -8.659740e-11  1.313392e-08   1.01e+00  
966      2.612157e-07   2.205103e-07   4.070547e-08   1.56e-01  
967      -2.284608e-08  -2.191802e-08  9.280583e-10   4.06e-02  
968      -1.498834e-07  -1.300648e-07  1.981852e-08   1.32e-01  
969      4.870839e-08   4.199530e-08   6.713098e-09   1.38e-01  
970      5.344549e-08   4.614531e-08   7.300184e-09   1.37e-01  
971      1.776245e-08   1.526557e-08   2.496881e-09   1.41e-01  
972      8.619091e-08   7.237322e-08   1.381769e-08   1.60e-01  
973      2.508648e-07   1.349387e-07   1.159260e-07   4.62e-01  
974      6.402771e-06   4.892227e-06   1.510544e-06   2.36e-01  
975      -2.177855e-05  -2.225609e-05  4.775354e-07   2.19e-02  
976      -1.596523e-04  -1.745538e-04  1.490145e-05   9.33e-02  
977      -1.559062e-03  -1.656219e-03  9.715721e-05   6.23e-02  
978      -9.901563e-03  -8.769177e-03  1.132387e-03   1.14e-01  
979      3.495978e-02   3.418791e-02   7.718717e-04   2.21e-02  
980      6.576052e-02   6.545741e-02   3.031115e-04   4.61e-03  
981      -4.600709e-03  -3.956970e-03  6.437386e-04   1.40e-01  
982      -1.801809e-02  -1.801810e-02  2.949117e-09   1.64e-07  
983      -9.589283e-03  -9.589290e-03  6.286762e-09   6.56e-07  
984      -5.434482e-03  -5.434483e-03  5.024605e-10   9.25e-08  
985      -4.119502e-03  -4.119502e-03  7.468120e-10   1.81e-07  
986      -3.842032e-03  -3.842032e-03  7.412234e-11   1.93e-08  
987      -1.915728e-03  -1.915728e-03  1.394223e-10   7.28e-08  
988      -5.389876e-04  -5.389915e-04  3.873574e-09   7.19e-06  
989      -7.484513e-05  -7.484664e-05  1.518712e-09   2.03e-05  
990      -1.310508e-04  -1.310508e-04  4.694469e-12   3.58e-08  
991      -2.075016e-04  -2.075016e-04  3.506170e-11   1.69e-07  
992      -3.607949e-04  -3.607960e-04  1.071950e-09   2.97e-06  
993      -3.734465e-05  -3.734467e-05  2.044998e-11   5.48e-07  
994      -8.898878e-07  -8.901280e-07  2.401826e-10   2.70e-04  
995      -4.227878e-04  -4.227873e-04  4.835536e-10   1.14e-06  
996      -1.836609e-04  -1.836595e-04  1.323865e-09   7.21e-06  
997      -9.095721e-05  -9.095879e-05  1.581996e-09   1.74e-05  
998      -7.053748e-05  -7.053675e-05  7.239187e-10   1.03e-05  
999      -6.732266e-05  -6.705599e-05  2.666612e-07   3.96e-03  
1000     -1.368652e-05  -1.180165e-05  1.884878e-06   1.38e-01  
1001     -5.632160e-02  -5.459395e-02  1.727648e-03   3.07e-02  
1002     -4.161809e-02  -4.328679e-02  1.668705e-03   4.01e-02  
1003     -3.002110e-03  -3.002109e-03  1.433905e-09   4.78e-07  
1004     1.061213e-04   1.061188e-04   2.513855e-09   2.37e-05  
1005     -2.099697e-03  -2.099695e-03  1.298087e-09   6.18e-07  
1006     2.210577e-03   2.210577e-03   3.319746e-10   1.50e-07  
1007     3.104471e-03   3.104472e-03   1.688235e-09   5.44e-07  
1008     1.016874e-03   1.016874e-03   6.249993e-10   6.15e-07  
1009     -3.582346e-04  -3.582345e-04  8.632735e-11   2.41e-07  
1010     -9.824466e-05  -9.824451e-05  1.523566e-10   1.55e-06  
1011     -2.341740e-05  -2.341743e-05  2.585619e-11   1.10e-06  
1012     -1.474831e-04  -1.474828e-04  3.204279e-10   2.17e-06  
1013     1.087700e-04   1.087693e-04   7.138081e-10   6.56e-06  
1014     -1.298319e-05  -1.298343e-05  2.472659e-10   1.90e-05  
1015     -3.111359e-04  -3.111370e-04  1.011804e-09   3.25e-06  
1016     -5.064184e-05  -5.064220e-05  3.550078e-10   7.01e-06  
1017     -4.417358e-05  -4.417199e-05  1.589509e-09   3.60e-05  
1018     -6.987731e-05  -6.987876e-05  1.454622e-09   2.08e-05  
1019     -7.390394e-05  -7.422889e-05  3.249518e-07   4.40e-03  
1020     -2.063736e-05  -1.893822e-05  1.699136e-06   8.23e-02  
1021     -1.549872e-02  -1.531973e-02  1.789930e-04   1.15e-02  
1022     -1.615450e-02  -1.620581e-02  5.130335e-05   3.18e-03  
1023     7.966438e-04   7.966460e-04   2.189399e-09   2.75e-06  
1024     -1.286619e-03  -1.286620e-03  1.055850e-09   8.21e-07  
1025     -5.660770e-03  -5.660769e-03  1.419659e-09   2.51e-07  
1026     -1.085174e-02  -1.085174e-02  7.471077e-10   6.88e-08  
1027     -3.210394e-03  -3.210394e-03  6.718836e-10   2.09e-07  
1028     -1.364598e-04  -1.364615e-04  1.689238e-09   1.24e-05  
1029     -9.126261e-05  -9.126250e-05  1.069855e-10   1.17e-06  
1030     -7.787357e-06  -7.788197e-06  8.402321e-10   1.08e-04  
1031     1.622240e-06   1.622236e-06   3.821806e-12   2.36e-06  
1032     3.672205e-06   3.672009e-06   1.957700e-10   5.33e-05  
1033     9.944110e-06   9.944316e-06   2.068220e-10   2.08e-05  
1034     -1.403004e-05  -1.403102e-05  9.818902e-10   7.00e-05  
1035     -1.896758e-04  -1.896772e-04  1.402285e-09   7.39e-06  
1036     -1.448827e-05  -1.448973e-05  1.459265e-09   1.01e-04  
1037     -5.484138e-05  -5.484003e-05  1.356212e-09   2.47e-05  
1038     -7.280701e-05  -7.280585e-05  1.160105e-09   1.59e-05  
1039     -7.219087e-05  -7.241398e-05  2.231123e-07   3.09e-03  
1040     -2.294768e-05  -2.105735e-05  1.890333e-06   8.24e-02  
1041     -2.983791e-03  -2.762420e-03  2.213709e-04   7.42e-02  
1042     -4.521260e-03  -4.556230e-03  3.497006e-05   7.73e-03  
1043     7.353554e-03   7.353553e-03   2.516216e-10   3.42e-08  
1044     1.102571e-02   1.102571e-02   5.223449e-10   4.74e-08  
1045     7.782676e-04   7.782697e-04   2.056226e-09   2.64e-06  
1046     -1.137107e-02  -1.137108e-02  1.432197e-09   1.26e-07  
1047     -3.674315e-03  -3.674313e-03  1.395636e-09   3.80e-07  
1048     -2.166092e-04  -2.166087e-04  4.729195e-10   2.18e-06  
1049     -1.027478e-04  -1.027482e-04  3.801822e-10   3.70e-06  
1050     -3.508097e-05  -3.508086e-05  1.120643e-10   3.19e-06  
1051     2.199960e-05   2.200030e-05   6.996846e-10   3.18e-05  
1052     1.733093e-05   1.732874e-05   2.190020e-09   1.26e-04  
1053     -9.932665e-06  -9.932981e-06  3.156088e-10   3.18e-05  
1054     -3.753798e-05  -3.753719e-05  7.931870e-10   2.11e-05  
1055     -1.563453e-04  -1.563462e-04  8.499121e-10   5.44e-06  
1056     -6.031040e-05  -6.030899e-05  1.410782e-09   2.34e-05  
1057     -6.635589e-05  -6.635653e-05  6.414408e-10   9.67e-06  
1058     -5.898261e-05  -5.897972e-05  2.889710e-09   4.90e-05  
1059     -5.291251e-05  -5.301742e-05  1.049054e-07   1.98e-03  
1060     -1.034703e-05  -8.987029e-06  1.360005e-06   1.31e-01  
1061     -6.253903e-04  -6.246192e-04  7.710492e-07   1.23e-03  
1062     -7.815702e-04  -7.922282e-04  1.065796e-05   1.36e-02  
1063     7.914443e-03   7.914443e-03   2.621575e-10   3.31e-08  
1064     4.037178e-03   4.037176e-03   2.444589e-09   6.06e-07  
1065     5.469901e-03   5.469899e-03   1.935094e-09   3.54e-07  
1066     1.623033e-05   1.622963e-05   7.036408e-10   4.34e-05  
1067     4.205679e-04   4.205668e-04   1.098044e-09   2.61e-06  
1068     1.394689e-04   1.394719e-04   2.978984e-09   2.14e-05  
1069     -2.059970e-04  -2.059952e-04  1.781351e-09   8.65e-06  
1070     -5.556168e-05  -5.556431e-05  2.622422e-09   4.72e-05  
1071     1.514022e-04   1.514035e-04   1.306089e-09   8.63e-06  
1072     5.537359e-05   5.537383e-05   2.396063e-10   4.33e-06  
1073     2.832727e-05   2.832666e-05   6.071656e-10   2.14e-05  
1074     -3.907619e-05  -3.907650e-05  3.088204e-10   7.90e-06  
1075     -1.437306e-04  -1.437308e-04  2.081933e-10   1.45e-06  
1076     -7.818355e-05  -7.818451e-05  9.535233e-10   1.22e-05  
1077     -4.071162e-05  -4.071617e-05  4.555434e-09   1.12e-04  
1078     -3.722176e-05  -3.722112e-05  6.441183e-10   1.73e-05  
1079     -2.697739e-05  -2.641712e-05  5.602672e-07   2.08e-02  
1080     1.258673e-05   1.316618e-05   5.794530e-07   4.60e-02  
1081     1.184679e-05   -1.053118e-05  2.237796e-05   1.89e+00  
1082     -6.382534e-04  -6.403368e-04  2.083407e-06   3.26e-03  
1083     2.268868e-02   2.268868e-02   1.109102e-09   4.89e-08  
1084     5.646371e-02   5.646373e-02   1.939572e-08   3.44e-07  
1085     -2.279781e-02  -2.279781e-02  3.667598e-09   1.61e-07  
1086     6.049534e-04   6.049544e-04   1.017093e-09   1.68e-06  
1087     1.811670e-04   1.811674e-04   3.412677e-10   1.88e-06  
1088     2.208534e-04   2.208505e-04   2.914570e-09   1.32e-05  
1089     4.018751e-04   4.018759e-04   7.808629e-10   1.94e-06  
1090     6.218485e-05   6.218243e-05   2.422133e-09   3.90e-05  
1091     1.724647e-04   1.724645e-04   1.643562e-10   9.53e-07  
1092     1.027901e-04   1.027883e-04   1.756395e-09   1.71e-05  
1093     1.420485e-04   1.420456e-04   2.851489e-09   2.01e-05  
1094     -4.638386e-06  -4.638778e-06  3.927369e-10   8.47e-05  
1095     2.520411e-07   2.520073e-07   3.379018e-11   1.34e-04  
1096     -1.435168e-04  -1.435161e-04  7.638930e-10   5.32e-06  
1097     -6.180008e-05  -6.179963e-05  4.480611e-10   7.25e-06  
1098     -8.901641e-06  -8.907717e-06  6.075743e-09   6.83e-04  
1099     6.423348e-06   6.923571e-06   5.002222e-07   7.79e-02  
1100     5.021530e-06   5.347749e-06   3.262186e-07   6.50e-02  
1101     2.340273e-04   1.991232e-04   3.490410e-05   1.49e-01  
1102     1.019530e-04   1.019370e-04   1.601338e-08   1.57e-04  
1103     5.621799e-03   5.621801e-03   1.399099e-09   2.49e-07  
1104     1.878110e-02   1.878110e-02   4.127958e-09   2.20e-07  
1105     5.182147e-03   5.182150e-03   2.336458e-09   4.51e-07  
1106     4.548131e-04   4.548129e-04   1.486714e-10   3.27e-07  
1107     2.804142e-04   2.804150e-04   7.493617e-10   2.67e-06  
1108     -4.104353e-04  -4.104329e-04  2.384948e-09   5.81e-06  
1109     1.906493e-04   1.906504e-04   1.055663e-09   5.54e-06  
1110     1.369715e-04   1.369712e-04   3.794994e-10   2.77e-06  
1111     1.850201e-04   1.850202e-04   3.521102e-11   1.90e-07  
1112     2.361525e-04   2.361545e-04   1.984168e-09   8.40e-06  
1113     3.005839e-04   3.005860e-04   2.034864e-09   6.77e-06  
1114     3.272256e-04   3.272266e-04   9.649730e-10   2.95e-06  
1115     2.041487e-04   2.041479e-04   8.277891e-10   4.05e-06  
1116     2.161620e-04   2.161610e-04   1.023702e-09   4.74e-06  
1117     -9.516425e-05  -9.516582e-05  1.574216e-09   1.65e-05  
1118     -2.847904e-05  -2.848170e-05  2.662115e-09   9.35e-05  
1119     2.911216e-05   2.784835e-05   1.263809e-06   4.34e-02  
1120     8.106206e-06   6.124301e-06   1.981905e-06   2.44e-01  
1121     9.393502e-06   8.106407e-06   1.287096e-06   1.37e-01  
1122     3.034554e-04   3.034550e-04   4.356445e-10   1.44e-06  
1123     3.702099e-03   3.702098e-03   9.157946e-10   2.47e-07  
1124     4.365558e-03   4.365558e-03   7.450721e-10   1.71e-07  
1125     6.060651e-03   6.060649e-03   2.033977e-09   3.36e-07  
1126     -2.264828e-03  -2.264826e-03  2.175844e-09   9.61e-07  
1127     7.443359e-04   7.443346e-04   1.236845e-09   1.66e-06  
1128     2.230800e-04   2.230803e-04   2.826837e-10   1.27e-06  
1129     -1.170927e-04  -1.170928e-04  1.064586e-10   9.09e-07  
1130     2.967748e-05   2.967758e-05   1.007715e-10   3.40e-06  
1131     1.688433e-05   1.688198e-05   2.348364e-09   1.39e-04  
1132     3.274123e-05   3.274059e-05   6.429370e-10   1.96e-05  
1133     1.421187e-05   1.420961e-05   2.253447e-09   1.59e-04  
1134     -6.576253e-04  -6.576256e-04  2.823617e-10   4.29e-07  
1135     -1.852214e-03  -1.852213e-03  1.163085e-09   6.28e-07  
1136     -6.285756e-04  -6.285741e-04  1.494427e-09   2.38e-06  
1137     -3.954809e-05  -3.954619e-05  1.901889e-09   4.81e-05  
1138     -3.178168e-05  -3.178181e-05  1.329752e-10   4.18e-06  
1139     -2.712351e-06  2.125988e-07   2.924950e-06   1.08e+00  
1140     4.903530e-05   4.943568e-05   4.003881e-07   8.17e-03  
1141     2.892254e-07   2.462541e-07   4.297129e-08   1.49e-01  
1142     2.161393e-04   2.161414e-04   2.085250e-09   9.65e-06  
1143     1.832361e-03   1.832360e-03   7.038126e-10   3.84e-07  
1144     2.689494e-03   2.689496e-03   1.220332e-09   4.54e-07  
1145     1.608610e-03   1.608607e-03   2.186433e-09   1.36e-06  
1146     -2.611756e-04  -2.611769e-04  1.278020e-09   4.89e-06  
1147     -1.730542e-04  -1.730543e-04  1.688603e-11   9.76e-08  
1148     3.415951e-04   3.415965e-04   1.377045e-09   4.03e-06  
1149     6.165107e-04   6.165092e-04   1.517521e-09   2.46e-06  
1150     4.894093e-04   4.894100e-04   6.964046e-10   1.42e-06  
1151     2.409451e-04   2.409430e-04   2.070675e-09   8.59e-06  
1152     1.875329e-04   1.875336e-04   7.610658e-10   4.06e-06  
1153     9.207947e-05   9.207763e-05   1.836347e-09   1.99e-05  
1154     -6.073515e-05  -6.073356e-05  1.589014e-09   2.62e-05  
1155     -1.446615e-03  -1.446617e-03  2.465262e-09   1.70e-06  
1156     -3.226357e-03  -3.226357e-03  4.759484e-10   1.48e-07  
1157     -5.718290e-04  -5.718288e-04  2.186466e-10   3.82e-07  
1158     -3.461585e-05  -3.461708e-05  1.226642e-09   3.54e-05  
1159     3.983993e-07   -1.304801e-06  1.703200e-06   4.28e+00  
1160     -3.025575e-05  -2.863169e-05  1.624066e-06   5.37e-02  
1161     -5.446641e-07  -5.094170e-07  3.524711e-08   6.47e-02  
1162     4.847582e-05   4.847333e-05   2.487606e-09   5.13e-05  
1163     6.949547e-04   6.949552e-04   5.137173e-10   7.39e-07  
1164     1.548887e-03   1.548886e-03   7.067407e-10   4.56e-07  
1165     1.341419e-03   1.341418e-03   5.980078e-10   4.46e-07  
1166     1.144088e-03   1.144087e-03   4.236082e-10   3.70e-07  
1167     -5.847499e-05  -5.847786e-05  2.875148e-09   4.92e-05  
1168     -9.694831e-05  -9.694654e-05  1.769973e-09   1.83e-05  
1169     -4.931688e-05  -4.931516e-05  1.723728e-09   3.50e-05  
1170     5.874525e-05   5.874429e-05   9.621972e-10   1.64e-05  
1171     1.890345e-04   1.890358e-04   1.247276e-09   6.60e-06  
1172     3.097455e-04   3.097406e-04   4.880211e-09   1.58e-05  
1173     2.697328e-04   2.697332e-04   3.799883e-10   1.41e-06  
1174     3.014107e-04   3.014072e-04   3.563705e-09   1.18e-05  
1175     -7.472244e-04  -7.472283e-04  3.941606e-09   5.27e-06  
1176     -4.078666e-03  -4.078663e-03  3.458176e-09   8.48e-07  
1177     -1.173208e-04  -1.173154e-04  5.382967e-09   4.59e-05  
1178     -1.330632e-04  -1.330674e-04  4.218887e-09   3.17e-05  
1179     -2.864316e-05  -2.821027e-05  4.328829e-07   1.51e-02  
1180     -1.615495e-05  -1.848627e-05  2.331326e-06   1.44e-01  
1181     -3.251882e-06  -3.305158e-06  5.327598e-08   1.64e-02  
1182     4.163804e-05   4.160842e-05   2.962353e-08   7.11e-04  
1183     4.263746e-04   4.263754e-04   7.551087e-10   1.77e-06  
1184     9.337085e-04   9.337078e-04   7.067592e-10   7.57e-07  
1185     1.182892e-03   1.182892e-03   3.545788e-10   3.00e-07  
1186     6.491904e-04   6.491921e-04   1.756728e-09   2.71e-06  
1187     1.380253e-04   1.380241e-04   1.172354e-09   8.49e-06  
1188     -1.691291e-04  -1.691291e-04  3.101077e-11   1.83e-07  
1189     -2.408446e-04  -2.408479e-04  3.237443e-09   1.34e-05  
1190     -9.985729e-05  -9.985726e-05  3.260549e-11   3.27e-07  
1191     2.052580e-04   2.052595e-04   1.449309e-09   7.06e-06  
1192     3.065865e-04   3.065868e-04   2.666290e-10   8.70e-07  
1193     3.083980e-04   3.083987e-04   7.162376e-10   2.32e-06  
1194     2.676056e-04   2.676050e-04   6.002279e-10   2.24e-06  
1195     4.761759e-04   4.761792e-04   3.338170e-09   7.01e-06  
1196     -4.076845e-04  -4.076871e-04  2.567680e-09   6.30e-06  
1197     2.930725e-03   2.930727e-03   1.692154e-09   5.77e-07  
1198     2.181586e-03   2.181587e-03   1.937141e-09   8.88e-07  
1199     3.874659e-04   3.852185e-04   2.247453e-06   5.80e-03  
1200     -1.288171e-04  -1.272234e-04  1.593677e-06   1.24e-02  
1201     -1.146276e-05  -1.140515e-05  5.761196e-08   5.03e-03  
1202     3.779505e-05   3.739797e-05   3.970794e-07   1.05e-02  
1203     2.678549e-04   2.678582e-04   3.319066e-09   1.24e-05  
1204     7.361381e-04   7.361384e-04   3.723749e-10   5.06e-07  
1205     1.943359e-03   1.943356e-03   2.830436e-09   1.46e-06  
1206     9.748783e-04   9.748793e-04   9.327922e-10   9.57e-07  
1207     -1.893237e-04  -1.893230e-04  7.013221e-10   3.70e-06  
1208     -2.000985e-04  -2.000978e-04  6.831075e-10   3.41e-06  
1209     -9.662546e-05  -9.662259e-05  2.867544e-09   2.97e-05  
1210     -1.507989e-05  -1.508149e-05  1.601945e-09   1.06e-04  
1211     1.219274e-04   1.219287e-04   1.326730e-09   1.09e-05  
1212     1.292576e-04   1.292612e-04   3.525153e-09   2.73e-05  
1213     9.576191e-05   9.576393e-05   2.027927e-09   2.12e-05  
1214     1.747631e-04   1.747629e-04   1.768705e-10   1.01e-06  
1215     1.271731e-04   1.271766e-04   3.556372e-09   2.80e-05  
1216     4.800918e-05   4.800577e-05   3.413968e-09   7.11e-05  
1217     9.998496e-04   9.998500e-04   3.911095e-10   3.91e-07  
1218     1.553375e-03   1.553376e-03   3.759843e-10   2.42e-07  
1219     6.140768e-04   6.127554e-04   1.321422e-06   2.15e-03  
1220     6.579260e-06   -6.150671e-06  1.272993e-05   1.93e+00  
1221     -1.255900e-05  -1.176910e-05  7.898997e-07   6.29e-02  
1222     -2.480089e-05  -2.491049e-05  1.096057e-07   4.42e-03  
1223     6.163552e-05   6.163388e-05   1.638771e-09   2.66e-05  
1224     7.837989e-04   7.838002e-04   1.278623e-09   1.63e-06  
1225     2.056517e-03   2.056517e-03   1.449070e-10   7.05e-08  
1226     -1.156626e-03  -1.156622e-03  3.727280e-09   3.22e-06  
1227     -3.092022e-04  -3.092048e-04  2.597212e-09   8.40e-06  
1228     -3.285542e-04  -3.285509e-04  3.331052e-09   1.01e-05  
1229     -2.980390e-04  -2.980395e-04  5.660021e-10   1.90e-06  
1230     -1.849802e-04  -1.849766e-04  3.583528e-09   1.94e-05  
1231     -1.268928e-04  -1.268918e-04  1.023063e-09   8.06e-06  
1232     -7.241961e-05  -7.241960e-05  8.675155e-12   1.20e-07  
1233     6.054352e-05   6.054466e-05   1.137740e-09   1.88e-05  
1234     2.825659e-05   2.825453e-05   2.059060e-09   7.29e-05  
1235     -1.926394e-04  -1.926390e-04  3.490964e-10   1.81e-06  
1236     4.275045e-05   4.274753e-05   2.921109e-09   6.83e-05  
1237     3.489458e-04   3.489496e-04   3.824579e-09   1.10e-05  
1238     1.506917e-03   1.506918e-03   1.167594e-09   7.75e-07  
1239     4.537538e-04   4.522387e-04   1.515042e-06   3.34e-03  
1240     1.278189e-06   -5.149479e-06  6.427667e-06   5.03e+00  
1241     2.641484e-06   2.733451e-06   9.196728e-08   3.48e-02  
1242     3.058532e-05   3.040579e-05   1.795306e-07   5.87e-03  
1243     -1.649174e-04  -1.649179e-04  4.768849e-10   2.89e-06  
1244     -4.048285e-04  -4.048318e-04  3.292694e-09   8.13e-06  
1245     -3.001613e-04  -3.001605e-04  7.516023e-10   2.50e-06  
1246     -5.252959e-04  -5.252990e-04  3.060209e-09   5.83e-06  
1247     -2.675446e-04  -2.675445e-04  9.643309e-11   3.60e-07  
1248     -4.025706e-04  -4.025694e-04  1.181841e-09   2.94e-06  
1249     -2.367889e-04  -2.367878e-04  1.035956e-09   4.38e-06  
1250     -3.825203e-04  -3.825195e-04  8.224739e-10   2.15e-06  
1251     -3.108512e-04  -3.108503e-04  9.476338e-10   3.05e-06  
1252     -2.445507e-04  -2.445483e-04  2.410153e-09   9.86e-06  
1253     -1.634253e-04  -1.634220e-04  3.238657e-09   1.98e-05  
1254     -9.726392e-05  -9.726505e-05  1.136541e-09   1.17e-05  
1255     1.692763e-04   1.692767e-04   4.250757e-10   2.51e-06  
1256     1.165901e-04   1.165900e-04   1.320798e-10   1.13e-06  
1257     5.467225e-05   5.467665e-05   4.401399e-09   8.05e-05  
1258     8.003076e-04   8.003096e-04   1.951893e-09   2.44e-06  
1259     1.254422e-04   1.263990e-04   9.567786e-07   7.63e-03  
1260     -2.011292e-06  1.375744e-06   3.387036e-06   1.68e+00  
1261     -6.687059e-05  -6.254338e-05  4.327213e-06   6.47e-02  
1262     -1.171885e-04  -1.183491e-04  1.160552e-06   9.90e-03  
1263     -1.503050e-04  -1.503064e-04  1.323852e-09   8.81e-06  
1264     -4.683553e-04  -4.683552e-04  1.027894e-10   2.19e-07  
1265     8.520018e-05   8.520004e-05   1.374286e-10   1.61e-06  
1266     -2.465260e-04  -2.465232e-04  2.889401e-09   1.17e-05  
1267     -3.554785e-04  -3.554801e-04  1.600265e-09   4.50e-06  
1268     -2.917705e-04  -2.917716e-04  1.135014e-09   3.89e-06  
1269     -3.744536e-04  -3.744550e-04  1.473104e-09   3.93e-06  
1270     -6.236239e-04  -6.236211e-04  2.824401e-09   4.53e-06  
1271     -3.264984e-04  -3.264965e-04  1.940182e-09   5.94e-06  
1272     -1.691487e-04  -1.691474e-04  1.298208e-09   7.67e-06  
1273     -2.093204e-04  -2.093227e-04  2.267400e-09   1.08e-05  
1274     4.021702e-05   4.021737e-05   3.454207e-10   8.59e-06  
1275     8.745729e-05   8.745807e-05   7.848958e-10   8.97e-06  
1276     -5.854794e-04  -5.854796e-04  1.720698e-10   2.94e-07  
1277     1.333437e-04   1.333452e-04   1.437464e-09   1.08e-05  
1278     3.344590e-04   3.344606e-04   1.677459e-09   5.02e-06  
1279     -9.289531e-05  -9.146433e-05  1.430977e-06   1.54e-02  
1280     2.528133e-05   2.834676e-05   3.065434e-06   1.21e-01  
1281     -5.639606e-05  -5.361110e-05  2.784960e-06   4.94e-02  
1282     -1.358422e-04  -1.367402e-04  8.979914e-07   6.61e-03  
1283     -2.440942e-04  -2.440987e-04  4.455868e-09   1.83e-05  
1284     -4.294679e-04  -4.294690e-04  1.173194e-09   2.73e-06  
1285     -9.610254e-06  -9.611194e-06  9.398343e-10   9.78e-05  
1286     -3.803141e-05  -3.803252e-05  1.110240e-09   2.92e-05  
1287     -4.499172e-04  -4.499181e-04  9.288620e-10   2.06e-06  
1288     -2.128881e-04  -2.128900e-04  1.939687e-09   9.11e-06  
1289     -4.086417e-04  -4.086445e-04  2.832902e-09   6.93e-06  
1290     -2.155462e-04  -2.155435e-04  2.627277e-09   1.22e-05  
1291     -2.124815e-04  -2.124858e-04  4.297464e-09   2.02e-05  
1292     -1.536109e-04  -1.536119e-04  9.873096e-10   6.43e-06  
1293     1.577486e-04   1.577481e-04   4.660531e-10   2.95e-06  
1294     1.940378e-04   1.940378e-04   1.423314e-11   7.34e-08  
1295     -2.675247e-04  -2.675271e-04  2.381995e-09   8.90e-06  
1296     -4.039233e-04  -4.039270e-04  3.773651e-09   9.34e-06  
1297     2.273139e-04   2.273124e-04   1.452491e-09   6.39e-06  
1298     5.491093e-05   5.491387e-05   2.942374e-09   5.36e-05  
1299     -7.556635e-05  -7.494108e-05  6.252700e-07   8.27e-03  
1300     1.089137e-05   1.353193e-05   2.640564e-06   2.42e-01  
1301     -3.078681e-05  -2.979519e-05  9.916130e-07   3.22e-02  
1302     -7.939263e-05  -7.998250e-05  5.898648e-07   7.43e-03  
1303     -2.330845e-04  -2.330822e-04  2.366693e-09   1.02e-05  
1304     -3.712729e-04  -3.712752e-04  2.302341e-09   6.20e-06  
1305     -1.373950e-04  -1.373940e-04  9.346764e-10   6.80e-06  
1306     1.145505e-04   1.145474e-04   3.050309e-09   2.66e-05  
1307     -2.306418e-04  -2.306412e-04  5.741778e-10   2.49e-06  
1308     -5.613107e-04  -5.613087e-04  2.042595e-09   3.64e-06  
1309     -4.980405e-04  -4.980407e-04  1.805598e-10   3.63e-07  
1310     5.595449e-05   5.595327e-05   1.222866e-09   2.19e-05  
1311     -2.047508e-06  -2.045573e-06  1.935232e-09   9.45e-04  
1312     7.011979e-05   7.011736e-05   2.426727e-09   3.46e-05  
1313     2.081126e-04   2.081097e-04   2.830801e-09   1.36e-05  
1314     2.972070e-05   2.972084e-05   1.324049e-10   4.45e-06  
1315     -4.063075e-04  -4.063072e-04  2.765034e-10   6.81e-07  
1316     -1.665043e-04  -1.665010e-04  3.252695e-09   1.95e-05  
1317     3.460130e-05   3.460564e-05   4.336076e-09   1.25e-04  
1318     -1.029180e-05  -1.030067e-05  8.873878e-09   8.62e-04  
1319     -7.768421e-05  -7.714536e-05  5.388507e-07   6.94e-03  
1320     4.760320e-06   6.966405e-06   2.206085e-06   4.63e-01  
1321     -1.482388e-05  -1.436270e-05  4.611844e-07   3.11e-02  
1322     -4.325540e-05  -4.350612e-05  2.507273e-07   5.80e-03  
1323     -1.767895e-04  -1.767871e-04  2.442758e-09   1.38e-05  
1324     -3.281539e-04  -3.281517e-04  2.210877e-09   6.74e-06  
1325     -2.390581e-04  -2.390570e-04  1.114456e-09   4.66e-06  
1326     3.762099e-05   3.761997e-05   1.015097e-09   2.70e-05  
1327     -1.293116e-07  -1.334577e-07  4.146058e-09   3.21e-02  
1328     -3.074955e-04  -3.074954e-04  1.071148e-10   3.48e-07  
1329     3.747486e-04   3.747470e-04   1.602293e-09   4.28e-06  
1330     2.290915e-04   2.290959e-04   4.480344e-09   1.96e-05  
1331     3.389942e-05   3.390045e-05   1.031374e-09   3.04e-05  
1332     1.839633e-04   1.839591e-04   4.229354e-09   2.30e-05  
1333     -3.992380e-05  -3.992498e-05  1.176761e-09   2.95e-05  
1334     -1.060004e-04  -1.060003e-04  1.177279e-10   1.11e-06  
1335     -6.303815e-05  -6.303566e-05  2.485195e-09   3.94e-05  
1336     1.371903e-05   1.371835e-05   6.878455e-10   5.01e-05  
1337     9.333710e-06   9.332173e-06   1.537076e-09   1.65e-04  
1338     -5.808056e-05  -5.808420e-05  3.645154e-09   6.28e-05  
1339     -7.725651e-05  -7.687143e-05  3.850785e-07   4.98e-03  
1340     1.137223e-06   3.221163e-06   2.083941e-06   1.83e+00  
1341     -1.018465e-05  -9.848509e-06  3.361424e-07   3.30e-02  
1342     -3.067197e-05  -3.076499e-05  9.302450e-08   3.03e-03  
1343     -1.116032e-04  -1.116029e-04  2.953477e-10   2.65e-06  
1344     -2.418689e-04  -2.418704e-04  1.434294e-09   5.93e-06  
1345     -2.337132e-04  -2.337141e-04  9.121360e-10   3.90e-06  
1346     -9.068874e-05  -9.068861e-05  1.371752e-10   1.51e-06  
1347     4.480376e-05   4.480473e-05   9.670652e-10   2.16e-05  
1348     -8.123093e-05  -8.123333e-05  2.401433e-09   2.96e-05  
1349     -4.794003e-05  -4.794265e-05  2.619946e-09   5.47e-05  
1350     -1.128390e-04  -1.128405e-04  1.480597e-09   1.31e-05  
1351     -1.611666e-04  -1.611692e-04  2.530076e-09   1.57e-05  
1352     4.511152e-06   4.511873e-06   7.214178e-10   1.60e-04  
1353     1.121581e-05   1.121913e-05   3.329498e-09   2.97e-04  
1354     -3.846216e-05  -3.846343e-05  1.275387e-09   3.32e-05  
1355     -7.757016e-05  -7.757167e-05  1.508802e-09   1.95e-05  
1356     -1.399420e-04  -1.399399e-04  2.182553e-09   1.56e-05  
1357     -7.076695e-05  -7.076523e-05  1.718815e-09   2.43e-05  
1358     -6.742929e-05  -6.742928e-05  9.789775e-12   1.45e-07  
1359     -6.494926e-05  -6.457924e-05  3.700199e-07   5.70e-03  
1360     5.896957e-06   7.589922e-06   1.692965e-06   2.87e-01  
1361     -2.473377e-05  -2.354585e-05  1.187929e-06   4.80e-02  
1362     -4.984468e-05  -5.032524e-05  4.805576e-07   9.64e-03  
1363     -8.032872e-05  -8.033040e-05  1.676684e-09   2.09e-05  
1364     -1.650548e-04  -1.650543e-04  5.477422e-10   3.32e-06  
1365     -1.932423e-04  -1.932408e-04  1.505340e-09   7.79e-06  
1366     -1.217606e-04  -1.217641e-04  3.557647e-09   2.92e-05  
1367     -2.420259e-05  -2.420343e-05  8.394066e-10   3.47e-05  
1368     6.559078e-06   6.558660e-06   4.178721e-10   6.37e-05  
1369     -5.431215e-05  -5.431439e-05  2.241286e-09   4.13e-05  
1370     5.713651e-05   5.713426e-05   2.246691e-09   3.93e-05  
1371     9.863755e-05   9.863920e-05   1.649461e-09   1.67e-05  
1372     9.343739e-05   9.343949e-05   2.100964e-09   2.25e-05  
1373     3.819420e-05   3.819392e-05   2.748801e-10   7.20e-06  
1374     6.178258e-06   6.177876e-06   3.822455e-10   6.19e-05  
1375     -1.451965e-05  -1.451665e-05  3.000156e-09   2.07e-04  
1376     -1.232884e-04  -1.232904e-04  2.038257e-09   1.65e-05  
1377     -7.032208e-05  -7.031846e-05  3.618236e-09   5.15e-05  
1378     -4.899794e-05  -4.900097e-05  3.029471e-09   6.18e-05  
1379     -3.982645e-05  -3.900304e-05  8.234081e-07   2.07e-02  
1380     2.157006e-05   2.260801e-05   1.037947e-06   4.81e-02  
1381     -2.631319e-05  -2.486321e-05  1.449975e-06   5.51e-02  
1382     -5.688201e-05  -5.730064e-05  4.186326e-07   7.36e-03  
1383     -6.166585e-05  -6.166622e-05  3.755713e-10   6.09e-06  
1384     -1.042478e-04  -1.042452e-04  2.568018e-09   2.46e-05  
1385     -1.476957e-04  -1.476938e-04  1.841222e-09   1.25e-05  
1386     -1.157564e-04  -1.157594e-04  2.972180e-09   2.57e-05  
1387     -4.555279e-05  -4.555426e-05  1.472006e-09   3.23e-05  
1388     -6.782526e-06  -6.780341e-06  2.185138e-09   3.22e-04  
1389     -1.170251e-05  -1.170140e-05  1.116174e-09   9.54e-05  
1390     -1.015175e-05  -1.015372e-05  1.972261e-09   1.94e-04  
1391     4.191650e-05   4.191760e-05   1.096215e-09   2.62e-05  
1392     3.207057e-05   3.206837e-05   2.202056e-09   6.87e-05  
1393     2.157102e-05   2.156849e-05   2.529122e-09   1.17e-04  
1394     6.699436e-05   6.699337e-05   9.880909e-10   1.47e-05  
1395     3.120191e-05   3.120191e-05   2.884118e-12   9.24e-08  
1396     -7.397624e-05  -7.397029e-05  5.950075e-09   8.04e-05  
1397     -6.361973e-05  -6.362173e-05  1.998025e-09   3.14e-05  
1398     -3.024057e-05  -3.024307e-05  2.507323e-09   8.29e-05  
1399     -2.435712e-05  -2.358278e-05  7.743410e-07   3.18e-02  
1400     2.022879e-05   2.098206e-05   7.532708e-07   3.72e-02  
1401     -1.679988e-05  -1.567585e-05  1.124032e-06   6.69e-02  
1402     -4.958212e-05  -4.977449e-05  1.923691e-07   3.88e-03  
1403     -6.625182e-05  -6.625438e-05  2.559983e-09   3.86e-05  
1404     -7.848479e-05  -7.848320e-05  1.593219e-09   2.03e-05  
1405     -8.664267e-05  -8.664472e-05  2.054785e-09   2.37e-05  
1406     -6.702328e-05  -6.702164e-05  1.637447e-09   2.44e-05  
1407     -5.806097e-05  -5.806153e-05  5.585861e-10   9.62e-06  
1408     -4.173142e-05  -4.172990e-05  1.516787e-09   3.63e-05  
1409     -2.455132e-06  -2.457003e-06  1.871567e-09   7.62e-04  
1410     9.144636e-06   9.145120e-06   4.845083e-10   5.30e-05  
1411     3.186218e-05   3.186036e-05   1.820136e-09   5.71e-05  
1412     3.434405e-06   3.433576e-06   8.289977e-10   2.41e-04  
1413     -3.169664e-06  -3.163747e-06  5.917023e-09   1.87e-03  
1414     6.098722e-05   6.098726e-05   4.075677e-11   6.68e-07  
1415     4.133267e-05   4.133602e-05   3.354224e-09   8.12e-05  
1416     -3.977212e-05  -3.977274e-05  6.194570e-10   1.56e-05  
1417     -2.909872e-05  -2.909363e-05  5.090232e-09   1.75e-04  
1418     -3.175960e-05  -3.175506e-05  4.540096e-09   1.43e-04  
1419     -5.579016e-06  -5.559277e-06  1.973811e-08   3.54e-03  
1420     1.549229e-06   2.182308e-06   6.330791e-07   4.09e-01  
1421     -7.784596e-06  -7.080514e-06  7.040820e-07   9.04e-02  
1422     -3.869748e-05  -3.873680e-05  3.932958e-08   1.02e-03  
1423     -8.304616e-05  -8.304835e-05  2.192137e-09   2.64e-05  
1424     -8.076968e-05  -8.076958e-05  9.531466e-11   1.18e-06  
1425     -3.240544e-05  -3.240710e-05  1.654329e-09   5.11e-05  
1426     7.430719e-06   7.429746e-06   9.737028e-10   1.31e-04  
1427     -3.734142e-05  -3.733999e-05  1.430801e-09   3.83e-05  
1428     -1.253074e-04  -1.253057e-04  1.733614e-09   1.38e-05  
1429     -1.388876e-04  -1.388878e-04  2.665173e-10   1.92e-06  
1430     -7.029932e-05  -7.030267e-05  3.346440e-09   4.76e-05  
1431     1.514224e-05   1.514099e-05   1.249590e-09   8.25e-05  
1432     1.271770e-05   1.271581e-05   1.895032e-09   1.49e-04  
1433     -5.470891e-06  -5.466252e-06  4.638704e-09   8.48e-04  
1434     5.068068e-05   5.067844e-05   2.231684e-09   4.40e-05  
1435     -6.212949e-06  -6.218319e-06  5.370508e-09   8.64e-04  
1436     -3.115835e-05  -3.115768e-05  6.719452e-10   2.16e-05  
1437     1.323228e-04   1.323201e-04   2.713886e-09   2.05e-05  
1438     -3.247977e-05  -3.247773e-05  2.044484e-09   6.29e-05  
1439     -1.359174e-05  -1.358859e-05  3.149382e-09   2.32e-04  
1440     6.881390e-06   4.546157e-06   2.335233e-06   3.39e-01  
1441     -2.046590e-06  -1.827438e-06  2.191513e-07   1.07e-01  
1442     -2.386524e-05  -2.386664e-05  1.394497e-09   5.84e-05  
1443     -9.091770e-05  -9.091681e-05  8.876403e-10   9.76e-06  
1444     -1.238496e-04  -1.238492e-04  4.834775e-10   3.90e-06  
1445     -3.858236e-05  -3.858366e-05  1.303765e-09   3.38e-05  
1446     4.106343e-05   4.106724e-05   3.807225e-09   9.27e-05  
1447     2.919815e-05   2.919706e-05   1.085075e-09   3.72e-05  
1448     -1.212935e-04  -1.212974e-04  3.882694e-09   3.20e-05  
1449     -2.926319e-04  -2.926330e-04  1.041508e-09   3.56e-06  
1450     -2.493771e-04  -2.493762e-04  9.319295e-10   3.74e-06  
1451     -1.206507e-04  -1.206526e-04  1.877637e-09   1.56e-05  
1452     -3.098321e-05  -3.098608e-05  2.871689e-09   9.27e-05  
1453     4.390961e-05   4.391106e-05   1.451315e-09   3.31e-05  
1454     4.118571e-05   4.118244e-05   3.270828e-09   7.94e-05  
1455     -8.253876e-05  -8.254195e-05  3.186409e-09   3.86e-05  
1456     4.106052e-07   4.112510e-07   6.457977e-10   1.57e-03  
1457     1.657534e-04   1.657533e-04   4.455280e-11   2.69e-07  
1458     -1.592572e-05  -1.592555e-05  1.710645e-10   1.07e-05  
1459     -1.926130e-04  -1.939294e-04  1.316479e-06   6.83e-03  
1460     -7.651688e-05  -6.830113e-05  8.215746e-06   1.07e-01  
1461     -4.280036e-07  -3.575806e-07  7.042294e-08   1.65e-01  
1462     -1.326999e-05  -1.327086e-05  8.724555e-10   6.57e-05  
1463     -8.370262e-05  -8.370229e-05  3.342599e-10   3.99e-06  
1464     -1.752067e-04  -1.752085e-04  1.801236e-09   1.03e-05  
1465     -9.509209e-05  -9.509285e-05  7.542051e-10   7.93e-06  
1466     2.148549e-05   2.148246e-05   3.031978e-09   1.41e-04  
1467     6.946405e-05   6.946126e-05   2.787181e-09   4.01e-05  
1468     -2.361117e-05  -2.360702e-05  4.156730e-09   1.76e-04  
1469     -2.680552e-04  -2.680556e-04  3.537152e-10   1.32e-06  
1470     -3.807529e-04  -3.807528e-04  1.295529e-10   3.40e-07  
1471     -3.439301e-04  -3.439279e-04  2.240179e-09   6.51e-06  
1472     -1.758583e-04  -1.758639e-04  5.612245e-09   3.19e-05  
1473     -4.537020e-06  -4.537399e-06  3.789968e-10   8.35e-05  
1474     -4.804549e-05  -4.804433e-05  1.165209e-09   2.43e-05  
1475     1.057918e-04   1.057955e-04   3.749397e-09   3.54e-05  
1476     -2.590233e-04  -2.590214e-04  1.876867e-09   7.25e-06  
1477     -4.339808e-04  -4.339750e-04  5.832046e-09   1.34e-05  
1478     2.307115e-04   2.307116e-04   9.116145e-11   3.95e-07  
1479     1.923683e-04   1.952173e-04   2.849062e-06   1.48e-02  
1480     1.116722e-04   1.085932e-04   3.079059e-06   2.76e-02  
1481     -5.571092e-07  -5.333023e-07  2.380695e-08   4.27e-02  
1482     -3.826935e-06  -3.813532e-06  1.340308e-08   3.50e-03  
1483     -4.722266e-05  -4.722038e-05  2.285794e-09   4.84e-05  
1484     -1.639598e-04  -1.639596e-04  2.420867e-10   1.48e-06  
1485     -1.662811e-04  -1.662813e-04  1.889968e-10   1.14e-06  
1486     -4.709842e-05  -4.710181e-05  3.388523e-09   7.19e-05  
1487     4.984597e-05   4.984066e-05   5.311910e-09   1.07e-04  
1488     5.265988e-05   5.265766e-05   2.214264e-09   4.20e-05  
1489     -1.055435e-04  -1.055482e-04  4.654619e-09   4.41e-05  
1490     -3.363736e-04  -3.363719e-04  1.774050e-09   5.27e-06  
1491     -3.714425e-04  -3.714400e-04  2.529193e-09   6.81e-06  
1492     -2.306875e-04  -2.306890e-04  1.477682e-09   6.41e-06  
1493     -2.535701e-04  -2.535662e-04  3.871562e-09   1.53e-05  
1494     -8.947618e-05  -8.947698e-05  8.058352e-10   9.01e-06  
1495     4.850138e-04   4.850174e-04   3.638568e-09   7.50e-06  
1496     7.968978e-05   7.969279e-05   3.007761e-09   3.77e-05  
1497     -1.937868e-04  -1.937884e-04  1.568462e-09   8.09e-06  
1498     -1.827290e-04  -1.827300e-04  1.015216e-09   5.56e-06  
1499     2.599625e-05   2.661845e-05   6.221959e-07   2.39e-02  
1500     6.890623e-05   6.563727e-05   3.268958e-06   4.74e-02  
1501     -2.951682e-06  -2.910343e-06  4.133872e-08   1.40e-02  
1502     -1.862391e-06  -1.964797e-06  1.024062e-07   5.50e-02  
1503     -9.691056e-06  -9.691925e-06  8.687370e-10   8.96e-05  
1504     -9.450710e-05  -9.450891e-05  1.809635e-09   1.91e-05  
1505     -1.999733e-04  -1.999720e-04  1.279808e-09   6.40e-06  
1506     -1.669665e-04  -1.669677e-04  1.216702e-09   7.29e-06  
1507     -4.056160e-05  -4.056168e-05  7.946384e-11   1.96e-06  
1508     1.231886e-05   1.232030e-05   1.445241e-09   1.17e-04  
1509     -4.846235e-05  -4.846083e-05  1.518586e-09   3.13e-05  
1510     -2.493944e-04  -2.493980e-04  3.634967e-09   1.46e-05  
1511     -2.954167e-04  -2.954172e-04  5.869610e-10   1.99e-06  
1512     -2.497786e-04  -2.497765e-04  2.143819e-09   8.58e-06  
1513     1.255343e-04   1.255347e-04   3.942201e-10   3.14e-06  
1514     3.620597e-04   3.620623e-04   2.573759e-09   7.11e-06  
1515     -1.216752e-05  -1.216867e-05  1.146595e-09   9.42e-05  
1516     -3.329530e-04  -3.329502e-04  2.767060e-09   8.31e-06  
1517     -2.862242e-05  -2.862682e-05  4.393828e-09   1.54e-04  
1518     -2.148991e-05  -2.149240e-05  2.495217e-09   1.16e-04  
1519     6.620982e-05   6.637533e-05   1.655089e-07   2.50e-03  
1520     2.009748e-05   1.864775e-05   1.449728e-06   7.21e-02  
1521     -1.714146e-07  -1.661893e-07  5.225280e-09   3.05e-02  
1522     -6.181693e-07  -6.472090e-07  2.903962e-08   4.70e-02  
1523     -7.787049e-06  -7.784902e-06  2.147307e-09   2.76e-04  
1524     -4.852231e-05  -4.851735e-05  4.966360e-09   1.02e-04  
1525     -1.107223e-04  -1.107222e-04  1.015297e-10   9.17e-07  
1526     -1.078982e-04  -1.078981e-04  1.145554e-10   1.06e-06  
1527     -4.179110e-06  -4.175527e-06  3.583000e-09   8.57e-04  
1528     -5.725040e-05  -5.724750e-05  2.900993e-09   5.07e-05  
1529     -8.489095e-05  -8.488808e-05  2.866763e-09   3.38e-05  
1530     -2.362814e-05  -2.362934e-05  1.197606e-09   5.07e-05  
1531     -2.935291e-04  -2.935305e-04  1.432009e-09   4.88e-06  
1532     4.037799e-05   4.038148e-05   3.483561e-09   8.63e-05  
1533     3.026905e-04   3.026956e-04   5.104881e-09   1.69e-05  
1534     1.353837e-04   1.353817e-04   2.002492e-09   1.48e-05  
1535     -2.626990e-04  -2.626972e-04  1.842364e-09   7.01e-06  
1536     -8.444665e-05  -8.444733e-05  6.811289e-10   8.07e-06  
1537     6.795146e-05   6.794883e-05   2.631289e-09   3.87e-05  
1538     4.906249e-05   4.906010e-05   2.391261e-09   4.87e-05  
1539     2.274692e-05   2.276232e-05   1.539279e-08   6.77e-04  
1540     3.137886e-06   2.957710e-06   1.801759e-07   5.74e-02  
1541     3.236021e-06   3.208813e-06   2.720818e-08   8.41e-03  
1542     8.268730e-06   8.451100e-06   1.823701e-07   2.21e-02  
1543     -1.491969e-06  -1.490978e-06  9.901072e-10   6.64e-04  
1544     -2.357949e-05  -2.357880e-05  6.938281e-10   2.94e-05  
1545     -8.449907e-05  -8.450282e-05  3.755891e-09   4.44e-05  
1546     -1.418844e-04  -1.418895e-04  5.103697e-09   3.60e-05  
1547     -4.597893e-05  -4.598179e-05  2.851869e-09   6.20e-05  
1548     -1.074999e-04  -1.075013e-04  1.406240e-09   1.31e-05  
1549     -7.870723e-05  -7.870740e-05  1.690863e-10   2.15e-06  
1550     -4.501362e-05  -4.501425e-05  6.252238e-10   1.39e-05  
1551     -5.114067e-04  -5.114073e-04  6.572467e-10   1.29e-06  
1552     4.013427e-04   4.013422e-04   5.445735e-10   1.36e-06  
1553     5.957958e-05   5.957995e-05   3.618659e-10   6.07e-06  
1554     -1.454179e-04  -1.454171e-04  7.295457e-10   5.02e-06  
1555     -6.908840e-05  -6.909198e-05  3.579826e-09   5.18e-05  
1556     4.657651e-05   4.657578e-05   7.322317e-10   1.57e-05  
1557     3.324098e-05   3.324294e-05   1.960294e-09   5.90e-05  
1558     1.656146e-05   1.655985e-05   1.608502e-09   9.71e-05  
1559     2.518265e-06   2.526037e-06   7.772124e-09   3.09e-03  
1560     3.543685e-07   3.358802e-07   1.848833e-08   5.22e-02  
1561     4.175634e-06   3.538407e-06   6.372266e-07   1.53e-01  
1562     8.801143e-06   7.810694e-06   9.904484e-07   1.13e-01  
1563     3.943572e-07   5.874634e-07   1.931062e-07   4.90e-01  
1564     2.343954e-05   2.248422e-05   9.553217e-07   4.08e-02  
1565     -5.040268e-06  -6.460934e-06  1.420666e-06   2.82e-01  
1566     -5.062277e-05  -4.408927e-05  6.533501e-06   1.29e-01  
1567     6.783926e-05   6.387466e-05   3.964598e-06   5.84e-02  
1568     2.199710e-05   2.168938e-05   3.077233e-07   1.40e-02  
1569     -7.436568e-05  -7.299229e-05  1.373383e-06   1.85e-02  
1570     4.299619e-05   4.305089e-05   5.470312e-08   1.27e-03  
1571     1.077039e-04   1.106328e-04   2.928897e-06   2.72e-02  
1572     1.189956e-04   1.148005e-04   4.195108e-06   3.53e-02  
1573     -8.844698e-05  -8.781927e-05  6.277082e-07   7.10e-03  
1574     1.748804e-05   1.789124e-05   4.032003e-07   2.31e-02  
1575     3.340431e-05   3.353749e-05   1.331784e-07   3.99e-03  
1576     2.999980e-05   3.001105e-05   1.124733e-08   3.75e-04  
1577     1.071158e-05   1.070996e-05   1.621172e-09   1.51e-04  
1578     2.030737e-06   2.030047e-06   6.895777e-10   3.40e-04  
1579     3.263468e-07   3.243250e-07   2.021763e-09   6.20e-03  
1580     4.532973e-08   4.287459e-08   2.455134e-09   5.42e-02  
1581     -3.539600e-06  -2.181095e-06  1.358505e-06   3.84e-01  
1582     -1.101983e-05  -1.165620e-05  6.363729e-07   5.77e-02  
1583     -1.293332e-05  -1.229611e-05  6.372149e-07   4.93e-02  
1584     -2.626992e-05  -2.730521e-05  1.035296e-06   3.94e-02  
1585     1.912246e-05   1.721062e-05   1.911836e-06   1.00e-01  
1586     8.118187e-05   8.732597e-05   6.144106e-06   7.57e-02  
1587     -1.170629e-05  -1.765118e-05  5.944884e-06   5.08e-01  
1588     -2.153550e-05  -2.235885e-05  8.233449e-07   3.82e-02  
1589     7.270939e-06   1.078027e-05   3.509331e-06   4.83e-01  
1590     2.933959e-05   2.992595e-05   5.863652e-07   2.00e-02  
1591     1.115967e-04   1.024998e-04   9.096852e-06   8.15e-02  
1592     -1.091909e-04  -1.054773e-04  3.713578e-06   3.40e-02  
1593     -1.519733e-05  -1.476776e-05  4.295750e-07   2.83e-02  
1594     2.493016e-05   2.377533e-05   1.154828e-06   4.63e-02  
1595     1.523636e-05   1.406663e-05   1.169726e-06   7.68e-02  
1596     5.431603e-06   4.891973e-06   5.396293e-07   9.93e-02  
1597     1.026546e-06   9.024625e-07   1.240838e-07   1.21e-01  
1598     1.304556e-07   1.107892e-07   1.966644e-08   1.51e-01  
1599     2.106021e-08   1.354472e-08   7.515493e-09   3.57e-01  
1600     -2.366537e-09  -1.463274e-09  9.032630e-10   3.82e-01  

--- dc/dx: Compliance sensitivity w.r.t. density ---
Element AnalyticValue Numericvalue Abs.Err Rel.Err
1        -5.624691e+00  -5.391185e+00  2.335054e-01   4.15e-02  
2        -5.179757e+00  -5.305569e+00  1.258119e-01   2.43e-02  
3        -4.533911e+00  -4.470826e+00  6.308464e-02   1.39e-02  
4        -4.043970e+00  -3.984825e+00  5.914449e-02   1.46e-02  
5        -3.784713e+00  -3.729299e+00  5.541438e-02   1.46e-02  
6        -3.807795e+00  -3.753027e+00  5.476868e-02   1.44e-02  
7        -4.036446e+00  -3.979152e+00  5.729451e-02   1.42e-02  
8        -4.402584e+00  -4.341114e+00  6.146972e-02   1.40e-02  
9        -4.739547e+00  -4.674234e+00  6.531289e-02   1.38e-02  
10       -4.966880e+00  -4.897327e+00  6.955281e-02   1.40e-02  
11       -5.115351e+00  -5.041396e+00  7.395495e-02   1.45e-02  
12       -5.227174e+00  -5.149608e+00  7.756662e-02   1.48e-02  
13       -5.317198e+00  -5.235907e+00  8.129103e-02   1.53e-02  
14       -5.362482e+00  -5.277859e+00  8.462235e-02   1.58e-02  
15       -5.393944e+00  -5.306272e+00  8.767239e-02   1.63e-02  
16       -5.398928e+00  -5.308753e+00  9.017508e-02   1.67e-02  
17       -5.400635e+00  -5.307172e+00  9.346311e-02   1.73e-02  
18       -5.396887e+00  -5.302436e+00  9.445077e-02   1.75e-02  
19       -5.368486e+00  -5.272486e+00  9.599970e-02   1.79e-02  
20       -5.339259e+00  -5.242135e+00  9.712372e-02   1.82e-02  
21       -5.350269e+00  -5.252184e+00  9.808515e-02   1.83e-02  
22       -5.360526e+00  -5.259503e+00  1.010231e-01   1.88e-02  
23       -5.385216e+00  -5.284642e+00  1.005745e-01   1.87e-02  
24       -5.371426e+00  -5.269813e+00  1.016131e-01   1.89e-02  
25       -5.263175e+00  -5.156318e+00  1.068570e-01   2.03e-02  
26       -5.013143e+00  -4.905810e+00  1.073330e-01   2.14e-02  
27       -4.608104e+00  -4.505363e+00  1.027411e-01   2.23e-02  
28       -4.084755e+00  -3.987525e+00  9.722991e-02   2.38e-02  
29       -3.530155e+00  -3.438035e+00  9.211998e-02   2.61e-02  
30       -3.036304e+00  -2.949926e+00  8.637883e-02   2.84e-02  
31       -2.456284e+00  -2.378378e+00  7.790529e-02   3.17e-02  
32       -1.810705e+00  -1.749669e+00  6.103625e-02   3.37e-02  
33       -1.261107e+00  -1.216451e+00  4.465669e-02   3.54e-02  
34       -8.740224e-01  -8.389679e-01  3.505446e-02   4.01e-02  
35       -5.882999e-01  -5.610553e-01  2.724468e-02   4.63e-02  
36       -3.666074e-01  -3.476770e-01  1.893036e-02   5.16e-02  
37       -2.084352e-01  -1.965905e-01  1.184463e-02   5.68e-02  
38       -1.109630e-01  -1.045889e-01  6.374114e-03   5.74e-02  
39       -5.828967e-02  -5.510425e-02  3.185423e-03   5.46e-02  
40       -3.211341e-02  -3.049209e-02  1.621319e-03   5.05e-02  
41       -1.944982e-02  -1.854462e-02  9.052008e-04   4.65e-02  
42       -1.205883e-02  -1.152570e-02  5.331329e-04   4.42e-02  
43       -7.060643e-03  -6.749643e-03  3.109999e-04   4.40e-02  
44       -4.006760e-03  -3.819658e-03  1.871021e-04   4.67e-02  
45       -2.171792e-03  -2.059398e-03  1.123933e-04   5.18e-02  
46       -1.134799e-03  -1.069171e-03  6.562801e-05   5.78e-02  
47       -5.612816e-04  -5.254537e-04  3.582789e-05   6.38e-02  
48       -2.436058e-04  -2.267518e-04  1.685395e-05   6.92e-02  
49       -7.880790e-05  -7.253050e-05  6.277404e-06   7.97e-02  
50       -1.452613e-05  -1.050921e-05  4.016916e-06   2.77e-01  
51       -2.882421e+00  -3.008231e+00  1.258099e-01   4.36e-02  
52       -2.932847e+00  -3.103363e+00  1.705162e-01   5.81e-02  
53       -2.920026e+00  -3.020521e+00  1.004952e-01   3.44e-02  
54       -2.777516e+00  -2.866305e+00  8.878891e-02   3.20e-02  
55       -2.659355e+00  -2.742014e+00  8.265844e-02   3.11e-02  
56       -2.673099e+00  -2.757147e+00  8.404793e-02   3.14e-02  
57       -2.811053e+00  -2.900246e+00  8.919258e-02   3.17e-02  
58       -3.023468e+00  -3.122025e+00  9.855705e-02   3.26e-02  
59       -3.234792e+00  -3.341443e+00  1.066511e-01   3.30e-02  
60       -3.433678e+00  -3.544928e+00  1.112502e-01   3.24e-02  
61       -3.618756e+00  -3.732632e+00  1.138758e-01   3.15e-02  
62       -3.786657e+00  -3.902590e+00  1.159332e-01   3.06e-02  
63       -3.945613e+00  -4.063366e+00  1.177536e-01   2.98e-02  
64       -4.084265e+00  -4.202171e+00  1.179063e-01   2.89e-02  
65       -4.213592e+00  -4.331926e+00  1.183343e-01   2.81e-02  
66       -4.329794e+00  -4.447707e+00  1.179123e-01   2.72e-02  
67       -4.449362e+00  -4.566458e+00  1.170965e-01   2.63e-02  
68       -4.519690e+00  -4.636945e+00  1.172556e-01   2.59e-02  
69       -4.579441e+00  -4.695479e+00  1.160380e-01   2.53e-02  
70       -4.628344e+00  -4.742988e+00  1.146439e-01   2.48e-02  
71       -4.691104e+00  -4.806650e+00  1.155461e-01   2.46e-02  
72       -4.779832e+00  -4.894226e+00  1.143939e-01   2.39e-02  
73       -4.818572e+00  -4.934443e+00  1.158709e-01   2.40e-02  
74       -4.886712e+00  -5.002468e+00  1.157562e-01   2.37e-02  
75       -5.015620e+00  -5.127395e+00  1.117747e-01   2.23e-02  
76       -4.999339e+00  -5.104979e+00  1.056406e-01   2.11e-02  
77       -4.797775e+00  -4.894142e+00  9.636770e-02   2.01e-02  
78       -4.512143e+00  -4.596259e+00  8.411603e-02   1.86e-02  
79       -4.232002e+00  -4.302148e+00  7.014607e-02   1.66e-02  
80       -3.949252e+00  -4.009660e+00  6.040759e-02   1.53e-02  
81       -3.524536e+00  -3.571296e+00  4.675990e-02   1.33e-02  
82       -2.849963e+00  -2.883300e+00  3.333639e-02   1.17e-02  
83       -2.170988e+00  -2.193596e+00  2.260777e-02   1.04e-02  
84       -1.649043e+00  -1.663955e+00  1.491269e-02   9.04e-03  
85       -1.275495e+00  -1.284805e+00  9.309716e-03   7.30e-03  
86       -9.145511e-01  -9.199584e-01  5.407362e-03   5.91e-03  
87       -6.161870e-01  -6.189354e-01  2.748482e-03   4.46e-03  
88       -3.564697e-01  -3.579470e-01  1.477243e-03   4.14e-03  
89       -1.879421e-01  -1.887405e-01  7.984024e-04   4.25e-03  
90       -9.554810e-02  -9.601669e-02  4.685811e-04   4.90e-03  
91       -4.993947e-02  -5.024833e-02  3.088565e-04   6.18e-03  
92       -2.801955e-02  -2.821651e-02  1.969608e-04   7.03e-03  
93       -1.616726e-02  -1.627824e-02  1.109814e-04   6.86e-03  
94       -9.531922e-03  -9.593664e-03  6.174235e-05   6.48e-03  
95       -5.645554e-03  -5.675043e-03  2.948972e-05   5.22e-03  
96       -3.309242e-03  -3.323203e-03  1.396169e-05   4.22e-03  
97       -1.878960e-03  -1.883657e-03  4.696628e-06   2.50e-03  
98       -9.913226e-04  -9.926305e-04  1.307885e-06   1.32e-03  
99       -4.293186e-04  -4.303371e-04  1.018447e-06   2.37e-03  
100      -1.300541e-04  -1.234707e-04  6.583400e-06   5.06e-02  
101      -5.795871e-01  -5.698074e-01  9.779721e-03   1.69e-02  
102      -7.567053e-01  -7.609185e-01  4.213253e-03   5.57e-03  
103      -1.008926e+00  -1.008928e+00  1.507600e-06   1.49e-06  
104      -1.208836e+00  -1.208836e+00  7.427824e-07   6.14e-07  
105      -1.372497e+00  -1.372496e+00  1.240707e-06   9.04e-07  
106      -1.533280e+00  -1.533281e+00  4.249513e-07   2.77e-07  
107      -1.706863e+00  -1.706863e+00  2.842461e-07   1.67e-07  
108      -1.870842e+00  -1.870841e+00  8.893832e-07   4.75e-07  
109      -2.036622e+00  -2.036622e+00  3.949947e-07   1.94e-07  
110      -2.216773e+00  -2.216773e+00  1.885329e-07   8.50e-08  
111      -2.392898e+00  -2.392897e+00  1.157312e-06   4.84e-07  
112      -2.567121e+00  -2.567121e+00  6.706955e-07   2.61e-07  
113      -2.735530e+00  -2.735530e+00  4.273694e-07   1.56e-07  
114      -2.898679e+00  -2.898680e+00  1.172843e-06   4.05e-07  
115      -3.064194e+00  -3.064194e+00  1.645767e-07   5.37e-08  
116      -3.242363e+00  -3.242362e+00  1.163145e-06   3.59e-07  
117      -3.434747e+00  -3.434746e+00  9.173655e-07   2.67e-07  
118      -3.574410e+00  -3.574410e+00  8.166911e-07   2.28e-07  
119      -3.711136e+00  -3.711136e+00  3.827280e-07   1.03e-07  
120      -3.823021e+00  -3.823021e+00  7.672997e-08   2.01e-08  
121      -3.915445e+00  -3.915446e+00  1.043395e-06   2.66e-07  
122      -4.060751e+00  -4.060751e+00  2.057650e-07   5.07e-08  
123      -4.170201e+00  -4.170202e+00  3.985499e-07   9.56e-08  
124      -4.278895e+00  -4.278896e+00  1.072697e-06   2.51e-07  
125      -4.442217e+00  -4.442218e+00  2.281476e-07   5.14e-08  
126      -4.523550e+00  -4.523549e+00  1.396046e-06   3.09e-07  
127      -4.440165e+00  -4.440166e+00  1.055352e-06   2.38e-07  
128      -4.249200e+00  -4.249202e+00  2.482732e-06   5.84e-07  
129      -4.134933e+00  -4.134934e+00  1.210923e-06   2.93e-07  
130      -4.078968e+00  -4.078967e+00  1.852401e-06   4.54e-07  
131      -3.970799e+00  -3.970798e+00  1.063517e-06   2.68e-07  
132      -3.612783e+00  -3.612781e+00  2.353764e-06   6.52e-07  
133      -3.045951e+00  -3.045951e+00  4.912654e-07   1.61e-07  
134      -2.406763e+00  -2.406764e+00  6.170846e-07   2.56e-07  
135      -2.002703e+00  -2.002703e+00  4.313217e-07   2.15e-07  
136      -1.598037e+00  -1.598036e+00  1.541049e-06   9.64e-07  
137      -1.297017e+00  -1.297015e+00  1.446852e-06   1.12e-06  
138      -8.838676e-01  -8.838701e-01  2.441229e-06   2.76e-06  
139      -5.212153e-01  -5.212160e-01  7.460483e-07   1.43e-06  
140      -2.759450e-01  -2.759448e-01  2.494131e-07   9.04e-07  
141      -1.326576e-01  -1.326545e-01  3.116504e-06   2.35e-05  
142      -6.380791e-02  -6.380889e-02  9.871806e-07   1.55e-05  
143      -3.286909e-02  -3.286997e-02  8.763891e-07   2.67e-05  
144      -1.833508e-02  -1.833591e-02  8.371719e-07   4.57e-05  
145      -1.086348e-02  -1.086327e-02  2.120108e-07   1.95e-05  
146      -6.626793e-03  -6.627041e-03  2.473309e-07   3.73e-05  
147      -4.043320e-03  -4.042213e-03  1.106757e-06   2.74e-04  
148      -2.396856e-03  -2.397766e-03  9.105757e-07   3.80e-04  
149      -1.237222e-03  -1.243273e-03  6.051096e-06   4.89e-03  
150      -5.266069e-04  -5.028335e-04  2.377341e-05   4.51e-02  
151      -3.334347e-02  -3.318136e-02  1.621068e-04   4.86e-03  
152      -7.059567e-02  -7.062225e-02  2.658792e-05   3.77e-04  
153      -1.380606e-01  -1.380592e-01  1.423313e-06   1.03e-05  
154      -2.143995e-01  -2.143988e-01  7.273579e-07   3.39e-06  
155      -3.060609e-01  -3.060588e-01  2.107385e-06   6.89e-06  
156      -4.148240e-01  -4.148222e-01  1.747764e-06   4.21e-06  
157      -5.455024e-01  -5.455012e-01  1.215143e-06   2.23e-06  
158      -6.866529e-01  -6.866538e-01  8.735527e-07   1.27e-06  
159      -8.528867e-01  -8.528887e-01  2.009141e-06   2.36e-06  
160      -1.042892e+00  -1.042892e+00  4.514088e-07   4.33e-07  
161      -1.232873e+00  -1.232873e+00  3.491086e-07   2.83e-07  
162      -1.426471e+00  -1.426473e+00  1.609044e-06   1.13e-06  
163      -1.614272e+00  -1.614272e+00  1.929474e-07   1.20e-07  
164      -1.793272e+00  -1.793273e+00  1.005164e-06   5.61e-07  
165      -1.971847e+00  -1.971846e+00  9.008281e-07   4.57e-07  
166      -2.166100e+00  -2.166101e+00  1.056836e-06   4.88e-07  
167      -2.359798e+00  -2.359799e+00  9.582499e-07   4.06e-07  
168      -2.538785e+00  -2.538785e+00  3.928372e-08   1.55e-08  
169      -2.709535e+00  -2.709536e+00  1.177409e-06   4.35e-07  
170      -2.833667e+00  -2.833665e+00  1.722857e-06   6.08e-07  
171      -2.895740e+00  -2.895738e+00  1.710430e-06   5.91e-07  
172      -2.968748e+00  -2.968747e+00  1.260938e-06   4.25e-07  
173      -3.084094e+00  -3.084095e+00  1.184733e-06   3.84e-07  
174      -3.139778e+00  -3.139777e+00  4.942800e-07   1.57e-07  
175      -3.209100e+00  -3.209098e+00  1.228996e-06   3.83e-07  
176      -3.332107e+00  -3.332108e+00  9.400877e-07   2.82e-07  
177      -3.262972e+00  -3.262972e+00  1.046724e-07   3.21e-08  
178      -2.965646e+00  -2.965645e+00  4.940104e-07   1.67e-07  
179      -2.804942e+00  -2.804944e+00  1.873515e-06   6.68e-07  
180      -2.896604e+00  -2.896604e+00  4.597320e-07   1.59e-07  
181      -3.106693e+00  -3.106691e+00  2.565133e-06   8.26e-07  
182      -3.189827e+00  -3.189828e+00  6.716503e-07   2.11e-07  
183      -2.994012e+00  -2.994014e+00  1.410354e-06   4.71e-07  
184      -2.579889e+00  -2.579888e+00  1.152705e-06   4.47e-07  
185      -2.412184e+00  -2.412184e+00  1.894490e-07   7.85e-08  
186      -2.164378e+00  -2.164375e+00  2.702990e-06   1.25e-06  
187      -2.069667e+00  -2.069667e+00  2.972121e-08   1.44e-08  
188      -1.688633e+00  -1.688633e+00  7.538355e-08   4.46e-08  
189      -1.147676e+00  -1.147677e+00  1.419050e-06   1.24e-06  
190      -6.805390e-01  -6.805385e-01  5.040838e-07   7.41e-07  
191      -3.481087e-01  -3.481091e-01  4.388884e-07   1.26e-06  
192      -1.604230e-01  -1.604237e-01  7.183821e-07   4.48e-06  
193      -7.090272e-02  -7.090137e-02  1.348999e-06   1.90e-05  
194      -3.366286e-02  -3.366247e-02  3.890536e-07   1.16e-05  
195      -1.838255e-02  -1.838238e-02  1.670161e-07   9.09e-06  
196      -1.101317e-02  -1.101383e-02  6.592527e-07   5.99e-05  
197      -6.936756e-03  -6.938691e-03  1.934582e-06   2.79e-04  
198      -4.354597e-03  -4.352259e-03  2.338330e-06   5.37e-04  
199      -2.487258e-03  -2.509744e-03  2.248648e-05   9.04e-03  
200      -1.312536e-03  -1.263505e-03  4.903089e-05   3.74e-02  
201      -1.909611e-03  -1.883778e-03  2.583341e-05   1.35e-02  
202      -2.447150e-03  -2.484002e-03  3.685239e-05   1.51e-02  
203      -5.925073e-03  -5.927632e-03  2.559339e-06   4.32e-04  
204      -1.621916e-02  -1.621647e-02  2.690663e-06   1.66e-04  
205      -3.721874e-02  -3.722038e-02  1.639342e-06   4.40e-05  
206      -7.115580e-02  -7.115441e-02  1.382779e-06   1.94e-05  
207      -1.210845e-01  -1.210840e-01  4.804041e-07   3.97e-06  
208      -1.862255e-01  -1.862247e-01  7.521863e-07   4.04e-06  
209      -2.713564e-01  -2.713567e-01  2.999270e-07   1.11e-06  
210      -3.796310e-01  -3.796293e-01  1.741825e-06   4.59e-06  
211      -5.045484e-01  -5.045490e-01  6.080864e-07   1.21e-06  
212      -6.416266e-01  -6.416251e-01  1.587244e-06   2.47e-06  
213      -7.823653e-01  -7.823660e-01  6.958426e-07   8.89e-07  
214      -9.150617e-01  -9.150644e-01  2.681847e-06   2.93e-06  
215      -1.040439e+00  -1.040439e+00  2.377422e-07   2.29e-07  
216      -1.171891e+00  -1.171888e+00  2.883055e-06   2.46e-06  
217      -1.297043e+00  -1.297044e+00  8.198621e-07   6.32e-07  
218      -1.449176e+00  -1.449174e+00  2.039859e-06   1.41e-06  
219      -1.616453e+00  -1.616455e+00  2.488142e-06   1.54e-06  
220      -1.748892e+00  -1.748892e+00  5.312094e-07   3.04e-07  
221      -1.805718e+00  -1.805720e+00  2.164175e-06   1.20e-06  
222      -1.820104e+00  -1.820106e+00  2.399813e-06   1.32e-06  
223      -1.883258e+00  -1.883259e+00  7.127976e-07   3.78e-07  
224      -1.859079e+00  -1.859080e+00  1.079106e-06   5.80e-07  
225      -1.828004e+00  -1.828006e+00  1.300763e-06   7.12e-07  
226      -1.895312e+00  -1.895312e+00  1.375246e-07   7.26e-08  
227      -1.822922e+00  -1.822921e+00  5.617664e-07   3.08e-07  
228      -1.580693e+00  -1.580695e+00  1.710654e-06   1.08e-06  
229      -1.463633e+00  -1.463633e+00  3.994206e-07   2.73e-07  
230      -1.595117e+00  -1.595117e+00  9.669882e-08   6.06e-08  
231      -1.761712e+00  -1.761715e+00  2.286122e-06   1.30e-06  
232      -1.762618e+00  -1.762618e+00  6.510322e-07   3.69e-07  
233      -1.684227e+00  -1.684227e+00  8.601485e-07   5.11e-07  
234      -1.651977e+00  -1.651978e+00  6.155335e-07   3.73e-07  
235      -1.908998e+00  -1.908998e+00  6.414544e-07   3.36e-07  
236      -2.139466e+00  -2.139462e+00  3.442149e-06   1.61e-06  
237      -2.532213e+00  -2.532213e+00  2.545259e-07   1.01e-07  
238      -2.598912e+00  -2.598913e+00  8.567388e-07   3.30e-07  
239      -2.002222e+00  -2.002222e+00  5.504557e-07   2.75e-07  
240      -1.340294e+00  -1.340294e+00  1.975574e-07   1.47e-07  
241      -7.903224e-01  -7.903210e-01  1.423499e-06   1.80e-06  
242      -4.085841e-01  -4.085865e-01  2.359292e-06   5.77e-06  
243      -1.847194e-01  -1.847181e-01  1.304822e-06   7.06e-06  
244      -7.619469e-02  -7.619505e-02  3.597394e-07   4.72e-06  
245      -3.454659e-02  -3.454903e-02  2.445939e-06   7.08e-05  
246      -1.910824e-02  -1.910978e-02  1.539375e-06   8.06e-05  
247      -1.187840e-02  -1.187686e-02  1.542884e-06   1.30e-04  
248      -7.564377e-03  -7.564048e-03  3.285158e-07   4.34e-05  
249      -4.507231e-03  -4.551229e-03  4.399749e-05   9.76e-03  
250      -2.612976e-03  -2.525351e-03  8.762500e-05   3.35e-02  
251      -3.622777e-03  -3.566024e-03  5.675288e-05   1.57e-02  
252      -2.915083e-03  -2.999496e-03  8.441329e-05   2.90e-02  
253      -2.964234e-03  -2.965418e-03  1.184120e-06   3.99e-04  
254      -5.416166e-03  -5.415046e-03  1.120370e-06   2.07e-04  
255      -1.172366e-02  -1.172475e-02  1.086576e-06   9.27e-05  
256      -2.320083e-02  -2.319969e-02  1.138638e-06   4.91e-05  
257      -4.167459e-02  -4.167464e-02  4.420813e-08   1.06e-06  
258      -6.600543e-02  -6.600674e-02  1.310236e-06   1.99e-05  
259      -9.797596e-02  -9.797715e-02  1.190699e-06   1.22e-05  
260      -1.421675e-01  -1.421686e-01  1.096054e-06   7.71e-06  
261      -2.045646e-01  -2.045635e-01  1.087115e-06   5.31e-06  
262      -2.809143e-01  -2.809160e-01  1.665404e-06   5.93e-06  
263      -3.647522e-01  -3.647515e-01  7.264812e-07   1.99e-06  
264      -4.392890e-01  -4.392902e-01  1.263134e-06   2.88e-06  
265      -5.022866e-01  -5.022876e-01  1.038734e-06   2.07e-06  
266      -5.597513e-01  -5.597521e-01  8.151008e-07   1.46e-06  
267      -6.078502e-01  -6.078486e-01  1.576839e-06   2.59e-06  
268      -6.832911e-01  -6.832899e-01  1.125240e-06   1.65e-06  
269      -7.879913e-01  -7.879900e-01  1.279214e-06   1.62e-06  
270      -8.946831e-01  -8.946823e-01  7.502919e-07   8.39e-07  
271      -9.645416e-01  -9.645441e-01  2.504756e-06   2.60e-06  
272      -9.891826e-01  -9.891837e-01  1.079919e-06   1.09e-06  
273      -1.012394e+00  -1.012396e+00  1.560774e-06   1.54e-06  
274      -9.568764e-01  -9.568750e-01  1.375667e-06   1.44e-06  
275      -8.829895e-01  -8.829893e-01  1.493943e-07   1.69e-07  
276      -8.783064e-01  -8.783064e-01  6.735889e-08   7.67e-08  
277      -8.430573e-01  -8.430552e-01  2.105836e-06   2.50e-06  
278      -7.653046e-01  -7.653045e-01  1.155597e-07   1.51e-07  
279      -7.850048e-01  -7.850040e-01  7.996787e-07   1.02e-06  
280      -9.077523e-01  -9.077515e-01  7.508139e-07   8.27e-07  
281      -8.780675e-01  -8.780665e-01  9.530677e-07   1.09e-06  
282      -8.987757e-01  -8.987772e-01  1.485458e-06   1.65e-06  
283      -1.079871e+00  -1.079871e+00  7.949586e-07   7.36e-07  
284      -1.232296e+00  -1.232297e+00  7.858685e-07   6.38e-07  
285      -1.387358e+00  -1.387358e+00  2.123470e-07   1.53e-07  
286      -1.596186e+00  -1.596187e+00  6.438746e-07   4.03e-07  
287      -2.207356e+00  -2.207353e+00  2.164488e-06   9.81e-07  
288      -3.140509e+00  -3.140509e+00  4.036136e-07   1.29e-07  
289      -2.865191e+00  -2.865191e+00  7.803326e-08   2.72e-08  
290      -2.187412e+00  -2.187411e+00  8.085485e-07   3.70e-07  
291      -1.520340e+00  -1.520339e+00  1.777855e-06   1.17e-06  
292      -9.259104e-01  -9.259090e-01  1.404473e-06   1.52e-06  
293      -4.838634e-01  -4.838649e-01  1.488320e-06   3.08e-06  
294      -2.145391e-01  -2.145397e-01  6.205271e-07   2.89e-06  
295      -8.396733e-02  -8.396860e-02  1.268977e-06   1.51e-05  
296      -3.709094e-02  -3.708989e-02  1.048035e-06   2.83e-05  
297      -2.123237e-02  -2.123072e-02  1.651661e-06   7.78e-05  
298      -1.339786e-02  -1.339647e-02  1.387471e-06   1.04e-04  
299      -8.130458e-03  -8.211252e-03  8.079489e-05   9.94e-03  
300      -4.691152e-03  -4.533822e-03  1.573304e-04   3.35e-02  
301      -5.695300e-03  -5.588392e-03  1.069076e-04   1.88e-02  
302      -5.790514e-03  -5.906064e-03  1.155495e-04   2.00e-02  
303      -8.394457e-03  -8.394082e-03  3.755884e-07   4.47e-05  
304      -1.477714e-02  -1.477718e-02  4.343806e-08   2.94e-06  
305      -2.537195e-02  -2.537377e-02  1.814945e-06   7.15e-05  
306      -3.960763e-02  -3.960715e-02  4.797504e-07   1.21e-05  
307      -5.672845e-02  -5.672845e-02  1.023778e-09   1.80e-08  
308      -7.445229e-02  -7.445048e-02  1.814971e-06   2.44e-05  
309      -9.933546e-02  -9.933517e-02  2.880415e-07   2.90e-06  
310      -1.385852e-01  -1.385854e-01  1.813529e-07   1.31e-06  
311      -1.997972e-01  -1.997980e-01  7.864812e-07   3.94e-06  
312      -2.727881e-01  -2.727882e-01  6.082562e-08   2.23e-07  
313      -3.471771e-01  -3.471772e-01  1.596446e-07   4.60e-07  
314      -3.995337e-01  -3.995328e-01  9.517678e-07   2.38e-06  
315      -4.293696e-01  -4.293694e-01  2.495206e-07   5.81e-07  
316      -4.334856e-01  -4.334865e-01  9.470808e-07   2.18e-06  
317      -4.038367e-01  -4.038374e-01  6.305963e-07   1.56e-06  
318      -3.692788e-01  -3.692789e-01  2.608897e-08   7.06e-08  
319      -3.549183e-01  -3.549205e-01  2.201232e-06   6.20e-06  
320      -3.746165e-01  -3.746165e-01  2.400844e-08   6.41e-08  
321      -4.421632e-01  -4.421658e-01  2.659498e-06   6.01e-06  
322      -5.395518e-01  -5.395517e-01  1.394192e-08   2.58e-08  
323      -6.578938e-01  -6.578931e-01  7.216224e-07   1.10e-06  
324      -8.048767e-01  -8.048759e-01  8.215184e-07   1.02e-06  
325      -1.031074e+00  -1.031075e+00  4.881196e-07   4.73e-07  
326      -1.340319e+00  -1.340320e+00  1.308609e-06   9.76e-07  
327      -1.589801e+00  -1.589799e+00  1.899118e-06   1.19e-06  
328      -1.817901e+00  -1.817899e+00  1.574911e-06   8.66e-07  
329      -2.137823e+00  -2.137824e+00  4.433042e-07   2.07e-07  
330      -2.269409e+00  -2.269409e+00  6.525116e-08   2.88e-08  
331      -1.751667e+00  -1.751667e+00  1.759799e-07   1.00e-07  
332      -1.312906e+00  -1.312906e+00  8.160991e-09   6.22e-09  
333      -1.149275e+00  -1.149276e+00  5.905710e-07   5.14e-07  
334      -8.715887e-01  -8.715883e-01  4.448830e-07   5.10e-07  
335      -8.606888e-01  -8.606900e-01  1.135249e-06   1.32e-06  
336      -1.084803e+00  -1.084803e+00  3.766751e-07   3.47e-07  
337      -1.708542e+00  -1.708542e+00  4.897383e-07   2.87e-07  
338      -3.440595e+00  -3.440594e+00  1.211579e-06   3.52e-07  
339      -3.816654e+00  -3.816656e+00  2.327631e-06   6.10e-07  
340      -3.232113e+00  -3.232113e+00  1.807553e-07   5.59e-08  
341      -2.523032e+00  -2.523032e+00  6.762796e-07   2.68e-07  
342      -1.772807e+00  -1.772807e+00  6.461054e-07   3.64e-07  
343      -1.085633e+00  -1.085633e+00  1.639924e-07   1.51e-07  
344      -5.673386e-01  -5.673386e-01  1.452578e-08   2.56e-08  
345      -2.477456e-01  -2.477458e-01  1.661707e-07   6.71e-07  
346      -9.286593e-02  -9.286713e-02  1.201261e-06   1.29e-05  
347      -4.162739e-02  -4.162782e-02  4.297799e-07   1.03e-05  
348      -2.491236e-02  -2.491242e-02  5.907219e-08   2.37e-06  
349      -1.511129e-02  -1.525477e-02  1.434710e-04   9.49e-03  
350      -8.380013e-03  -8.085053e-03  2.949607e-04   3.52e-02  
351      -9.544016e-03  -9.322073e-03  2.219436e-04   2.33e-02  
352      -1.208695e-02  -1.227744e-02  1.904862e-04   1.58e-02  
353      -2.120524e-02  -2.120595e-02  7.133113e-07   3.36e-05  
354      -3.792328e-02  -3.792165e-02  1.626498e-06   4.29e-05  
355      -6.271616e-02  -6.271558e-02  5.784638e-07   9.22e-06  
356      -9.457998e-02  -9.458029e-02  3.108022e-07   3.29e-06  
357      -1.316034e-01  -1.316033e-01  9.738253e-08   7.40e-07  
358      -1.736181e-01  -1.736170e-01  1.170872e-06   6.74e-06  
359      -2.332946e-01  -2.332946e-01  8.353548e-08   3.58e-07  
360      -3.158311e-01  -3.158279e-01  3.193992e-06   1.01e-05  
361      -4.123114e-01  -4.123126e-01  1.135659e-06   2.75e-06  
362      -4.997632e-01  -4.997633e-01  8.983026e-08   1.80e-07  
363      -5.719589e-01  -5.719597e-01  8.554165e-07   1.50e-06  
364      -6.148190e-01  -6.148211e-01  2.113660e-06   3.44e-06  
365      -6.207762e-01  -6.207778e-01  1.676201e-06   2.70e-06  
366      -5.823363e-01  -5.823346e-01  1.713526e-06   2.94e-06  
367      -4.995260e-01  -4.995247e-01  1.351606e-06   2.71e-06  
368      -4.103035e-01  -4.103036e-01  8.798104e-08   2.14e-07  
369      -3.802062e-01  -3.802086e-01  2.324535e-06   6.11e-06  
370      -4.696402e-01  -4.696404e-01  1.961458e-07   4.18e-07  
371      -6.986667e-01  -6.986681e-01  1.386662e-06   1.98e-06  
372      -9.768261e-01  -9.768250e-01  1.127055e-06   1.15e-06  
373      -1.281119e+00  -1.281118e+00  5.357194e-07   4.18e-07  
374      -1.712663e+00  -1.712663e+00  7.455142e-08   4.35e-08  
375      -2.230921e+00  -2.230920e+00  1.233156e-06   5.53e-07  
376      -2.637064e+00  -2.637064e+00  9.293363e-07   3.52e-07  
377      -2.891236e+00  -2.891237e+00  7.170117e-07   2.48e-07  
378      -3.338085e+00  -3.338087e+00  1.167020e-06   3.50e-07  
379      -3.902732e+00  -3.902730e+00  1.700027e-06   4.36e-07  
380      -4.287854e+00  -4.287854e+00  8.999984e-08   2.10e-08  
381      -4.133361e+00  -4.133360e+00  1.171675e-06   2.83e-07  
382      -3.659986e+00  -3.659987e+00  1.143371e-06   3.12e-07  
383      -2.976285e+00  -2.976286e+00  4.728786e-07   1.59e-07  
384      -1.697677e+00  -1.697679e+00  2.917230e-06   1.72e-06  
385      -8.912729e-01  -8.912731e-01  1.213589e-07   1.36e-07  
386      -7.315314e-01  -7.315324e-01  9.889951e-07   1.35e-06  
387      -1.276950e+00  -1.276947e+00  3.018893e-06   2.36e-06  
388      -3.627106e+00  -3.627105e+00  9.101556e-07   2.51e-07  
389      -4.934767e+00  -4.934767e+00  6.944260e-08   1.41e-08  
390      -4.479942e+00  -4.479944e+00  1.883453e-06   4.20e-07  
391      -3.743899e+00  -3.743898e+00  3.374603e-07   9.01e-08  
392      -2.980178e+00  -2.980177e+00  9.437110e-07   3.17e-07  
393      -2.108761e+00  -2.108763e+00  1.946814e-06   9.23e-07  
394      -1.257426e+00  -1.257424e+00  2.208452e-06   1.76e-06  
395      -6.361709e-01  -6.361716e-01  7.655780e-07   1.20e-06  
396      -2.695788e-01  -2.695768e-01  1.948033e-06   7.23e-06  
397      -9.659302e-02  -9.659174e-02  1.281089e-06   1.33e-05  
398      -4.778923e-02  -4.778896e-02  2.748969e-07   5.75e-06  
399      -2.848541e-02  -2.874560e-02  2.601929e-04   9.13e-03  
400      -1.554283e-02  -1.498530e-02  5.575302e-04   3.59e-02  
401      -1.800486e-02  -1.756380e-02  4.410549e-04   2.45e-02  
402      -2.399585e-02  -2.429420e-02  2.983515e-04   1.24e-02  
403      -4.605720e-02  -4.605881e-02  1.608011e-06   3.49e-05  
404      -8.060446e-02  -8.060194e-02  2.517088e-06   3.12e-05  
405      -1.265570e-01  -1.265553e-01  1.706304e-06   1.35e-05  
406      -1.896783e-01  -1.896800e-01  1.719935e-06   9.07e-06  
407      -2.692787e-01  -2.692800e-01  1.250789e-06   4.64e-06  
408      -3.593314e-01  -3.593306e-01  8.012133e-07   2.23e-06  
409      -4.599957e-01  -4.599933e-01  2.382570e-06   5.18e-06  
410      -5.629558e-01  -5.629538e-01  1.972340e-06   3.50e-06  
411      -6.435307e-01  -6.435303e-01  3.711828e-07   5.77e-07  
412      -6.938220e-01  -6.938206e-01  1.368386e-06   1.97e-06  
413      -6.885163e-01  -6.885175e-01  1.251231e-06   1.82e-06  
414      -6.642989e-01  -6.642988e-01  1.614563e-07   2.43e-07  
415      -6.237845e-01  -6.237869e-01  2.369605e-06   3.80e-06  
416      -5.613292e-01  -5.613311e-01  1.914916e-06   3.41e-06  
417      -4.998280e-01  -4.998296e-01  1.650847e-06   3.30e-06  
418      -4.697641e-01  -4.697659e-01  1.815155e-06   3.86e-06  
419      -5.404066e-01  -5.404056e-01  9.531531e-07   1.76e-06  
420      -7.425298e-01  -7.425288e-01  1.024514e-06   1.38e-06  
421      -1.027597e+00  -1.027597e+00  6.245736e-08   6.08e-08  
422      -1.297235e+00  -1.297235e+00  7.737838e-08   5.96e-08  
423      -1.710721e+00  -1.710721e+00  2.204982e-07   1.29e-07  
424      -2.341814e+00  -2.341815e+00  1.046335e-06   4.47e-07  
425      -2.784991e+00  -2.784989e+00  1.773082e-06   6.37e-07  
426      -2.839314e+00  -2.839314e+00  3.533592e-07   1.24e-07  
427      -3.004556e+00  -3.004556e+00  1.157145e-07   3.85e-08  
428      -3.609103e+00  -3.609104e+00  6.843077e-07   1.90e-07  
429      -4.269628e+00  -4.269630e+00  1.407047e-06   3.30e-07  
430      -4.846149e+00  -4.846148e+00  1.433681e-06   2.96e-07  
431      -5.243287e+00  -5.243285e+00  1.100878e-06   2.10e-07  
432      -5.032434e+00  -5.032435e+00  1.893867e-06   3.76e-07  
433      -4.546298e+00  -4.546299e+00  1.367629e-06   3.01e-07  
434      -3.238717e+00  -3.238717e+00  7.174008e-07   2.22e-07  
435      -1.719175e+00  -1.719176e+00  1.106162e-06   6.43e-07  
436      -7.596056e-01  -7.596035e-01  2.011099e-06   2.65e-06  
437      -1.029923e+00  -1.029924e+00  1.566880e-06   1.52e-06  
438      -3.424333e+00  -3.424332e+00  1.012738e-06   2.96e-07  
439      -5.413056e+00  -5.413055e+00  8.637261e-07   1.60e-07  
440      -5.387754e+00  -5.387755e+00  3.917801e-07   7.27e-08  
441      -4.742246e+00  -4.742246e+00  4.787668e-07   1.01e-07  
442      -4.208821e+00  -4.208823e+00  1.708285e-06   4.06e-07  
443      -3.420462e+00  -3.420462e+00  8.849468e-08   2.59e-08  
444      -2.254653e+00  -2.254654e+00  6.677634e-07   2.96e-07  
445      -1.268564e+00  -1.268564e+00  5.169516e-07   4.08e-07  
446      -6.333768e-01  -6.333763e-01  4.706010e-07   7.43e-07  
447      -2.457784e-01  -2.457772e-01  1.180639e-06   4.80e-06  
448      -9.610790e-02  -9.610598e-02  1.915055e-06   1.99e-05  
449      -5.301903e-02  -5.352255e-02  5.035183e-04   9.50e-03  
450      -2.927402e-02  -2.821119e-02  1.062828e-03   3.63e-02  
451      -9.686190e-02  -9.605909e-02  8.028122e-04   8.29e-03  
452      -6.849134e-02  -6.926203e-02  7.706832e-04   1.13e-02  
453      -9.761973e-02  -9.762125e-02  1.517368e-06   1.55e-05  
454      -1.496435e-01  -1.496429e-01  5.212412e-07   3.48e-06  
455      -2.223767e-01  -2.223788e-01  2.076223e-06   9.34e-06  
456      -3.292552e-01  -3.292564e-01  1.216650e-06   3.70e-06  
457      -4.639405e-01  -4.639397e-01  7.978987e-07   1.72e-06  
458      -5.929401e-01  -5.929397e-01  3.249144e-07   5.48e-07  
459      -7.046742e-01  -7.046755e-01  1.369811e-06   1.94e-06  
460      -7.823903e-01  -7.823906e-01  2.768636e-07   3.54e-07  
461      -8.155428e-01  -8.155446e-01  1.733229e-06   2.13e-06  
462      -8.132958e-01  -8.132954e-01  4.663362e-07   5.73e-07  
463      -6.676042e-01  -6.676036e-01  5.972184e-07   8.95e-07  
464      -5.231108e-01  -5.231121e-01  1.288105e-06   2.46e-06  
465      -4.174186e-01  -4.174192e-01  5.285087e-07   1.27e-06  
466      -3.453483e-01  -3.453479e-01  3.235211e-07   9.37e-07  
467      -3.451982e-01  -3.451968e-01  1.467104e-06   4.25e-06  
468      -4.342202e-01  -4.342204e-01  2.201791e-07   5.07e-07  
469      -6.232178e-01  -6.232185e-01  6.869194e-07   1.10e-06  
470      -8.492174e-01  -8.492186e-01  1.250035e-06   1.47e-06  
471      -1.090446e+00  -1.090447e+00  1.435587e-07   1.32e-07  
472      -1.403698e+00  -1.403698e+00  6.997669e-07   4.99e-07  
473      -1.975966e+00  -1.975966e+00  1.202450e-07   6.09e-08  
474      -2.564478e+00  -2.564479e+00  8.357502e-07   3.26e-07  
475      -2.609432e+00  -2.609433e+00  1.040222e-06   3.99e-07  
476      -2.642446e+00  -2.642446e+00  8.779703e-08   3.32e-08  
477      -3.454526e+00  -3.454526e+00  4.771024e-07   1.38e-07  
478      -4.298842e+00  -4.298841e+00  5.213235e-07   1.21e-07  
479      -4.938976e+00  -4.938976e+00  2.409617e-07   4.88e-08  
480      -5.444457e+00  -5.444456e+00  9.882093e-07   1.82e-07  
481      -5.722624e+00  -5.722626e+00  2.441274e-06   4.27e-07  
482      -5.202227e+00  -5.202225e+00  1.423098e-06   2.74e-07  
483      -4.443372e+00  -4.443374e+00  1.381982e-06   3.11e-07  
484      -3.292305e+00  -3.292305e+00  6.878775e-07   2.09e-07  
485      -1.822606e+00  -1.822608e+00  1.521181e-06   8.35e-07  
486      -6.991664e-01  -6.991671e-01  6.968352e-07   9.97e-07  
487      -8.333080e-01  -8.333080e-01  2.000361e-08   2.40e-08  
488      -2.676067e+00  -2.676066e+00  1.359709e-06   5.08e-07  
489      -4.635187e+00  -4.635189e+00  2.020040e-06   4.36e-07  
490      -5.228014e+00  -5.228015e+00  1.119300e-06   2.14e-07  
491      -4.879094e+00  -4.879096e+00  1.284797e-06   2.63e-07  
492      -4.656374e+00  -4.656374e+00  1.316234e-07   2.83e-08  
493      -4.244518e+00  -4.244517e+00  3.533433e-07   8.32e-08  
494      -3.097391e+00  -3.097391e+00  3.083522e-07   9.96e-08  
495      -1.935519e+00  -1.935518e+00  3.012084e-08   1.56e-08  
496      -1.146150e+00  -1.146151e+00  2.533602e-07   2.21e-07  
497      -5.225733e-01  -5.225734e-01  8.762726e-08   1.68e-07  
498      -2.005533e-01  -2.005527e-01  6.569905e-07   3.28e-06  
499      -9.189390e-02  -9.280012e-02  9.062133e-04   9.86e-03  
500      -5.096421e-02  -4.912887e-02  1.835346e-03   3.60e-02  
501      -7.352576e-01  -7.301767e-01  5.080922e-03   6.91e-03  
502      -5.027636e-01  -5.120804e-01  9.316778e-03   1.85e-02  
503      -4.782944e-01  -4.782943e-01  3.512204e-08   7.34e-08  
504      -5.244092e-01  -5.244090e-01  1.526880e-07   2.91e-07  
505      -6.124059e-01  -6.124041e-01  1.811275e-06   2.96e-06  
506      -7.263059e-01  -7.263068e-01  8.984595e-07   1.24e-06  
507      -8.476900e-01  -8.476897e-01  2.912961e-07   3.44e-07  
508      -9.398886e-01  -9.398876e-01  9.962748e-07   1.06e-06  
509      -1.023821e+00  -1.023818e+00  3.294103e-06   3.22e-06  
510      -1.074551e+00  -1.074550e+00  4.664928e-07   4.34e-07  
511      -1.101958e+00  -1.101957e+00  8.100593e-07   7.35e-07  
512      -1.083798e+00  -1.083798e+00  7.621479e-07   7.03e-07  
513      -8.122970e-01  -8.122985e-01  1.521067e-06   1.87e-06  
514      -5.441607e-01  -5.441622e-01  1.516597e-06   2.79e-06  
515      -3.373506e-01  -3.373507e-01  8.914677e-08   2.64e-07  
516      -2.031609e-01  -2.031612e-01  3.393674e-07   1.67e-06  
517      -1.865918e-01  -1.865931e-01  1.272888e-06   6.82e-06  
518      -3.130545e-01  -3.130539e-01  5.313120e-07   1.70e-06  
519      -5.740867e-01  -5.740865e-01  2.518140e-07   4.39e-07  
520      -8.571519e-01  -8.571506e-01  1.275848e-06   1.49e-06  
521      -1.148370e+00  -1.148369e+00  7.917641e-07   6.89e-07  
522      -1.558096e+00  -1.558098e+00  1.355317e-06   8.70e-07  
523      -2.064633e+00  -2.064635e+00  2.225065e-06   1.08e-06  
524      -2.369706e+00  -2.369705e+00  1.031065e-06   4.35e-07  
525      -2.314087e+00  -2.314086e+00  1.082690e-06   4.68e-07  
526      -3.060654e+00  -3.060654e+00  2.888470e-07   9.44e-08  
527      -5.014314e+00  -5.014314e+00  6.298762e-07   1.26e-07  
528      -5.419859e+00  -5.419859e+00  1.938058e-07   3.58e-08  
529      -5.650443e+00  -5.650442e+00  7.056562e-07   1.25e-07  
530      -5.898022e+00  -5.898022e+00  1.957951e-08   3.32e-09  
531      -5.267511e+00  -5.267512e+00  6.344626e-07   1.20e-07  
532      -3.867891e+00  -3.867894e+00  2.256996e-06   5.84e-07  
533      -2.754489e+00  -2.754489e+00  3.333545e-08   1.21e-08  
534      -1.965112e+00  -1.965111e+00  1.611672e-06   8.20e-07  
535      -1.231564e+00  -1.231564e+00  2.318268e-07   1.88e-07  
536      -6.077573e-01  -6.077602e-01  2.903503e-06   4.78e-06  
537      -7.153683e-01  -7.153689e-01  5.553470e-07   7.76e-07  
538      -1.837735e+00  -1.837736e+00  1.102194e-06   6.00e-07  
539      -3.041627e+00  -3.041626e+00  6.545955e-07   2.15e-07  
540      -3.655923e+00  -3.655922e+00  1.053893e-06   2.88e-07  
541      -3.637939e+00  -3.637939e+00  7.191130e-07   1.98e-07  
542      -3.687723e+00  -3.687723e+00  8.927491e-08   2.42e-08  
543      -3.560548e+00  -3.560552e+00  3.396711e-06   9.54e-07  
544      -2.750324e+00  -2.750324e+00  8.919894e-08   3.24e-08  
545      -2.071209e+00  -2.071207e+00  1.704827e-06   8.23e-07  
546      -1.527387e+00  -1.527389e+00  1.798958e-06   1.18e-06  
547      -9.181385e-01  -9.181399e-01  1.346820e-06   1.47e-06  
548      -4.126084e-01  -4.126083e-01  1.567268e-07   3.80e-07  
549      -1.549385e-01  -1.563799e-01  1.441389e-03   9.30e-03  
550      -7.953876e-02  -7.669193e-02  2.846834e-03   3.58e-02  
551      -2.766216e+00  -2.720409e+00  4.580746e-02   1.66e-02  
552      -2.461422e+00  -2.522930e+00  6.150722e-02   2.50e-02  
553      -2.404306e+00  -2.404308e+00  1.691095e-06   7.03e-07  
554      -2.388746e+00  -2.388746e+00  3.034791e-07   1.27e-07  
555      -2.512145e+00  -2.512144e+00  9.187460e-07   3.66e-07  
556      -2.588677e+00  -2.588675e+00  1.496112e-06   5.78e-07  
557      -2.543027e+00  -2.543028e+00  4.433456e-07   1.74e-07  
558      -2.492083e+00  -2.492085e+00  2.259895e-06   9.07e-07  
559      -2.490446e+00  -2.490445e+00  1.369096e-06   5.50e-07  
560      -2.539317e+00  -2.539318e+00  2.023912e-07   7.97e-08  
561      -2.532411e+00  -2.532410e+00  9.178275e-07   3.62e-07  
562      -2.311320e+00  -2.311322e+00  1.747928e-06   7.56e-07  
563      -1.750856e+00  -1.750857e+00  7.676169e-07   4.38e-07  
564      -1.295114e+00  -1.295114e+00  8.530886e-09   6.59e-09  
565      -8.819634e-01  -8.819619e-01  1.452536e-06   1.65e-06  
566      -5.343708e-01  -5.343720e-01  1.193892e-06   2.23e-06  
567      -3.151858e-01  -3.151850e-01  8.104934e-07   2.57e-06  
568      -2.904728e-01  -2.904730e-01  2.967942e-07   1.02e-06  
569      -4.386633e-01  -4.386641e-01  8.479917e-07   1.93e-06  
570      -6.904590e-01  -6.904583e-01  6.692603e-07   9.69e-07  
571      -9.687631e-01  -9.687623e-01  7.762982e-07   8.01e-07  
572      -1.219730e+00  -1.219732e+00  2.099619e-06   1.72e-06  
573      -1.379771e+00  -1.379770e+00  3.827647e-07   2.77e-07  
574      -1.690349e+00  -1.690350e+00  2.683971e-08   1.59e-08  
575      -2.227535e+00  -2.227533e+00  1.330980e-06   5.98e-07  
576      -3.637985e+00  -3.637986e+00  6.813621e-07   1.87e-07  
577      -5.740306e+00  -5.740306e+00  4.108863e-07   7.16e-08  
578      -5.149399e+00  -5.149398e+00  1.151248e-06   2.24e-07  
579      -4.881166e+00  -4.881168e+00  1.865870e-06   3.82e-07  
580      -5.086861e+00  -5.086860e+00  1.281982e-06   2.52e-07  
581      -4.099958e+00  -4.099958e+00  3.858829e-08   9.41e-09  
582      -2.556462e+00  -2.556460e+00  1.996475e-06   7.81e-07  
583      -1.652029e+00  -1.652029e+00  1.901176e-07   1.15e-07  
584      -1.210092e+00  -1.210091e+00  1.053816e-06   8.71e-07  
585      -1.182347e+00  -1.182346e+00  6.426261e-07   5.44e-07  
586      -1.560050e+00  -1.560051e+00  3.358043e-07   2.15e-07  
587      -1.565114e+00  -1.565114e+00  3.059758e-07   1.95e-07  
588      -1.980097e+00  -1.980097e+00  2.369044e-07   1.20e-07  
589      -1.920175e+00  -1.920175e+00  1.128626e-07   5.88e-08  
590      -1.631089e+00  -1.631089e+00  4.707299e-08   2.89e-08  
591      -1.454702e+00  -1.454702e+00  4.669647e-07   3.21e-07  
592      -1.637313e+00  -1.637313e+00  1.088897e-07   6.65e-08  
593      -1.839541e+00  -1.839541e+00  9.533769e-08   5.18e-08  
594      -1.655247e+00  -1.655249e+00  1.722985e-06   1.04e-06  
595      -1.647954e+00  -1.647955e+00  2.436256e-07   1.48e-07  
596      -1.591678e+00  -1.591681e+00  2.658396e-06   1.67e-06  
597      -1.225231e+00  -1.225231e+00  8.031528e-08   6.56e-08  
598      -8.050044e-01  -8.050039e-01  4.968224e-07   6.17e-07  
599      -2.613874e-01  -2.634483e-01  2.060833e-03   7.88e-03  
600      -1.143323e-01  -1.102350e-01  4.097316e-03   3.58e-02  
601      -5.415053e+00  -5.298628e+00  1.164249e-01   2.15e-02  
602      -6.141827e+00  -6.249802e+00  1.079752e-01   1.76e-02  
603      -6.249865e+00  -6.249866e+00  8.299888e-07   1.33e-07  
604      -5.896244e+00  -5.896244e+00  3.881036e-07   6.58e-08  
605      -5.967833e+00  -5.967832e+00  9.472988e-07   1.59e-07  
606      -6.012809e+00  -6.012808e+00  1.312052e-06   2.18e-07  
607      -5.788476e+00  -5.788477e+00  1.178518e-06   2.04e-07  
608      -5.714245e+00  -5.714246e+00  4.122228e-07   7.21e-08  
609      -5.692837e+00  -5.692836e+00  1.191088e-06   2.09e-07  
610      -5.983149e+00  -5.983150e+00  1.718506e-07   2.87e-08  
611      -6.130633e+00  -6.130634e+00  9.682124e-07   1.58e-07  
612      -5.573995e+00  -5.573993e+00  1.882370e-06   3.38e-07  
613      -4.638609e+00  -4.638610e+00  1.209449e-06   2.61e-07  
614      -3.860590e+00  -3.860588e+00  1.968396e-06   5.10e-07  
615      -2.931775e+00  -2.931775e+00  4.149590e-07   1.42e-07  
616      -2.029240e+00  -2.029239e+00  7.492880e-07   3.69e-07  
617      -1.389889e+00  -1.389890e+00  5.306171e-07   3.82e-07  
618      -1.052035e+00  -1.052034e+00  1.190270e-06   1.13e-06  
619      -8.231506e-01  -8.231501e-01  5.162506e-07   6.27e-07  
620      -6.632061e-01  -6.632081e-01  2.012242e-06   3.03e-06  
621      -5.645061e-01  -5.645080e-01  1.847202e-06   3.27e-06  
622      -5.066658e-01  -5.066666e-01  7.961540e-07   1.57e-06  
623      -4.956074e-01  -4.956056e-01  1.777242e-06   3.59e-06  
624      -7.383575e-01  -7.383600e-01  2.521239e-06   3.41e-06  
625      -1.079856e+00  -1.079854e+00  1.532822e-06   1.42e-06  
626      -1.782780e+00  -1.782782e+00  1.848591e-06   1.04e-06  
627      -3.479231e+00  -3.479229e+00  1.679546e-06   4.83e-07  
628      -3.765428e+00  -3.765427e+00  9.286770e-07   2.47e-07  
629      -3.462408e+00  -3.462407e+00  1.027632e-06   2.97e-07  
630      -3.083782e+00  -3.083784e+00  1.674765e-06   5.43e-07  
631      -2.439403e+00  -2.439403e+00  2.957884e-07   1.21e-07  
632      -1.613927e+00  -1.613929e+00  2.149085e-06   1.33e-06  
633      -1.273022e+00  -1.273022e+00  3.654300e-07   2.87e-07  
634      -1.404216e+00  -1.404218e+00  1.164295e-06   8.29e-07  
635      -2.694978e+00  -2.694980e+00  1.359354e-06   5.04e-07  
636      -4.368650e+00  -4.368648e+00  1.662404e-06   3.81e-07  
637      -4.014492e+00  -4.014491e+00  1.023292e-06   2.55e-07  
638      -3.640996e+00  -3.640998e+00  1.995467e-06   5.48e-07  
639      -2.500347e+00  -2.500345e+00  1.542252e-06   6.17e-07  
640      -1.471981e+00  -1.471980e+00  8.046623e-07   5.47e-07  
641      -1.084427e+00  -1.084427e+00  3.636479e-07   3.35e-07  
642      -1.071197e+00  -1.071197e+00  2.644478e-07   2.47e-07  
643      -1.162640e+00  -1.162643e+00  2.145504e-06   1.85e-06  
644      -1.064130e+00  -1.064131e+00  1.174709e-06   1.10e-06  
645      -1.058072e+00  -1.058072e+00  3.995093e-08   3.78e-08  
646      -1.269008e+00  -1.269008e+00  9.024850e-07   7.11e-07  
647      -1.478394e+00  -1.478395e+00  1.053913e-06   7.13e-07  
648      -1.314828e+00  -1.314829e+00  3.501034e-07   2.66e-07  
649      -4.577076e-01  -4.605550e-01  2.847400e-03   6.22e-03  
650      -1.581458e-01  -1.519513e-01  6.194441e-03   3.92e-02  
651      -8.788646e+00  -8.509790e+00  2.788557e-01   3.17e-02  
652      -1.141075e+01  -1.159453e+01  1.837766e-01   1.61e-02  
653      -1.109121e+01  -1.109120e+01  7.078138e-07   6.38e-08  
654      -9.882967e+00  -9.882967e+00  4.038342e-07   4.09e-08  
655      -8.906531e+00  -8.906531e+00  6.536193e-07   7.34e-08  
656      -8.422879e+00  -8.422879e+00  3.616035e-07   4.29e-08  
657      -8.048477e+00  -8.048477e+00  6.031491e-07   7.49e-08  
658      -8.142636e+00  -8.142635e+00  1.437791e-06   1.77e-07  
659      -7.922433e+00  -7.922433e+00  2.338281e-07   2.95e-08  
660      -7.942006e+00  -7.942007e+00  1.213657e-06   1.53e-07  
661      -7.916086e+00  -7.916085e+00  1.296757e-06   1.64e-07  
662      -6.919000e+00  -6.919002e+00  1.404275e-06   2.03e-07  
663      -6.017837e+00  -6.017837e+00  4.273064e-07   7.10e-08  
664      -5.659733e+00  -5.659733e+00  2.759487e-07   4.88e-08  
665      -5.059834e+00  -5.059833e+00  2.147415e-07   4.24e-08  
666      -4.246916e+00  -4.246916e+00  1.815660e-07   4.28e-08  
667      -3.542442e+00  -3.542443e+00  5.930688e-07   1.67e-07  
668      -2.826705e+00  -2.826706e+00  1.566359e-06   5.54e-07  
669      -2.117498e+00  -2.117499e+00  8.248766e-07   3.90e-07  
670      -1.537388e+00  -1.537391e+00  2.991019e-06   1.95e-06  
671      -1.137263e+00  -1.137262e+00  1.662750e-06   1.46e-06  
672      -8.389267e-01  -8.389269e-01  2.262508e-07   2.70e-07  
673      -6.119476e-01  -6.119486e-01  1.025039e-06   1.68e-06  
674      -4.726523e-01  -4.726523e-01  6.116258e-08   1.29e-07  
675      -3.387106e-01  -3.387102e-01  4.025855e-07   1.19e-06  
676      -3.255237e-01  -3.255225e-01  1.163324e-06   3.57e-06  
677      -1.030756e+00  -1.030757e+00  8.763440e-07   8.50e-07  
678      -1.619918e+00  -1.619921e+00  2.566220e-06   1.58e-06  
679      -1.485208e+00  -1.485207e+00  7.012914e-07   4.72e-07  
680      -1.335322e+00  -1.335321e+00  1.082670e-06   8.11e-07  
681      -1.640553e+00  -1.640551e+00  2.342700e-06   1.43e-06  
682      -1.812780e+00  -1.812779e+00  1.708500e-06   9.42e-07  
683      -2.236994e+00  -2.236996e+00  2.389897e-06   1.07e-06  
684      -3.071634e+00  -3.071635e+00  1.368079e-06   4.45e-07  
685      -5.678130e+00  -5.678129e+00  1.766322e-06   3.11e-07  
686      -6.779784e+00  -6.779786e+00  1.552304e-06   2.29e-07  
687      -5.414863e+00  -5.414863e+00  4.467218e-07   8.25e-08  
688      -4.033180e+00  -4.033180e+00  1.398637e-07   3.47e-08  
689      -2.607921e+00  -2.607922e+00  4.876731e-07   1.87e-07  
690      -1.465102e+00  -1.465101e+00  4.435858e-07   3.03e-07  
691      -9.605158e-01  -9.605136e-01  2.204536e-06   2.30e-06  
692      -7.590807e-01  -7.590812e-01  5.085751e-07   6.70e-07  
693      -7.900834e-01  -7.900839e-01  5.068479e-07   6.42e-07  
694      -8.639074e-01  -8.639064e-01  1.041795e-06   1.21e-06  
695      -7.299877e-01  -7.299887e-01  9.570956e-07   1.31e-06  
696      -9.258829e-01  -9.258821e-01  8.161011e-07   8.81e-07  
697      -1.555414e+00  -1.555417e+00  2.999946e-06   1.93e-06  
698      -1.697375e+00  -1.697377e+00  1.211259e-06   7.14e-07  
699      -6.323769e-01  -6.357297e-01  3.352839e-03   5.30e-03  
700      -2.108830e-01  -2.003478e-01  1.053524e-02   5.00e-02  
701      -8.249170e+00  -7.980846e+00  2.683244e-01   3.25e-02  
702      -1.099052e+01  -1.116162e+01  1.710967e-01   1.56e-02  
703      -1.074796e+01  -1.074796e+01  1.106216e-06   1.03e-07  
704      -1.064449e+01  -1.064449e+01  1.979668e-06   1.86e-07  
705      -9.318631e+00  -9.318631e+00  5.324503e-08   5.71e-09  
706      -8.993091e+00  -8.993093e+00  2.297032e-06   2.55e-07  
707      -9.206493e+00  -9.206494e+00  8.675762e-07   9.42e-08  
708      -9.608673e+00  -9.608672e+00  5.132471e-07   5.34e-08  
709      -9.068240e+00  -9.068238e+00  1.747787e-06   1.93e-07  
710      -8.266780e+00  -8.266780e+00  8.037100e-07   9.72e-08  
711      -7.752878e+00  -7.752877e+00  1.050633e-06   1.36e-07  
712      -6.600268e+00  -6.600268e+00  1.876201e-07   2.84e-08  
713      -6.337559e+00  -6.337559e+00  1.182973e-07   1.87e-08  
714      -7.120987e+00  -7.120988e+00  7.810266e-07   1.10e-07  
715      -6.753799e+00  -6.753798e+00  5.994152e-07   8.88e-08  
716      -5.713661e+00  -5.713660e+00  5.243371e-07   9.18e-08  
717      -5.324890e+00  -5.324888e+00  1.889897e-06   3.55e-07  
718      -4.830054e+00  -4.830055e+00  1.319213e-06   2.73e-07  
719      -3.928516e+00  -3.928517e+00  8.398172e-07   2.14e-07  
720      -2.929223e+00  -2.929223e+00  1.567596e-07   5.35e-08  
721      -2.235808e+00  -2.235810e+00  1.391846e-06   6.23e-07  
722      -1.675989e+00  -1.675988e+00  1.124723e-06   6.71e-07  
723      -1.175989e+00  -1.175988e+00  6.648333e-07   5.65e-07  
724      -7.571409e-01  -7.571409e-01  6.890212e-08   9.10e-08  
725      -4.589472e-01  -4.589473e-01  6.451674e-08   1.41e-07  
726      -2.253759e-01  -2.253758e-01  1.163452e-07   5.16e-07  
727      -2.013202e-01  -2.013196e-01  5.944844e-07   2.95e-06  
728      -3.453487e-01  -3.453505e-01  1.811483e-06   5.25e-06  
729      -4.096571e-01  -4.096554e-01  1.678196e-06   4.10e-06  
730      -7.373630e-01  -7.373610e-01  2.011956e-06   2.73e-06  
731      -1.852389e+00  -1.852386e+00  2.981891e-06   1.61e-06  
732      -3.018406e+00  -3.018407e+00  1.193754e-06   3.95e-07  
733      -3.712510e+00  -3.712509e+00  8.187030e-07   2.21e-07  
734      -4.535832e+00  -4.535833e+00  1.706073e-06   3.76e-07  
735      -7.361419e+00  -7.361419e+00  1.676719e-07   2.28e-08  
736      -6.776190e+00  -6.776189e+00  9.924490e-07   1.46e-07  
737      -5.243604e+00  -5.243603e+00  7.643556e-07   1.46e-07  
738      -3.892440e+00  -3.892442e+00  2.388033e-06   6.14e-07  
739      -2.549960e+00  -2.549961e+00  4.760192e-07   1.87e-07  
740      -1.278751e+00  -1.278750e+00  1.583907e-06   1.24e-06  
741      -6.583023e-01  -6.583038e-01  1.526938e-06   2.32e-06  
742      -6.028710e-01  -6.028698e-01  1.188544e-06   1.97e-06  
743      -8.054716e-01  -8.054698e-01  1.819990e-06   2.26e-06  
744      -8.521172e-01  -8.521146e-01  2.531424e-06   2.97e-06  
745      -7.150681e-01  -7.150664e-01  1.700721e-06   2.38e-06  
746      -6.479177e-01  -6.479156e-01  2.063044e-06   3.18e-06  
747      -9.672402e-01  -9.672385e-01  1.668496e-06   1.73e-06  
748      -1.240726e+00  -1.240725e+00  1.163505e-06   9.38e-07  
749      -6.306127e-01  -6.342282e-01  3.615472e-03   5.73e-03  
750      -2.783551e-01  -2.687822e-01  9.572920e-03   3.44e-02  
751      -4.312151e+00  -4.197329e+00  1.148220e-01   2.66e-02  
752      -5.629760e+00  -5.706121e+00  7.636104e-02   1.36e-02  
753      -5.404710e+00  -5.404709e+00  6.060837e-07   1.12e-07  
754      -5.667895e+00  -5.667896e+00  6.107870e-07   1.08e-07  
755      -4.210314e+00  -4.210316e+00  1.960530e-06   4.66e-07  
756      -4.293092e+00  -4.293092e+00  2.811655e-07   6.55e-08  
757      -4.624158e+00  -4.624158e+00  5.401355e-07   1.17e-07  
758      -4.811240e+00  -4.811239e+00  7.837693e-07   1.63e-07  
759      -4.766783e+00  -4.766782e+00  7.370998e-07   1.55e-07  
760      -4.632174e+00  -4.632176e+00  2.480456e-06   5.35e-07  
761      -4.420994e+00  -4.420995e+00  9.783347e-07   2.21e-07  
762      -3.681404e+00  -3.681404e+00  5.620965e-07   1.53e-07  
763      -4.217839e+00  -4.217840e+00  7.185764e-07   1.70e-07  
764      -6.198441e+00  -6.198441e+00  4.990212e-07   8.05e-08  
765      -6.104121e+00  -6.104118e+00  2.449911e-06   4.01e-07  
766      -5.061557e+00  -5.061559e+00  1.547084e-06   3.06e-07  
767      -5.372709e+00  -5.372708e+00  1.725959e-06   3.21e-07  
768      -5.968201e+00  -5.968201e+00  2.872904e-07   4.81e-08  
769      -5.783577e+00  -5.783579e+00  2.333362e-06   4.03e-07  
770      -4.827180e+00  -4.827179e+00  9.100224e-07   1.89e-07  
771      -3.742237e+00  -3.742239e+00  1.854851e-06   4.96e-07  
772      -2.652211e+00  -2.652211e+00  1.821673e-07   6.87e-08  
773      -1.940295e+00  -1.940293e+00  2.332541e-06   1.20e-06  
774      -1.565411e+00  -1.565411e+00  2.679594e-07   1.71e-07  
775      -1.298091e+00  -1.298091e+00  8.321514e-07   6.41e-07  
776      -9.178153e-01  -9.178148e-01  4.869867e-07   5.31e-07  
777      -5.161952e-01  -5.161963e-01  1.129411e-06   2.19e-06  
778      -1.931484e-01  -1.931502e-01  1.767804e-06   9.15e-06  
779      -2.054308e-01  -2.054322e-01  1.377971e-06   6.71e-06  
780      -6.004860e-01  -6.004871e-01  1.055567e-06   1.76e-06  
781      -1.932806e+00  -1.932805e+00  3.971630e-07   2.05e-07  
782      -3.511692e+00  -3.511693e+00  7.596839e-07   2.16e-07  
783      -3.879993e+00  -3.879991e+00  2.025735e-06   5.22e-07  
784      -3.801783e+00  -3.801783e+00  6.536791e-07   1.72e-07  
785      -6.152164e+00  -6.152164e+00  3.956506e-07   6.43e-08  
786      -6.003173e+00  -6.003174e+00  7.847359e-07   1.31e-07  
787      -6.250216e+00  -6.250217e+00  5.500781e-07   8.80e-08  
788      -5.870096e+00  -5.870093e+00  2.879960e-06   4.91e-07  
789      -3.217559e+00  -3.217559e+00  4.644625e-07   1.44e-07  
790      -1.296805e+00  -1.296805e+00  3.751113e-07   2.89e-07  
791      -9.321859e-01  -9.321841e-01  1.780857e-06   1.91e-06  
792      -1.494234e+00  -1.494235e+00  7.828264e-07   5.24e-07  
793      -1.798148e+00  -1.798148e+00  4.150253e-07   2.31e-07  
794      -1.144438e+00  -1.144436e+00  1.776166e-06   1.55e-06  
795      -7.753980e-01  -7.753990e-01  9.777428e-07   1.26e-06  
796      -7.229444e-01  -7.229417e-01  2.706327e-06   3.74e-06  
797      -8.259894e-01  -8.259893e-01  5.798135e-08   7.02e-08  
798      -1.061297e+00  -1.061299e+00  2.658220e-06   2.50e-06  
799      -8.580707e-01  -8.703476e-01  1.227686e-02   1.43e-02  
800      -6.191100e-01  -5.978906e-01  2.121937e-02   3.43e-02  
801      -1.840194e+00  -1.795595e+00  4.459872e-02   2.42e-02  
802      -2.258624e+00  -2.293605e+00  3.498163e-02   1.55e-02  
803      -2.165634e+00  -2.165633e+00  2.818177e-07   1.30e-07  
804      -2.215240e+00  -2.215240e+00  2.090009e-07   9.43e-08  
805      -1.187181e+00  -1.187181e+00  8.174226e-09   6.89e-09  
806      -1.321373e+00  -1.321374e+00  1.463937e-06   1.11e-06  
807      -1.342746e+00  -1.342745e+00  9.069641e-07   6.75e-07  
808      -1.133720e+00  -1.133718e+00  1.502637e-06   1.33e-06  
809      -1.060282e+00  -1.060282e+00  5.498033e-07   5.19e-07  
810      -1.150989e+00  -1.150989e+00  2.964065e-07   2.58e-07  
811      -1.074801e+00  -1.074802e+00  1.087927e-06   1.01e-06  
812      -8.170754e-01  -8.170764e-01  1.039272e-06   1.27e-06  
813      -1.186644e+00  -1.186644e+00  1.789777e-07   1.51e-07  
814      -2.424758e+00  -2.424759e+00  6.788472e-07   2.80e-07  
815      -2.278620e+00  -2.278622e+00  1.559906e-06   6.85e-07  
816      -1.735853e+00  -1.735852e+00  1.565448e-06   9.02e-07  
817      -2.034463e+00  -2.034461e+00  1.817852e-06   8.94e-07  
818      -2.848803e+00  -2.848804e+00  8.386286e-07   2.94e-07  
819      -3.701716e+00  -3.701718e+00  1.847064e-06   4.99e-07  
820      -4.267862e+00  -4.267861e+00  1.240164e-06   2.91e-07  
821      -4.258875e+00  -4.258875e+00  3.287730e-07   7.72e-08  
822      -3.598071e+00  -3.598072e+00  2.740991e-07   7.62e-08  
823      -3.243639e+00  -3.243639e+00  4.483061e-07   1.38e-07  
824      -3.238490e+00  -3.238488e+00  1.818918e-06   5.62e-07  
825      -3.069228e+00  -3.069226e+00  2.146152e-06   6.99e-07  
826      -2.742035e+00  -2.742035e+00  2.119662e-08   7.73e-09  
827      -2.252640e+00  -2.252638e+00  1.365537e-06   6.06e-07  
828      -1.229713e+00  -1.229712e+00  1.238725e-06   1.01e-06  
829      -4.770305e-01  -4.770328e-01  2.281027e-06   4.78e-06  
830      -2.775986e-01  -2.775974e-01  1.156875e-06   4.17e-06  
831      -8.877514e-01  -8.877515e-01  1.668418e-07   1.88e-07  
832      -1.923606e+00  -1.923605e+00  1.168548e-06   6.07e-07  
833      -2.347639e+00  -2.347638e+00  3.296787e-07   1.40e-07  
834      -2.564113e+00  -2.564115e+00  1.521673e-06   5.93e-07  
835      -5.241055e+00  -5.241056e+00  1.008134e-06   1.92e-07  
836      -6.936115e+00  -6.936116e+00  1.087457e-06   1.57e-07  
837      -8.242843e+00  -8.242842e+00  3.343099e-07   4.06e-08  
838      -8.039387e+00  -8.039387e+00  6.774418e-07   8.43e-08  
839      -3.839869e+00  -3.839869e+00  5.746593e-08   1.50e-08  
840      -2.175921e+00  -2.175921e+00  2.929884e-07   1.35e-07  
841      -3.222857e+00  -3.222857e+00  3.060501e-07   9.50e-08  
842      -5.002844e+00  -5.002844e+00  2.773786e-07   5.54e-08  
843      -4.859574e+00  -4.859574e+00  1.484726e-07   3.06e-08  
844      -1.813132e+00  -1.813134e+00  1.854595e-06   1.02e-06  
845      -8.730336e-01  -8.730317e-01  1.929432e-06   2.21e-06  
846      -7.443222e-01  -7.443226e-01  3.666553e-07   4.93e-07  
847      -7.754890e-01  -7.754902e-01  1.242916e-06   1.60e-06  
848      -8.232782e-01  -8.232775e-01  6.365618e-07   7.73e-07  
849      -8.105585e-01  -8.273089e-01  1.675037e-02   2.07e-02  
850      -7.757814e-01  -7.596354e-01  1.614607e-02   2.08e-02  
851      -5.512603e-01  -5.445680e-01  6.692308e-03   1.21e-02  
852      -5.581987e-01  -5.660078e-01  7.809010e-03   1.40e-02  
853      -5.359163e-01  -5.359164e-01  1.315816e-07   2.46e-07  
854      -6.819635e-01  -6.819648e-01  1.312926e-06   1.93e-06  
855      -3.816015e-01  -3.816026e-01  1.045852e-06   2.74e-06  
856      -6.396612e-01  -6.396613e-01  1.031173e-07   1.61e-07  
857      -6.437829e-01  -6.437832e-01  2.607925e-07   4.05e-07  
858      -4.456516e-01  -4.456512e-01  4.390491e-07   9.85e-07  
859      -3.521298e-01  -3.521286e-01  1.124152e-06   3.19e-06  
860      -5.275036e-01  -5.275048e-01  1.200494e-06   2.28e-06  
861      -4.770905e-01  -4.770912e-01  6.427645e-07   1.35e-06  
862      -3.150155e-01  -3.150136e-01  1.931049e-06   6.13e-06  
863      -3.222721e-01  -3.222726e-01  5.036662e-07   1.56e-06  
864      -5.958884e-01  -5.958880e-01  4.439344e-07   7.45e-07  
865      -4.571386e-01  -4.571364e-01  2.193625e-06   4.80e-06  
866      -2.958853e-01  -2.958851e-01  2.676911e-07   9.05e-07  
867      -3.093219e-01  -3.093204e-01  1.507454e-06   4.87e-06  
868      -5.043110e-01  -5.043112e-01  2.329630e-07   4.62e-07  
869      -7.462403e-01  -7.462399e-01  3.546292e-07   4.75e-07  
870      -1.117304e+00  -1.117306e+00  1.960735e-06   1.75e-06  
871      -1.582841e+00  -1.582843e+00  1.809115e-06   1.14e-06  
872      -1.977167e+00  -1.977168e+00  8.294918e-07   4.20e-07  
873      -2.751602e+00  -2.751601e+00  7.918500e-07   2.88e-07  
874      -3.720625e+00  -3.720625e+00  5.802912e-07   1.56e-07  
875      -4.341822e+00  -4.341821e+00  5.079342e-07   1.17e-07  
876      -5.001098e+00  -5.001101e+00  3.361960e-06   6.72e-07  
877      -5.403827e+00  -5.403828e+00  1.313946e-06   2.43e-07  
878      -4.118400e+00  -4.118400e+00  1.113963e-07   2.70e-08  
879      -2.653173e+00  -2.653173e+00  6.849812e-07   2.58e-07  
880      -8.574558e-01  -8.574554e-01  4.375361e-07   5.10e-07  
881      -3.618474e-01  -3.618473e-01  1.021304e-07   2.82e-07  
882      -7.174557e-01  -7.174539e-01  1.768689e-06   2.47e-06  
883      -1.280565e+00  -1.280565e+00  4.350146e-07   3.40e-07  
884      -1.865819e+00  -1.865819e+00  2.828738e-07   1.52e-07  
885      -4.291289e+00  -4.291288e+00  1.326355e-06   3.09e-07  
886      -6.092073e+00  -6.092073e+00  2.204715e-07   3.62e-08  
887      -6.743277e+00  -6.743276e+00  9.154667e-07   1.36e-07  
888      -8.135260e+00  -8.135260e+00  2.027889e-07   2.49e-08  
889      -5.759626e+00  -5.759626e+00  4.669922e-07   8.11e-08  
890      -5.619377e+00  -5.619377e+00  4.642164e-09   8.26e-10  
891      -8.121799e+00  -8.121800e+00  3.124397e-07   3.85e-08  
892      -1.073119e+01  -1.073118e+01  2.027107e-06   1.89e-07  
893      -9.195408e+00  -9.195408e+00  1.518196e-08   1.65e-09  
894      -2.698848e+00  -2.698848e+00  6.550272e-07   2.43e-07  
895      -9.311924e-01  -9.311923e-01  5.955242e-08   6.40e-08  
896      -7.472060e-01  -7.472064e-01  3.749890e-07   5.02e-07  
897      -7.364378e-01  -7.364371e-01  6.682565e-07   9.07e-07  
898      -7.610834e-01  -7.610832e-01  1.403281e-07   1.84e-07  
899      -8.030111e-01  -8.220306e-01  1.901948e-02   2.37e-02  
900      -8.725648e-01  -8.559008e-01  1.666400e-02   1.91e-02  
901      -3.586022e-01  -3.670539e-01  8.451750e-03   2.36e-02  
902      -3.514405e-01  -3.628902e-01  1.144975e-02   3.26e-02  
903      -3.930413e-01  -3.947055e-01  1.664283e-03   4.23e-03  
904      -5.476408e-01  -5.526996e-01  5.058893e-03   9.24e-03  
905      -3.583376e-01  -3.671339e-01  8.796259e-03   2.45e-02  
906      -5.925154e-01  -6.215970e-01  2.908158e-02   4.91e-02  
907      -6.107221e-01  -6.327807e-01  2.205856e-02   3.61e-02  
908      -4.361415e-01  -4.456269e-01  9.485356e-03   2.17e-02  
909      -2.967513e-01  -2.994240e-01  2.672756e-03   9.01e-03  
910      -5.038743e-01  -5.086948e-01  4.820493e-03   9.57e-03  
911      -4.923516e-01  -4.935158e-01  1.164272e-03   2.36e-03  
912      -2.996813e-01  -3.000909e-01  4.095551e-04   1.37e-03  
913      -2.163359e-01  -2.180864e-01  1.750506e-03   8.09e-03  
914      -1.547091e-01  -1.550104e-01  3.013751e-04   1.95e-03  
915      -8.507556e-02  -8.518589e-02  1.103344e-04   1.30e-03  
916      -4.627048e-02  -4.632049e-02  5.000792e-05   1.08e-03  
917      -2.161300e-02  -2.161685e-02  3.846598e-06   1.78e-04  
918      -4.129457e-02  -4.129478e-02  2.105172e-07   5.10e-06  
919      -4.607769e-02  -4.607821e-02  5.232436e-07   1.14e-05  
920      -7.639410e-02  -7.639297e-02  1.129602e-06   1.48e-05  
921      -1.758208e-01  -1.758248e-01  3.969974e-06   2.26e-05  
922      -2.966354e-01  -2.966466e-01  1.112632e-05   3.75e-05  
923      -5.784295e-01  -5.784960e-01  6.648711e-05   1.15e-04  
924      -1.070634e+00  -1.071087e+00  4.536298e-04   4.24e-04  
925      -1.960250e+00  -1.961331e+00  1.081458e-03   5.52e-04  
926      -3.983033e+00  -3.987694e+00  4.661033e-03   1.17e-03  
927      -6.253998e+00  -6.267650e+00  1.365192e-02   2.18e-03  
928      -6.855709e+00  -6.902466e+00  4.675615e-02   6.82e-03  
929      -7.072859e+00  -7.270746e+00  1.978872e-01   2.80e-02  
930      -3.978819e+00  -4.163149e+00  1.843302e-01   4.63e-02  
931      -1.265558e+00  -1.265560e+00  1.756120e-06   1.39e-06  
932      -5.832989e-01  -5.832965e-01  2.413284e-06   4.14e-06  
933      -6.765436e-01  -6.765448e-01  1.223321e-06   1.81e-06  
934      -9.254747e-01  -9.254759e-01  1.119364e-06   1.21e-06  
935      -2.085396e+00  -2.085395e+00  4.793288e-07   2.30e-07  
936      -3.772510e+00  -3.772511e+00  6.351979e-07   1.68e-07  
937      -7.053515e+00  -7.053516e+00  6.189463e-07   8.78e-08  
938      -1.231455e+01  -1.231455e+01  1.785419e-06   1.45e-07  
939      -1.038966e+01  -1.038966e+01  3.814918e-07   3.67e-08  
940      -7.318020e+00  -7.318021e+00  7.333078e-07   1.00e-07  
941      -7.914357e+00  -7.914359e+00  1.804178e-06   2.28e-07  
942      -9.763176e+00  -9.763174e+00  2.302062e-06   2.36e-07  
943      -7.988914e+00  -7.988914e+00  1.315945e-07   1.65e-08  
944      -2.222708e+00  -2.222708e+00  2.119887e-08   9.54e-09  
945      -8.942686e-01  -8.942708e-01  2.255263e-06   2.52e-06  
946      -7.583795e-01  -7.583815e-01  1.932071e-06   2.55e-06  
947      -7.372597e-01  -7.372583e-01  1.373041e-06   1.86e-06  
948      -7.684029e-01  -7.684042e-01  1.300203e-06   1.69e-06  
949      -8.260804e-01  -8.454174e-01  1.933706e-02   2.34e-02  
950      -9.005536e-01  -8.832620e-01  1.729159e-02   1.92e-02  
951      -4.606619e-01  -4.449867e-01  1.567514e-02   3.40e-02  
952      -2.979980e-01  -3.064503e-01  8.452339e-03   2.84e-02  
953      -1.893184e-01  -1.799520e-01  9.366356e-03   4.95e-02  
954      -3.232650e-01  -3.073987e-01  1.586633e-02   4.91e-02  
955      -5.168733e-01  -5.113296e-01  5.543767e-03   1.07e-02  
956      -1.029981e+00  -1.021206e+00  8.775130e-03   8.52e-03  
957      -9.335507e-01  -9.215207e-01  1.202999e-02   1.29e-02  
958      -5.001373e-01  -4.897970e-01  1.034031e-02   2.07e-02  
959      -2.015725e-01  -1.978117e-01  3.760772e-03   1.87e-02  
960      -2.502053e-01  -2.367532e-01  1.345207e-02   5.38e-02  
961      -1.676945e-01  -1.542739e-01  1.342054e-02   8.00e-02  
962      -7.904028e-02  -7.268686e-02  6.353419e-03   8.04e-02  
963      -8.988806e-02  -8.445329e-02  5.434770e-03   6.05e-02  
964      -3.711736e-02  -3.500147e-02  2.115887e-03   5.70e-02  
965      -1.648161e-02  -1.498333e-02  1.498284e-03   9.09e-02  
966      -6.233687e-03  -5.677906e-03  5.557812e-04   8.92e-02  
967      -1.923081e-03  -1.731451e-03  1.916306e-04   9.96e-02  
968      -1.447226e-03  -1.257956e-03  1.892700e-04   1.31e-01  
969      -1.955645e-03  -1.691564e-03  2.640819e-04   1.35e-01  
970      -9.818833e-04  -8.520072e-04  1.298761e-04   1.32e-01  
971      -1.951054e-03  -1.706488e-03  2.445659e-04   1.25e-01  
972      -6.067929e-03  -5.351647e-03  7.162819e-04   1.18e-01  
973      -3.675791e-02  -3.249007e-02  4.267838e-03   1.16e-01  
974      -1.041181e-01  -9.276506e-02  1.135306e-02   1.09e-01  
975      -2.742023e-01  -2.460295e-01  2.817280e-02   1.03e-01  
976      -8.816677e-01  -7.933986e-01  8.826912e-02   1.00e-01  
977      -1.977858e+00  -1.809123e+00  1.687354e-01   8.53e-02  
978      -4.024098e+00  -3.852516e+00  1.715819e-01   4.26e-02  
979      -8.082799e+00  -7.899339e+00  1.834598e-01   2.27e-02  
980      -7.083096e+00  -6.954979e+00  1.281162e-01   1.81e-02  
981      -3.687706e+00  -4.000637e+00  3.129308e-01   8.49e-02  
982      -1.593506e+00  -1.593505e+00  5.979524e-07   3.75e-07  
983      -9.428455e-01  -9.428460e-01  4.452152e-07   4.72e-07  
984      -7.293885e-01  -7.293887e-01  2.401915e-07   3.29e-07  
985      -1.203725e+00  -1.203726e+00  7.406713e-07   6.15e-07  
986      -2.052402e+00  -2.052401e+00  1.340336e-06   6.53e-07  
987      -3.384957e+00  -3.384958e+00  1.036779e-06   3.06e-07  
988      -5.696762e+00  -5.696762e+00  2.786844e-07   4.89e-08  
989      -4.278942e+00  -4.278943e+00  9.170648e-07   2.14e-07  
990      -2.182724e+00  -2.182724e+00  3.830974e-09   1.76e-09  
991      -2.087126e+00  -2.087127e+00  1.326891e-06   6.36e-07  
992      -2.865999e+00  -2.865998e+00  1.012846e-06   3.53e-07  
993      -2.358365e+00  -2.358367e+00  1.467684e-06   6.22e-07  
994      -8.283436e-01  -8.283428e-01  8.696707e-07   1.05e-06  
995      -8.707074e-01  -8.707062e-01  1.245807e-06   1.43e-06  
996      -7.768531e-01  -7.768527e-01  3.576913e-07   4.60e-07  
997      -7.552984e-01  -7.552971e-01  1.339460e-06   1.77e-06  
998      -7.869423e-01  -7.869400e-01  2.293069e-06   2.91e-06  
999      -8.424651e-01  -8.615996e-01  1.913456e-02   2.27e-02  
1000     -9.009628e-01  -8.832743e-01  1.768849e-02   1.96e-02  
1001     -4.329500e+00  -4.222878e+00  1.066216e-01   2.46e-02  
1002     -2.690226e+00  -2.818827e+00  1.286007e-01   4.78e-02  
1003     -1.188152e+00  -1.188154e+00  1.717062e-06   1.45e-06  
1004     -6.812524e-01  -6.812519e-01  4.749556e-07   6.97e-07  
1005     -6.224676e-01  -6.224664e-01  1.177328e-06   1.89e-06  
1006     -7.307516e-01  -7.307496e-01  1.930122e-06   2.64e-06  
1007     -7.045488e-01  -7.045483e-01  5.386923e-07   7.65e-07  
1008     -8.503395e-01  -8.503386e-01  8.702868e-07   1.02e-06  
1009     -6.824388e-01  -6.824377e-01  1.170797e-06   1.72e-06  
1010     -2.707604e-01  -2.707601e-01  3.158776e-07   1.17e-06  
1011     -1.561791e-01  -1.561811e-01  2.065991e-06   1.32e-05  
1012     -3.342851e-01  -3.342848e-01  2.580017e-07   7.72e-07  
1013     -3.046252e-01  -3.046238e-01  1.355191e-06   4.45e-06  
1014     -5.578318e-01  -5.578313e-01  4.995474e-07   8.96e-07  
1015     -8.552881e-01  -8.552886e-01  5.282693e-07   6.18e-07  
1016     -7.908338e-01  -7.908337e-01  4.856887e-08   6.14e-08  
1017     -7.746305e-01  -7.746286e-01  1.908097e-06   2.46e-06  
1018     -8.068241e-01  -8.068257e-01  1.561251e-06   1.94e-06  
1019     -8.582287e-01  -8.773912e-01  1.916255e-02   2.23e-02  
1020     -9.058354e-01  -8.877926e-01  1.804278e-02   1.99e-02  
1021     -2.618384e+00  -2.540176e+00  7.820819e-02   2.99e-02  
1022     -2.751056e+00  -2.789307e+00  3.825117e-02   1.39e-02  
1023     -1.494932e+00  -1.494935e+00  2.760770e-06   1.85e-06  
1024     -6.077003e-01  -6.077019e-01  1.560836e-06   2.57e-06  
1025     -2.719461e-01  -2.719480e-01  1.875593e-06   6.90e-06  
1026     -2.191157e-01  -2.191176e-01  1.905988e-06   8.70e-06  
1027     -1.162756e-01  -1.162785e-01  2.868375e-06   2.47e-05  
1028     -4.414002e-02  -4.413826e-02  1.762591e-06   3.99e-05  
1029     -7.566547e-02  -7.566639e-02  9.151466e-07   1.21e-05  
1030     -3.799984e-02  -3.799706e-02  2.781132e-06   7.32e-05  
1031     -1.833584e-02  -1.833690e-02  1.058034e-06   5.77e-05  
1032     -3.740864e-02  -3.740747e-02  1.175274e-06   3.14e-05  
1033     -1.009518e-01  -1.009517e-01  5.802209e-08   5.75e-07  
1034     -4.728234e-01  -4.728232e-01  1.977245e-07   4.18e-07  
1035     -8.152503e-01  -8.152497e-01  6.158893e-07   7.55e-07  
1036     -7.864895e-01  -7.864867e-01  2.765219e-06   3.52e-06  
1037     -7.858887e-01  -7.858886e-01  6.620383e-08   8.42e-08  
1038     -8.229348e-01  -8.229343e-01  5.548555e-07   6.74e-07  
1039     -8.762554e-01  -8.958306e-01  1.957523e-02   2.23e-02  
1040     -9.245552e-01  -9.061278e-01  1.842741e-02   1.99e-02  
1041     -1.110027e+00  -1.056854e+00  5.317235e-02   4.79e-02  
1042     -2.090138e+00  -2.105880e+00  1.574174e-02   7.53e-03  
1043     -1.490851e+00  -1.490850e+00  7.555598e-07   5.07e-07  
1044     -9.113859e-01  -9.113864e-01  4.992042e-07   5.48e-07  
1045     -4.433547e-01  -4.433563e-01  1.627639e-06   3.67e-06  
1046     -2.560409e-01  -2.560462e-01  5.265488e-06   2.06e-05  
1047     -7.052998e-02  -7.053201e-02  2.029150e-06   2.88e-05  
1048     -1.728584e-02  -1.728390e-02  1.934868e-06   1.12e-04  
1049     -1.074001e-01  -1.074003e-01  2.112224e-07   1.97e-06  
1050     -1.500523e-01  -1.500518e-01  4.426155e-07   2.95e-06  
1051     -1.359792e-01  -1.359794e-01  1.842666e-07   1.36e-06  
1052     -1.500544e-01  -1.500542e-01  1.935431e-07   1.29e-06  
1053     -1.842916e-01  -1.842908e-01  8.783564e-07   4.77e-06  
1054     -4.315852e-01  -4.315860e-01  8.683393e-07   2.01e-06  
1055     -7.733465e-01  -7.733456e-01  8.673667e-07   1.12e-06  
1056     -7.746064e-01  -7.746087e-01  2.327302e-06   3.00e-06  
1057     -7.873904e-01  -7.873920e-01  1.570188e-06   1.99e-06  
1058     -8.322183e-01  -8.322165e-01  1.864953e-06   2.24e-06  
1059     -8.951942e-01  -9.154774e-01  2.028316e-02   2.27e-02  
1060     -9.548817e-01  -9.360663e-01  1.881538e-02   1.97e-02  
1061     -3.470381e-01  -3.321795e-01  1.485866e-02   4.28e-02  
1062     -8.026661e-01  -8.072004e-01  4.534334e-03   5.65e-03  
1063     -7.680262e-01  -7.680274e-01  1.246668e-06   1.62e-06  
1064     -7.971439e-01  -7.971415e-01  2.383271e-06   2.99e-06  
1065     -6.500892e-01  -6.500907e-01  1.444915e-06   2.22e-06  
1066     -4.576741e-01  -4.576751e-01  1.014559e-06   2.22e-06  
1067     -2.036419e-01  -2.036368e-01  5.056968e-06   2.48e-05  
1068     -1.697803e-01  -1.697799e-01  4.300269e-07   2.53e-06  
1069     -4.973545e-01  -4.973530e-01  1.502848e-06   3.02e-06  
1070     -7.221284e-01  -7.221268e-01  1.658854e-06   2.30e-06  
1071     -7.750608e-01  -7.750610e-01  2.570882e-07   3.32e-07  
1072     -7.899651e-01  -7.899671e-01  1.977720e-06   2.50e-06  
1073     -6.280480e-01  -6.280492e-01  1.259865e-06   2.01e-06  
1074     -5.178765e-01  -5.178780e-01  1.508550e-06   2.91e-06  
1075     -7.625778e-01  -7.625814e-01  3.525218e-06   4.62e-06  
1076     -7.595978e-01  -7.595959e-01  1.935537e-06   2.55e-06  
1077     -7.764667e-01  -7.764695e-01  2.820536e-06   3.63e-06  
1078     -8.315575e-01  -8.315590e-01  1.556538e-06   1.87e-06  
1079     -9.115328e-01  -9.326864e-01  2.115354e-02   2.32e-02  
1080     -9.917655e-01  -9.726207e-01  1.914479e-02   1.93e-02  
1081     -8.322054e-02  -7.900138e-02  4.219157e-03   5.07e-02  
1082     -2.552844e-01  -2.560085e-01  7.241363e-04   2.84e-03  
1083     -3.677988e-01  -3.677956e-01  3.190326e-06   8.67e-06  
1084     -5.352671e-01  -5.352654e-01  1.705231e-06   3.19e-06  
1085     -6.252569e-01  -6.252546e-01  2.260370e-06   3.62e-06  
1086     -6.400111e-01  -6.400093e-01  1.840933e-06   2.88e-06  
1087     -5.132810e-01  -5.132840e-01  3.009926e-06   5.86e-06  
1088     -4.810494e-01  -4.810500e-01  6.262488e-07   1.30e-06  
1089     -8.485254e-01  -8.485266e-01  1.181739e-06   1.39e-06  
1090     -1.373824e+00  -1.373825e+00  1.451476e-07   1.06e-07  
1091     -1.667806e+00  -1.667806e+00  4.993537e-08   2.99e-08  
1092     -1.595967e+00  -1.595966e+00  7.425969e-07   4.65e-07  
1093     -1.079113e+00  -1.079113e+00  9.494413e-08   8.80e-08  
1094     -6.514533e-01  -6.514536e-01  2.470668e-07   3.79e-07  
1095     -7.958503e-01  -7.958487e-01  1.541147e-06   1.94e-06  
1096     -7.422630e-01  -7.422620e-01  9.624648e-07   1.30e-06  
1097     -7.517830e-01  -7.517850e-01  1.972726e-06   2.62e-06  
1098     -8.200122e-01  -8.200114e-01  8.153778e-07   9.94e-07  
1099     -9.226330e-01  -9.447454e-01  2.211233e-02   2.40e-02  
1100     -1.030567e+00  -1.011227e+00  1.934049e-02   1.88e-02  
1101     -2.597845e-02  -2.322693e-02  2.751519e-03   1.06e-01  
1102     -1.322321e-01  -1.322428e-01  1.071174e-05   8.10e-05  
1103     -3.280712e-01  -3.280706e-01  6.105195e-07   1.86e-06  
1104     -3.391968e-01  -3.391957e-01  1.108497e-06   3.27e-06  
1105     -3.687894e-01  -3.687936e-01  4.230953e-06   1.15e-05  
1106     -4.914458e-01  -4.914433e-01  2.418418e-06   4.92e-06  
1107     -5.682481e-01  -5.682513e-01  3.133118e-06   5.51e-06  
1108     -5.752778e-01  -5.752784e-01  5.690928e-07   9.89e-07  
1109     -7.268391e-01  -7.268399e-01  7.997770e-07   1.10e-06  
1110     -1.259901e+00  -1.259902e+00  1.532789e-06   1.22e-06  
1111     -1.836820e+00  -1.836820e+00  1.489341e-07   8.11e-08  
1112     -1.786032e+00  -1.786031e+00  5.361760e-07   3.00e-07  
1113     -1.063938e+00  -1.063939e+00  5.151448e-07   4.84e-07  
1114     -6.518828e-01  -6.518838e-01  1.043921e-06   1.60e-06  
1115     -8.224013e-01  -8.223999e-01  1.472098e-06   1.79e-06  
1116     -7.357554e-01  -7.357561e-01  6.841865e-07   9.30e-07  
1117     -7.211073e-01  -7.211066e-01  6.580541e-07   9.13e-07  
1118     -7.991399e-01  -7.991404e-01  4.828264e-07   6.04e-07  
1119     -9.266655e-01  -9.496647e-01  2.299925e-02   2.48e-02  
1120     -1.062098e+00  -1.042726e+00  1.937264e-02   1.82e-02  
1121     -4.775352e-03  -4.144084e-03  6.312676e-04   1.32e-01  
1122     -1.155839e-01  -1.155842e-01  3.234966e-07   2.80e-06  
1123     -4.573914e-01  -4.573915e-01  4.848695e-08   1.06e-07  
1124     -3.803851e-01  -3.803833e-01  1.838283e-06   4.83e-06  
1125     -2.315727e-01  -2.315711e-01  1.630712e-06   7.04e-06  
1126     -2.533027e-01  -2.533056e-01  2.861422e-06   1.13e-05  
1127     -3.748490e-01  -3.748512e-01  2.259302e-06   6.03e-06  
1128     -5.195516e-01  -5.195506e-01  1.047779e-06   2.02e-06  
1129     -8.456784e-01  -8.456821e-01  3.791855e-06   4.48e-06  
1130     -1.728755e+00  -1.728754e+00  1.159634e-06   6.71e-07  
1131     -2.780549e+00  -2.780547e+00  1.891476e-06   6.80e-07  
1132     -2.464156e+00  -2.464158e+00  1.476095e-06   5.99e-07  
1133     -1.126032e+00  -1.126033e+00  1.677016e-06   1.49e-06  
1134     -4.868847e-01  -4.868835e-01  1.182260e-06   2.43e-06  
1135     -6.193523e-01  -6.193524e-01  1.017137e-07   1.64e-07  
1136     -6.441232e-01  -6.441232e-01  3.178173e-08   4.93e-08  
1137     -6.539700e-01  -6.539703e-01  2.539648e-07   3.88e-07  
1138     -7.747866e-01  -7.747850e-01  1.553191e-06   2.00e-06  
1139     -9.203841e-01  -9.436262e-01  2.324211e-02   2.53e-02  
1140     -1.065114e+00  -1.045818e+00  1.929542e-02   1.81e-02  
1141     -2.074475e-03  -1.825640e-03  2.488352e-04   1.20e-01  
1142     -9.498752e-02  -9.499103e-02  3.515101e-06   3.70e-05  
1143     -4.828979e-01  -4.828952e-01  2.640207e-06   5.47e-06  
1144     -3.901073e-01  -3.901089e-01  1.594561e-06   4.09e-06  
1145     -1.985358e-01  -1.985372e-01  1.375166e-06   6.93e-06  
1146     -1.458340e-01  -1.458353e-01  1.279242e-06   8.77e-06  
1147     -2.010891e-01  -2.010888e-01  3.430054e-07   1.71e-06  
1148     -3.147702e-01  -3.147703e-01  1.731167e-07   5.50e-07  
1149     -6.379089e-01  -6.379064e-01  2.462868e-06   3.86e-06  
1150     -1.630903e+00  -1.630903e+00  4.074442e-07   2.50e-07  
1151     -2.976906e+00  -2.976905e+00  9.175083e-07   3.08e-07  
1152     -2.743254e+00  -2.743254e+00  4.986726e-07   1.82e-07  
1153     -1.290517e+00  -1.290514e+00  3.270308e-06   2.53e-06  
1154     -4.627564e-01  -4.627610e-01  4.544263e-06   9.82e-06  
1155     -3.775614e-01  -3.775613e-01  1.056662e-07   2.80e-07  
1156     -4.751346e-01  -4.751306e-01  3.987253e-06   8.39e-06  
1157     -5.425644e-01  -5.425639e-01  5.017901e-07   9.25e-07  
1158     -7.488482e-01  -7.488445e-01  3.651810e-06   4.88e-06  
1159     -9.062335e-01  -9.282513e-01  2.201785e-02   2.43e-02  
1160     -1.014821e+00  -9.958185e-01  1.900202e-02   1.87e-02  
1161     -7.239036e-03  -6.512404e-03  7.266315e-04   1.00e-01  
1162     -1.059005e-01  -1.059286e-01  2.812576e-05   2.66e-04  
1163     -4.394616e-01  -4.394608e-01  8.427190e-07   1.92e-06  
1164     -3.652196e-01  -3.652245e-01  4.892418e-06   1.34e-05  
1165     -1.934158e-01  -1.934137e-01  2.054503e-06   1.06e-05  
1166     -1.265148e-01  -1.265141e-01  6.928718e-07   5.48e-06  
1167     -1.382344e-01  -1.382373e-01  2.888391e-06   2.09e-05  
1168     -2.145980e-01  -2.145925e-01  5.460180e-06   2.54e-05  
1169     -3.797130e-01  -3.797131e-01  1.438376e-07   3.79e-07  
1170     -9.548354e-01  -9.548373e-01  1.974712e-06   2.07e-06  
1171     -1.891385e+00  -1.891385e+00  2.598389e-07   1.37e-07  
1172     -1.947398e+00  -1.947397e+00  1.853315e-06   9.52e-07  
1173     -1.149488e+00  -1.149488e+00  3.747065e-08   3.26e-08  
1174     -5.423198e-01  -5.423194e-01  3.319654e-07   6.12e-07  
1175     -3.991867e-01  -3.991848e-01  1.887166e-06   4.73e-06  
1176     -5.326241e-01  -5.326235e-01  5.942871e-07   1.12e-06  
1177     -6.018826e-01  -6.018823e-01  3.238848e-07   5.38e-07  
1178     -7.149941e-01  -7.149941e-01  6.529847e-08   9.13e-08  
1179     -8.321681e-01  -8.516206e-01  1.945246e-02   2.34e-02  
1180     -9.127390e-01  -8.938912e-01  1.884776e-02   2.06e-02  
1181     -3.282293e-02  -2.967686e-02  3.146072e-03   9.58e-02  
1182     -1.898953e-01  -1.900504e-01  1.550921e-04   8.17e-04  
1183     -4.491047e-01  -4.491058e-01  1.126692e-06   2.51e-06  
1184     -3.593742e-01  -3.593718e-01  2.417063e-06   6.73e-06  
1185     -2.274657e-01  -2.274652e-01  4.930725e-07   2.17e-06  
1186     -1.088347e-01  -1.088329e-01  1.800082e-06   1.65e-05  
1187     -8.753907e-02  -8.753921e-02  1.441354e-07   1.65e-06  
1188     -1.728703e-01  -1.728695e-01  7.929427e-07   4.59e-06  
1189     -3.087136e-01  -3.087126e-01  9.657387e-07   3.13e-06  
1190     -5.670614e-01  -5.670640e-01  2.562592e-06   4.52e-06  
1191     -9.430248e-01  -9.430242e-01  6.590875e-07   6.99e-07  
1192     -1.027668e+00  -1.027669e+00  1.716316e-06   1.67e-06  
1193     -7.869065e-01  -7.869069e-01  3.964027e-07   5.04e-07  
1194     -5.289610e-01  -5.289575e-01  3.515804e-06   6.65e-06  
1195     -4.462603e-01  -4.462613e-01  1.022162e-06   2.29e-06  
1196     -5.447413e-01  -5.447441e-01  2.744888e-06   5.04e-06  
1197     -4.683800e-01  -4.683747e-01  5.352449e-06   1.14e-05  
1198     -4.105810e-01  -4.105880e-01  7.034523e-06   1.71e-05  
1199     -5.367266e-01  -5.525411e-01  1.581445e-02   2.95e-02  
1200     -7.626515e-01  -7.526448e-01  1.000670e-02   1.31e-02  
1201     -7.408787e-02  -6.724797e-02  6.839900e-03   9.23e-02  
1202     -2.730956e-01  -2.738179e-01  7.222556e-04   2.64e-03  
1203     -4.139311e-01  -4.139331e-01  1.911098e-06   4.62e-06  
1204     -3.308884e-01  -3.308864e-01  1.921751e-06   5.81e-06  
1205     -2.657415e-01  -2.657437e-01  2.291831e-06   8.62e-06  
1206     -1.222185e-01  -1.222206e-01  2.046777e-06   1.67e-05  
1207     -8.117267e-02  -8.117258e-02  9.190838e-08   1.13e-06  
1208     -1.557413e-01  -1.557446e-01  3.294357e-06   2.12e-05  
1209     -2.891392e-01  -2.891389e-01  3.465244e-07   1.20e-06  
1210     -4.063876e-01  -4.063858e-01  1.801959e-06   4.43e-06  
1211     -4.876479e-01  -4.876491e-01  1.146608e-06   2.35e-06  
1212     -4.909516e-01  -4.909507e-01  9.054612e-07   1.84e-06  
1213     -4.422676e-01  -4.422683e-01  6.547121e-07   1.48e-06  
1214     -3.610507e-01  -3.610524e-01  1.699367e-06   4.71e-06  
1215     -3.918707e-01  -3.918736e-01  2.909492e-06   7.42e-06  
1216     -5.391975e-01  -5.391976e-01  6.834545e-08   1.27e-07  
1217     -4.007046e-01  -4.007056e-01  9.590276e-07   2.39e-06  
1218     -3.356519e-01  -3.356507e-01  1.233480e-06   3.67e-06  
1219     -4.915944e-01  -5.110040e-01  1.940967e-02   3.95e-02  
1220     -8.151533e-01  -8.060696e-01  9.083722e-03   1.11e-02  
1221     -5.585296e-02  -5.117696e-02  4.676004e-03   8.37e-02  
1222     -1.903520e-01  -1.908845e-01  5.325245e-04   2.80e-03  
1223     -2.213282e-01  -2.213284e-01  2.170451e-07   9.81e-07  
1224     -2.424671e-01  -2.424644e-01  2.651670e-06   1.09e-05  
1225     -2.785560e-01  -2.785511e-01  4.885514e-06   1.75e-05  
1226     -1.737950e-01  -1.737957e-01  6.708827e-07   3.86e-06  
1227     -1.335353e-01  -1.335353e-01  1.353428e-08   1.01e-07  
1228     -1.771938e-01  -1.771943e-01  5.616512e-07   3.17e-06  
1229     -2.602730e-01  -2.602742e-01  1.207432e-06   4.64e-06  
1230     -2.916041e-01  -2.916046e-01  5.545513e-07   1.90e-06  
1231     -2.719998e-01  -2.719990e-01  7.404252e-07   2.72e-06  
1232     -2.661460e-01  -2.661420e-01  4.043735e-06   1.52e-05  
1233     -3.027430e-01  -3.027476e-01  4.568444e-06   1.51e-05  
1234     -4.015483e-01  -4.015435e-01  4.786402e-06   1.19e-05  
1235     -5.325182e-01  -5.325205e-01  2.314369e-06   4.35e-06  
1236     -6.714219e-01  -6.714231e-01  1.273282e-06   1.90e-06  
1237     -4.290174e-01  -4.290210e-01  3.578710e-06   8.34e-06  
1238     -4.041847e-01  -4.041887e-01  3.957235e-06   9.79e-06  
1239     -5.210081e-01  -5.397865e-01  1.877844e-02   3.60e-02  
1240     -8.319681e-01  -8.224532e-01  9.514827e-03   1.14e-02  
1241     -4.150252e-02  -3.878421e-02  2.718305e-03   6.55e-02  
1242     -1.423749e-01  -1.426959e-01  3.209472e-04   2.25e-03  
1243     -1.498704e-01  -1.498715e-01  1.128832e-06   7.53e-06  
1244     -2.412833e-01  -2.412859e-01  2.608470e-06   1.08e-05  
1245     -2.902936e-01  -2.902897e-01  3.867995e-06   1.33e-05  
1246     -2.536022e-01  -2.535999e-01  2.286527e-06   9.02e-06  
1247     -2.162411e-01  -2.162423e-01  1.219012e-06   5.64e-06  
1248     -2.409972e-01  -2.409955e-01  1.728054e-06   7.17e-06  
1249     -2.766098e-01  -2.766128e-01  2.958993e-06   1.07e-05  
1250     -2.550120e-01  -2.550117e-01  3.455446e-07   1.36e-06  
1251     -2.347738e-01  -2.347711e-01  2.674321e-06   1.14e-05  
1252     -2.893238e-01  -2.893233e-01  4.366960e-07   1.51e-06  
1253     -4.201327e-01  -4.201325e-01  2.385479e-07   5.68e-07  
1254     -5.972082e-01  -5.972072e-01  1.023369e-06   1.71e-06  
1255     -7.676975e-01  -7.676989e-01  1.417276e-06   1.85e-06  
1256     -8.177490e-01  -8.177485e-01  5.079878e-07   6.21e-07  
1257     -5.146614e-01  -5.146595e-01  1.836098e-06   3.57e-06  
1258     -5.048835e-01  -5.048871e-01  3.687673e-06   7.30e-06  
1259     -6.227399e-01  -6.419309e-01  1.919100e-02   3.08e-02  
1260     -8.667263e-01  -8.538174e-01  1.290897e-02   1.49e-02  
1261     -1.029240e-01  -9.707827e-02  5.845705e-03   5.68e-02  
1262     -2.659978e-01  -2.672528e-01  1.255024e-03   4.72e-03  
1263     -2.865458e-01  -2.865427e-01  3.105893e-06   1.08e-05  
1264     -3.636032e-01  -3.636022e-01  9.102227e-07   2.50e-06  
1265     -3.457946e-01  -3.457950e-01  3.912299e-07   1.13e-06  
1266     -3.345413e-01  -3.345446e-01  3.327037e-06   9.95e-06  
1267     -2.960637e-01  -2.960598e-01  3.935200e-06   1.33e-05  
1268     -3.014235e-01  -3.014230e-01  4.864552e-07   1.61e-06  
1269     -3.283698e-01  -3.283720e-01  2.196514e-06   6.69e-06  
1270     -3.259672e-01  -3.259715e-01  4.282418e-06   1.31e-05  
1271     -4.274658e-01  -4.274667e-01  8.787766e-07   2.06e-06  
1272     -6.116353e-01  -6.116355e-01  1.430367e-07   2.34e-07  
1273     -7.817552e-01  -7.817507e-01  4.440341e-06   5.68e-06  
1274     -9.240945e-01  -9.240945e-01  6.260539e-08   6.77e-08  
1275     -8.088420e-01  -8.088443e-01  2.288501e-06   2.83e-06  
1276     -7.079628e-01  -7.079630e-01  1.727465e-07   2.44e-07  
1277     -4.168420e-01  -4.168413e-01  7.628248e-07   1.83e-06  
1278     -5.011035e-01  -5.011018e-01  1.643691e-06   3.28e-06  
1279     -6.484765e-01  -6.681794e-01  1.970293e-02   3.04e-02  
1280     -8.784848e-01  -8.653024e-01  1.318242e-02   1.50e-02  
1281     -2.393354e-01  -2.270648e-01  1.227066e-02   5.13e-02  
1282     -4.970189e-01  -5.004550e-01  3.436128e-03   6.91e-03  
1283     -5.133732e-01  -5.133709e-01  2.319025e-06   4.52e-06  
1284     -5.043663e-01  -5.043635e-01  2.834547e-06   5.62e-06  
1285     -4.221528e-01  -4.221522e-01  6.257861e-07   1.48e-06  
1286     -3.844562e-01  -3.844541e-01  2.165675e-06   5.63e-06  
1287     -3.542504e-01  -3.542484e-01  2.027697e-06   5.72e-06  
1288     -3.342579e-01  -3.342583e-01  3.788660e-07   1.13e-06  
1289     -3.899885e-01  -3.899886e-01  1.275600e-07   3.27e-07  
1290     -5.324168e-01  -5.324156e-01  1.184088e-06   2.22e-06  
1291     -8.474241e-01  -8.474227e-01  1.413643e-06   1.67e-06  
1292     -1.025893e+00  -1.025891e+00  1.706235e-06   1.66e-06  
1293     -1.178745e+00  -1.178746e+00  1.073078e-06   9.10e-07  
1294     -1.056986e+00  -1.056986e+00  1.629827e-07   1.54e-07  
1295     -6.753844e-01  -6.753840e-01  3.537769e-07   5.24e-07  
1296     -5.496775e-01  -5.496728e-01  4.622576e-06   8.41e-06  
1297     -3.636820e-01  -3.636792e-01  2.860404e-06   7.87e-06  
1298     -4.531376e-01  -4.531332e-01  4.375086e-06   9.66e-06  
1299     -6.220379e-01  -6.408914e-01  1.885346e-02   3.03e-02  
1300     -8.469843e-01  -8.342757e-01  1.270854e-02   1.50e-02  
1301     -3.843335e-01  -3.684360e-01  1.589746e-02   4.14e-02  
1302     -6.897841e-01  -6.968114e-01  7.027288e-03   1.02e-02  
1303     -7.202110e-01  -7.202107e-01  2.907375e-07   4.04e-07  
1304     -6.500963e-01  -6.500957e-01  5.972010e-07   9.19e-07  
1305     -5.680209e-01  -5.680216e-01  6.673732e-07   1.17e-06  
1306     -4.667381e-01  -4.667399e-01  1.786302e-06   3.83e-06  
1307     -4.131857e-01  -4.131837e-01  1.983429e-06   4.80e-06  
1308     -3.741505e-01  -3.741484e-01  2.078164e-06   5.55e-06  
1309     -4.289127e-01  -4.289126e-01  3.874571e-08   9.03e-08  
1310     -7.014924e-01  -7.014933e-01  8.998879e-07   1.28e-06  
1311     -1.110219e+00  -1.110215e+00  3.715691e-06   3.35e-06  
1312     -1.227733e+00  -1.227734e+00  5.285211e-07   4.30e-07  
1313     -1.169915e+00  -1.169917e+00  2.308956e-06   1.97e-06  
1314     -8.073665e-01  -8.073690e-01  2.456173e-06   3.04e-06  
1315     -4.719421e-01  -4.719445e-01  2.343803e-06   4.97e-06  
1316     -4.013444e-01  -4.013463e-01  1.945346e-06   4.85e-06  
1317     -3.307387e-01  -3.307356e-01  3.078686e-06   9.31e-06  
1318     -4.381686e-01  -4.381695e-01  9.039554e-07   2.06e-06  
1319     -5.916362e-01  -6.091002e-01  1.746401e-02   2.95e-02  
1320     -7.932294e-01  -7.811659e-01  1.206358e-02   1.52e-02  
1321     -4.735413e-01  -4.553280e-01  1.821335e-02   3.85e-02  
1322     -7.989854e-01  -8.074884e-01  8.503032e-03   1.06e-02  
1323     -8.690176e-01  -8.690192e-01  1.667844e-06   1.92e-06  
1324     -8.182044e-01  -8.182055e-01  1.133231e-06   1.39e-06  
1325     -8.078245e-01  -8.078225e-01  1.909146e-06   2.36e-06  
1326     -6.515815e-01  -6.515800e-01  1.463084e-06   2.25e-06  
1327     -5.224259e-01  -5.224242e-01  1.748998e-06   3.35e-06  
1328     -4.836086e-01  -4.836099e-01  1.228213e-06   2.54e-06  
1329     -5.452187e-01  -5.452200e-01  1.326946e-06   2.43e-06  
1330     -7.735386e-01  -7.735387e-01  9.877839e-08   1.28e-07  
1331     -1.093054e+00  -1.093057e+00  2.604459e-06   2.38e-06  
1332     -1.016177e+00  -1.016176e+00  5.800124e-07   5.71e-07  
1333     -8.063470e-01  -8.063494e-01  2.462432e-06   3.05e-06  
1334     -6.955837e-01  -6.955813e-01  2.379823e-06   3.42e-06  
1335     -6.370039e-01  -6.370040e-01  1.460572e-07   2.29e-07  
1336     -4.374015e-01  -4.374018e-01  2.954942e-07   6.76e-07  
1337     -4.164593e-01  -4.164524e-01  6.914586e-06   1.66e-05  
1338     -4.731201e-01  -4.731221e-01  1.982985e-06   4.19e-06  
1339     -5.774742e-01  -5.939234e-01  1.644921e-02   2.85e-02  
1340     -7.465519e-01  -7.347989e-01  1.175303e-02   1.57e-02  
1341     -4.825855e-01  -4.634245e-01  1.916100e-02   3.97e-02  
1342     -8.224177e-01  -8.319924e-01  9.574723e-03   1.16e-02  
1343     -9.669398e-01  -9.669439e-01  4.095887e-06   4.24e-06  
1344     -9.956916e-01  -9.956930e-01  1.398340e-06   1.40e-06  
1345     -1.072763e+00  -1.072764e+00  1.481883e-06   1.38e-06  
1346     -9.386279e-01  -9.386277e-01  2.277654e-07   2.43e-07  
1347     -7.132452e-01  -7.132426e-01  2.653413e-06   3.72e-06  
1348     -6.211855e-01  -6.211857e-01  2.458487e-07   3.96e-07  
1349     -6.688631e-01  -6.688605e-01  2.665630e-06   3.99e-06  
1350     -7.992051e-01  -7.992046e-01  5.253916e-07   6.57e-07  
1351     -9.549794e-01  -9.549790e-01  4.388885e-07   4.60e-07  
1352     -9.288464e-01  -9.288470e-01  5.785959e-07   6.23e-07  
1353     -8.806033e-01  -8.806024e-01  8.535407e-07   9.69e-07  
1354     -1.043409e+00  -1.043408e+00  9.516309e-07   9.12e-07  
1355     -8.856952e-01  -8.856964e-01  1.167005e-06   1.32e-06  
1356     -6.218103e-01  -6.218108e-01  5.693154e-07   9.16e-07  
1357     -5.651666e-01  -5.651650e-01  1.522359e-06   2.69e-06  
1358     -5.403244e-01  -5.403254e-01  9.968654e-07   1.84e-06  
1359     -5.784880e-01  -5.938101e-01  1.532207e-02   2.65e-02  
1360     -7.004925e-01  -6.887799e-01  1.171265e-02   1.67e-02  
1361     -3.132208e-01  -2.988447e-01  1.437609e-02   4.59e-02  
1362     -6.782572e-01  -6.829750e-01  4.717837e-03   6.96e-03  
1363     -9.804707e-01  -9.804698e-01  8.821014e-07   9.00e-07  
1364     -1.084340e+00  -1.084339e+00  1.192338e-06   1.10e-06  
1365     -1.193980e+00  -1.193977e+00  2.163200e-06   1.81e-06  
1366     -1.148787e+00  -1.148785e+00  1.690152e-06   1.47e-06  
1367     -9.407795e-01  -9.407803e-01  8.468440e-07   9.00e-07  
1368     -7.698792e-01  -7.698795e-01  3.164850e-07   4.11e-07  
1369     -7.657591e-01  -7.657588e-01  2.514595e-07   3.28e-07  
1370     -8.285716e-01  -8.285698e-01  1.876297e-06   2.26e-06  
1371     -9.051849e-01  -9.051859e-01  1.081143e-06   1.19e-06  
1372     -1.035514e+00  -1.035515e+00  1.210722e-06   1.17e-06  
1373     -1.244217e+00  -1.244220e+00  3.591293e-06   2.89e-06  
1374     -1.412979e+00  -1.412975e+00  4.180449e-06   2.96e-06  
1375     -1.072587e+00  -1.072587e+00  3.360099e-07   3.13e-07  
1376     -7.779864e-01  -7.779911e-01  4.653242e-06   5.98e-06  
1377     -6.993518e-01  -6.993519e-01  6.645913e-08   9.50e-08  
1378     -6.309457e-01  -6.309434e-01  2.352389e-06   3.73e-06  
1379     -6.003327e-01  -6.143317e-01  1.399901e-02   2.33e-02  
1380     -6.565219e-01  -6.444421e-01  1.207980e-02   1.84e-02  
1381     -1.824004e-01  -1.712216e-01  1.117880e-02   6.13e-02  
1382     -5.407824e-01  -5.429584e-01  2.176032e-03   4.02e-03  
1383     -9.390674e-01  -9.390686e-01  1.241244e-06   1.32e-06  
1384     -1.090439e+00  -1.090439e+00  8.136433e-08   7.46e-08  
1385     -1.249784e+00  -1.249785e+00  8.394308e-07   6.72e-07  
1386     -1.323480e+00  -1.323481e+00  3.260197e-07   2.46e-07  
1387     -1.173731e+00  -1.173730e+00  1.045403e-06   8.91e-07  
1388     -9.232398e-01  -9.232421e-01  2.215357e-06   2.40e-06  
1389     -8.441836e-01  -8.441899e-01  6.246216e-06   7.40e-06  
1390     -9.187651e-01  -9.187698e-01  4.665025e-06   5.08e-06  
1391     -1.043317e+00  -1.043319e+00  1.865706e-06   1.79e-06  
1392     -1.284143e+00  -1.284146e+00  2.917929e-06   2.27e-06  
1393     -1.464731e+00  -1.464735e+00  3.987953e-06   2.72e-06  
1394     -1.543578e+00  -1.543580e+00  1.411722e-06   9.15e-07  
1395     -1.240179e+00  -1.240181e+00  1.534065e-06   1.24e-06  
1396     -9.563881e-01  -9.563862e-01  1.850531e-06   1.93e-06  
1397     -8.361893e-01  -8.361879e-01  1.392520e-06   1.67e-06  
1398     -7.537799e-01  -7.537779e-01  1.928787e-06   2.56e-06  
1399     -6.618684e-01  -6.752065e-01  1.333812e-02   2.02e-02  
1400     -6.369658e-01  -6.234081e-01  1.355778e-02   2.13e-02  
1401     -1.132598e-01  -1.048167e-01  8.443146e-03   7.45e-02  
1402     -4.086633e-01  -4.099318e-01  1.268544e-03   3.10e-03  
1403     -8.243540e-01  -8.243556e-01  1.603912e-06   1.95e-06  
1404     -1.045584e+00  -1.045581e+00  3.076743e-06   2.94e-06  
1405     -1.302830e+00  -1.302829e+00  1.709319e-06   1.31e-06  
1406     -1.511922e+00  -1.511921e+00  1.515285e-06   1.00e-06  
1407     -1.438113e+00  -1.438109e+00  3.898707e-06   2.71e-06  
1408     -1.072261e+00  -1.072261e+00  6.067466e-07   5.66e-07  
1409     -8.813700e-01  -8.813685e-01  1.517972e-06   1.72e-06  
1410     -9.270334e-01  -9.270318e-01  1.556555e-06   1.68e-06  
1411     -1.103169e+00  -1.103172e+00  2.683184e-06   2.43e-06  
1412     -1.366949e+00  -1.366950e+00  1.172760e-06   8.58e-07  
1413     -1.509140e+00  -1.509138e+00  2.204214e-06   1.46e-06  
1414     -1.550264e+00  -1.550262e+00  1.368273e-06   8.83e-07  
1415     -1.390843e+00  -1.390842e+00  1.019382e-06   7.33e-07  
1416     -1.135210e+00  -1.135208e+00  1.860133e-06   1.64e-06  
1417     -9.829718e-01  -9.829746e-01  2.791657e-06   2.84e-06  
1418     -8.958682e-01  -8.958672e-01  1.019046e-06   1.14e-06  
1419     -7.420920e-01  -7.548981e-01  1.280604e-02   1.73e-02  
1420     -6.267974e-01  -6.111595e-01  1.563793e-02   2.49e-02  
1421     -4.668380e-02  -4.285178e-02  3.832024e-03   8.21e-02  
1422     -2.355501e-01  -2.358892e-01  3.391172e-04   1.44e-03  
1423     -6.302187e-01  -6.302196e-01  9.811672e-07   1.56e-06  
1424     -9.761807e-01  -9.761821e-01  1.356717e-06   1.39e-06  
1425     -1.347353e+00  -1.347356e+00  2.221160e-06   1.65e-06  
1426     -1.673484e+00  -1.673482e+00  2.056580e-06   1.23e-06  
1427     -1.692317e+00  -1.692315e+00  2.286763e-06   1.35e-06  
1428     -1.275715e+00  -1.275716e+00  1.776902e-07   1.39e-07  
1429     -9.604862e-01  -9.604852e-01  1.031556e-06   1.07e-06  
1430     -9.067111e-01  -9.067101e-01  9.551983e-07   1.05e-06  
1431     -1.034944e+00  -1.034944e+00  9.353295e-08   9.04e-08  
1432     -1.274972e+00  -1.274972e+00  5.797652e-07   4.55e-07  
1433     -1.406672e+00  -1.406675e+00  3.046811e-06   2.17e-06  
1434     -1.462758e+00  -1.462756e+00  1.754268e-06   1.20e-06  
1435     -1.458300e+00  -1.458302e+00  1.899709e-06   1.30e-06  
1436     -1.310412e+00  -1.310411e+00  4.479424e-07   3.42e-07  
1437     -1.147091e+00  -1.147087e+00  3.440482e-06   3.00e-06  
1438     -1.044862e+00  -1.044859e+00  2.516643e-06   2.41e-06  
1439     -8.232033e-01  -8.350518e-01  1.184852e-02   1.44e-02  
1440     -5.961182e-01  -5.792922e-01  1.682605e-02   2.82e-02  
1441     -1.146579e-02  -1.040480e-02  1.060992e-03   9.25e-02  
1442     -1.033030e-01  -1.033463e-01  4.335152e-05   4.20e-04  
1443     -4.284118e-01  -4.284136e-01  1.734550e-06   4.05e-06  
1444     -8.736465e-01  -8.736469e-01  4.286601e-07   4.91e-07  
1445     -1.299520e+00  -1.299516e+00  4.010561e-06   3.09e-06  
1446     -1.669580e+00  -1.669582e+00  1.697708e-06   1.02e-06  
1447     -1.793380e+00  -1.793380e+00  3.292005e-07   1.84e-07  
1448     -1.485398e+00  -1.485395e+00  2.332259e-06   1.57e-06  
1449     -1.132244e+00  -1.132242e+00  1.984698e-06   1.75e-06  
1450     -9.254786e-01  -9.254756e-01  2.932947e-06   3.17e-06  
1451     -8.999983e-01  -9.000013e-01  3.042465e-06   3.38e-06  
1452     -1.013809e+00  -1.013810e+00  8.709654e-07   8.59e-07  
1453     -1.123414e+00  -1.123412e+00  1.176076e-06   1.05e-06  
1454     -1.243758e+00  -1.243755e+00  2.614932e-06   2.10e-06  
1455     -1.419396e+00  -1.419400e+00  4.242694e-06   2.99e-06  
1456     -1.428757e+00  -1.428753e+00  3.643842e-06   2.55e-06  
1457     -1.234054e+00  -1.234054e+00  6.093145e-08   4.94e-08  
1458     -1.132369e+00  -1.132370e+00  9.030519e-07   7.97e-07  
1459     -8.749670e-01  -8.852915e-01  1.032450e-02   1.18e-02  
1460     -5.275897e-01  -5.068774e-01  2.071230e-02   3.93e-02  
1461     -3.984560e-03  -3.537510e-03  4.470498e-04   1.12e-01  
1462     -5.680861e-02  -5.681553e-02  6.926461e-06   1.22e-04  
1463     -3.306782e-01  -3.306803e-01  2.071844e-06   6.27e-06  
1464     -8.933938e-01  -8.933956e-01  1.811795e-06   2.03e-06  
1465     -1.344303e+00  -1.344302e+00  6.897963e-07   5.13e-07  
1466     -1.616955e+00  -1.616954e+00  1.200763e-06   7.43e-07  
1467     -1.819469e+00  -1.819469e+00  2.923722e-07   1.61e-07  
1468     -1.733553e+00  -1.733551e+00  1.561493e-06   9.01e-07  
1469     -1.418720e+00  -1.418716e+00  3.789506e-06   2.67e-06  
1470     -1.029031e+00  -1.029032e+00  1.083186e-06   1.05e-06  
1471     -8.005665e-01  -8.005695e-01  3.029044e-06   3.78e-06  
1472     -7.091636e-01  -7.091633e-01  2.754343e-07   3.88e-07  
1473     -6.879399e-01  -6.879418e-01  1.882354e-06   2.74e-06  
1474     -8.310078e-01  -8.310089e-01  1.081472e-06   1.30e-06  
1475     -1.278209e+00  -1.278208e+00  1.200990e-06   9.40e-07  
1476     -1.664382e+00  -1.664380e+00  1.437183e-06   8.63e-07  
1477     -1.404404e+00  -1.404403e+00  1.394472e-06   9.93e-07  
1478     -1.059990e+00  -1.059988e+00  2.590463e-06   2.44e-06  
1479     -6.382769e-01  -6.416230e-01  3.346110e-03   5.24e-03  
1480     -2.730285e-01  -2.597966e-01  1.323185e-02   4.85e-02  
1481     -1.577882e-03  -1.480113e-03  9.776896e-05   6.20e-02  
1482     -2.206957e-02  -2.208635e-02  1.677603e-05   7.60e-04  
1483     -2.439512e-01  -2.439520e-01  8.667641e-07   3.55e-06  
1484     -9.640133e-01  -9.640103e-01  3.058575e-06   3.17e-06  
1485     -1.578248e+00  -1.578248e+00  3.976188e-07   2.52e-07  
1486     -1.652649e+00  -1.652646e+00  2.329834e-06   1.41e-06  
1487     -1.859989e+00  -1.859987e+00  2.593732e-06   1.39e-06  
1488     -2.039086e+00  -2.039087e+00  1.295390e-06   6.35e-07  
1489     -1.838052e+00  -1.838054e+00  1.121592e-06   6.10e-07  
1490     -1.261783e+00  -1.261786e+00  3.211228e-06   2.54e-06  
1491     -7.460019e-01  -7.460012e-01  6.978417e-07   9.35e-07  
1492     -5.209374e-01  -5.209396e-01  2.149691e-06   4.13e-06  
1493     -4.986582e-01  -4.986539e-01  4.305815e-06   8.63e-06  
1494     -8.651114e-01  -8.651112e-01  2.114356e-07   2.44e-07  
1495     -1.810910e+00  -1.810913e+00  2.835677e-06   1.57e-06  
1496     -2.647548e+00  -2.647545e+00  3.057471e-06   1.15e-06  
1497     -2.137068e+00  -2.137068e+00  6.060532e-07   2.84e-07  
1498     -1.280050e+00  -1.280051e+00  3.061585e-07   2.39e-07  
1499     -5.096191e-01  -5.114560e-01  1.836900e-03   3.60e-03  
1500     -1.477727e-01  -1.387316e-01  9.041089e-03   6.12e-02  
1501     -2.179710e-03  -2.120961e-03  5.874896e-05   2.70e-02  
1502     -7.272656e-03  -7.319364e-03  4.670869e-05   6.42e-03  
1503     -1.401396e-01  -1.401410e-01  1.440548e-06   1.03e-05  
1504     -8.421314e-01  -8.421277e-01  3.683270e-06   4.37e-06  
1505     -1.710641e+00  -1.710642e+00  1.265222e-06   7.40e-07  
1506     -1.793117e+00  -1.793115e+00  1.939183e-06   1.08e-06  
1507     -1.989714e+00  -1.989711e+00  3.544447e-06   1.78e-06  
1508     -2.350317e+00  -2.350315e+00  1.203596e-06   5.12e-07  
1509     -2.314250e+00  -2.314252e+00  2.067657e-06   8.93e-07  
1510     -1.650534e+00  -1.650532e+00  1.763159e-06   1.07e-06  
1511     -8.261795e-01  -8.261812e-01  1.737576e-06   2.10e-06  
1512     -5.257977e-01  -5.257970e-01  7.164437e-07   1.36e-06  
1513     -7.742406e-01  -7.742426e-01  2.035772e-06   2.63e-06  
1514     -1.810439e+00  -1.810439e+00  2.156887e-07   1.19e-07  
1515     -3.100321e+00  -3.100320e+00  6.857536e-07   2.21e-07  
1516     -3.345545e+00  -3.345543e+00  1.293843e-06   3.87e-07  
1517     -2.036557e+00  -2.036555e+00  1.713341e-06   8.41e-07  
1518     -9.236616e-01  -9.236597e-01  1.841305e-06   1.99e-06  
1519     -2.939402e-01  -2.952131e-01  1.272883e-03   4.33e-03  
1520     -8.282981e-02  -7.837096e-02  4.458853e-03   5.38e-02  
1521     -1.993809e-02  -1.989425e-02  4.383668e-05   2.20e-03  
1522     -1.669265e-02  -1.673830e-02  4.565756e-05   2.74e-03  
1523     -1.338938e-01  -1.338985e-01  4.650743e-06   3.47e-05  
1524     -8.190313e-01  -8.190323e-01  1.022754e-06   1.25e-06  
1525     -1.996975e+00  -1.996976e+00  6.939138e-07   3.47e-07  
1526     -2.467978e+00  -2.467979e+00  4.657640e-07   1.89e-07  
1527     -2.476725e+00  -2.476723e+00  1.691353e-06   6.83e-07  
1528     -2.477156e+00  -2.477154e+00  2.124326e-06   8.58e-07  
1529     -2.351929e+00  -2.351926e+00  2.321555e-06   9.87e-07  
1530     -1.754340e+00  -1.754341e+00  1.723412e-06   9.82e-07  
1531     -9.381923e-01  -9.381926e-01  2.722530e-07   2.90e-07  
1532     -7.069594e-01  -7.069616e-01  2.163997e-06   3.06e-06  
1533     -1.326360e+00  -1.326363e+00  3.089373e-06   2.33e-06  
1534     -2.633879e+00  -2.633879e+00  2.786854e-08   1.06e-08  
1535     -3.227244e+00  -3.227246e+00  1.927484e-06   5.97e-07  
1536     -2.512579e+00  -2.512578e+00  1.387766e-06   5.52e-07  
1537     -1.178100e+00  -1.178097e+00  3.742193e-06   3.18e-06  
1538     -4.272145e-01  -4.272150e-01  5.187437e-07   1.21e-06  
1539     -1.197041e-01  -1.202322e-01  5.280966e-04   4.41e-03  
1540     -3.845011e-02  -3.658174e-02  1.868366e-03   4.86e-02  
1541     -8.374820e-01  -8.357353e-01  1.746686e-03   2.09e-03  
1542     -7.201778e-01  -7.226046e-01  2.426753e-03   3.37e-03  
1543     -7.377965e-01  -7.377955e-01  9.984423e-07   1.35e-06  
1544     -9.048382e-01  -9.048382e-01  4.058412e-08   4.49e-08  
1545     -1.527808e+00  -1.527808e+00  7.314964e-07   4.79e-07  
1546     -2.108595e+00  -2.108596e+00  1.325339e-06   6.29e-07  
1547     -2.252158e+00  -2.252162e+00  3.307575e-06   1.47e-06  
1548     -2.024050e+00  -2.024051e+00  3.424478e-07   1.69e-07  
1549     -1.778435e+00  -1.778434e+00  1.099971e-06   6.19e-07  
1550     -1.411022e+00  -1.411023e+00  6.574268e-07   4.66e-07  
1551     -1.059142e+00  -1.059138e+00  3.879793e-06   3.66e-06  
1552     -9.947340e-01  -9.947344e-01  3.944631e-07   3.97e-07  
1553     -1.648689e+00  -1.648690e+00  7.197784e-07   4.37e-07  
1554     -2.415081e+00  -2.415085e+00  4.593056e-06   1.90e-06  
1555     -2.105203e+00  -2.105200e+00  3.294842e-06   1.57e-06  
1556     -1.176745e+00  -1.176744e+00  9.046387e-07   7.69e-07  
1557     -4.528114e-01  -4.528116e-01  2.373151e-07   5.24e-07  
1558     -1.421749e-01  -1.421746e-01  2.334550e-07   1.64e-06  
1559     -4.591135e-02  -4.614642e-02  2.350691e-04   5.12e-03  
1560     -1.628235e-02  -1.550605e-02  7.763063e-04   4.77e-02  
1561     -3.937891e+00  -3.939807e+00  1.916373e-03   4.87e-04  
1562     -4.003582e+00  -4.175564e+00  1.719812e-01   4.30e-02  
1563     -3.971655e+00  -4.035007e+00  6.335195e-02   1.60e-02  
1564     -3.922536e+00  -3.987266e+00  6.473027e-02   1.65e-02  
1565     -3.971021e+00  -4.052155e+00  8.113479e-02   2.04e-02  
1566     -3.937459e+00  -4.023247e+00  8.578748e-02   2.18e-02  
1567     -3.955276e+00  -4.041348e+00  8.607205e-02   2.18e-02  
1568     -3.671485e+00  -3.740444e+00  6.895845e-02   1.88e-02  
1569     -3.036037e+00  -3.086782e+00  5.074546e-02   1.67e-02  
1570     -2.063709e+00  -2.090427e+00  2.671877e-02   1.29e-02  
1571     -1.369022e+00  -1.380501e+00  1.147975e-02   8.39e-03  
1572     -1.019802e+00  -1.025538e+00  5.735648e-03   5.62e-03  
1573     -1.220759e+00  -1.226114e+00  5.355330e-03   4.39e-03  
1574     -1.318914e+00  -1.323770e+00  4.856092e-03   3.68e-03  
1575     -8.633384e-01  -8.657714e-01  2.432972e-03   2.82e-03  
1576     -3.907013e-01  -3.915979e-01  8.965847e-04   2.29e-03  
1577     -1.364376e-01  -1.367342e-01  2.965576e-04   2.17e-03  
1578     -4.500524e-02  -4.512641e-02  1.211706e-04   2.69e-03  
1579     -1.664971e-02  -1.677157e-02  1.218574e-04   7.32e-03  
1580     -5.825704e-03  -5.543585e-03  2.821195e-04   4.84e-02  
1581     -3.781273e+00  -3.545758e+00  2.355148e-01   6.23e-02  
1582     -3.535188e+00  -3.537105e+00  1.917070e-03   5.42e-04  
1583     -3.359631e+00  -3.256649e+00  1.029820e-01   3.07e-02  
1584     -3.454310e+00  -3.353899e+00  1.004113e-01   2.91e-02  
1585     -3.899081e+00  -3.800723e+00  9.835831e-02   2.52e-02  
1586     -4.065047e+00  -3.976866e+00  8.818110e-02   2.17e-02  
1587     -4.005283e+00  -3.913681e+00  9.160277e-02   2.29e-02  
1588     -3.424214e+00  -3.334617e+00  8.959701e-02   2.62e-02  
1589     -2.556487e+00  -2.480613e+00  7.587365e-02   2.97e-02  
1590     -1.488323e+00  -1.441023e+00  4.730047e-02   3.18e-02  
1591     -7.758177e-01  -7.428327e-01  3.298502e-02   4.25e-02  
1592     -4.265748e-01  -4.054680e-01  2.110679e-02   4.95e-02  
1593     -4.300111e-01  -4.008905e-01  2.912062e-02   6.77e-02  
1594     -3.892318e-01  -3.610934e-01  2.813837e-02   7.23e-02  
1595     -2.187346e-01  -2.032757e-01  1.545888e-02   7.07e-02  
1596     -8.999178e-02  -8.362510e-02  6.366688e-03   7.07e-02  
1597     -3.020764e-02  -2.816930e-02  2.038342e-03   6.75e-02  
1598     -1.096610e-02  -1.024344e-02  7.226550e-04   6.59e-02  
1599     -4.166459e-03  -3.888713e-03  2.777456e-04   6.67e-02  
1600     -1.180503e-03  -1.018600e-03  1.619035e-04   1.37e-01  

--- dc/dtheta: Compliance sensitivity w.r.t. fibre angle ---
Element AnalyticValue Numericvalue Abs.Err Rel.Err
1        -6.290943e-01  -6.174173e-01  1.167706e-02   1.86e-02  
2        -3.430004e-01  -3.609303e-01  1.792992e-02   5.23e-02  
3        -1.513126e-01  -1.426599e-01  8.652752e-03   5.72e-02  
4        -1.253382e-01  -1.157226e-01  9.615551e-03   7.67e-02  
5        -1.248598e-01  -1.158134e-01  9.046385e-03   7.25e-02  
6        -1.225914e-01  -1.159248e-01  6.666585e-03   5.44e-02  
7        -1.067188e-01  -1.006705e-01  6.048263e-03   5.67e-02  
8        -8.138719e-02  -7.669105e-02  4.696136e-03   5.77e-02  
9        -7.190483e-02  -6.679017e-02  5.114661e-03   7.11e-02  
10       -6.252723e-02  -5.794150e-02  4.585727e-03   7.33e-02  
11       -6.314076e-02  -5.984848e-02  3.292279e-03   5.21e-02  
12       -5.825960e-02  -5.504940e-02  3.210196e-03   5.51e-02  
13       -3.899307e-02  -3.589547e-02  3.097597e-03   7.94e-02  
14       -2.804654e-02  -2.574603e-02  2.300515e-03   8.20e-02  
15       -1.913356e-02  -1.709789e-02  2.035673e-03   1.06e-01  
16       -3.572676e-02  -3.296066e-02  2.766095e-03   7.74e-02  
17       -5.838785e-02  -5.511890e-02  3.268958e-03   5.60e-02  
18       -7.077023e-02  -6.641389e-02  4.356336e-03   6.16e-02  
19       -7.245607e-02  -6.814312e-02  4.312953e-03   5.95e-02  
20       -6.442576e-02  -6.042489e-02  4.000862e-03   6.21e-02  
21       -4.833043e-02  -4.568741e-02  2.643011e-03   5.47e-02  
22       -3.317136e-02  -3.204630e-02  1.125059e-03   3.39e-02  
23       -8.626009e-04  -4.302990e-05  8.195710e-04   9.50e-01  
24       2.255102e-02   2.390147e-02   1.350450e-03   5.99e-02  
25       -9.938502e-03  -7.976651e-03  1.961852e-03   1.97e-01  
26       -9.242384e-02  -8.934258e-02  3.081261e-03   3.33e-02  
27       -1.357890e-01  -1.317802e-01  4.008774e-03   2.95e-02  
28       -1.111643e-01  -1.076813e-01  3.482994e-03   3.13e-02  
29       -9.081822e-02  -8.842760e-02  2.390620e-03   2.63e-02  
30       -9.576389e-02  -9.333689e-02  2.426996e-03   2.53e-02  
31       -1.098849e-01  -1.067375e-01  3.147346e-03   2.86e-02  
32       -1.099585e-01  -1.065906e-01  3.367884e-03   3.06e-02  
33       -9.757643e-02  -9.478753e-02  2.788908e-03   2.86e-02  
34       -7.442023e-02  -7.263304e-02  1.787190e-03   2.40e-02  
35       -5.056800e-02  -4.938284e-02  1.185168e-03   2.34e-02  
36       -3.398810e-02  -3.268931e-02  1.298784e-03   3.82e-02  
37       -2.047967e-02  -1.933480e-02  1.144872e-03   5.59e-02  
38       -1.094698e-02  -1.023192e-02  7.150591e-04   6.53e-02  
39       -5.454247e-03  -5.098030e-03  3.562167e-04   6.53e-02  
40       -2.696313e-03  -2.537683e-03  1.586297e-04   5.88e-02  
41       -1.448705e-03  -1.368159e-03  8.054648e-05   5.56e-02  
42       -8.177087e-04  -7.746087e-04  4.309999e-05   5.27e-02  
43       -4.504351e-04  -4.267122e-04  2.372294e-05   5.27e-02  
44       -2.467991e-04  -2.343052e-04  1.249389e-05   5.06e-02  
45       -1.308800e-04  -1.258309e-04  5.049117e-06   3.86e-02  
46       -6.607472e-05  -6.227765e-05  3.797066e-06   5.75e-02  
47       -3.022517e-05  -2.688125e-05  3.343920e-06   1.11e-01  
48       -1.116719e-05  -9.197834e-06  1.969358e-06   1.76e-01  
49       -2.628263e-06  -4.388880e-06  1.760617e-06   6.70e-01  
50       -2.160309e-07  -1.105604e-06  8.895736e-07   4.12e+00  
51       -2.671541e-01  -2.850715e-01  1.791739e-02   6.71e-02  
52       -2.711096e-01  -2.796355e-01  8.525912e-03   3.14e-02  
53       -2.988428e-01  -3.002621e-01  1.419247e-03   4.75e-03  
54       -3.163253e-01  -3.176689e-01  1.343568e-03   4.25e-03  
55       -2.973905e-01  -2.986706e-01  1.280179e-03   4.30e-03  
56       -2.542400e-01  -2.563143e-01  2.074356e-03   8.16e-03  
57       -2.238328e-01  -2.253296e-01  1.496725e-03   6.69e-03  
58       -1.960879e-01  -1.972411e-01  1.153230e-03   5.88e-03  
59       -1.947469e-01  -1.955835e-01  8.365510e-04   4.30e-03  
60       -1.818997e-01  -1.824669e-01  5.672503e-04   3.12e-03  
61       -1.573127e-01  -1.583896e-01  1.076863e-03   6.85e-03  
62       -1.447032e-01  -1.456798e-01  9.765582e-04   6.75e-03  
63       -1.295656e-01  -1.298057e-01  2.400410e-04   1.85e-03  
64       -1.090569e-01  -1.094361e-01  3.792395e-04   3.48e-03  
65       -9.776571e-02  -9.771932e-02  4.639392e-05   4.75e-04  
66       -1.198424e-01  -1.201672e-01  3.247838e-04   2.71e-03  
67       -1.494865e-01  -1.504712e-01  9.846387e-04   6.59e-03  
68       -1.829147e-01  -1.838305e-01  9.157942e-04   5.01e-03  
69       -1.886348e-01  -1.897086e-01  1.073811e-03   5.69e-03  
70       -1.698791e-01  -1.707492e-01  8.700208e-04   5.12e-03  
71       -1.181375e-01  -1.187734e-01  6.359441e-04   5.38e-03  
72       -6.362259e-02  -6.444966e-02  8.270687e-04   1.30e-02  
73       -3.636054e-02  -3.624096e-02  1.195801e-04   3.29e-03  
74       -4.774186e-02  -4.662531e-02  1.116545e-03   2.34e-02  
75       -8.669196e-02  -8.625967e-02  4.322868e-04   4.99e-03  
76       -1.468056e-01  -1.487810e-01  1.975409e-03   1.35e-02  
77       -1.861721e-01  -1.891772e-01  3.005114e-03   1.61e-02  
78       -1.632102e-01  -1.651627e-01  1.952535e-03   1.20e-02  
79       -1.261927e-01  -1.279306e-01  1.737946e-03   1.38e-02  
80       -1.325082e-01  -1.343893e-01  1.881100e-03   1.42e-02  
81       -1.586145e-01  -1.608266e-01  2.212107e-03   1.39e-02  
82       -1.672382e-01  -1.693313e-01  2.093028e-03   1.25e-02  
83       -1.419125e-01  -1.438578e-01  1.945283e-03   1.37e-02  
84       -1.036359e-01  -1.051513e-01  1.515363e-03   1.46e-02  
85       -6.317504e-02  -6.417416e-02  9.991152e-04   1.58e-02  
86       -5.000017e-02  -5.056947e-02  5.692945e-04   1.14e-02  
87       -4.732331e-02  -4.758267e-02  2.593575e-04   5.48e-03  
88       -3.353186e-02  -3.365694e-02  1.250802e-04   3.73e-03  
89       -1.974454e-02  -1.980877e-02  6.422742e-05   3.25e-03  
90       -9.947889e-03  -9.984374e-03  3.648549e-05   3.67e-03  
91       -4.707759e-03  -4.729228e-03  2.146862e-05   4.56e-03  
92       -2.321273e-03  -2.334456e-03  1.318318e-05   5.68e-03  
93       -1.210524e-03  -1.218082e-03  7.558356e-06   6.24e-03  
94       -6.552247e-04  -6.601988e-04  4.974142e-06   7.59e-03  
95       -3.557996e-04  -3.564952e-04  6.956197e-07   1.96e-03  
96       -1.862378e-04  -1.880261e-04  1.788342e-06   9.60e-03  
97       -9.017894e-05  -8.977224e-05  4.066941e-07   4.51e-03  
98       -3.762892e-05  -3.661341e-05  1.015508e-06   2.70e-02  
99       -1.156949e-05  -1.358899e-05  2.019498e-06   1.75e-01  
100      -2.209358e-06  -1.142553e-06  1.066805e-06   4.83e-01  
101      -2.245631e-02  -2.255303e-02  9.672593e-05   4.31e-03  
102      -3.451632e-02  -3.456361e-02  4.729398e-05   1.37e-03  
103      -5.761476e-03  -5.759541e-03  1.935133e-06   3.36e-04  
104      1.936345e-02   1.936484e-02   1.390620e-06   7.18e-05  
105      7.443919e-03   7.442336e-03   1.583451e-06   2.13e-04  
106      -3.054028e-02  -3.053801e-02  2.268266e-06   7.43e-05  
107      -7.982770e-02  -7.982527e-02  2.426653e-06   3.04e-05  
108      -1.055264e-01  -1.055278e-01  1.438519e-06   1.36e-05  
109      -1.327323e-01  -1.327312e-01  1.131323e-06   8.52e-06  
110      -1.582882e-01  -1.582887e-01  5.492080e-07   3.47e-06  
111      -1.724886e-01  -1.724882e-01  3.638835e-07   2.11e-06  
112      -1.712621e-01  -1.712619e-01  2.585792e-07   1.51e-06  
113      -1.615862e-01  -1.615866e-01  3.942147e-07   2.44e-06  
114      -1.494818e-01  -1.494819e-01  4.275402e-08   2.86e-07  
115      -1.420199e-01  -1.420175e-01  2.382996e-06   1.68e-05  
116      -1.597542e-01  -1.597544e-01  2.431247e-07   1.52e-06  
117      -1.870363e-01  -1.870359e-01  4.288173e-07   2.29e-06  
118      -2.290162e-01  -2.290147e-01  1.458710e-06   6.37e-06  
119      -2.416200e-01  -2.416186e-01  1.429471e-06   5.92e-06  
120      -2.256912e-01  -2.256926e-01  1.431639e-06   6.34e-06  
121      -1.667584e-01  -1.667612e-01  2.747906e-06   1.65e-05  
122      -9.207482e-02  -9.207486e-02  3.953965e-08   4.29e-07  
123      -4.957839e-02  -4.958046e-02  2.071599e-06   4.18e-05  
124      -6.765616e-02  -6.765565e-02  5.018453e-07   7.42e-06  
125      -1.243923e-01  -1.243940e-01  1.664291e-06   1.34e-05  
126      -1.961543e-01  -1.961540e-01  2.824956e-07   1.44e-06  
127      -2.458199e-01  -2.458195e-01  4.280717e-07   1.74e-06  
128      -2.080621e-01  -2.080618e-01  2.551055e-07   1.23e-06  
129      -1.572762e-01  -1.572762e-01  3.158671e-08   2.01e-07  
130      -1.886225e-01  -1.886221e-01  4.019463e-07   2.13e-06  
131      -2.436188e-01  -2.436191e-01  2.728084e-07   1.12e-06  
132      -2.853876e-01  -2.853881e-01  4.585516e-07   1.61e-06  
133      -2.631251e-01  -2.631284e-01  3.331187e-06   1.27e-05  
134      -1.950965e-01  -1.950974e-01  8.696348e-07   4.46e-06  
135      -1.027531e-01  -1.027524e-01  7.473164e-07   7.27e-06  
136      -4.792284e-02  -4.792326e-02  4.192886e-07   8.75e-06  
137      -4.949426e-02  -4.949616e-02  1.898988e-06   3.84e-05  
138      -4.591983e-02  -4.591815e-02  1.671572e-06   3.64e-05  
139      -4.049659e-02  -4.049553e-02  1.056781e-06   2.61e-05  
140      -2.662255e-02  -2.662479e-02  2.243018e-06   8.43e-05  
141      -1.400546e-02  -1.400338e-02  2.086895e-06   1.49e-04  
142      -6.476439e-03  -6.477445e-03  1.005751e-06   1.55e-04  
143      -2.911905e-03  -2.910823e-03  1.082285e-06   3.72e-04  
144      -1.390327e-03  -1.390047e-03  2.800604e-07   2.01e-04  
145      -7.042854e-04  -7.041024e-04  1.830537e-07   2.60e-04  
146      -3.549231e-04  -3.568073e-04  1.884151e-06   5.31e-03  
147      -1.673441e-04  -1.687141e-04  1.370004e-06   8.19e-03  
148      -6.957169e-05  -7.057963e-05  1.007939e-06   1.45e-02  
149      -2.185986e-05  -2.259299e-05  7.331230e-07   3.35e-02  
150      -4.487917e-06  -3.420837e-06  1.067080e-06   2.38e-01  
151      -5.019874e-04  -4.878655e-04  1.412190e-05   2.81e-02  
152      -1.210589e-04  -1.211242e-04  6.534033e-08   5.40e-04  
153      6.541394e-03   6.542087e-03   6.935467e-07   1.06e-04  
154      1.310952e-02   1.310890e-02   6.129694e-07   4.68e-05  
155      1.011392e-02   1.011343e-02   4.863999e-07   4.81e-05  
156      1.141141e-03   1.140768e-03   3.733896e-07   3.27e-04  
157      -8.662833e-03  -8.664056e-03  1.222896e-06   1.41e-04  
158      -1.957651e-02  -1.957702e-02  5.112625e-07   2.61e-05  
159      -2.715053e-02  -2.715234e-02  1.806019e-06   6.65e-05  
160      -3.719581e-02  -3.719495e-02  8.561483e-07   2.30e-05  
161      -5.250058e-02  -5.249816e-02  2.420331e-06   4.61e-05  
162      -5.888582e-02  -5.888645e-02  6.212253e-07   1.05e-05  
163      -6.509500e-02  -6.509445e-02  5.590783e-07   8.59e-06  
164      -7.802233e-02  -7.802348e-02  1.142922e-06   1.46e-05  
165      -9.194363e-02  -9.194378e-02  1.477286e-07   1.61e-06  
166      -1.234376e-01  -1.234387e-01  1.081199e-06   8.76e-06  
167      -1.609875e-01  -1.609871e-01  3.925785e-07   2.44e-06  
168      -2.049885e-01  -2.049868e-01  1.660857e-06   8.10e-06  
169      -2.335340e-01  -2.335350e-01  1.034225e-06   4.43e-06  
170      -2.312391e-01  -2.312393e-01  2.883634e-07   1.25e-06  
171      -1.929552e-01  -1.929543e-01  8.423665e-07   4.37e-06  
172      -1.382948e-01  -1.382934e-01  1.401055e-06   1.01e-05  
173      -1.028588e-01  -1.028588e-01  5.980560e-08   5.81e-07  
174      -1.019326e-01  -1.019326e-01  3.512924e-08   3.45e-07  
175      -1.343203e-01  -1.343205e-01  2.634819e-07   1.96e-06  
176      -1.992401e-01  -1.992392e-01  8.665722e-07   4.35e-06  
177      -2.291540e-01  -2.291527e-01  1.317290e-06   5.75e-06  
178      -1.273533e-01  -1.273525e-01  7.975144e-07   6.26e-06  
179      -3.736717e-02  -3.736955e-02  2.376534e-06   6.36e-05  
180      -1.263391e-01  -1.263388e-01  2.901155e-07   2.30e-06  
181      -3.017750e-01  -3.017758e-01  8.155395e-07   2.70e-06  
182      -3.637107e-01  -3.637106e-01  1.481004e-07   4.07e-07  
183      -3.414741e-01  -3.414739e-01  2.308080e-07   6.76e-07  
184      -2.218945e-01  -2.218956e-01  1.105607e-06   4.98e-06  
185      -1.632846e-01  -1.632864e-01  1.753819e-06   1.07e-05  
186      -1.451782e-01  -1.451780e-01  1.669279e-07   1.15e-06  
187      -8.852179e-02  -8.851916e-02  2.630169e-06   2.97e-05  
188      -6.134192e-02  -6.134163e-02  2.995725e-07   4.88e-06  
189      -6.101772e-02  -6.101723e-02  4.880189e-07   8.00e-06  
190      -4.421111e-02  -4.421133e-02  2.194087e-07   4.96e-06  
191      -2.758234e-02  -2.758292e-02  5.826516e-07   2.11e-05  
192      -1.577850e-02  -1.577900e-02  4.996912e-07   3.17e-05  
193      -7.709343e-03  -7.710195e-03  8.519247e-07   1.11e-04  
194      -3.306904e-03  -3.305157e-03  1.746866e-06   5.28e-04  
195      -1.470221e-03  -1.468317e-03  1.903583e-06   1.29e-03  
196      -6.847569e-04  -6.841441e-04  6.128634e-07   8.95e-04  
197      -3.091488e-04  -3.094686e-04  3.198450e-07   1.03e-03  
198      -1.240178e-04  -1.252886e-04  1.270827e-06   1.02e-02  
199      -3.820368e-05  -3.852506e-05  3.213783e-07   8.41e-03  
200      -7.983353e-06  -8.738539e-06  7.551859e-07   9.46e-02  
201      5.182248e-05   4.802359e-05   3.798887e-06   7.33e-02  
202      -3.188592e-05  -3.296975e-05  1.083836e-06   3.40e-02  
203      -3.950414e-04  -3.936566e-04  1.384840e-06   3.51e-03  
204      -1.196410e-03  -1.195918e-03  4.913379e-07   4.11e-04  
205      -2.420258e-03  -2.418012e-03  2.245469e-06   9.28e-04  
206      -4.248009e-03  -4.247859e-03  1.494726e-07   3.52e-05  
207      -7.108436e-03  -7.109892e-03  1.455831e-06   2.05e-04  
208      -1.340878e-02  -1.340917e-02  3.919902e-07   2.92e-05  
209      -1.930352e-02  -1.930420e-02  6.793707e-07   3.52e-05  
210      -2.374743e-02  -2.374805e-02  6.296331e-07   2.65e-05  
211      -3.080863e-02  -3.080902e-02  3.960942e-07   1.29e-05  
212      -3.591380e-02  -3.591552e-02  1.718644e-06   4.79e-05  
213      -4.373992e-02  -4.373976e-02  1.583610e-07   3.62e-06  
214      -5.880982e-02  -5.881123e-02  1.412162e-06   2.40e-05  
215      -7.639885e-02  -7.639878e-02  7.310002e-08   9.57e-07  
216      -1.005112e-01  -1.005096e-01  1.581399e-06   1.57e-05  
217      -1.199722e-01  -1.199725e-01  3.423232e-07   2.85e-06  
218      -1.334036e-01  -1.334028e-01  7.579989e-07   5.68e-06  
219      -1.453046e-01  -1.453053e-01  6.710257e-07   4.62e-06  
220      -1.487995e-01  -1.487985e-01  1.014337e-06   6.82e-06  
221      -1.454395e-01  -1.454380e-01  1.499935e-06   1.03e-05  
222      -1.265568e-01  -1.265562e-01  6.012772e-07   4.75e-06  
223      -1.240317e-01  -1.240323e-01  5.133734e-07   4.14e-06  
224      -1.373868e-01  -1.373877e-01  9.703561e-07   7.06e-06  
225      -1.521857e-01  -1.521850e-01  6.379206e-07   4.19e-06  
226      -1.760120e-01  -1.760103e-01  1.752546e-06   9.96e-06  
227      -1.687734e-01  -1.687732e-01  2.596130e-07   1.54e-06  
228      -7.702519e-02  -7.702585e-02  6.644288e-07   8.63e-06  
229      -6.247194e-02  -6.247366e-02  1.718670e-06   2.75e-05  
230      -2.969468e-01  -2.969459e-01  8.768371e-07   2.95e-06  
231      -5.102955e-01  -5.102944e-01  1.130659e-06   2.22e-06  
232      -4.540614e-01  -4.540618e-01  4.210076e-07   9.27e-07  
233      -1.690877e-01  -1.690876e-01  7.190507e-08   4.25e-07  
234      -3.775289e-02  -3.775242e-02  4.662261e-07   1.23e-05  
235      -4.630192e-02  -4.630187e-02  5.216112e-08   1.13e-06  
236      -2.156842e-01  -2.156837e-01  5.043821e-07   2.34e-06  
237      -1.181677e-01  -1.181666e-01  1.061970e-06   8.99e-06  
238      -1.149068e-01  -1.149081e-01  1.303300e-06   1.13e-05  
239      -1.197183e-01  -1.197170e-01  1.309045e-06   1.09e-05  
240      -6.540797e-02  -6.541048e-02  2.510867e-06   3.84e-05  
241      -3.085252e-02  -3.085345e-02  9.344977e-07   3.03e-05  
242      -2.119039e-02  -2.118973e-02  6.654834e-07   3.14e-05  
243      -1.602302e-02  -1.602382e-02  7.949903e-07   4.96e-05  
244      -8.783940e-03  -8.783770e-03  1.703336e-07   1.94e-05  
245      -3.676033e-03  -3.676420e-03  3.868866e-07   1.05e-04  
246      -1.555078e-03  -1.552822e-03  2.255498e-06   1.45e-03  
247      -6.829553e-04  -6.837791e-04  8.238048e-07   1.21e-03  
248      -2.730768e-04  -2.751722e-04  2.095418e-06   7.67e-03  
249      -8.345500e-05  -8.451423e-05  1.059228e-06   1.27e-02  
250      -1.692737e-05  -1.454623e-05  2.381143e-06   1.41e-01  
251      9.255016e-05   9.226881e-05   2.813524e-07   3.04e-03  
252      1.235963e-04   1.241989e-04   6.026343e-07   4.88e-03  
253      1.609260e-04   1.621186e-04   1.192593e-06   7.41e-03  
254      1.542137e-04   1.540002e-04   2.135009e-07   1.38e-03  
255      -1.210393e-04  -1.209060e-04  1.333444e-07   1.10e-03  
256      -9.939750e-04  -9.952601e-04  1.285046e-06   1.29e-03  
257      -2.731525e-03  -2.731542e-03  1.661153e-08   6.08e-06  
258      -5.811997e-03  -5.812467e-03  4.698519e-07   8.08e-05  
259      -1.015868e-02  -1.016057e-02  1.886631e-06   1.86e-04  
260      -1.571430e-02  -1.571397e-02  3.304862e-07   2.10e-05  
261      -2.304886e-02  -2.304970e-02  8.443632e-07   3.66e-05  
262      -3.177521e-02  -3.177525e-02  4.142188e-08   1.30e-06  
263      -4.289230e-02  -4.289239e-02  8.671953e-08   2.02e-06  
264      -5.701356e-02  -5.701398e-02  4.156484e-07   7.29e-06  
265      -7.226274e-02  -7.226443e-02  1.690577e-06   2.34e-05  
266      -8.796761e-02  -8.796629e-02  1.316363e-06   1.50e-05  
267      -9.938280e-02  -9.938228e-02  5.217472e-07   5.25e-06  
268      -1.026285e-01  -1.026257e-01  2.749243e-06   2.68e-05  
269      -1.028835e-01  -1.028831e-01  3.458701e-07   3.36e-06  
270      -1.036653e-01  -1.036650e-01  3.077494e-07   2.97e-06  
271      -1.188811e-01  -1.188807e-01  3.563749e-07   3.00e-06  
272      -1.355841e-01  -1.355838e-01  3.808305e-07   2.81e-06  
273      -1.671877e-01  -1.671877e-01  8.637945e-08   5.17e-07  
274      -1.959783e-01  -1.959764e-01  1.957477e-06   9.99e-06  
275      -1.977273e-01  -1.977279e-01  5.952056e-07   3.01e-06  
276      -1.655225e-01  -1.655222e-01  2.982560e-07   1.80e-06  
277      -7.763934e-02  -7.763759e-02  1.751152e-06   2.26e-05  
278      4.382277e-02   4.382168e-02   1.093941e-06   2.50e-05  
279      1.155246e-01   1.155245e-01   7.416088e-08   6.42e-07  
280      1.015067e-01   1.015085e-01   1.847617e-06   1.82e-05  
281      9.266533e-02   9.266519e-02   1.421646e-07   1.53e-06  
282      -4.686515e-01  -4.686492e-01  2.246155e-06   4.79e-06  
283      -5.933190e-01  -5.933190e-01  6.971420e-08   1.17e-07  
284      -7.048295e-01  -7.048305e-01  9.100978e-07   1.29e-06  
285      -5.686838e-01  -5.686841e-01  2.739032e-07   4.82e-07  
286      -4.372547e-01  -4.372544e-01  2.680117e-07   6.13e-07  
287      -9.211164e-02  -9.211156e-02  7.938107e-08   8.62e-07  
288      -1.115116e-01  -1.115114e-01  2.688622e-07   2.41e-06  
289      -1.602223e-01  -1.602235e-01  1.240322e-06   7.74e-06  
290      -7.054697e-02  -7.054606e-02  9.075143e-07   1.29e-05  
291      -1.216620e-02  -1.216570e-02  4.949989e-07   4.07e-05  
292      -1.984928e-03  -1.987484e-03  2.555850e-06   1.29e-03  
293      -1.348376e-02  -1.348554e-02  1.782114e-06   1.32e-04  
294      -1.706925e-02  -1.706726e-02  1.989667e-06   1.17e-04  
295      -1.020923e-02  -1.020906e-02  1.698388e-07   1.66e-05  
296      -4.067419e-03  -4.068947e-03  1.528073e-06   3.76e-04  
297      -1.635058e-03  -1.636749e-03  1.691722e-06   1.03e-03  
298      -6.559592e-04  -6.555160e-04  4.431312e-07   6.76e-04  
299      -2.079908e-04  -2.086716e-04  6.807985e-07   3.27e-03  
300      -4.214965e-05  -3.863704e-05  3.512605e-06   8.33e-02  
301      1.570947e-04   1.523068e-04   4.787836e-06   3.05e-02  
302      2.853416e-04   2.886605e-04   3.318919e-06   1.16e-02  
303      5.241624e-04   5.251115e-04   9.490990e-07   1.81e-03  
304      9.994166e-04   1.000640e-03   1.223150e-06   1.22e-03  
305      1.866778e-03   1.866709e-03   6.889109e-08   3.69e-05  
306      3.044458e-03   3.044904e-03   4.462946e-07   1.47e-04  
307      4.273758e-03   4.278225e-03   4.466538e-06   1.05e-03  
308      5.513604e-03   5.513258e-03   3.458655e-07   6.27e-05  
309      7.871961e-03   7.871683e-03   2.784299e-07   3.54e-05  
310      1.271363e-02   1.271302e-02   6.060132e-07   4.77e-05  
311      2.109426e-02   2.109426e-02   4.291334e-09   2.03e-07  
312      3.225138e-02   3.225028e-02   1.098472e-06   3.41e-05  
313      4.362849e-02   4.362418e-02   4.304382e-06   9.87e-05  
314      5.250742e-02   5.250546e-02   1.964766e-06   3.74e-05  
315      5.780092e-02   5.780101e-02   8.631045e-08   1.49e-06  
316      5.673183e-02   5.673218e-02   3.562471e-07   6.28e-06  
317      4.731430e-02   4.731359e-02   7.145055e-07   1.51e-05  
318      3.049808e-02   3.049666e-02   1.416425e-06   4.64e-05  
319      1.188317e-02   1.188366e-02   4.913597e-07   4.13e-05  
320      3.335120e-03   3.337873e-03   2.753613e-06   8.26e-04  
321      1.262657e-02   1.262730e-02   7.333537e-07   5.81e-05  
322      4.049754e-02   4.049553e-02   2.012346e-06   4.97e-05  
323      7.089061e-02   7.089319e-02   2.578262e-06   3.64e-05  
324      1.039822e-01   1.039811e-01   1.153316e-06   1.11e-05  
325      1.471115e-01   1.471112e-01   3.359238e-07   2.28e-06  
326      1.828279e-01   1.828304e-01   2.452989e-06   1.34e-05  
327      1.833315e-01   1.833320e-01   4.540700e-07   2.48e-06  
328      1.425395e-01   1.425398e-01   3.036033e-07   2.13e-06  
329      1.276726e-01   1.276727e-01   9.111281e-08   7.14e-07  
330      1.301878e-01   1.301880e-01   2.658024e-07   2.04e-06  
331      1.572783e-01   1.572783e-01   6.644373e-09   4.22e-08  
332      1.246082e-01   1.246081e-01   1.583807e-07   1.27e-06  
333      1.446061e-01   1.446055e-01   5.925202e-07   4.10e-06  
334      6.702386e-02   6.702433e-02   4.676913e-07   6.98e-06  
335      -6.103925e-01  -6.103897e-01  2.752300e-06   4.51e-06  
336      -8.291167e-01  -8.291162e-01  4.895007e-07   5.90e-07  
337      -5.462458e-01  -5.462465e-01  7.326739e-07   1.34e-06  
338      -2.197024e-01  -2.197041e-01  1.674431e-06   7.62e-06  
339      -1.080348e-01  -1.080341e-01  7.424462e-07   6.87e-06  
340      3.333720e-02   3.333801e-02   8.164359e-07   2.45e-05  
341      7.602688e-02   7.602430e-02   2.579016e-06   3.39e-05  
342      6.297411e-02   6.297383e-02   2.780339e-07   4.42e-06  
343      2.572639e-02   2.572446e-02   1.925312e-06   7.48e-05  
344      -8.978640e-03  -8.976253e-03  2.387014e-06   2.66e-04  
345      -1.999636e-02  -1.999762e-02  1.257958e-06   6.29e-05  
346      -1.195425e-02  -1.195649e-02  2.247016e-06   1.88e-04  
347      -4.323184e-03  -4.323226e-03  4.184334e-08   9.68e-06  
348      -1.619732e-03  -1.619572e-03  1.597074e-07   9.86e-05  
349      -5.254662e-04  -5.267668e-04  1.300625e-06   2.48e-03  
350      -1.080459e-04  -9.810549e-05  9.940459e-06   9.20e-02  
351      3.200485e-04   3.061575e-04   1.389096e-05   4.34e-02  
352      8.025921e-04   8.081543e-04   5.562119e-06   6.93e-03  
353      1.771972e-03   1.774346e-03   2.374142e-06   1.34e-03  
354      3.546346e-03   3.543910e-03   2.435472e-06   6.87e-04  
355      6.360862e-03   6.358900e-03   1.962501e-06   3.09e-04  
356      1.015718e-02   1.015570e-02   1.479096e-06   1.46e-04  
357      1.475860e-02   1.475768e-02   9.165801e-07   6.21e-05  
358      2.059711e-02   2.059716e-02   5.728018e-08   2.78e-06  
359      2.873015e-02   2.872874e-02   1.404093e-06   4.89e-05  
360      3.864115e-02   3.864136e-02   2.035037e-07   5.27e-06  
361      4.874581e-02   4.874461e-02   1.203811e-06   2.47e-05  
362      5.942414e-02   5.942637e-02   2.232340e-06   3.76e-05  
363      7.080795e-02   7.080657e-02   1.379812e-06   1.95e-05  
364      8.182492e-02   8.182553e-02   6.155289e-07   7.52e-06  
365      8.851907e-02   8.851905e-02   2.284706e-08   2.58e-07  
366      8.573225e-02   8.573199e-02   2.677313e-07   3.12e-06  
367      7.546081e-02   7.546037e-02   4.432996e-07   5.87e-06  
368      6.300033e-02   6.299916e-02   1.170245e-06   1.86e-05  
369      5.708866e-02   5.708962e-02   9.605253e-07   1.68e-05  
370      6.997917e-02   6.997825e-02   9.187823e-07   1.31e-05  
371      1.025045e-01   1.025043e-01   2.125995e-07   2.07e-06  
372      1.366473e-01   1.366456e-01   1.658536e-06   1.21e-05  
373      1.668067e-01   1.668078e-01   1.086180e-06   6.51e-06  
374      2.120955e-01   2.120976e-01   2.018448e-06   9.52e-06  
375      2.839943e-01   2.839927e-01   1.575557e-06   5.55e-06  
376      3.309263e-01   3.309248e-01   1.453502e-06   4.39e-06  
377      3.336165e-01   3.336163e-01   2.117518e-07   6.35e-07  
378      3.000177e-01   3.000169e-01   8.191589e-07   2.73e-06  
379      2.798032e-01   2.798053e-01   2.055325e-06   7.35e-06  
380      3.103021e-01   3.103012e-01   8.364968e-07   2.70e-06  
381      3.208261e-01   3.208260e-01   6.171122e-08   1.92e-07  
382      3.859240e-01   3.859223e-01   1.754052e-06   4.55e-06  
383      3.039130e-01   3.039134e-01   4.325220e-07   1.42e-06  
384      1.668567e-01   1.668577e-01   9.566793e-07   5.73e-06  
385      1.548167e-02   1.548121e-02   4.654018e-07   3.01e-05  
386      4.739273e-02   4.739283e-02   1.059210e-07   2.23e-06  
387      -5.111251e-01  -5.111229e-01  2.238612e-06   4.38e-06  
388      -1.870985e-01  -1.870986e-01  1.393261e-07   7.45e-07  
389      -4.010575e-02  -4.010764e-02  1.888253e-06   4.71e-05  
390      9.094013e-02   9.093963e-02   5.000730e-07   5.50e-06  
391      1.825035e-01   1.825053e-01   1.828943e-06   1.00e-05  
392      1.682361e-01   1.682376e-01   1.470094e-06   8.74e-06  
393      1.103104e-01   1.103091e-01   1.266532e-06   1.15e-05  
394      4.277077e-02   4.277112e-02   3.485343e-07   8.15e-06  
395      -9.702654e-03  -9.703594e-03  9.399828e-07   9.69e-05  
396      -2.409894e-02  -2.409776e-02  1.183142e-06   4.91e-05  
397      -1.283490e-02  -1.283581e-02  9.083696e-07   7.08e-05  
398      -4.249539e-03  -4.247880e-03  1.658863e-06   3.90e-04  
399      -1.313420e-03  -1.310476e-03  2.943981e-06   2.24e-03  
400      -2.712167e-04  -2.501702e-04  2.104652e-05   7.76e-02  
401      2.249807e-04   1.901060e-04   3.487466e-05   1.55e-01  
402      2.064372e-03   2.071361e-03   6.988278e-06   3.39e-03  
403      5.007992e-03   5.008745e-03   7.532543e-07   1.50e-04  
404      9.287566e-03   9.288987e-03   1.421558e-06   1.53e-04  
405      1.483891e-02   1.483689e-02   2.023001e-06   1.36e-04  
406      2.199513e-02   2.199600e-02   8.729861e-07   3.97e-05  
407      3.025443e-02   3.025526e-02   8.379190e-07   2.77e-05  
408      3.982552e-02   3.982671e-02   1.189004e-06   2.99e-05  
409      4.812125e-02   4.812055e-02   7.026788e-07   1.46e-05  
410      5.180464e-02   5.180542e-02   7.860882e-07   1.52e-05  
411      4.861239e-02   4.861272e-02   3.311542e-07   6.81e-06  
412      4.949298e-02   4.949230e-02   6.838055e-07   1.38e-05  
413      5.755276e-02   5.754955e-02   3.208236e-06   5.57e-05  
414      6.829706e-02   6.829724e-02   1.744768e-07   2.55e-06  
415      7.381647e-02   7.381701e-02   5.402717e-07   7.32e-06  
416      6.926174e-02   6.926300e-02   1.268142e-06   1.83e-05  
417      6.123554e-02   6.123711e-02   1.561387e-06   2.55e-05  
418      5.783661e-02   5.783684e-02   2.299604e-07   3.98e-06  
419      6.816871e-02   6.816950e-02   7.834633e-07   1.15e-05  
420      9.766216e-02   9.766247e-02   3.081580e-07   3.16e-06  
421      1.306580e-01   1.306566e-01   1.410649e-06   1.08e-05  
422      1.599424e-01   1.599404e-01   2.004117e-06   1.25e-05  
423      2.032439e-01   2.032451e-01   1.226899e-06   6.04e-06  
424      2.784477e-01   2.784472e-01   5.159139e-07   1.85e-06  
425      3.487044e-01   3.487024e-01   1.990339e-06   5.71e-06  
426      3.534778e-01   3.534762e-01   1.580039e-06   4.47e-06  
427      3.271419e-01   3.271411e-01   8.212171e-07   2.51e-06  
428      2.911488e-01   2.911498e-01   9.893647e-07   3.40e-06  
429      2.399469e-01   2.399478e-01   8.864898e-07   3.69e-06  
430      3.106439e-01   3.106451e-01   1.203835e-06   3.88e-06  
431      3.858824e-01   3.858822e-01   2.645514e-07   6.86e-07  
432      4.168113e-01   4.168109e-01   3.460311e-07   8.30e-07  
433      4.058016e-01   4.058009e-01   7.073945e-07   1.74e-06  
434      2.761623e-01   2.761644e-01   2.098734e-06   7.60e-06  
435      1.479291e-01   1.479292e-01   6.116765e-08   4.13e-07  
436      8.241404e-02   8.241499e-02   9.495210e-07   1.15e-05  
437      -2.152911e-01  -2.152898e-01  1.234114e-06   5.73e-06  
438      6.664343e-02   6.664637e-02   2.944149e-06   4.42e-05  
439      5.405637e-02   5.405577e-02   6.054820e-07   1.12e-05  
440      2.290122e-02   2.290042e-02   8.012185e-07   3.50e-05  
441      1.160842e-01   1.160830e-01   1.249562e-06   1.08e-05  
442      1.761382e-01   1.761381e-01   1.259937e-07   7.15e-07  
443      1.458297e-01   1.458304e-01   6.689268e-07   4.59e-06  
444      1.130840e-01   1.130849e-01   9.130618e-07   8.07e-06  
445      6.185345e-02   6.185338e-02   7.183643e-08   1.16e-06  
446      -7.306143e-03  -7.306689e-03  5.468661e-07   7.49e-05  
447      -2.529027e-02  -2.529114e-02  8.704791e-07   3.44e-05  
448      -1.205358e-02  -1.205392e-02  3.462357e-07   2.87e-05  
449      -3.380943e-03  -3.387117e-03  6.173840e-06   1.83e-03  
450      -6.721318e-04  -6.195870e-04  5.254475e-05   7.82e-02  
451      -9.210111e-03  -9.290112e-03  8.000065e-05   8.69e-03  
452      4.127150e-03   4.091509e-03   3.564158e-05   8.64e-03  
453      1.228821e-02   1.228786e-02   3.526960e-07   2.87e-05  
454      1.975339e-02   1.975495e-02   1.565050e-06   7.92e-05  
455      2.840867e-02   2.840766e-02   1.012988e-06   3.57e-05  
456      3.871598e-02   3.871615e-02   1.667925e-07   4.31e-06  
457      4.793455e-02   4.793548e-02   9.303351e-07   1.94e-05  
458      5.518347e-02   5.518181e-02   1.655734e-06   3.00e-05  
459      5.425065e-02   5.425143e-02   7.808934e-07   1.44e-05  
460      4.514148e-02   4.514303e-02   1.554790e-06   3.44e-05  
461      2.515207e-02   2.515082e-02   1.244275e-06   4.95e-05  
462      1.586292e-02   1.586394e-02   1.025246e-06   6.46e-05  
463      2.145842e-02   2.145797e-02   4.500830e-07   2.10e-05  
464      2.998675e-02   2.998474e-02   2.009027e-06   6.70e-05  
465      3.379444e-02   3.379352e-02   9.154374e-07   2.71e-05  
466      3.377693e-02   3.377841e-02   1.475238e-06   4.37e-05  
467      3.556924e-02   3.556899e-02   2.581617e-07   7.26e-06  
468      4.285510e-02   4.285448e-02   6.173806e-07   1.44e-05  
469      6.142652e-02   6.142662e-02   1.000521e-07   1.63e-06  
470      9.749632e-02   9.749455e-02   1.767567e-06   1.81e-05  
471      1.333724e-01   1.333723e-01   1.347448e-07   1.01e-06  
472      1.837665e-01   1.837653e-01   1.294080e-06   7.04e-06  
473      2.704776e-01   2.704778e-01   2.610099e-07   9.65e-07  
474      3.432844e-01   3.432848e-01   3.458731e-07   1.01e-06  
475      3.195055e-01   3.195060e-01   5.450223e-07   1.71e-06  
476      2.920083e-01   2.920090e-01   7.058349e-07   2.42e-06  
477      2.572758e-01   2.572751e-01   6.916990e-07   2.69e-06  
478      1.768125e-01   1.768120e-01   4.776697e-07   2.70e-06  
479      1.536877e-01   1.536889e-01   1.206272e-06   7.85e-06  
480      2.858653e-01   2.858665e-01   1.129401e-06   3.95e-06  
481      4.289432e-01   4.289431e-01   5.205784e-08   1.21e-07  
482      3.949008e-01   3.949002e-01   5.862947e-07   1.48e-06  
483      3.156787e-01   3.156807e-01   1.940105e-06   6.15e-06  
484      1.936443e-01   1.936452e-01   9.151792e-07   4.73e-06  
485      7.034632e-02   7.034717e-02   8.498737e-07   1.21e-05  
486      3.356219e-02   3.356007e-02   2.116924e-06   6.31e-05  
487      -7.728027e-02  -7.727980e-02  4.687320e-07   6.07e-06  
488      2.755700e-02   2.755915e-02   2.150609e-06   7.80e-05  
489      -2.078937e-03  -2.079165e-03  2.279464e-07   1.10e-04  
490      -1.541870e-01  -1.541881e-01  1.085512e-06   7.04e-06  
491      -2.141085e-01  -2.141081e-01  4.224181e-07   1.97e-06  
492      -8.479746e-02  -8.479605e-02  1.411191e-06   1.66e-05  
493      -8.085886e-02  -8.085815e-02  7.134620e-07   8.82e-06  
494      2.985581e-02   2.985636e-02   5.570063e-07   1.87e-05  
495      1.530752e-01   1.530777e-01   2.435459e-06   1.59e-05  
496      1.016748e-01   1.016752e-01   3.345428e-07   3.29e-06  
497      -8.733699e-03  -8.734101e-03  4.017830e-07   4.60e-05  
498      -2.558301e-02  -2.558228e-02  7.343940e-07   2.87e-05  
499      -8.975175e-03  -8.989016e-03  1.384085e-05   1.54e-03  
500      -1.692736e-03  -1.558878e-03  1.338572e-04   7.91e-02  
501      -1.138040e-01  -1.139563e-01  1.523021e-04   1.34e-03  
502      2.456083e-02   2.336249e-02   1.198342e-03   4.88e-02  
503      5.585548e-02   5.585476e-02   7.237493e-07   1.30e-05  
504      5.724526e-02   5.724460e-02   6.673295e-07   1.17e-05  
505      6.573641e-02   6.573527e-02   1.146596e-06   1.74e-05  
506      6.442975e-02   6.442969e-02   6.492785e-08   1.01e-06  
507      6.326981e-02   6.326909e-02   7.135911e-07   1.13e-05  
508      5.427737e-02   5.427711e-02   2.550528e-07   4.70e-06  
509      4.613698e-02   4.613681e-02   1.662258e-07   3.60e-06  
510      3.556758e-02   3.556731e-02   2.761681e-07   7.76e-06  
511      1.593466e-02   1.593517e-02   5.103280e-07   3.20e-05  
512      3.951763e-03   3.950192e-03   1.570886e-06   3.98e-04  
513      3.045877e-03   3.045639e-03   2.376295e-07   7.80e-05  
514      8.395883e-04   8.416089e-04   2.020597e-06   2.41e-03  
515      -7.635306e-05  -7.687674e-05  5.236821e-07   6.86e-03  
516      2.883078e-03   2.882860e-03   2.180996e-07   7.56e-05  
517      1.086224e-02   1.086190e-02   3.481523e-07   3.21e-05  
518      2.263751e-02   2.263893e-02   1.421065e-06   6.28e-05  
519      4.029808e-02   4.029751e-02   5.756692e-07   1.43e-05  
520      8.954740e-02   8.954725e-02   1.528908e-07   1.71e-06  
521      1.687122e-01   1.687116e-01   6.552189e-07   3.88e-06  
522      2.526374e-01   2.526365e-01   8.905325e-07   3.52e-06  
523      3.272070e-01   3.272080e-01   1.020218e-06   3.12e-06  
524      3.449358e-01   3.449343e-01   1.566821e-06   4.54e-06  
525      2.792180e-01   2.792188e-01   8.167963e-07   2.93e-06  
526      2.653402e-01   2.653406e-01   4.536594e-07   1.71e-06  
527      2.212514e-01   2.212508e-01   6.322964e-07   2.86e-06  
528      1.437978e-01   1.437954e-01   2.394921e-06   1.67e-05  
529      2.031257e-01   2.031245e-01   1.233244e-06   6.07e-06  
530      2.968496e-01   2.968486e-01   9.283961e-07   3.13e-06  
531      3.129673e-01   3.129676e-01   2.179958e-07   6.97e-07  
532      2.455485e-01   2.455484e-01   7.095767e-08   2.89e-07  
533      1.666249e-01   1.666243e-01   5.656267e-07   3.39e-06  
534      9.738069e-02   9.737982e-02   8.625668e-07   8.86e-06  
535      3.003989e-02   3.004080e-02   9.040105e-07   3.01e-05  
536      2.145205e-02   2.145341e-02   1.367084e-06   6.37e-05  
537      -2.282357e-02  -2.282311e-02  4.536095e-07   1.99e-05  
538      -8.623577e-02  -8.623646e-02  6.946718e-07   8.06e-06  
539      -1.179072e-01  -1.179072e-01  3.250085e-09   2.76e-08  
540      -2.724657e-01  -2.724682e-01  2.509318e-06   9.21e-06  
541      -4.207940e-01  -4.207950e-01  9.787450e-07   2.33e-06  
542      -3.693556e-01  -3.693547e-01  8.373815e-07   2.27e-06  
543      -3.405498e-01  -3.405507e-01  9.265452e-07   2.72e-06  
544      -1.827336e-01  -1.827311e-01  2.494762e-06   1.37e-05  
545      8.955091e-02   8.955155e-02   6.398965e-07   7.15e-06  
546      2.989755e-01   2.989754e-01   3.434684e-08   1.15e-07  
547      1.014544e-01   1.014554e-01   9.680043e-07   9.54e-06  
548      -2.882807e-02  -2.882662e-02  1.457017e-06   5.05e-05  
549      -2.087594e-02  -2.091121e-02  3.527777e-05   1.69e-03  
550      -4.274231e-03  -3.930868e-03  3.433634e-04   8.03e-02  
551      -3.783618e-01  -3.821558e-01  3.793932e-03   1.00e-02  
552      1.678806e-01   1.565525e-01   1.132810e-02   6.75e-02  
553      2.418714e-01   2.418708e-01   6.034747e-07   2.50e-06  
554      1.844180e-01   1.844183e-01   2.515774e-07   1.36e-06  
555      2.003967e-01   2.003965e-01   2.197830e-07   1.10e-06  
556      1.540095e-01   1.540106e-01   1.083164e-06   7.03e-06  
557      1.544742e-01   1.544747e-01   4.385189e-07   2.84e-06  
558      1.103585e-01   1.103581e-01   3.451061e-07   3.13e-06  
559      1.344539e-01   1.344536e-01   3.873456e-07   2.88e-06  
560      1.286564e-01   1.286576e-01   1.286858e-06   1.00e-05  
561      1.541447e-01   1.541416e-01   3.126498e-06   2.03e-05  
562      1.708585e-01   1.708578e-01   7.029321e-07   4.11e-06  
563      1.933785e-01   1.933778e-01   7.875791e-07   4.07e-06  
564      1.501660e-01   1.501659e-01   1.198855e-07   7.98e-07  
565      1.087793e-01   1.087781e-01   1.130358e-06   1.04e-05  
566      6.553589e-02   6.553659e-02   7.027570e-07   1.07e-05  
567      3.245328e-02   3.245351e-02   2.340336e-07   7.21e-06  
568      1.497810e-02   1.497649e-02   1.615739e-06   1.08e-04  
569      -2.753094e-03  -2.754774e-03  1.679709e-06   6.10e-04  
570      2.948756e-02   2.948893e-02   1.365936e-06   4.63e-05  
571      1.247229e-01   1.247218e-01   1.082720e-06   8.68e-06  
572      1.980067e-01   1.980087e-01   2.058550e-06   1.04e-05  
573      2.359318e-01   2.359319e-01   1.395781e-07   5.92e-07  
574      2.952353e-01   2.952352e-01   9.629333e-08   3.26e-07  
575      3.458681e-01   3.458681e-01   4.238002e-08   1.23e-07  
576      2.468058e-01   2.468058e-01   2.940910e-08   1.19e-07  
577      1.249651e-01   1.249650e-01   1.582112e-07   1.27e-06  
578      1.140991e-01   1.140993e-01   1.583005e-07   1.39e-06  
579      2.371382e-01   2.371370e-01   1.272096e-06   5.36e-06  
580      2.738287e-01   2.738276e-01   1.137106e-06   4.15e-06  
581      1.878269e-01   1.878267e-01   2.264664e-07   1.21e-06  
582      1.299308e-01   1.299313e-01   4.300977e-07   3.31e-06  
583      8.359387e-02   8.359286e-02   1.009545e-06   1.21e-05  
584      4.787086e-02   4.787047e-02   3.938908e-07   8.23e-06  
585      3.527121e-02   3.527106e-02   1.463491e-07   4.15e-06  
586      5.592376e-02   5.592445e-02   6.944822e-07   1.24e-05  
587      9.606253e-02   9.605953e-02   3.000538e-06   3.12e-05  
588      9.038696e-02   9.038880e-02   1.833600e-06   2.03e-05  
589      6.986090e-02   6.986079e-02   1.082241e-07   1.55e-06  
590      2.326816e-02   2.327194e-02   3.779366e-06   1.62e-04  
591      -4.500209e-02  -4.500286e-02  7.766480e-07   1.73e-05  
592      -4.064153e-01  -4.064138e-01  1.516952e-06   3.73e-06  
593      -4.047752e-01  -4.047750e-01  2.156193e-07   5.33e-07  
594      -2.881999e-01  -2.881967e-01  3.277329e-06   1.14e-05  
595      -7.958292e-02  -7.958458e-02  1.662243e-06   2.09e-05  
596      3.522051e-01   3.522053e-01   1.488851e-07   4.23e-07  
597      3.369804e-01   3.369796e-01   7.221760e-07   2.14e-06  
598      4.262604e-02   4.262738e-02   1.346605e-06   3.16e-05  
599      -3.698145e-02  -3.707538e-02  9.392334e-05   2.54e-03  
600      -1.128058e-02  -1.046246e-02  8.181233e-04   7.25e-02  
601      -2.892679e-01  -3.081980e-01  1.893005e-02   6.54e-02  
602      4.319081e-01   4.171502e-01   1.475796e-02   3.42e-02  
603      4.261862e-01   4.261868e-01   5.273625e-07   1.24e-06  
604      2.959423e-01   2.959421e-01   1.758395e-07   5.94e-07  
605      3.326711e-01   3.326716e-01   5.290418e-07   1.59e-06  
606      2.995405e-01   2.995398e-01   7.179866e-07   2.40e-06  
607      3.613695e-01   3.613701e-01   6.208460e-07   1.72e-06  
608      3.536794e-01   3.536798e-01   4.761913e-07   1.35e-06  
609      4.266227e-01   4.266242e-01   1.499162e-06   3.51e-06  
610      4.542876e-01   4.542849e-01   2.722617e-06   5.99e-06  
611      5.503333e-01   5.503324e-01   8.904235e-07   1.62e-06  
612      6.447490e-01   6.447492e-01   2.558228e-07   3.97e-07  
613      6.986085e-01   6.986073e-01   1.131036e-06   1.62e-06  
614      6.846401e-01   6.846408e-01   7.601188e-07   1.11e-06  
615      6.243641e-01   6.243650e-01   8.974362e-07   1.44e-06  
616      4.645734e-01   4.645738e-01   4.328556e-07   9.32e-07  
617      2.511272e-01   2.511268e-01   4.133783e-07   1.65e-06  
618      1.022333e-01   1.022341e-01   7.578457e-07   7.41e-06  
619      -5.268834e-02  -5.268863e-02  2.930680e-07   5.56e-06  
620      -1.386781e-01  -1.386767e-01  1.409529e-06   1.02e-05  
621      -1.103850e-01  -1.103838e-01  1.201585e-06   1.09e-05  
622      -4.755142e-02  -4.755372e-02  2.295752e-06   4.83e-05  
623      2.815148e-02   2.815181e-02   3.292758e-07   1.17e-05  
624      1.588415e-01   1.588413e-01   1.934299e-07   1.22e-06  
625      2.455192e-01   2.455197e-01   5.515440e-07   2.25e-06  
626      1.045292e-01   1.045285e-01   6.680559e-07   6.39e-06  
627      -1.691718e-02  -1.691809e-02  9.161567e-07   5.42e-05  
628      4.502117e-02   4.502202e-02   8.485542e-07   1.88e-05  
629      1.428361e-01   1.428358e-01   2.801234e-07   1.96e-06  
630      1.681905e-01   1.681916e-01   1.067573e-06   6.35e-06  
631      1.109988e-01   1.109997e-01   8.613448e-07   7.76e-06  
632      7.802232e-02   7.802197e-02   3.521191e-07   4.51e-06  
633      5.907456e-02   5.907427e-02   2.881439e-07   4.88e-06  
634      7.272185e-02   7.272235e-02   5.022387e-07   6.91e-06  
635      9.518041e-02   9.518099e-02   5.796289e-07   6.09e-06  
636      1.150474e-01   1.150484e-01   9.633399e-07   8.37e-06  
637      1.331872e-01   1.331879e-01   6.385087e-07   4.79e-06  
638      2.517011e-02   2.517235e-02   2.239365e-06   8.90e-05  
639      3.357634e-02   3.357603e-02   3.038370e-07   9.05e-06  
640      9.942224e-03   9.941851e-03   3.723817e-07   3.75e-05  
641      3.159110e-03   3.158129e-03   9.810457e-07   3.11e-04  
642      -4.169517e-02  -4.169538e-02  2.036648e-07   4.88e-06  
643      1.054444e-02   1.054287e-02   1.569039e-06   1.49e-04  
644      3.680326e-02   3.680319e-02   6.413568e-08   1.74e-06  
645      6.601282e-02   6.601381e-02   9.873418e-07   1.50e-05  
646      1.373951e-01   1.373951e-01   3.765062e-08   2.74e-07  
647      2.626811e-01   2.626837e-01   2.532498e-06   9.64e-06  
648      2.674132e-01   2.674115e-01   1.764360e-06   6.60e-06  
649      -2.896060e-02  -2.928199e-02  3.213966e-04   1.11e-02  
650      -2.641335e-02  -2.488579e-02  1.527561e-03   5.78e-02  
651      6.436854e-02   6.150762e-02   2.860915e-03   4.44e-02  
652      1.919572e-01   1.958879e-01   3.930769e-03   2.05e-02  
653      1.826847e-01   1.826846e-01   1.515685e-07   8.30e-07  
654      2.600820e-01   2.600832e-01   1.180973e-06   4.54e-06  
655      2.695511e-01   2.695519e-01   7.889605e-07   2.93e-06  
656      2.013873e-01   2.013883e-01   1.013288e-06   5.03e-06  
657      2.104419e-01   2.104427e-01   7.875302e-07   3.74e-06  
658      2.496795e-01   2.496806e-01   1.123846e-06   4.50e-06  
659      3.891163e-01   3.891154e-01   9.174795e-07   2.36e-06  
660      5.882042e-01   5.882064e-01   2.192652e-06   3.73e-06  
661      7.146134e-01   7.146124e-01   1.046001e-06   1.46e-06  
662      8.532011e-01   8.531993e-01   1.843182e-06   2.16e-06  
663      7.532178e-01   7.532172e-01   5.907510e-07   7.84e-07  
664      9.188042e-01   9.188042e-01   5.729213e-09   6.24e-09  
665      9.269368e-01   9.269375e-01   7.500710e-07   8.09e-07  
666      6.211622e-01   6.211639e-01   1.720841e-06   2.77e-06  
667      3.693593e-01   3.693615e-01   2.206671e-06   5.97e-06  
668      2.811864e-01   2.811867e-01   3.676255e-07   1.31e-06  
669      1.692531e-01   1.692514e-01   1.721056e-06   1.02e-05  
670      3.789936e-02   3.790003e-02   6.718968e-07   1.77e-05  
671      3.251084e-02   3.251119e-02   3.468526e-07   1.07e-05  
672      4.596918e-02   4.596830e-02   8.799079e-07   1.91e-05  
673      -8.115532e-03  -8.114073e-03  1.458355e-06   1.80e-04  
674      2.053716e-02   2.053862e-02   1.459346e-06   7.11e-05  
675      -3.872700e-02  -3.872553e-02  1.469704e-06   3.80e-05  
676      -4.647977e-02  -4.647980e-02  2.924804e-08   6.29e-07  
677      -1.196344e-01  -1.196316e-01  2.734073e-06   2.29e-05  
678      -5.141973e-02  -5.142143e-02  1.703551e-06   3.31e-05  
679      4.400961e-02   4.400904e-02   5.777022e-07   1.31e-05  
680      8.037809e-02   8.037445e-02   3.641783e-06   4.53e-05  
681      8.211912e-02   8.211838e-02   7.415648e-07   9.03e-06  
682      9.470996e-02   9.470823e-02   1.721759e-06   1.82e-05  
683      1.134178e-01   1.134192e-01   1.399222e-06   1.23e-05  
684      1.750466e-01   1.750440e-01   2.634152e-06   1.50e-05  
685      1.657717e-01   1.657728e-01   1.097451e-06   6.62e-06  
686      1.526129e-01   1.526124e-01   5.057979e-07   3.31e-06  
687      1.424922e-01   1.424919e-01   3.472860e-07   2.44e-06  
688      1.853086e-03   1.851772e-03   1.314320e-06   7.09e-04  
689      3.394492e-02   3.394220e-02   2.714596e-06   8.00e-05  
690      -1.126729e-02  -1.126765e-02  3.626175e-07   3.22e-05  
691      -4.681575e-02  -4.681606e-02  3.120923e-07   6.67e-06  
692      -2.660100e-02  -2.659932e-02  1.681196e-06   6.32e-05  
693      3.010353e-02   3.010404e-02   5.133167e-07   1.71e-05  
694      8.440063e-02   8.440043e-02   2.020626e-07   2.39e-06  
695      6.301499e-02   6.301576e-02   7.660733e-07   1.22e-05  
696      3.531130e-02   3.531229e-02   9.868467e-07   2.79e-05  
697      -2.194157e-01  -2.194187e-01  3.005251e-06   1.37e-05  
698      1.193384e-01   1.193408e-01   2.459801e-06   2.06e-05  
699      -2.084347e-02  -2.159623e-02  7.527592e-04   3.61e-02  
700      -5.154303e-02  -4.964483e-02  1.898192e-03   3.68e-02  
701      2.116712e-01   2.157192e-01   4.047951e-03   1.91e-02  
702      -2.063295e-02  -1.343583e-02  7.197121e-03   3.49e-01  
703      2.591632e-02   2.591703e-02   7.036542e-07   2.72e-05  
704      3.949638e-02   3.949653e-02   1.528502e-07   3.87e-06  
705      2.423296e-02   2.423249e-02   4.670266e-07   1.93e-05  
706      1.422392e-01   1.422389e-01   2.931827e-07   2.06e-06  
707      1.786254e-01   1.786248e-01   5.499122e-07   3.08e-06  
708      1.905105e-01   1.905124e-01   1.870596e-06   9.82e-06  
709      2.955899e-01   2.955880e-01   1.910541e-06   6.46e-06  
710      4.210886e-01   4.210900e-01   1.381805e-06   3.28e-06  
711      3.191341e-01   3.191336e-01   4.801530e-07   1.50e-06  
712      3.042473e-01   3.042474e-01   1.644838e-07   5.41e-07  
713      -1.869526e-01  -1.869520e-01  6.103104e-07   3.26e-06  
714      -3.535836e-01  -3.535820e-01  1.589338e-06   4.49e-06  
715      -6.400449e-01  -6.400436e-01  1.326259e-06   2.07e-06  
716      -7.398874e-01  -7.398868e-01  6.850126e-07   9.26e-07  
717      -8.079840e-02  -8.079930e-02  9.032073e-07   1.12e-05  
718      5.654501e-01   5.654492e-01   8.430822e-07   1.49e-06  
719      6.103338e-01   6.103337e-01   1.905378e-08   3.12e-08  
720      3.992264e-01   3.992245e-01   1.914184e-06   4.79e-06  
721      2.572123e-01   2.572105e-01   1.861717e-06   7.24e-06  
722      6.020290e-02   6.020565e-02   2.752289e-06   4.57e-05  
723      -7.807175e-03  -7.808151e-03  9.766181e-07   1.25e-04  
724      2.163822e-01   2.163824e-01   1.880886e-07   8.69e-07  
725      8.596353e-02   8.596401e-02   4.822517e-07   5.61e-06  
726      -1.353337e-02  -1.353395e-02  5.834378e-07   4.31e-05  
727      -7.516507e-02  -7.516746e-02  2.390080e-06   3.18e-05  
728      -2.064813e-02  -2.064868e-02  5.492285e-07   2.66e-05  
729      1.527401e-02   1.527224e-02   1.763347e-06   1.15e-04  
730      2.097307e-02   2.097310e-02   2.995538e-08   1.43e-06  
731      8.476682e-02   8.476788e-02   1.058521e-06   1.25e-05  
732      1.496796e-01   1.496788e-01   7.883314e-07   5.27e-06  
733      1.850205e-01   1.850216e-01   1.095448e-06   5.92e-06  
734      1.935835e-01   1.935830e-01   5.785962e-07   2.99e-06  
735      1.333508e-01   1.333496e-01   1.206567e-06   9.05e-06  
736      9.106127e-02   9.105959e-02   1.680242e-06   1.85e-05  
737      6.696627e-02   6.696687e-02   5.978332e-07   8.93e-06  
738      3.454475e-02   3.454465e-02   9.788233e-08   2.83e-06  
739      -8.751979e-03  -8.751313e-03  6.659024e-07   7.61e-05  
740      -1.191503e-01  -1.191525e-01  2.214637e-06   1.86e-05  
741      -1.274796e-01  -1.274782e-01  1.407831e-06   1.10e-05  
742      -9.330482e-02  -9.330568e-02  8.569086e-07   9.18e-06  
743      2.274286e-02   2.274404e-02   1.175253e-06   5.17e-05  
744      1.460184e-01   1.460170e-01   1.334620e-06   9.14e-06  
745      1.094956e-01   1.094930e-01   2.663739e-06   2.43e-05  
746      5.319962e-02   5.320219e-02   2.573371e-06   4.84e-05  
747      -7.665278e-03  -7.665019e-03  2.586897e-07   3.37e-05  
748      -2.589339e-01  -2.589337e-01  2.577018e-07   9.95e-07  
749      -2.804869e-01  -2.821323e-01  1.645313e-03   5.87e-03  
750      -1.067118e-01  -9.981569e-02  6.896112e-03   6.46e-02  
751      1.595218e-01   1.612524e-01   1.730662e-03   1.08e-02  
752      -4.163341e-02  -3.756844e-02  4.064972e-03   9.76e-02  
753      -2.598846e-02  -2.598742e-02  1.040665e-06   4.00e-05  
754      -3.272124e-02  -3.272003e-02  1.203376e-06   3.68e-05  
755      -1.758451e-02  -1.758452e-02  1.169666e-08   6.65e-07  
756      3.359506e-02   3.359479e-02   2.746894e-07   8.18e-06  
757      -1.561474e-02  -1.561314e-02  1.593083e-06   1.02e-04  
758      -6.494743e-02  -6.494616e-02  1.267964e-06   1.95e-05  
759      7.076676e-03   7.076490e-03   1.862361e-07   2.63e-05  
760      6.993997e-02   6.994038e-02   4.081194e-07   5.84e-06  
761      -5.692638e-02  -5.692708e-02  7.049898e-07   1.24e-05  
762      -2.164567e-02  -2.164774e-02  2.066014e-06   9.54e-05  
763      -2.300031e-01  -2.300029e-01  2.113207e-07   9.19e-07  
764      -3.125681e-01  -3.125664e-01  1.696831e-06   5.43e-06  
765      -5.910242e-01  -5.910246e-01  4.079887e-07   6.90e-07  
766      -6.901467e-01  -6.901469e-01  2.094378e-07   3.03e-07  
767      -5.898426e-02  -5.898490e-02  6.390815e-07   1.08e-05  
768      6.569501e-01   6.569506e-01   5.090148e-07   7.75e-07  
769      7.992363e-01   7.992360e-01   2.723738e-07   3.41e-07  
770      7.170484e-01   7.170473e-01   1.086550e-06   1.52e-06  
771      8.427538e-01   8.427541e-01   3.288835e-07   3.90e-07  
772      1.031201e+00   1.031203e+00   2.311541e-06   2.24e-06  
773      8.644636e-01   8.644646e-01   9.634373e-07   1.11e-06  
774      4.409641e-01   4.409648e-01   6.963823e-07   1.58e-06  
775      -1.878977e-01  -1.878971e-01  5.982334e-07   3.18e-06  
776      -2.717994e-03  -2.718970e-03  9.760280e-07   3.59e-04  
777      1.120965e-01   1.120960e-01   4.697864e-07   4.19e-06  
778      7.903641e-03   7.902577e-03   1.064192e-06   1.35e-04  
779      6.124190e-03   6.124152e-03   3.802954e-08   6.21e-06  
780      -9.354954e-03  -9.355301e-03  3.463135e-07   3.70e-05  
781      1.205255e-01   1.205246e-01   9.151238e-07   7.59e-06  
782      2.413412e-01   2.413416e-01   3.434132e-07   1.42e-06  
783      2.644881e-01   2.644857e-01   2.353568e-06   8.90e-06  
784      1.611239e-01   1.611218e-01   2.182883e-06   1.35e-05  
785      6.371894e-02   6.372154e-02   2.600353e-06   4.08e-05  
786      3.208200e-03   3.208057e-03   1.425844e-07   4.44e-05  
787      -8.535269e-03  -8.534251e-03  1.017958e-06   1.19e-04  
788      3.100728e-02   3.100767e-02   3.908431e-07   1.26e-05  
789      -1.156834e-01  -1.156831e-01  3.077274e-07   2.66e-06  
790      -2.088655e-01  -2.088667e-01  1.131457e-06   5.42e-06  
791      -2.322389e-01  -2.322367e-01  2.200521e-06   9.48e-06  
792      -2.654035e-01  -2.654044e-01  8.590419e-07   3.24e-06  
793      -1.729191e-01  -1.729196e-01  5.039538e-07   2.91e-06  
794      1.055204e-02   1.055159e-02   4.519676e-07   4.28e-05  
795      9.698238e-02   9.698420e-02   1.821029e-06   1.88e-05  
796      3.694148e-02   3.694216e-02   6.788763e-07   1.84e-05  
797      2.478116e-02   2.478404e-02   2.876128e-06   1.16e-04  
798      -1.209546e-02  -1.209686e-02  1.395533e-06   1.15e-04  
799      8.296163e-03   8.371600e-03   7.543747e-05   9.09e-03  
800      -4.767388e-03  -5.284946e-03  5.175584e-04   1.09e-01  
801      9.142788e-02   9.113616e-02   2.917258e-04   3.19e-03  
802      1.032970e-02   1.247072e-02   2.141014e-03   2.07e-01  
803      -8.226888e-03  -8.227125e-03  2.364839e-07   2.87e-05  
804      5.582808e-04   5.572377e-04   1.043080e-06   1.87e-03  
805      2.967681e-02   2.967625e-02   5.590879e-07   1.88e-05  
806      3.425208e-02   3.425157e-02   5.098318e-07   1.49e-05  
807      1.745999e-02   1.746180e-02   1.815145e-06   1.04e-04  
808      -9.055859e-03  -9.054946e-03  9.132094e-07   1.01e-04  
809      6.144294e-03   6.145348e-03   1.054714e-06   1.72e-04  
810      -4.424908e-03  -4.424898e-03  9.821088e-09   2.22e-06  
811      -4.491459e-02  -4.491622e-02  1.632688e-06   3.64e-05  
812      -5.332707e-02  -5.332557e-02  1.499164e-06   2.81e-05  
813      -8.158243e-02  -8.158040e-02  2.031390e-06   2.49e-05  
814      -9.744942e-02  -9.744984e-02  4.224648e-07   4.34e-06  
815      -1.672504e-01  -1.672514e-01  9.739477e-07   5.82e-06  
816      -2.157470e-01  -2.157484e-01  1.386092e-06   6.42e-06  
817      -9.560244e-02  -9.560247e-02  3.188946e-08   3.34e-07  
818      1.259118e-01   1.259108e-01   1.019300e-06   8.10e-06  
819      2.557420e-01   2.557432e-01   1.113368e-06   4.35e-06  
820      3.218487e-01   3.218471e-01   1.631350e-06   5.07e-06  
821      3.330337e-01   3.330346e-01   9.187156e-07   2.76e-06  
822      4.065832e-01   4.065836e-01   4.159722e-07   1.02e-06  
823      3.039713e-01   3.039701e-01   1.243300e-06   4.09e-06  
824      -2.585298e-02  -2.585117e-02  1.811388e-06   7.01e-05  
825      -4.024449e-01  -4.024465e-01  1.677521e-06   4.17e-06  
826      3.955496e-02   3.955666e-02   1.698962e-06   4.30e-05  
827      -9.188350e-02  -9.188286e-02  6.329497e-07   6.89e-06  
828      -1.457417e-01  -1.457429e-01  1.162773e-06   7.98e-06  
829      -8.003835e-02  -8.003893e-02  5.877608e-07   7.34e-06  
830      1.734525e-03   1.735859e-03   1.333915e-06   7.69e-04  
831      1.645063e-01   1.645064e-01   1.018984e-07   6.19e-07  
832      2.680657e-01   2.680651e-01   6.362793e-07   2.37e-06  
833      2.544065e-01   2.544065e-01   3.689282e-08   1.45e-07  
834      1.963371e-01   1.963364e-01   6.615115e-07   3.37e-06  
835      1.309515e-01   1.309535e-01   1.948160e-06   1.49e-05  
836      2.872534e-02   2.872406e-02   1.273471e-06   4.43e-05  
837      4.418529e-02   4.418575e-02   4.592981e-07   1.04e-05  
838      1.782337e-02   1.782302e-02   3.516430e-07   1.97e-05  
839      -2.219990e-01  -2.219976e-01  1.391047e-06   6.27e-06  
840      -4.337935e-01  -4.337925e-01  1.020606e-06   2.35e-06  
841      -5.389083e-01  -5.389104e-01  2.105969e-06   3.91e-06  
842      -5.810492e-01  -5.810503e-01  1.081535e-06   1.86e-06  
843      -5.322800e-01  -5.322840e-01  3.962488e-06   7.44e-06  
844      -2.250734e-01  -2.250721e-01  1.287700e-06   5.72e-06  
845      -1.812588e-02  -1.812705e-02  1.169840e-06   6.45e-05  
846      1.038868e-02   1.038824e-02   4.354999e-07   4.19e-05  
847      1.146303e-04   1.121049e-04   2.525459e-06   2.20e-02  
848      1.204340e-02   1.204356e-02   1.645148e-07   1.37e-05  
849      4.551695e-03   4.557044e-03   5.349031e-06   1.18e-03  
850      1.011788e-03   1.004876e-03   6.912550e-06   6.83e-03  
851      3.731173e-02   3.686121e-02   4.505178e-04   1.21e-02  
852      1.954161e-02   2.018795e-02   6.463426e-04   3.31e-02  
853      5.596197e-03   5.597306e-03   1.109423e-06   1.98e-04  
854      6.483828e-03   6.486334e-03   2.506120e-06   3.87e-04  
855      1.298644e-02   1.298550e-02   9.439514e-07   7.27e-05  
856      1.126901e-02   1.126958e-02   5.669471e-07   5.03e-05  
857      2.950995e-03   2.950328e-03   6.666923e-07   2.26e-04  
858      6.714755e-03   6.714778e-03   2.302048e-08   3.43e-06  
859      4.717378e-03   4.716119e-03   1.259025e-06   2.67e-04  
860      4.620109e-03   4.621325e-03   1.215858e-06   2.63e-04  
861      1.627804e-03   1.626828e-03   9.764986e-07   6.00e-04  
862      4.771271e-03   4.771530e-03   2.597239e-07   5.44e-05  
863      -3.311367e-03  -3.312146e-03  7.791886e-07   2.35e-04  
864      -1.316319e-02  -1.316292e-02  2.678111e-07   2.03e-05  
865      -2.276118e-02  -2.276164e-02  4.590009e-07   2.02e-05  
866      -2.483786e-02  -2.483796e-02  1.046114e-07   4.21e-06  
867      -2.282417e-02  -2.282372e-02  4.559277e-07   2.00e-05  
868      -9.312813e-03  -9.311422e-03  1.391583e-06   1.49e-04  
869      1.202307e-02   1.202409e-02   1.018644e-06   8.47e-05  
870      3.784192e-02   3.784375e-02   1.833718e-06   4.85e-05  
871      1.407467e-02   1.407669e-02   2.027345e-06   1.44e-04  
872      -6.470824e-02  -6.470836e-02  1.199337e-07   1.85e-06  
873      -3.600469e-01  -3.600478e-01  9.358051e-07   2.60e-06  
874      -5.919572e-01  -5.919564e-01  8.116751e-07   1.37e-06  
875      -4.803373e-01  -4.803379e-01  5.723941e-07   1.19e-06  
876      1.819808e-01   1.819809e-01   1.459590e-07   8.02e-07  
877      -8.943675e-03  -8.944303e-03  6.279245e-07   7.02e-05  
878      8.925679e-02   8.925762e-02   8.337403e-07   9.34e-06  
879      9.096859e-02   9.096768e-02   9.121822e-07   1.00e-05  
880      -1.150295e-01  -1.150298e-01  2.979245e-07   2.59e-06  
881      -6.783865e-02  -6.783923e-02  5.858366e-07   8.64e-06  
882      1.106555e-01   1.106557e-01   2.184857e-07   1.97e-06  
883      1.062599e-01   1.062613e-01   1.435706e-06   1.35e-05  
884      2.001529e-01   2.001523e-01   5.846917e-07   2.92e-06  
885      2.517924e-01   2.517907e-01   1.745803e-06   6.93e-06  
886      1.349913e-01   1.349903e-01   9.949467e-07   7.37e-06  
887      9.275386e-02   9.275182e-02   2.043747e-06   2.20e-05  
888      1.171171e-02   1.171298e-02   1.268668e-06   1.08e-04  
889      -5.333065e-01  -5.333072e-01  6.937439e-07   1.30e-06  
890      -9.093363e-01  -9.093363e-01  2.697158e-08   2.97e-08  
891      -7.546537e-01  -7.546520e-01  1.675603e-06   2.22e-06  
892      -5.587255e-01  -5.587262e-01  7.149060e-07   1.28e-06  
893      -5.504365e-01  -5.504376e-01  1.097004e-06   1.99e-06  
894      -2.515658e-01  -2.515659e-01  1.709771e-07   6.80e-07  
895      -3.714943e-02  -3.715120e-02  1.770509e-06   4.77e-05  
896      -1.342537e-03  -1.341839e-03  6.972050e-07   5.19e-04  
897      3.071021e-05   3.060165e-05   1.085580e-07   3.53e-03  
898      1.065659e-03   1.066594e-03   9.345713e-07   8.77e-04  
899      2.331071e-04   2.561382e-04   2.303108e-05   9.88e-02  
900      6.388456e-04   6.441309e-04   5.285216e-06   8.27e-03  
901      1.595220e-02   1.538229e-02   5.699056e-04   3.57e-02  
902      1.466230e-02   1.464223e-02   2.007194e-05   1.37e-03  
903      1.051326e-02   1.032545e-02   1.878110e-04   1.79e-02  
904      1.010297e-02   1.018435e-02   8.138054e-05   8.06e-03  
905      7.978164e-03   7.934426e-03   4.373887e-05   5.48e-03  
906      6.057196e-03   6.256095e-03   1.988988e-04   3.28e-02  
907      3.825409e-03   3.887470e-03   6.206065e-05   1.62e-02  
908      4.985407e-03   4.955094e-03   3.031363e-05   6.08e-03  
909      4.056302e-04   5.148081e-04   1.091779e-04   2.69e-01  
910      4.846440e-03   5.118955e-03   2.725147e-04   5.62e-02  
911      2.364065e-03   2.433873e-03   6.980718e-05   2.95e-02  
912      9.277378e-03   9.293503e-03   1.612437e-05   1.74e-03  
913      5.122942e-03   5.122360e-03   5.821952e-07   1.14e-04  
914      -9.903502e-04  -9.955346e-04  5.184401e-06   5.23e-03  
915      -2.328691e-03  -2.328862e-03  1.703965e-07   7.32e-05  
916      -2.003981e-03  -2.004280e-03  2.990607e-07   1.49e-04  
917      -1.063096e-03  -1.061825e-03  1.270836e-06   1.20e-03  
918      -9.781594e-04  -9.763511e-04  1.808357e-06   1.85e-03  
919      -2.024270e-03  -2.022176e-03  2.094371e-06   1.03e-03  
920      -2.645432e-03  -2.645988e-03  5.557133e-07   2.10e-04  
921      -1.568871e-03  -1.568885e-03  1.369075e-08   8.73e-06  
922      -7.418860e-03  -7.416913e-03  1.947176e-06   2.62e-04  
923      -7.997443e-02  -7.997526e-02  8.280910e-07   1.04e-05  
924      -1.484129e-01  -1.484260e-01  1.307370e-05   8.81e-05  
925      -1.984481e-01  -1.984868e-01  3.866675e-05   1.95e-04  
926      -1.843970e-01  -1.845133e-01  1.162148e-04   6.30e-04  
927      -3.885876e-01  -3.894922e-01  9.045693e-04   2.33e-03  
928      2.836043e-01   2.784993e-01   5.105023e-03   1.80e-02  
929      6.515869e-01   6.417752e-01   9.811617e-03   1.51e-02  
930      4.583554e-01   5.300264e-01   7.167096e-02   1.56e-01  
931      -4.587352e-01  -4.587359e-01  6.300437e-07   1.37e-06  
932      -2.012144e-01  -2.012147e-01  2.460105e-07   1.22e-06  
933      -1.878984e-01  -1.878995e-01  1.127864e-06   6.00e-06  
934      -5.933060e-02  -5.933251e-02  1.918984e-06   3.23e-05  
935      1.382982e-01   1.382989e-01   7.820973e-07   5.66e-06  
936      2.365945e-01   2.365937e-01   7.775788e-07   3.29e-06  
937      2.166802e-01   2.166801e-01   1.130789e-07   5.22e-07  
938      4.350640e-03   4.350830e-03   1.898514e-07   4.36e-05  
939      -8.724607e-01  -8.724621e-01  1.463470e-06   1.68e-06  
940      -1.020514e+00  -1.020514e+00  2.780316e-08   2.72e-08  
941      -3.707087e-01  -3.707096e-01  8.558315e-07   2.31e-06  
942      -1.070867e-01  -1.070879e-01  1.221774e-06   1.14e-05  
943      -2.201978e-01  -2.201987e-01  8.718592e-07   3.96e-06  
944      -1.076251e-01  -1.076255e-01  3.633745e-07   3.38e-06  
945      -1.085003e-02  -1.084986e-02  1.629464e-07   1.50e-05  
946      -4.948410e-04  -4.943013e-04  5.397006e-07   1.09e-03  
947      5.842825e-04   5.839655e-04   3.170118e-07   5.43e-04  
948      8.880262e-04   8.866755e-04   1.350681e-06   1.52e-03  
949      7.103915e-04   7.199509e-04   9.559367e-06   1.35e-02  
950      5.557740e-04   5.389256e-04   1.684836e-05   3.03e-02  
951      -1.474198e-03  -1.416515e-03  5.768331e-05   3.91e-02  
952      -7.111683e-03  -7.630723e-03  5.190403e-04   7.30e-02  
953      -4.707268e-03  -4.984331e-03  2.770625e-04   5.89e-02  
954      2.330299e-03   2.104329e-03   2.259700e-04   9.70e-02  
955      2.878842e-03   2.647394e-03   2.314487e-04   8.04e-02  
956      6.026998e-03   5.961097e-03   6.590053e-05   1.09e-02  
957      3.893978e-03   3.769150e-03   1.248286e-04   3.21e-02  
958      2.114915e-03   1.906437e-03   2.084777e-04   9.86e-02  
959      3.507952e-03   3.667307e-03   1.593553e-04   4.54e-02  
960      9.701210e-03   9.513595e-03   1.876143e-04   1.93e-02  
961      2.962562e-03   3.086735e-03   1.241728e-04   4.19e-02  
962      3.311260e-03   2.980204e-03   3.310561e-04   1.00e-01  
963      5.686121e-04   4.902216e-04   7.839046e-05   1.38e-01  
964      -2.940609e-04  -2.750141e-04  1.904680e-05   6.48e-02  
965      -3.202792e-04  -2.803620e-04  3.991723e-05   1.25e-01  
966      -1.438968e-04  -1.228409e-04  2.105589e-05   1.46e-01  
967      -1.737657e-05  -1.560636e-05  1.770208e-06   1.02e-01  
968      1.380919e-05   1.086505e-05   2.944137e-06   2.13e-01  
969      -7.826909e-07  -9.492851e-07  1.665942e-07   2.13e-01  
970      -7.562607e-06  -6.295977e-06  1.266630e-06   1.67e-01  
971      -2.595017e-05  -2.300283e-05  2.947340e-06   1.14e-01  
972      -4.597532e-05  -4.080562e-05  5.169702e-06   1.12e-01  
973      -7.031594e-04  -6.220569e-04  8.110258e-05   1.15e-01  
974      -5.825524e-03  -5.130348e-03  6.951758e-04   1.19e-01  
975      -2.047596e-02  -1.796838e-02  2.507579e-03   1.22e-01  
976      -5.335876e-02  -4.745620e-02  5.902559e-03   1.11e-01  
977      -1.997092e-01  -1.811369e-01  1.857225e-02   9.30e-02  
978      -1.441535e-01  -1.527744e-01  8.620861e-03   5.98e-02  
979      4.847882e-01   4.516740e-01   3.311417e-02   6.83e-02  
980      1.727998e+00   1.729808e+00   1.810489e-03   1.05e-03  
981      9.789496e-03   3.695386e-02   2.716436e-02   2.77e+00  
982      -3.699262e-01  -3.699283e-01  2.159857e-06   5.84e-06  
983      -5.515553e-01  -5.515595e-01  4.238577e-06   7.68e-06  
984      -4.024712e-01  -4.024716e-01  4.220722e-07   1.05e-06  
985      3.781624e-02   3.781645e-02   2.081432e-07   5.50e-06  
986      3.198060e-01   3.198060e-01   3.957975e-09   1.24e-08  
987      1.692722e-02   1.692829e-02   1.067461e-06   6.31e-05  
988      -3.169300e-01  -3.169307e-01  6.785461e-07   2.14e-06  
989      -5.832043e-01  -5.832036e-01  6.965679e-07   1.19e-06  
990      -3.530562e-01  -3.530559e-01  3.197994e-07   9.06e-07  
991      -3.349268e-02  -3.349334e-02  6.561165e-07   1.96e-05  
992      -1.249173e-02  -1.249235e-02  6.236016e-07   4.99e-05  
993      -5.606778e-02  -5.606663e-02  1.151078e-06   2.05e-05  
994      -1.182366e-02  -1.182259e-02  1.073075e-06   9.08e-05  
995      1.388424e-02   1.388522e-02   9.751662e-07   7.02e-05  
996      7.070083e-03   7.071346e-03   1.262888e-06   1.79e-04  
997      3.152585e-03   3.149877e-03   2.708490e-06   8.59e-04  
998      1.847296e-03   1.848212e-03   9.160467e-07   4.96e-04  
999      9.505916e-04   9.480362e-04   2.555382e-06   2.69e-03  
1000     2.128549e-04   1.912730e-04   2.158191e-05   1.01e-01  
1001     -1.038977e+00  -1.056185e+00  1.720748e-02   1.66e-02  
1002     -8.885351e-02  -1.321587e-01  4.330517e-02   4.87e-01  
1003     7.203591e-02   7.203763e-02   1.722720e-06   2.39e-05  
1004     -2.553517e-01  -2.553526e-01  8.854716e-07   3.47e-06  
1005     -7.629145e-02  -7.629060e-02  8.534050e-07   1.12e-05  
1006     2.204735e-01   2.204742e-01   7.123711e-07   3.23e-06  
1007     1.152825e-01   1.152848e-01   2.345680e-06   2.03e-05  
1008     -4.469443e-02  -4.469216e-02  2.269419e-06   5.08e-05  
1009     -5.586882e-02  -5.586796e-02  8.548831e-07   1.53e-05  
1010     -4.861732e-03  -4.862143e-03  4.106490e-07   8.45e-05  
1011     3.673148e-03   3.673271e-03   1.222532e-07   3.33e-05  
1012     -5.085543e-03  -5.085481e-03  6.182463e-08   1.22e-05  
1013     -5.465543e-03  -5.467295e-03  1.752143e-06   3.21e-04  
1014     5.047881e-03   5.049421e-03   1.540107e-06   3.05e-04  
1015     1.022913e-02   1.022761e-02   1.524324e-06   1.49e-04  
1016     2.510375e-03   2.508943e-03   1.432467e-06   5.71e-04  
1017     1.660414e-03   1.661048e-03   6.339008e-07   3.82e-04  
1018     1.502170e-03   1.500118e-03   2.051854e-06   1.37e-03  
1019     8.978627e-04   9.022938e-04   4.431029e-06   4.94e-03  
1020     2.368577e-04   2.195259e-04   1.733178e-05   7.32e-02  
1021     -5.873507e-01  -5.749963e-01  1.235447e-02   2.10e-02  
1022     -2.335255e-01  -2.402020e-01  6.676504e-03   2.86e-02  
1023     2.481917e-02   2.482281e-02   3.637576e-06   1.47e-04  
1024     1.204699e-01   1.204682e-01   1.750997e-06   1.45e-05  
1025     -1.865704e-02  -1.865761e-02  5.719699e-07   3.07e-05  
1026     -1.374902e-01  -1.374908e-01  6.111477e-07   4.45e-06  
1027     -6.918090e-02  -6.918128e-02  3.741771e-07   5.41e-06  
1028     -6.264962e-03  -6.266002e-03  1.039494e-06   1.66e-04  
1029     1.063778e-02   1.063786e-02   7.570121e-08   7.12e-06  
1030     7.839557e-04   7.839674e-04   1.163178e-08   1.48e-05  
1031     -1.009194e-04  -9.974144e-05  1.177978e-06   1.17e-02  
1032     -3.608816e-04  -3.610205e-04  1.389149e-07   3.85e-04  
1033     -1.512147e-04  -1.513962e-04  1.814708e-07   1.20e-03  
1034     4.346037e-03   4.345086e-03   9.507231e-07   2.19e-04  
1035     5.670441e-03   5.668965e-03   1.476680e-06   2.60e-04  
1036     9.982877e-04   9.975719e-04   7.157990e-07   7.17e-04  
1037     1.157746e-03   1.161598e-03   3.851104e-06   3.33e-03  
1038     1.205812e-03   1.208148e-03   2.336054e-06   1.94e-03  
1039     8.842997e-04   8.890203e-04   4.720608e-06   5.34e-03  
1040     3.818933e-04   3.603719e-04   2.152138e-05   5.64e-02  
1041     -8.998358e-02  -8.329278e-02  6.690800e-03   7.44e-02  
1042     -3.173696e-01  -3.173759e-01  6.215234e-06   1.96e-05  
1043     -3.758395e-01  -3.758390e-01  5.186319e-07   1.38e-06  
1044     -3.167253e-01  -3.167243e-01  1.049623e-06   3.31e-06  
1045     -2.112682e-01  -2.112649e-01  3.286282e-06   1.56e-05  
1046     -6.956346e-02  -6.956579e-02  2.329276e-06   3.35e-05  
1047     -1.596211e-02  -1.596003e-02  2.078422e-06   1.30e-04  
1048     7.993557e-05   8.149811e-05   1.562550e-06   1.95e-02  
1049     -3.152466e-03  -3.151490e-03  9.761363e-07   3.10e-04  
1050     -8.218251e-04  -8.215773e-04  2.478737e-07   3.02e-04  
1051     -6.080865e-03  -6.078793e-03  2.072528e-06   3.41e-04  
1052     -1.057124e-02  -1.057331e-02  2.069260e-06   1.96e-04  
1053     -1.202514e-02  -1.202573e-02  5.864857e-07   4.88e-05  
1054     -2.315573e-03  -2.315203e-03  3.699426e-07   1.60e-04  
1055     2.001043e-03   1.999426e-03   1.616629e-06   8.08e-04  
1056     6.102800e-04   6.130938e-04   2.813831e-06   4.61e-03  
1057     7.424202e-04   7.424336e-04   1.337459e-08   1.80e-05  
1058     8.801145e-04   8.795405e-04   5.739862e-07   6.52e-04  
1059     8.886896e-04   8.980436e-04   9.353979e-06   1.05e-02  
1060     4.748588e-04   4.572883e-04   1.757054e-05   3.70e-02  
1061     -1.018386e-02  -9.783034e-03  4.008229e-04   3.94e-02  
1062     -1.035396e-01  -1.037675e-01  2.279398e-04   2.20e-03  
1063     -4.911740e-01  -4.911726e-01  1.386731e-06   2.82e-06  
1064     -5.782247e-01  -5.782259e-01  1.166357e-06   2.02e-06  
1065     -2.563252e-01  -2.563269e-01  1.673158e-06   6.53e-06  
1066     -3.897700e-02  -3.897947e-02  2.470148e-06   6.34e-05  
1067     -7.589468e-02  -7.589552e-02  8.411625e-07   1.11e-05  
1068     -2.026438e-02  -2.026122e-02  3.155415e-06   1.56e-04  
1069     -1.626653e-02  -1.626440e-02  2.132568e-06   1.31e-04  
1070     -1.659819e-02  -1.660049e-02  2.302798e-06   1.39e-04  
1071     -4.628415e-02  -4.628348e-02  6.627967e-07   1.43e-05  
1072     -6.766651e-02  -6.766557e-02  9.355769e-07   1.38e-05  
1073     -5.524528e-02  -5.524589e-02  6.130602e-07   1.11e-05  
1074     -1.759537e-02  -1.759682e-02  1.448074e-06   8.23e-05  
1075     -1.079907e-03  -1.080665e-03  7.577198e-07   7.02e-04  
1076     4.120261e-04   4.120022e-04   2.390041e-08   5.80e-05  
1077     3.914883e-04   3.919558e-04   4.675292e-07   1.19e-03  
1078     7.962491e-04   7.963786e-04   1.294529e-07   1.63e-04  
1079     9.537313e-04   9.612552e-04   7.523912e-06   7.89e-03  
1080     4.871368e-04   4.668527e-04   2.028404e-05   4.16e-02  
1081     5.259629e-03   4.020026e-03   1.239603e-03   2.36e-01  
1082     -5.800913e-02  -5.806634e-02  5.720927e-05   9.86e-04  
1083     6.390579e-01   6.390567e-01   1.153907e-06   1.81e-06  
1084     8.093638e-01   8.093658e-01   2.005315e-06   2.48e-06  
1085     -2.949580e-01  -2.949608e-01  2.781679e-06   9.43e-06  
1086     1.185099e-03   1.186478e-03   1.378857e-06   1.16e-03  
1087     -1.310087e-01  -1.310092e-01  4.603628e-07   3.51e-06  
1088     -1.466916e-01  -1.466951e-01  3.526158e-06   2.40e-05  
1089     -7.670114e-02  -7.670090e-02  2.362066e-07   3.08e-06  
1090     -7.321237e-02  -7.321351e-02  1.145803e-06   1.57e-05  
1091     -1.178915e-01  -1.178912e-01  3.032108e-07   2.57e-06  
1092     -1.307112e-01  -1.307129e-01  1.733854e-06   1.33e-05  
1093     -7.810823e-02  -7.811071e-02  2.479369e-06   3.17e-05  
1094     -1.940952e-02  -1.940940e-02  1.220442e-07   6.29e-06  
1095     1.614828e-03   1.614086e-03   7.416901e-07   4.59e-04  
1096     7.908946e-04   7.919346e-04   1.039977e-06   1.31e-03  
1097     6.394941e-04   6.419953e-04   2.501176e-06   3.91e-03  
1098     7.106917e-04   7.066109e-04   4.080821e-06   5.74e-03  
1099     8.576304e-04   8.649829e-04   7.352542e-06   8.57e-03  
1100     5.921942e-04   5.664498e-04   2.574438e-05   4.35e-02  
1101     6.230233e-03   5.293724e-03   9.365089e-04   1.50e-01  
1102     -1.323972e-02  -1.323906e-02  6.656493e-07   5.03e-05  
1103     3.743398e-01   3.743398e-01   8.128753e-08   2.17e-07  
1104     5.551058e-01   5.551094e-01   3.630864e-06   6.54e-06  
1105     3.972492e-01   3.972517e-01   2.442910e-06   6.15e-06  
1106     5.078781e-02   5.078771e-02   1.006630e-07   1.98e-06  
1107     -2.150694e-02  -2.150673e-02  2.059937e-07   9.58e-06  
1108     -2.156053e-01  -2.156030e-01  2.251417e-06   1.04e-05  
1109     -2.006187e-01  -2.006188e-01  1.009217e-07   5.03e-07  
1110     -1.590285e-01  -1.590280e-01  4.837262e-07   3.04e-06  
1111     -1.588948e-01  -1.588972e-01  2.478480e-06   1.56e-05  
1112     -1.196006e-01  -1.195986e-01  2.011770e-06   1.68e-05  
1113     -1.710390e-02  -1.710280e-02  1.101439e-06   6.44e-05  
1114     1.382397e-02   1.382557e-02   1.597960e-06   1.16e-04  
1115     -3.289587e-02  -3.289870e-02  2.827119e-06   8.59e-05  
1116     -2.034612e-03  -2.036283e-03  1.671022e-06   8.21e-04  
1117     -4.860822e-05  -4.990056e-05  1.292341e-06   2.66e-02  
1118     4.402575e-04   4.370878e-04   3.169692e-06   7.20e-03  
1119     3.838509e-04   3.990107e-04   1.515978e-05   3.95e-02  
1120     3.090424e-04   3.076309e-04   1.411516e-06   4.57e-03  
1121     1.912893e-04   1.650005e-04   2.628873e-05   1.37e-01  
1122     3.500494e-02   3.500530e-02   3.573296e-07   1.02e-05  
1123     2.644945e-01   2.644945e-01   1.916267e-08   7.25e-08  
1124     3.352797e-01   3.352774e-01   2.342312e-06   6.99e-06  
1125     2.923783e-01   2.923719e-01   6.377546e-06   2.18e-05  
1126     9.169104e-02   9.169399e-02   2.942236e-06   3.21e-05  
1127     1.055156e-01   1.055151e-01   5.292126e-07   5.02e-06  
1128     -1.331103e-01  -1.331107e-01  3.651707e-07   2.74e-06  
1129     -2.783880e-01  -2.783890e-01  9.538332e-07   3.43e-06  
1130     -3.058021e-01  -3.058028e-01  7.210388e-07   2.36e-06  
1131     -2.989186e-01  -2.989215e-01  2.949311e-06   9.87e-06  
1132     -1.556435e-01  -1.556426e-01  8.932567e-07   5.74e-06  
1133     3.485104e-02   3.484850e-02   2.537368e-06   7.28e-05  
1134     -3.911743e-02  -3.911739e-02  3.974927e-08   1.02e-06  
1135     -2.548543e-01  -2.548538e-01  4.525141e-07   1.78e-06  
1136     -1.367489e-01  -1.367474e-01  1.523894e-06   1.11e-05  
1137     -7.505332e-03  -7.503083e-03  2.248397e-06   3.00e-04  
1138     3.425009e-04   3.430381e-04   5.372255e-07   1.57e-03  
1139     -5.668123e-05  -7.526069e-05  1.857946e-05   3.28e-01  
1140     -3.227989e-04  -3.258077e-04  3.008816e-06   9.32e-03  
1141     1.222850e-04   1.014286e-04   2.085647e-05   1.71e-01  
1142     2.373852e-02   2.373860e-02   8.424792e-08   3.55e-06  
1143     1.741098e-01   1.741082e-01   1.547371e-06   8.89e-06  
1144     2.231665e-01   2.231676e-01   1.108023e-06   4.97e-06  
1145     1.657265e-01   1.657216e-01   4.835440e-06   2.92e-05  
1146     -1.552578e-03  -1.553390e-03  8.121023e-07   5.23e-04  
1147     4.962544e-02   4.962424e-02   1.199216e-06   2.42e-05  
1148     3.519145e-02   3.519194e-02   4.913498e-07   1.40e-05  
1149     -5.312956e-02  -5.313239e-02  2.834157e-06   5.33e-05  
1150     -1.558368e-01  -1.558367e-01  9.255607e-08   5.94e-07  
1151     -2.743097e-01  -2.743120e-01  2.329975e-06   8.49e-06  
1152     -1.093336e-01  -1.093317e-01  1.889537e-06   1.73e-05  
1153     1.198486e-01   1.198463e-01   2.264155e-06   1.89e-05  
1154     4.394148e-02   4.394370e-02   2.214655e-06   5.04e-05  
1155     -2.611179e-01  -2.611210e-01  3.095442e-06   1.19e-05  
1156     -4.354828e-01  -4.354820e-01  8.188022e-07   1.88e-06  
1157     -7.054790e-02  -7.054901e-02  1.100516e-06   1.56e-05  
1158     -1.524075e-03  -1.526479e-03  2.404850e-06   1.58e-03  
1159     4.336954e-04   4.396009e-04   5.905415e-06   1.36e-02  
1160     2.176043e-05   2.613035e-05   4.369921e-06   2.01e-01  
1161     4.984364e-04   4.432184e-04   5.521806e-05   1.11e-01  
1162     1.422856e-02   1.422637e-02   2.184002e-06   1.53e-04  
1163     9.552390e-02   9.552314e-02   7.641946e-07   8.00e-06  
1164     1.004606e-01   1.004595e-01   1.175084e-06   1.17e-05  
1165     9.489131e-02   9.488993e-02   1.381401e-06   1.46e-05  
1166     8.798587e-02   8.798334e-02   2.528709e-06   2.87e-05  
1167     -4.483805e-02  -4.484180e-02  3.741213e-06   8.34e-05  
1168     3.580840e-02   3.581093e-02   2.524971e-06   7.05e-05  
1169     4.435020e-02   4.435186e-02   1.660277e-06   3.74e-05  
1170     -9.285693e-02  -9.285720e-02  2.729638e-07   2.94e-06  
1171     -2.512630e-01  -2.512603e-01  2.659012e-06   1.06e-05  
1172     -9.694224e-02  -9.694709e-02  4.853445e-06   5.01e-05  
1173     1.004236e-01   1.004233e-01   3.529357e-07   3.51e-06  
1174     9.460276e-02   9.459987e-02   2.891667e-06   3.06e-05  
1175     -8.014471e-02  -8.014882e-02  4.116162e-06   5.14e-05  
1176     -4.352757e-01  -4.352719e-01  3.831908e-06   8.80e-06  
1177     -3.037328e-02  -3.036880e-02  4.479548e-06   1.47e-04  
1178     -1.487347e-03  -1.490809e-03  3.462491e-06   2.33e-03  
1179     2.922664e-02   2.924385e-02   1.721815e-05   5.89e-04  
1180     2.216011e-03   2.195557e-03   2.045484e-05   9.23e-03  
1181     3.798460e-03   3.432007e-03   3.664536e-04   9.65e-02  
1182     2.621470e-02   2.622565e-02   1.094913e-05   4.18e-04  
1183     7.479497e-02   7.479724e-02   2.263357e-06   3.03e-05  
1184     5.505835e-02   5.505485e-02   3.506121e-06   6.37e-05  
1185     8.331200e-02   8.330933e-02   2.669889e-06   3.20e-05  
1186     7.965768e-02   7.965888e-02   1.199844e-06   1.51e-05  
1187     -3.492508e-02  -3.492805e-02  2.966217e-06   8.49e-05  
1188     -3.990284e-02  -3.990262e-02  2.200187e-07   5.51e-06  
1189     -5.287011e-02  -5.287295e-02  2.843881e-06   5.38e-05  
1190     -1.614462e-01  -1.614461e-01  3.496010e-08   2.17e-07  
1191     -2.626868e-01  -2.626844e-01  2.328389e-06   8.86e-06  
1192     -1.931545e-01  -1.931540e-01  4.941429e-07   2.56e-06  
1193     -1.078511e-01  -1.078517e-01  5.678104e-07   5.26e-06  
1194     -8.332655e-02  -8.332631e-02  2.424493e-07   2.91e-06  
1195     1.076077e-02   1.076462e-02   3.854519e-06   3.58e-04  
1196     -4.700779e-02  -4.700895e-02  1.166309e-06   2.48e-05  
1197     2.128761e-01   2.128781e-01   1.955945e-06   9.19e-06  
1198     2.508648e-01   2.508660e-01   1.168379e-06   4.66e-06  
1199     2.898572e-01   2.899749e-01   1.176601e-04   4.06e-04  
1200     5.180903e-02   4.568640e-02   6.122630e-03   1.18e-01  
1201     1.153158e-02   1.038263e-02   1.148955e-03   9.96e-02  
1202     4.396133e-02   4.406960e-02   1.082636e-04   2.46e-03  
1203     8.698904e-02   8.699225e-02   3.206436e-06   3.69e-05  
1204     8.649025e-02   8.649185e-02   1.597809e-06   1.85e-05  
1205     1.850695e-01   1.850646e-01   4.863578e-06   2.63e-05  
1206     5.880824e-02   5.880722e-02   1.019157e-06   1.73e-05  
1207     -1.892153e-02  -1.892042e-02  1.102219e-06   5.83e-05  
1208     -8.532279e-02  -8.532262e-02  1.717312e-07   2.01e-06  
1209     -1.487700e-01  -1.487687e-01  1.344750e-06   9.04e-06  
1210     -2.011573e-01  -2.011584e-01  1.152583e-06   5.73e-06  
1211     -2.250439e-01  -2.250442e-01  3.142735e-07   1.40e-06  
1212     -2.107558e-01  -2.107517e-01  4.118276e-06   1.95e-05  
1213     -1.683743e-01  -1.683744e-01  1.843591e-07   1.09e-06  
1214     -2.414027e-02  -2.414052e-02  2.565234e-07   1.06e-05  
1215     1.335965e-01   1.335991e-01   2.571364e-06   1.92e-05  
1216     -6.994077e-02  -6.994276e-02  1.986539e-06   2.84e-05  
1217     -7.220915e-02  -7.220872e-02  4.288992e-07   5.94e-06  
1218     1.242505e-01   1.242511e-01   5.956060e-07   4.79e-06  
1219     2.357058e-01   2.357740e-01   6.824833e-05   2.90e-04  
1220     3.910235e-02   3.442803e-02   4.674322e-03   1.20e-01  
1221     1.679521e-03   1.628290e-03   5.123149e-05   3.05e-02  
1222     2.596112e-02   2.598764e-02   2.652288e-05   1.02e-03  
1223     7.107775e-02   7.107606e-02   1.684788e-06   2.37e-05  
1224     2.114796e-01   2.114805e-01   8.738320e-07   4.13e-06  
1225     3.431404e-01   3.431420e-01   1.631253e-06   4.75e-06  
1226     -1.303300e-01  -1.303245e-01  5.552128e-06   4.26e-05  
1227     -3.380497e-03  -3.384454e-03  3.957690e-06   1.17e-03  
1228     -4.516860e-02  -4.516508e-02  3.526465e-06   7.81e-05  
1229     -1.340819e-01  -1.340805e-01  1.392834e-06   1.04e-05  
1230     -1.783119e-01  -1.783080e-01  3.871141e-06   2.17e-05  
1231     -1.631950e-01  -1.631949e-01  1.269835e-07   7.78e-07  
1232     -1.089981e-01  -1.089992e-01  1.091460e-06   1.00e-05  
1233     3.244726e-02   3.244907e-02   1.804948e-06   5.56e-05  
1234     2.016824e-01   2.016805e-01   1.915222e-06   9.50e-06  
1235     1.559846e-01   1.559861e-01   1.417712e-06   9.09e-06  
1236     -1.265159e-01  -1.265166e-01  6.687666e-07   5.29e-06  
1237     -9.997782e-02  -9.997474e-02  3.085590e-06   3.09e-05  
1238     1.463760e-01   1.463763e-01   2.410983e-07   1.65e-06  
1239     9.778444e-02   9.784488e-02   6.043855e-05   6.18e-04  
1240     1.118423e-02   9.968589e-03   1.215640e-03   1.09e-01  
1241     1.236722e-02   1.124479e-02   1.122434e-03   9.08e-02  
1242     3.817830e-02   3.817226e-02   6.033020e-06   1.58e-04  
1243     -8.231748e-03  -8.231960e-03  2.126673e-07   2.58e-05  
1244     -1.542372e-01  -1.542402e-01  2.991288e-06   1.94e-05  
1245     -1.409949e-01  -1.409936e-01  1.278683e-06   9.07e-06  
1246     -1.245800e-01  -1.245845e-01  4.568041e-06   3.67e-05  
1247     2.840221e-02   2.840244e-02   2.312312e-07   8.14e-06  
1248     4.549178e-02   4.549532e-02   3.546442e-06   7.80e-05  
1249     -1.691654e-02  -1.691427e-02  2.271539e-06   1.34e-04  
1250     -5.757665e-02  -5.757523e-02  1.420591e-06   2.47e-05  
1251     -1.951651e-02  -1.951651e-02  1.019269e-09   5.22e-08  
1252     1.039432e-01   1.039460e-01   2.734730e-06   2.63e-05  
1253     2.414964e-01   2.414995e-01   3.082699e-06   1.28e-05  
1254     2.475136e-01   2.475141e-01   4.157232e-07   1.68e-06  
1255     1.240241e-01   1.240253e-01   1.235949e-06   9.97e-06  
1256     2.191475e-02   2.191479e-02   4.245280e-08   1.94e-06  
1257     6.318979e-02   6.319298e-02   3.190903e-06   5.05e-05  
1258     1.230898e-01   1.230917e-01   1.927900e-06   1.57e-05  
1259     2.865598e-02   2.864907e-02   6.910800e-06   2.41e-04  
1260     6.540718e-04   5.910442e-04   6.302758e-05   9.64e-02  
1261     -3.465986e-02  -3.194454e-02  2.715318e-03   7.83e-02  
1262     -7.626386e-02  -7.681225e-02  5.483931e-04   7.19e-03  
1263     -6.038081e-02  -6.038085e-02  4.095627e-08   6.78e-07  
1264     -1.913712e-01  -1.913713e-01  4.372058e-08   2.28e-07  
1265     -1.038397e-01  -1.038397e-01  5.353902e-08   5.16e-07  
1266     -1.566926e-01  -1.566892e-01  3.457593e-06   2.21e-05  
1267     -3.578832e-03  -3.580182e-03  1.349279e-06   3.77e-04  
1268     1.054966e-01   1.054953e-01   1.335987e-06   1.27e-05  
1269     1.075625e-01   1.075619e-01   5.797543e-07   5.39e-06  
1270     1.213818e-01   1.213823e-01   4.486696e-07   3.70e-06  
1271     1.959530e-01   1.959537e-01   6.515508e-07   3.33e-06  
1272     2.198922e-01   2.198920e-01   2.302308e-07   1.05e-06  
1273     1.464874e-01   1.464853e-01   2.131100e-06   1.45e-05  
1274     7.990579e-02   7.990564e-02   1.526828e-07   1.91e-06  
1275     1.078225e-01   1.078250e-01   2.521527e-06   2.34e-05  
1276     -6.137278e-03  -6.137637e-03  3.591179e-07   5.85e-05  
1277     -2.020447e-02  -2.020425e-02  2.189655e-07   1.08e-05  
1278     1.818923e-02   1.819014e-02   9.144063e-07   5.03e-05  
1279     2.185709e-03   2.164250e-03   2.145849e-05   9.82e-03  
1280     -4.568120e-04  -5.046962e-04  4.788427e-05   1.05e-01  
1281     -9.364505e-03  -8.730502e-03  6.340027e-04   6.77e-02  
1282     -4.453793e-02  -4.462870e-02  9.077664e-05   2.04e-03  
1283     -1.117266e-01  -1.117289e-01  2.337762e-06   2.09e-05  
1284     -1.974317e-01  -1.974329e-01  1.147265e-06   5.81e-06  
1285     -1.109615e-01  -1.109638e-01  2.275335e-06   2.05e-05  
1286     -1.174486e-01  -1.174499e-01  1.284959e-06   1.09e-05  
1287     -9.759506e-02  -9.759564e-02  5.838684e-07   5.98e-06  
1288     1.021923e-01   1.021900e-01   2.369741e-06   2.32e-05  
1289     1.781666e-01   1.781635e-01   3.114696e-06   1.75e-05  
1290     1.134854e-01   1.134896e-01   4.120948e-06   3.63e-05  
1291     5.991777e-02   5.991405e-02   3.726589e-06   6.22e-05  
1292     -3.101308e-02  -3.101504e-02  1.964698e-06   6.34e-05  
1293     -9.998396e-03  -9.997001e-03  1.394958e-06   1.40e-04  
1294     4.904328e-02   4.904422e-02   9.478237e-07   1.93e-05  
1295     2.936978e-02   2.936755e-02   2.230839e-06   7.60e-05  
1296     -6.768375e-02  -6.768708e-02  3.332982e-06   4.92e-05  
1297     -3.668956e-02  -3.668858e-02  9.801384e-07   2.67e-05  
1298     2.764428e-03   2.765738e-03   1.310253e-06   4.74e-04  
1299     2.412202e-03   2.383205e-03   2.899687e-05   1.20e-02  
1300     -8.682472e-04  -9.020710e-04  3.382371e-05   3.90e-02  
1301     1.233933e-02   1.159752e-02   7.418159e-04   6.01e-02  
1302     6.577993e-03   6.809171e-03   2.311773e-04   3.51e-02  
1303     -8.767972e-02  -8.767801e-02  1.705153e-06   1.94e-05  
1304     -1.763118e-01  -1.763140e-01  2.246484e-06   1.27e-05  
1305     -1.299575e-01  -1.299562e-01  1.321461e-06   1.02e-05  
1306     -8.006811e-02  -8.007011e-02  1.992840e-06   2.49e-05  
1307     -9.741633e-02  -9.741535e-02  9.831238e-07   1.01e-05  
1308     7.460867e-03   7.463833e-03   2.965678e-06   3.97e-04  
1309     1.592732e-01   1.592733e-01   8.289738e-08   5.20e-07  
1310     -6.951865e-02  -6.951977e-02  1.115459e-06   1.60e-05  
1311     -1.771009e-01  -1.771002e-01  6.302201e-07   3.56e-06  
1312     -9.555882e-02  -9.555989e-02  1.068349e-06   1.12e-05  
1313     5.469378e-02   5.469312e-02   6.528989e-07   1.19e-05  
1314     7.957563e-02   7.957825e-02   2.619736e-06   3.29e-05  
1315     -2.764889e-02  -2.764866e-02  2.373410e-07   8.58e-06  
1316     -5.191843e-02  -5.191674e-02  1.694246e-06   3.26e-05  
1317     -1.054071e-02  -1.053708e-02  3.635099e-06   3.45e-04  
1318     5.729278e-03   5.723227e-03   6.051575e-06   1.06e-03  
1319     1.039513e-03   1.009844e-03   2.966852e-05   2.85e-02  
1320     -1.253406e-03  -1.263347e-03  9.940790e-06   7.93e-03  
1321     1.521916e-02   1.432447e-02   8.946961e-04   5.88e-02  
1322     2.502336e-02   2.524906e-02   2.256991e-04   9.02e-03  
1323     -4.549296e-02  -4.548900e-02  3.957142e-06   8.70e-05  
1324     -1.499550e-01  -1.499536e-01  1.392230e-06   9.28e-06  
1325     -1.452481e-01  -1.452480e-01  1.585361e-08   1.09e-07  
1326     -6.958324e-02  -6.958316e-02  8.076829e-08   1.16e-06  
1327     -5.416267e-02  -5.416590e-02  3.224827e-06   5.95e-05  
1328     -7.530396e-02  -7.530201e-02  1.958194e-06   2.60e-05  
1329     1.269547e-01   1.269553e-01   5.711322e-07   4.50e-06  
1330     -1.397968e-01  -1.397934e-01  3.422847e-06   2.45e-05  
1331     -2.014282e-01  -2.014275e-01  7.138435e-07   3.54e-06  
1332     -2.839535e-02  -2.839806e-02  2.710335e-06   9.54e-05  
1333     1.207623e-02   1.207313e-02   3.107395e-06   2.57e-04  
1334     -6.208632e-02  -6.208447e-02  1.843027e-06   2.97e-05  
1335     -7.955590e-02  -7.955288e-02  3.026021e-06   3.80e-05  
1336     -3.863167e-02  -3.863200e-02  3.341034e-07   8.65e-06  
1337     -1.108527e-03  -1.110723e-03  2.196721e-06   1.98e-03  
1338     5.092320e-03   5.087891e-03   4.429354e-06   8.70e-04  
1339     -7.624793e-05  -1.139961e-04  3.774814e-05   4.95e-01  
1340     -1.616734e-03  -1.588990e-03  2.774396e-05   1.72e-02  
1341     8.739234e-03   8.094769e-03   6.444645e-04   7.37e-02  
1342     2.006214e-02   2.022071e-02   1.585704e-04   7.90e-03  
1343     -1.092605e-02  -1.092538e-02  6.688342e-07   6.12e-05  
1344     -1.014493e-01  -1.014494e-01  1.185651e-07   1.17e-06  
1345     -1.278132e-01  -1.278158e-01  2.656113e-06   2.08e-05  
1346     -1.035709e-01  -1.035711e-01  1.789663e-07   1.73e-06  
1347     -7.348581e-02  -7.348596e-02  1.578363e-07   2.15e-06  
1348     -1.163835e-01  -1.163853e-01  1.890973e-06   1.62e-05  
1349     -1.140690e-01  -1.140704e-01  1.384899e-06   1.21e-05  
1350     -1.343419e-01  -1.343415e-01  4.014812e-07   2.99e-06  
1351     -1.076533e-01  -1.076569e-01  3.617050e-06   3.36e-05  
1352     -1.254383e-01  -1.254371e-01  1.213772e-06   9.68e-06  
1353     -1.346834e-01  -1.346804e-01  2.946915e-06   2.19e-05  
1354     -1.455377e-01  -1.455356e-01  2.046651e-06   1.41e-05  
1355     -1.085087e-01  -1.085087e-01  2.608383e-08   2.40e-07  
1356     -4.943657e-02  -4.943554e-02  1.029886e-06   2.08e-05  
1357     -7.165086e-03  -7.164248e-03  8.378516e-07   1.17e-04  
1358     2.184184e-03   2.184604e-03   4.195805e-07   1.92e-04  
1359     -8.943715e-04  -9.355819e-04  4.121032e-05   4.61e-02  
1360     -1.886081e-03  -1.843735e-03  4.234614e-05   2.25e-02  
1361     -9.179897e-03  -8.842352e-03  3.375448e-04   3.68e-02  
1362     -8.793809e-03  -9.034499e-03  2.406903e-04   2.74e-02  
1363     -8.756791e-03  -8.758118e-03  1.327996e-06   1.52e-04  
1364     -6.914868e-02  -6.914837e-02  3.163251e-07   4.57e-06  
1365     -1.174232e-01  -1.174211e-01  2.033265e-06   1.73e-05  
1366     -1.338957e-01  -1.339004e-01  4.682240e-06   3.50e-05  
1367     -1.365158e-01  -1.365166e-01  7.644681e-07   5.60e-06  
1368     -1.494930e-01  -1.494926e-01  3.549997e-07   2.37e-06  
1369     -1.881529e-01  -1.881557e-01  2.759595e-06   1.47e-05  
1370     -1.818079e-01  -1.818095e-01  1.613777e-06   8.88e-06  
1371     -1.746205e-01  -1.746180e-01  2.505040e-06   1.43e-05  
1372     -2.125517e-01  -2.125473e-01  4.340397e-06   2.04e-05  
1373     -2.297148e-01  -2.297151e-01  2.432788e-07   1.06e-06  
1374     -2.087038e-01  -2.087042e-01  4.038864e-07   1.94e-06  
1375     -1.358092e-01  -1.358050e-01  4.244111e-06   3.13e-05  
1376     -6.057777e-02  -6.057813e-02  3.559033e-07   5.88e-06  
1377     -1.761868e-02  -1.761460e-02  4.083907e-06   2.32e-04  
1378     -1.767497e-03  -1.769746e-03  2.249390e-06   1.27e-03  
1379     -8.218274e-04  -8.593463e-04  3.751889e-05   4.57e-02  
1380     -1.786681e-03  -1.769099e-03  1.758227e-05   9.84e-03  
1381     -1.365041e-02  -1.295142e-02  6.989829e-04   5.12e-02  
1382     -2.411433e-02  -2.434909e-02  2.347529e-04   9.73e-03  
1383     -1.784447e-02  -1.784395e-02  5.215007e-07   2.92e-05  
1384     -5.851044e-02  -5.850761e-02  2.829943e-06   4.84e-05  
1385     -1.219952e-01  -1.219941e-01  1.165781e-06   9.56e-06  
1386     -1.649193e-01  -1.649217e-01  2.426688e-06   1.47e-05  
1387     -1.856093e-01  -1.856101e-01  8.829948e-07   4.76e-06  
1388     -1.897199e-01  -1.897185e-01  1.424830e-06   7.51e-06  
1389     -1.988886e-01  -1.988885e-01  5.656537e-08   2.84e-07  
1390     -2.221126e-01  -2.221138e-01  1.258276e-06   5.67e-06  
1391     -2.473366e-01  -2.473361e-01  5.079379e-07   2.05e-06  
1392     -2.851608e-01  -2.851631e-01  2.303920e-06   8.08e-06  
1393     -2.870333e-01  -2.870360e-01  2.674150e-06   9.32e-06  
1394     -2.474881e-01  -2.474895e-01  1.332864e-06   5.39e-06  
1395     -1.607007e-01  -1.606993e-01  1.439096e-06   8.96e-06  
1396     -7.863411e-02  -7.862912e-02  4.988794e-06   6.34e-05  
1397     -3.175433e-02  -3.175663e-02  2.293065e-06   7.22e-05  
1398     -7.987745e-03  -7.989968e-03  2.223549e-06   2.78e-04  
1399     -1.190183e-03  -1.228837e-03  3.865407e-05   3.25e-02  
1400     -1.353982e-03  -1.355371e-03  1.388764e-06   1.03e-03  
1401     -8.914212e-03  -8.323376e-03  5.908361e-04   6.63e-02  
1402     -2.599617e-02  -2.609572e-02  9.955064e-05   3.83e-03  
1403     -3.956438e-02  -3.956424e-02  1.408722e-07   3.56e-06  
1404     -7.327937e-02  -7.327884e-02  5.362335e-07   7.32e-06  
1405     -1.272835e-01  -1.272852e-01  1.764675e-06   1.39e-05  
1406     -1.822754e-01  -1.822743e-01  1.096422e-06   6.02e-06  
1407     -2.213118e-01  -2.213132e-01  1.360501e-06   6.15e-06  
1408     -2.173503e-01  -2.173489e-01  1.385991e-06   6.38e-06  
1409     -1.982692e-01  -1.982688e-01  3.375771e-07   1.70e-06  
1410     -2.139666e-01  -2.139653e-01  1.270608e-06   5.94e-06  
1411     -2.520752e-01  -2.520757e-01  5.249921e-07   2.08e-06  
1412     -2.940370e-01  -2.940374e-01  3.889876e-07   1.32e-06  
1413     -2.976042e-01  -2.975978e-01  6.327180e-06   2.13e-05  
1414     -2.560090e-01  -2.560106e-01  1.638004e-06   6.40e-06  
1415     -1.729886e-01  -1.729860e-01  2.637871e-06   1.52e-05  
1416     -9.437494e-02  -9.437585e-02  9.074825e-07   9.62e-06  
1417     -4.194331e-02  -4.194091e-02  2.399232e-06   5.72e-05  
1418     -1.467433e-02  -1.467348e-02  8.530262e-07   5.81e-05  
1419     -2.207168e-03  -2.219225e-03  1.205689e-05   5.46e-03  
1420     -8.276979e-04  -7.916276e-04  3.607026e-05   4.36e-02  
1421     -4.126855e-03  -3.751955e-03  3.748996e-04   9.08e-02  
1422     -2.273268e-02  -2.275164e-02  1.896509e-05   8.34e-04  
1423     -6.008249e-02  -6.008452e-02  2.027885e-06   3.38e-05  
1424     -9.546339e-02  -9.546149e-02  1.902307e-06   1.99e-05  
1425     -1.302633e-01  -1.302638e-01  4.864815e-07   3.73e-06  
1426     -1.883375e-01  -1.883415e-01  3.969060e-06   2.11e-05  
1427     -2.456443e-01  -2.456448e-01  5.286291e-07   2.15e-06  
1428     -2.487122e-01  -2.487109e-01  1.274384e-06   5.12e-06  
1429     -2.075204e-01  -2.075216e-01  1.233355e-06   5.94e-06  
1430     -1.974010e-01  -1.974048e-01  3.819697e-06   1.93e-05  
1431     -2.191348e-01  -2.191344e-01  4.148585e-07   1.89e-06  
1432     -2.559044e-01  -2.559077e-01  3.311472e-06   1.29e-05  
1433     -2.688715e-01  -2.688673e-01  4.193511e-06   1.56e-05  
1434     -2.304185e-01  -2.304211e-01  2.594942e-06   1.13e-05  
1435     -1.646609e-01  -1.646644e-01  3.576040e-06   2.17e-05  
1436     -9.685733e-02  -9.685797e-02  6.347481e-07   6.55e-06  
1437     -3.207736e-02  -3.208061e-02  3.254254e-06   1.01e-04  
1438     -2.428039e-02  -2.428070e-02  3.176843e-07   1.31e-05  
1439     -6.590034e-03  -6.592326e-03  2.292493e-06   3.48e-04  
1440     -1.457326e-03  -1.497258e-03  3.993162e-05   2.74e-02  
1441     -1.129784e-03  -1.006902e-03  1.228824e-04   1.09e-01  
1442     -1.429804e-02  -1.429959e-02  1.558845e-06   1.09e-04  
1443     -6.267603e-02  -6.267404e-02  1.992409e-06   3.18e-05  
1444     -1.174154e-01  -1.174141e-01  1.307395e-06   1.11e-05  
1445     -1.454681e-01  -1.454702e-01  2.042401e-06   1.40e-05  
1446     -1.965271e-01  -1.965244e-01  2.714736e-06   1.38e-05  
1447     -2.597945e-01  -2.597988e-01  4.304067e-06   1.66e-05  
1448     -2.799753e-01  -2.799786e-01  3.319570e-06   1.19e-05  
1449     -2.337513e-01  -2.337533e-01  1.975375e-06   8.45e-06  
1450     -1.907080e-01  -1.907070e-01  9.799213e-07   5.14e-06  
1451     -1.822589e-01  -1.822596e-01  7.187456e-07   3.94e-06  
1452     -1.975382e-01  -1.975399e-01  1.677343e-06   8.49e-06  
1453     -2.062705e-01  -2.062702e-01  3.198911e-07   1.55e-06  
1454     -1.845548e-01  -1.845589e-01  4.164255e-06   2.26e-05  
1455     -1.548410e-01  -1.548431e-01  2.015384e-06   1.30e-05  
1456     -7.847449e-02  -7.847265e-02  1.845324e-06   2.35e-05  
1457     -1.553265e-02  -1.553319e-02  5.383302e-07   3.47e-05  
1458     5.585550e-03   5.586802e-03   1.252454e-06   2.24e-04  
1459     -2.161395e-02  -2.181298e-02  1.990299e-04   9.21e-03  
1460     -3.815897e-03  -3.054353e-03  7.615437e-04   2.00e-01  
1461     -3.027258e-04  -2.615582e-04  4.116760e-05   1.36e-01  
1462     -7.012027e-03  -7.013624e-03  1.597082e-06   2.28e-04  
1463     -4.680813e-02  -4.680646e-02  1.673642e-06   3.58e-05  
1464     -1.161678e-01  -1.161687e-01  9.066113e-07   7.80e-06  
1465     -1.499835e-01  -1.499847e-01  1.250696e-06   8.34e-06  
1466     -1.945694e-01  -1.945729e-01  3.497804e-06   1.80e-05  
1467     -2.608893e-01  -2.608923e-01  2.967400e-06   1.14e-05  
1468     -3.072255e-01  -3.072236e-01  1.903836e-06   6.20e-06  
1469     -2.757659e-01  -2.757666e-01  6.380443e-07   2.31e-06  
1470     -2.080240e-01  -2.080233e-01  6.863856e-07   3.30e-06  
1471     -1.642013e-01  -1.641990e-01  2.250117e-06   1.37e-05  
1472     -1.439093e-01  -1.439142e-01  4.875048e-06   3.39e-05  
1473     -1.326004e-01  -1.326017e-01  1.353332e-06   1.02e-05  
1474     -1.208208e-01  -1.208180e-01  2.821273e-06   2.34e-05  
1475     -8.608450e-02  -8.608148e-02  3.019097e-06   3.51e-05  
1476     -7.098144e-02  -7.098106e-02  3.868882e-07   5.45e-06  
1477     -3.537709e-02  -3.537187e-02  5.225733e-06   1.48e-04  
1478     2.778947e-01   2.778966e-01   1.903398e-06   6.85e-06  
1479     1.757921e-01   1.767961e-01   1.003947e-03   5.71e-03  
1480     6.229926e-02   5.832803e-02   3.971224e-03   6.37e-02  
1481     -3.544640e-05  -3.018329e-05  5.263115e-06   1.48e-01  
1482     -2.068889e-03  -2.070116e-03  1.226923e-06   5.93e-04  
1483     -2.393968e-02  -2.393867e-02  1.010316e-06   4.22e-05  
1484     -8.501562e-02  -8.501572e-02  1.013028e-07   1.19e-06  
1485     -1.327908e-01  -1.327909e-01  4.671891e-08   3.52e-07  
1486     -1.720828e-01  -1.720864e-01  3.581373e-06   2.08e-05  
1487     -2.362322e-01  -2.362347e-01  2.498265e-06   1.06e-05  
1488     -3.163441e-01  -3.163454e-01  1.318729e-06   4.17e-06  
1489     -3.178659e-01  -3.178697e-01  3.822989e-06   1.20e-05  
1490     -2.461058e-01  -2.461052e-01  5.816443e-07   2.36e-06  
1491     -1.602669e-01  -1.602638e-01  3.055584e-06   1.91e-05  
1492     -1.021567e-01  -1.021593e-01  2.592410e-06   2.54e-05  
1493     -5.204024e-02  -5.203608e-02  4.167949e-06   8.01e-05  
1494     9.442969e-02   9.442983e-02   1.428178e-07   1.51e-06  
1495     2.894216e-01   2.894241e-01   2.515448e-06   8.69e-06  
1496     3.306291e-01   3.306310e-01   1.928326e-06   5.83e-06  
1497     3.117623e-01   3.117619e-01   4.613751e-07   1.48e-06  
1498     1.984060e-01   1.984039e-01   2.150048e-06   1.08e-05  
1499     8.857067e-02   8.876086e-02   1.901916e-04   2.15e-03  
1500     2.957668e-02   2.761658e-02   1.960103e-03   6.63e-02  
1501     -4.481812e-06  -1.750777e-06  2.731035e-06   6.09e-01  
1502     -2.530266e-04  -2.552861e-04  2.259514e-06   8.93e-03  
1503     -6.131982e-03  -6.132666e-03  6.847347e-07   1.12e-04  
1504     -4.596224e-02  -4.596413e-02  1.889890e-06   4.11e-05  
1505     -1.155758e-01  -1.155757e-01  8.378219e-08   7.25e-07  
1506     -1.598098e-01  -1.598108e-01  9.338284e-07   5.84e-06  
1507     -2.046589e-01  -2.046590e-01  8.884476e-08   4.34e-07  
1508     -3.005725e-01  -3.005709e-01  1.649791e-06   5.49e-06  
1509     -3.484938e-01  -3.484907e-01  3.060662e-06   8.78e-06  
1510     -2.893412e-01  -2.893429e-01  1.729405e-06   5.98e-06  
1511     -1.750281e-01  -1.750285e-01  4.148639e-07   2.37e-06  
1512     -4.964398e-02  -4.964304e-02  9.365497e-07   1.89e-05  
1513     1.531260e-01   1.531273e-01   1.278458e-06   8.35e-06  
1514     2.859539e-01   2.859544e-01   4.796017e-07   1.68e-06  
1515     2.300541e-01   2.300525e-01   1.583175e-06   6.88e-06  
1516     2.034181e-01   2.034194e-01   1.238640e-06   6.09e-06  
1517     2.241971e-01   2.241953e-01   1.762565e-06   7.86e-06  
1518     1.169551e-01   1.169543e-01   8.905666e-07   7.61e-06  
1519     5.220090e-02   5.225983e-02   5.893286e-05   1.13e-03  
1520     9.202724e-03   8.399452e-03   8.032720e-04   8.73e-02  
1521     1.732591e-03   1.730171e-03   2.420342e-06   1.40e-03  
1522     9.729396e-04   9.724636e-04   4.760033e-07   4.89e-04  
1523     -2.149286e-03  -2.148969e-03  3.164075e-07   1.47e-04  
1524     -2.529229e-02  -2.528847e-02  3.820513e-06   1.51e-04  
1525     -8.203557e-02  -8.203450e-02  1.067936e-06   1.30e-05  
1526     -1.188056e-01  -1.188048e-01  7.908383e-07   6.66e-06  
1527     -1.391021e-01  -1.391004e-01  1.745537e-06   1.25e-05  
1528     -2.382190e-01  -2.382177e-01  1.242577e-06   5.22e-06  
1529     -3.153455e-01  -3.153429e-01  2.619368e-06   8.31e-06  
1530     -2.609588e-01  -2.609590e-01  1.637369e-07   6.27e-07  
1531     -1.701438e-01  -1.701436e-01  1.424127e-07   8.37e-07  
1532     1.542760e-01   1.542802e-01   4.199517e-06   2.72e-05  
1533     3.006306e-01   3.006332e-01   2.619374e-06   8.71e-06  
1534     1.487140e-01   1.487127e-01   1.351763e-06   9.09e-06  
1535     1.804683e-02   1.804750e-02   6.688644e-07   3.71e-05  
1536     9.605892e-02   9.605923e-02   3.078504e-07   3.20e-06  
1537     1.175974e-01   1.175965e-01   8.780737e-07   7.47e-06  
1538     6.323379e-02   6.323331e-02   4.821731e-07   7.63e-06  
1539     1.687436e-02   1.688533e-02   1.096759e-05   6.50e-04  
1540     2.216780e-03   2.034766e-03   1.820135e-04   8.21e-02  
1541     9.013836e-03   8.853990e-03   1.598462e-04   1.77e-02  
1542     9.884687e-03   1.011759e-02   2.329056e-04   2.36e-02  
1543     2.155254e-03   2.155434e-03   1.791805e-07   8.31e-05  
1544     -1.452067e-02  -1.451932e-02  1.348753e-06   9.29e-05  
1545     -5.851073e-02  -5.851351e-02  2.776964e-06   4.75e-05  
1546     -9.661733e-02  -9.662052e-02  3.190427e-06   3.30e-05  
1547     -1.016108e-01  -1.016145e-01  3.742518e-06   3.68e-05  
1548     -1.453905e-01  -1.453951e-01  4.545602e-06   3.13e-05  
1549     -1.815437e-01  -1.815436e-01  1.422612e-07   7.84e-07  
1550     -1.178590e-01  -1.178597e-01  7.432494e-07   6.31e-06  
1551     -9.877526e-02  -9.877623e-02  9.693067e-07   9.81e-06  
1552     3.913691e-01   3.913687e-01   3.718837e-07   9.50e-07  
1553     2.474705e-01   2.474721e-01   1.572969e-06   6.36e-06  
1554     -2.865893e-03  -2.865962e-03  6.854481e-08   2.39e-05  
1555     1.290287e-03   1.285900e-03   4.386855e-06   3.40e-03  
1556     6.517770e-02   6.517566e-02   2.039516e-06   3.13e-05  
1557     4.945548e-02   4.945311e-02   2.369695e-06   4.79e-05  
1558     1.959621e-02   1.959508e-02   1.123605e-06   5.73e-05  
1559     3.923300e-03   3.932956e-03   9.656050e-06   2.46e-03  
1560     5.537723e-04   5.086861e-04   4.508619e-05   8.14e-02  
1561     8.606726e-03   7.312399e-03   1.294327e-03   1.50e-01  
1562     4.409871e-03   3.356027e-03   1.053844e-03   2.39e-01  
1563     -2.891551e-03  -1.778913e-03  1.112639e-03   3.85e-01  
1564     -1.294052e-02  -1.086108e-02  2.079439e-03   1.61e-01  
1565     -1.144626e-02  -9.965659e-03  1.480602e-03   1.29e-01  
1566     -8.112178e-04  -1.864594e-03  1.053376e-03   1.30e+00  
1567     -4.168261e-03  -6.982320e-03  2.814059e-03   6.75e-01  
1568     -3.758189e-02  -4.118293e-02  3.601036e-03   9.58e-02  
1569     -3.900305e-02  -4.327793e-02  4.274877e-03   1.10e-01  
1570     1.963037e-01   1.919085e-01   4.395178e-03   2.24e-02  
1571     3.767669e-01   3.757521e-01   1.014804e-03   2.69e-03  
1572     2.646401e-01   2.648463e-01   2.061769e-04   7.79e-04  
1573     1.014872e-01   1.021411e-01   6.539261e-04   6.44e-03  
1574     4.425750e-02   4.477330e-02   5.158019e-04   1.17e-02  
1575     4.601920e-02   4.626659e-02   2.473951e-04   5.38e-03  
1576     3.387489e-02   3.395520e-02   8.031259e-05   2.37e-03  
1577     1.592029e-02   1.594356e-02   2.327011e-05   1.46e-03  
1578     4.543086e-03   4.550866e-03   7.780200e-06   1.71e-03  
1579     9.463016e-04   9.474621e-04   1.160570e-06   1.23e-03  
1580     1.525863e-04   1.408711e-04   1.171525e-05   7.68e-02  
1581     -2.471709e-02  -2.327368e-02  1.443416e-03   5.84e-02  
1582     -2.417643e-02  -2.546967e-02  1.293240e-03   5.35e-02  
1583     3.135999e-02   3.178505e-02   4.250621e-04   1.36e-02  
1584     6.696569e-02   6.782711e-02   8.614184e-04   1.29e-02  
1585     4.063810e-02   4.139710e-02   7.589963e-04   1.87e-02  
1586     -3.273963e-02  -3.332278e-02  5.831494e-04   1.78e-02  
1587     -1.029293e-01  -1.035587e-01  6.293443e-04   6.11e-03  
1588     -1.443993e-01  -1.445474e-01  1.481139e-04   1.03e-03  
1589     -1.834971e-01  -1.814762e-01  2.020929e-03   1.10e-02  
1590     -1.017359e-01  -1.083494e-01  6.613486e-03   6.50e-02  
1591     5.100454e-02   3.655866e-02   1.444588e-02   2.83e-01  
1592     2.097954e-02   1.851515e-02   2.464393e-03   1.17e-01  
1593     3.790080e-02   3.583739e-02   2.063409e-03   5.44e-02  
1594     3.178020e-02   3.023488e-02   1.545317e-03   4.86e-02  
1595     1.947053e-02   1.831222e-02   1.158306e-03   5.95e-02  
1596     9.042749e-03   8.390610e-03   6.521385e-04   7.21e-02  
1597     3.038517e-03   2.803897e-03   2.346194e-04   7.72e-02  
1598     8.354469e-04   7.748952e-04   6.055170e-05   7.25e-02  
1599     2.080293e-04   1.935507e-04   1.447859e-05   6.96e-02  
1600     3.293180e-05   2.856382e-05   4.367986e-06   1.33e-01  
