Element  Analyticvalue  Numericvalue   Abs.err        Rel.err
1        -1.067253e-01  -7.033509e-02  3.639023e-02   3.41e-01  
2        -1.078633e-01  -8.515644e-02  2.270683e-02   2.11e-01  
3        -1.088127e-01  -9.926566e-02  9.547030e-03   8.77e-02  
4        -1.094756e-01  -9.018663e-02  1.928897e-02   1.76e-01  
5        -1.078271e-01  -8.906682e-02  1.876026e-02   1.74e-01  
6        -1.026890e-01  -8.724896e-02  1.544001e-02   1.50e-01  
7        -9.423723e-02  -7.753965e-02  1.669757e-02   1.77e-01  
8        -8.321008e-02  -7.194490e-02  1.126519e-02   1.35e-01  
9        -7.087709e-02  -6.049390e-02  1.038319e-02   1.46e-01  
10       -5.904228e-02  -5.479524e-02  4.247045e-03   7.19e-02  
11       -5.013545e-02  -4.596700e-02  4.168454e-03   8.31e-02  
12       -4.742956e-02  -4.676394e-02  6.656209e-04   1.40e-02  
13       -5.536153e-02  -4.827825e-02  7.083273e-03   1.28e-01  
14       -7.987076e-02  -6.565119e-02  1.421957e-02   1.78e-01  
15       -1.286360e-01  -1.055746e-01  2.306136e-02   1.79e-01  
16       -2.110984e-01  -1.674525e-01  4.364592e-02   2.07e-01  
17       -3.382020e-01  -2.687145e-01  6.948751e-02   2.05e-01  
18       -5.218314e-01  -4.146209e-01  1.072105e-01   2.05e-01  
19       -7.739736e-01  -6.164121e-01  1.575615e-01   2.04e-01  
20       -1.105656e+00  -8.808731e-01  2.247830e-01   2.03e-01  
21       -1.525731e+00  -1.219523e+00  3.062082e-01   2.01e-01  
22       -2.039595e+00  -1.636109e+00  4.034855e-01   1.98e-01  
23       -2.647963e+00  -2.126572e+00  5.213907e-01   1.97e-01  
24       -3.345831e+00  -2.694944e+00  6.508876e-01   1.95e-01  
25       -4.121773e+00  -3.335437e+00  7.863361e-01   1.91e-01  
26       -4.957689e+00  -4.021848e+00  9.358409e-01   1.89e-01  
27       -5.829092e+00  -4.742775e+00  1.086317e+00   1.86e-01  
28       -6.705916e+00  -5.480565e+00  1.225351e+00   1.83e-01  
29       -7.553775e+00  -6.188379e+00  1.365396e+00   1.81e-01  
30       -8.335558e+00  -6.849206e+00  1.486352e+00   1.78e-01  
31       -9.013200e+00  -7.430392e+00  1.582808e+00   1.76e-01  
32       -9.549533e+00  -7.908566e+00  1.640966e+00   1.72e-01  
33       -9.910180e+00  -8.237066e+00  1.673114e+00   1.69e-01  
34       -1.006555e+01  -8.406848e+00  1.658701e+00   1.65e-01  
35       -9.993057e+00  -8.388989e+00  1.604068e+00   1.61e-01  
36       -9.679697e+00  -8.175841e+00  1.503856e+00   1.55e-01  
37       -9.124949e+00  -7.759007e+00  1.365942e+00   1.50e-01  
38       -8.343714e+00  -7.154935e+00  1.188779e+00   1.42e-01  
39       -7.368573e+00  -6.383803e+00  9.847696e-01   1.34e-01  
40       -6.250386e+00  -5.480297e+00  7.700886e-01   1.23e-01  
41       -5.056206e+00  -4.499068e+00  5.571380e-01   1.10e-01  
42       -3.863919e+00  -3.500106e+00  3.638127e-01   9.42e-02  
43       -2.753819e+00  -2.552855e+00  2.009642e-01   7.30e-02  
44       -1.798090e+00  -1.715637e+00  8.245340e-02   4.59e-02  
45       -1.049571e+00  -1.045512e+00  4.059366e-03   3.87e-03  
46       -5.308784e-01  -5.542620e-01  2.338362e-02   4.40e-02  
47       -2.245590e-01  -2.510087e-01  2.644968e-02   1.18e-01  
48       -6.633306e-02  -8.680308e-02  2.047002e-02   3.09e-01  
49       -1.347264e-02  -1.456419e-02  1.091555e-03   8.10e-02  
50       -1.350496e-03  -2.615707e-03  1.265210e-03   9.37e-01  
51       -9.984411e-02  -8.222219e-02  1.762193e-02   1.76e-01  
52       -1.018632e-01  -1.019839e-01  1.206847e-04   1.18e-03  
53       -1.028627e-01  -1.227043e-01  1.984151e-02   1.93e-01  
54       -1.033102e-01  -1.120993e-01  8.789089e-03   8.51e-02  
55       -1.002752e-01  -1.030749e-01  2.799680e-03   2.79e-02  
56       -9.324217e-02  -9.646192e-02  3.219751e-03   3.45e-02  
57       -8.274631e-02  -9.007340e-02  7.327089e-03   8.85e-02  
58       -6.982451e-02  -7.618678e-02  6.362267e-03   9.11e-02  
59       -5.602563e-02  -6.377218e-02  7.746543e-03   1.38e-01  
60       -4.344367e-02  -5.095421e-02  7.510548e-03   1.73e-01  
61       -3.480573e-02  -4.262870e-02  7.822974e-03   2.25e-01  
62       -3.364453e-02  -4.070125e-02  7.056725e-03   2.10e-01  
63       -4.453929e-02  -5.233801e-02  7.798724e-03   1.75e-01  
64       -7.336272e-02  -8.013353e-02  6.770814e-03   9.23e-02  
65       -1.274455e-01  -1.298863e-01  2.440853e-03   1.92e-02  
66       -2.155709e-01  -2.122840e-01  3.286836e-03   1.52e-02  
67       -3.477375e-01  -3.440373e-01  3.700242e-03   1.06e-02  
68       -5.346599e-01  -5.288543e-01  5.805519e-03   1.09e-02  
69       -7.870087e-01  -7.810493e-01  5.959401e-03   7.57e-03  
70       -1.114421e+00  -1.111942e+00  2.478471e-03   2.22e-03  
71       -1.524334e+00  -1.521058e+00  3.275767e-03   2.15e-03  
72       -2.020735e+00  -2.029248e+00  8.513431e-03   4.21e-03  
73       -2.602946e+00  -2.625192e+00  2.224597e-02   8.55e-03  
74       -3.264604e+00  -3.306477e+00  4.187292e-02   1.28e-02  
75       -3.992993e+00  -4.058418e+00  6.542544e-02   1.64e-02  
76       -4.768859e+00  -4.863634e+00  9.477517e-02   1.99e-02  
77       -5.566800e+00  -5.697280e+00  1.304803e-01   2.34e-02  
78       -6.356205e+00  -6.528378e+00  1.721737e-01   2.71e-02  
79       -7.102666e+00  -7.322872e+00  2.202061e-01   3.10e-02  
80       -7.769729e+00  -8.047874e+00  2.781448e-01   3.58e-02  
81       -8.320821e+00  -8.655354e+00  3.345327e-01   4.02e-02  
82       -8.721272e+00  -9.115142e+00  3.938698e-01   4.52e-02  
83       -8.940407e+00  -9.399728e+00  4.593205e-01   5.14e-02  
84       -8.953787e+00  -9.476906e+00  5.231194e-01   5.84e-02  
85       -8.745699e+00  -9.328122e+00  5.824236e-01   6.66e-02  
86       -8.311939e+00  -8.947902e+00  6.359627e-01   7.65e-02  
87       -7.662654e+00  -8.339106e+00  6.764524e-01   8.83e-02  
88       -6.824657e+00  -7.527011e+00  7.023536e-01   1.03e-01  
89       -5.842262e+00  -6.550797e+00  7.085346e-01   1.21e-01  
90       -4.775589e+00  -5.460580e+00  6.849909e-01   1.43e-01  
91       -3.695699e+00  -4.340736e+00  6.450372e-01   1.75e-01  
92       -2.676747e+00  -3.245075e+00  5.683274e-01   2.12e-01  
93       -1.786292e+00  -2.264423e+00  4.781310e-01   2.68e-01  
94       -1.075405e+00  -1.446795e+00  3.713897e-01   3.45e-01  
95       -5.699895e-01  -8.307197e-01  2.607302e-01   4.57e-01  
96       -2.636891e-01  -4.283638e-01  1.646747e-01   6.25e-01  
97       -1.117553e-01  -1.960514e-01  8.429607e-02   7.54e-01  
98       -2.575890e-02  -5.344532e-02  2.768642e-02   1.07e+00  
99       -4.962454e-03  -3.802825e-03  1.159629e-03   2.34e-01  
100      9.054775e-03   1.354238e-02   4.487601e-03   4.96e-01  
101      -9.247527e-02  -8.717006e-02  5.305206e-03   5.74e-02  
102      -9.474930e-02  -1.116712e-01  1.692187e-02   1.79e-01  
103      -9.567273e-02  -1.286514e-01  3.297871e-02   3.45e-01  
104      -9.581597e-02  -1.180156e-01  2.219961e-02   2.32e-01  
105      -9.164985e-02  -1.104463e-01  1.879646e-02   2.05e-01  
106      -8.317217e-02  -1.006456e-01  1.747343e-02   2.10e-01  
107      -7.122402e-02  -8.804182e-02  1.681780e-02   2.36e-01  
108      -5.711254e-02  -7.090489e-02  1.379235e-02   2.41e-01  
109      -4.262722e-02  -5.604784e-02  1.342061e-02   3.15e-01  
110      -3.007237e-02  -4.085041e-02  1.077804e-02   3.58e-01  
111      -2.233192e-02  -3.358127e-02  1.124936e-02   5.04e-01  
112      -2.299060e-02  -3.594096e-02  1.295035e-02   5.63e-01  
113      -3.650621e-02  -4.827893e-02  1.177272e-02   3.22e-01  
114      -6.839364e-02  -8.443521e-02  1.604158e-02   2.35e-01  
115      -1.253569e-01  -1.435415e-01  1.818459e-02   1.45e-01  
116      -2.152974e-01  -2.448819e-01  2.958448e-02   1.37e-01  
117      -3.471356e-01  -3.955695e-01  4.843386e-02   1.40e-01  
118      -5.303993e-01  -6.024729e-01  7.207363e-02   1.36e-01  
119      -7.745577e-01  -8.829243e-01  1.083666e-01   1.40e-01  
120      -1.088106e+00  -1.243128e+00  1.550222e-01   1.42e-01  
121      -1.477439e+00  -1.697003e+00  2.195647e-01   1.49e-01  
122      -1.945600e+00  -2.241239e+00  2.956389e-01   1.52e-01  
123      -2.491037e+00  -2.880213e+00  3.891758e-01   1.56e-01  
124      -3.106530e+00  -3.604850e+00  4.983199e-01   1.60e-01  
125      -3.778493e+00  -4.402574e+00  6.240808e-01   1.65e-01  
126      -4.486810e+00  -5.242573e+00  7.557636e-01   1.68e-01  
127      -5.205287e+00  -6.105641e+00  9.003546e-01   1.73e-01  
128      -5.902746e+00  -6.948823e+00  1.046078e+00   1.77e-01  
129      -6.544638e+00  -7.737669e+00  1.193031e+00   1.82e-01  
130      -7.095033e+00  -8.426599e+00  1.331566e+00   1.88e-01  
131      -7.518808e+00  -8.976654e+00  1.457846e+00   1.94e-01  
132      -7.783943e+00  -9.353869e+00  1.569926e+00   2.02e-01  
133      -7.863912e+00  -9.512294e+00  1.648381e+00   2.10e-01  
134      -7.740244e+00  -9.441748e+00  1.701504e+00   2.20e-01  
135      -7.405316e+00  -9.123083e+00  1.717768e+00   2.32e-01  
136      -6.865254e+00  -8.562952e+00  1.697698e+00   2.47e-01  
137      -6.142431e+00  -7.786175e+00  1.643744e+00   2.68e-01  
138      -5.276616e+00  -6.818707e+00  1.542091e+00   2.92e-01  
139      -4.323612e+00  -5.729795e+00  1.406183e+00   3.25e-01  
140      -3.350569e+00  -4.590961e+00  1.240392e+00   3.70e-01  
141      -2.428084e+00  -3.476960e+00  1.048876e+00   4.32e-01  
142      -1.620412e+00  -2.466767e+00  8.463549e-01   5.22e-01  
143      -9.758629e-01  -1.617638e+00  6.417749e-01   6.58e-01  
144      -5.192785e-01  -9.699966e-01  4.507181e-01   8.68e-01  
145      -2.472806e-01  -5.411921e-01  2.939115e-01   1.19e+00  
146      -1.252681e-01  -2.944969e-01  1.692288e-01   1.35e+00  
147      -8.392087e-02  -1.712203e-01  8.729946e-02   1.04e+00  
148      -1.362672e-02  -1.298736e-02  6.393641e-04   4.69e-02  
149      1.070934e-02   4.285357e-02   3.214423e-02   3.00e+00  
150      6.088499e-02   8.027178e-02   1.938679e-02   3.18e-01  
151      -7.962399e-02  -6.724622e-02  1.237778e-02   1.55e-01  
152      -8.227793e-02  -8.566008e-02  3.382144e-03   4.11e-02  
153      -8.304407e-02  -9.756104e-02  1.451698e-02   1.75e-01  
154      -8.292820e-02  -9.273208e-02  9.803881e-03   1.18e-01  
155      -7.692723e-02  -8.235202e-02  5.424789e-03   7.05e-02  
156      -6.611360e-02  -7.111566e-02  5.002064e-03   7.57e-02  
157      -5.185986e-02  -5.530819e-02  3.448333e-03   6.65e-02  
158      -3.591856e-02  -3.635523e-02  4.366690e-04   1.22e-02  
159      -2.045578e-02  -2.389720e-02  3.441425e-03   1.68e-01  
160      -8.072128e-03  -1.045009e-02  2.377966e-03   2.95e-01  
161      -1.823283e-03  -4.124558e-03  2.301276e-03   1.26e+00  
162      -5.262357e-03  -7.258677e-03  1.996320e-03   3.79e-01  
163      -2.251693e-02  -2.789170e-02  5.374767e-03   2.39e-01  
164      -5.839340e-02  -5.798552e-02  4.078783e-04   6.99e-03  
165      -1.184775e-01  -1.208787e-01  2.401122e-03   2.03e-02  
166      -2.091792e-01  -2.169065e-01  7.727280e-03   3.69e-02  
167      -3.376555e-01  -3.480961e-01  1.044065e-02   3.09e-02  
168      -5.115445e-01  -5.293061e-01  1.776165e-02   3.47e-02  
169      -7.384544e-01  -7.684159e-01  2.996149e-02   4.06e-02  
170      -1.025175e+00  -1.067456e+00  4.228134e-02   4.12e-02  
171      -1.376619e+00  -1.433283e+00  5.666401e-02   4.12e-02  
172      -1.794563e+00  -1.870268e+00  7.570441e-02   4.22e-02  
173      -2.276321e+00  -2.371968e+00  9.564617e-02   4.20e-02  
174      -2.813557e+00  -2.934443e+00  1.208862e-01   4.30e-02  
175      -3.391475e+00  -3.540835e+00  1.493593e-01   4.40e-02  
176      -3.988628e+00  -4.165939e+00  1.773113e-01   4.45e-02  
177      -4.577469e+00  -4.784936e+00  2.074670e-01   4.53e-02  
178      -5.125694e+00  -5.360517e+00  2.348223e-01   4.58e-02  
179      -5.598239e+00  -5.864814e+00  2.665755e-01   4.76e-02  
180      -5.959739e+00  -6.252197e+00  2.924580e-01   4.91e-02  
181      -6.177247e+00  -6.495425e+00  3.181778e-01   5.15e-02  
182      -6.223073e+00  -6.551357e+00  3.282834e-01   5.28e-02  
183      -6.077757e+00  -6.414251e+00  3.364947e-01   5.54e-02  
184      -5.733237e+00  -6.078430e+00  3.451926e-01   6.02e-02  
185      -5.196160e+00  -5.535874e+00  3.397141e-01   6.54e-02  
186      -4.490851e+00  -4.819282e+00  3.284313e-01   7.31e-02  
187      -3.660859e+00  -3.965062e+00  3.042029e-01   8.31e-02  
188      -2.767538e+00  -3.042406e+00  2.748675e-01   9.93e-02  
189      -1.884376e+00  -2.119634e+00  2.352581e-01   1.25e-01  
190      -1.087053e+00  -1.286226e+00  1.991731e-01   1.83e-01  
191      -4.410110e-01  -5.960483e-01  1.550372e-01   3.52e-01  
192      1.028166e-02   -1.016654e-01  1.119470e-01   1.09e+01  
193      2.532179e-01   1.810458e-01   7.217206e-02   2.85e-01  
194      3.065740e-01   2.593379e-01   4.723616e-02   1.54e-01  
195      2.197758e-01   1.989667e-01   2.080903e-02   9.47e-02  
196      7.026620e-02   6.629170e-02   3.974499e-03   5.66e-02  
197      -3.603144e-02  -3.475975e-02  1.271685e-03   3.53e-02  
198      4.136227e-02   1.243957e-01   8.303342e-02   2.01e+00  
199      9.103791e-02   1.772762e-01   8.623830e-02   9.47e-01  
200      2.166119e-01   2.444503e-01   2.783848e-02   1.29e-01  
201      -6.676536e-02  -5.185279e-02  1.491257e-02   2.23e-01  
202      -6.920662e-02  -6.967775e-02  4.711373e-04   6.81e-03  
203      -6.960901e-02  -7.707376e-02  7.464755e-03   1.07e-01  
204      -6.886342e-02  -6.850860e-02  3.548172e-04   5.15e-03  
205      -6.212569e-02  -6.421601e-02  2.090322e-03   3.36e-02  
206      -5.065896e-02  -5.209745e-02  1.438490e-03   2.84e-02  
207      -3.617831e-02  -3.434047e-02  1.837832e-03   5.08e-02  
208      -2.072907e-02  -2.217871e-02  1.449638e-03   6.99e-02  
209      -6.646631e-03  -6.480150e-03  1.664808e-04   2.50e-02  
210      3.496854e-03   5.473339e-03   1.976486e-03   5.65e-01  
211      6.942862e-03   6.299388e-03   6.434740e-04   9.27e-02  
212      7.600757e-04   9.695214e-04   2.094457e-04   2.76e-01  
213      -1.820930e-02  -1.941521e-02  1.205911e-03   6.62e-02  
214      -5.347702e-02  -5.284892e-02  6.281065e-04   1.17e-02  
215      -1.090827e-01  -1.082087e-01  8.739699e-04   8.01e-03  
216      -1.897550e-01  -1.902224e-01  4.673716e-04   2.46e-03  
217      -3.009828e-01  -3.005848e-01  3.980094e-04   1.32e-03  
218      -4.489131e-01  -4.513365e-01  2.423450e-03   5.40e-03  
219      -6.399999e-01  -6.376843e-01  2.315662e-03   3.62e-03  
220      -8.803424e-01  -8.790487e-01  1.293713e-03   1.47e-03  
221      -1.174681e+00  -1.174305e+00  3.752992e-04   3.19e-04  
222      -1.525079e+00  -1.524158e+00  9.210038e-04   6.04e-04  
223      -1.929416e+00  -1.926748e+00  2.668256e-03   1.38e-03  
224      -2.379915e+00  -2.374803e+00  5.111785e-03   2.15e-03  
225      -2.862020e+00  -2.860266e+00  1.754186e-03   6.13e-04  
226      -3.353967e+00  -3.355771e+00  1.803823e-03   5.38e-04  
227      -3.827306e+00  -3.828316e+00  1.009436e-03   2.64e-04  
228      -4.248461e+00  -4.245896e+00  2.565660e-03   6.04e-04  
229      -4.581220e+00  -4.578561e+00  2.658963e-03   5.80e-04  
230      -4.789893e+00  -4.788950e+00  9.432132e-04   1.97e-04  
231      -4.842840e+00  -4.842906e+00  6.554296e-05   1.35e-05  
232      -4.716186e+00  -4.715004e+00  1.181596e-03   2.51e-04  
233      -4.397685e+00  -4.398177e+00  4.918304e-04   1.12e-04  
234      -3.890733e+00  -3.890182e+00  5.513231e-04   1.42e-04  
235      -3.218166e+00  -3.216928e+00  1.237883e-03   3.85e-04  
236      -2.424735e+00  -2.425726e+00  9.910522e-04   4.09e-04  
237      -1.576294e+00  -1.578276e+00  1.981948e-03   1.26e-03  
238      -7.537195e-01  -7.549077e-01  1.188116e-03   1.58e-03  
239      -4.099785e-02  -4.043864e-02  5.592096e-04   1.36e-02  
240      4.904462e-01   4.893159e-01   1.130294e-03   2.30e-03  
241      7.967613e-01   7.980507e-01   1.289373e-03   1.62e-03  
242      8.711541e-01   8.751422e-01   3.988111e-03   4.58e-03  
243      7.450625e-01   7.451140e-01   5.147832e-05   6.91e-05  
244      4.820046e-01   4.794024e-01   2.602187e-03   5.40e-03  
245      1.685914e-01   1.707999e-01   2.208506e-03   1.31e-02  
246      -9.141669e-02  -8.930942e-02  2.107268e-03   2.31e-02  
247      -1.754238e-01  -1.667813e-01  8.642481e-03   4.93e-02  
248      6.929039e-02   2.244574e-01   1.551670e-01   2.24e+00  
249      2.389372e-01   3.958180e-01   1.568808e-01   6.57e-01  
250      5.158482e-01   5.363922e-01   2.054405e-02   3.98e-02  
251      -5.293493e-02  -4.126377e-02  1.167116e-02   2.20e-01  
252      -5.514991e-02  -5.484139e-02  3.085169e-04   5.59e-03  
253      -5.527261e-02  -6.351934e-02  8.246724e-03   1.49e-01  
254      -5.411893e-02  -5.843185e-02  4.312923e-03   7.97e-02  
255      -4.712379e-02  -4.772210e-02  5.983081e-04   1.27e-02  
256      -3.581461e-02  -3.392097e-02  1.893644e-03   5.29e-02  
257      -2.217278e-02  -2.131378e-02  8.589986e-04   3.87e-02  
258      -8.446396e-03  -1.051785e-02  2.071455e-03   2.45e-01  
259      3.020673e-03   2.471552e-03   5.491209e-04   1.82e-01  
260      9.945882e-03   7.840299e-03   2.105583e-03   2.12e-01  
261      1.022176e-02   7.239123e-03   2.982635e-03   2.92e-01  
262      1.934779e-03   -2.885372e-04  2.223316e-03   1.15e+00  
263      -1.674341e-02  -1.524336e-02  1.500047e-03   8.96e-02  
264      -4.778391e-02  -4.781123e-02  2.731291e-05   5.72e-04  
265      -9.359641e-02  -9.029441e-02  3.302007e-03   3.53e-02  
266      -1.573169e-01  -1.582332e-01  9.163496e-04   5.82e-03  
267      -2.430088e-01  -2.405418e-01  2.466984e-03   1.02e-02  
268      -3.557047e-01  -3.563396e-01  6.348410e-04   1.78e-03  
269      -5.012114e-01  -5.005138e-01  6.975854e-04   1.39e-03  
270      -6.855922e-01  -6.849980e-01  5.942532e-04   8.67e-04  
271      -9.142450e-01  -9.099585e-01  4.286439e-03   4.69e-03  
272      -1.190536e+00  -1.193038e+00  2.502053e-03   2.10e-03  
273      -1.514061e+00  -1.515810e+00  1.749071e-03   1.16e-03  
274      -1.878757e+00  -1.879573e+00  8.157035e-04   4.34e-04  
275      -2.271279e+00  -2.273497e+00  2.218142e-03   9.77e-04  
276      -2.670108e+00  -2.671355e+00  1.246905e-03   4.67e-04  
277      -3.045880e+00  -3.045811e+00  6.942650e-05   2.28e-05  
278      -3.363129e+00  -3.363170e+00  4.076238e-05   1.21e-05  
279      -3.583411e+00  -3.585378e+00  1.967327e-03   5.49e-04  
280      -3.669443e+00  -3.672463e+00  3.019348e-03   8.23e-04  
281      -3.589863e+00  -3.588000e+00  1.862483e-03   5.19e-04  
282      -3.324288e+00  -3.323580e+00  7.073741e-04   2.13e-04  
283      -2.868571e+00  -2.866213e+00  2.357584e-03   8.22e-04  
284      -2.240010e+00  -2.241722e+00  1.711614e-03   7.64e-04  
285      -1.481479e+00  -1.481969e+00  4.902666e-04   3.31e-04  
286      -6.621357e-01  -6.628211e-01  6.854294e-04   1.04e-03  
287      1.282883e-01   1.276803e-01   6.080194e-04   4.74e-03  
288      7.932907e-01   7.923463e-01   9.444112e-04   1.19e-03  
289      1.249483e+00   1.251773e+00   2.289599e-03   1.83e-03  
290      1.446683e+00   1.448890e+00   2.206137e-03   1.52e-03  
291      1.380890e+00   1.380658e+00   2.324398e-04   1.68e-04  
292      1.095266e+00   1.095103e+00   1.626584e-04   1.49e-04  
293      6.695940e-01   6.687872e-01   8.068036e-04   1.20e-03  
294      2.041298e-01   2.023926e-01   1.737227e-03   8.51e-03  
295      -1.938351e-01  -1.913536e-01  2.481477e-03   1.28e-02  
296      -4.140981e-01  -4.131075e-01  9.905691e-04   2.39e-03  
297      -3.360203e-01  -3.165756e-01  1.944476e-02   5.79e-02  
298      1.888471e-01   4.663887e-01   2.775416e-01   1.47e+00  
299      5.421139e-01   7.913204e-01   2.492066e-01   4.60e-01  
300      1.014959e+00   1.002326e+00   1.263304e-02   1.24e-02  
301      -3.835499e-02  -2.949218e-02  8.862808e-03   2.31e-01  
302      -4.043493e-02  -4.037952e-02  5.541410e-05   1.37e-03  
303      -4.037856e-02  -4.603407e-02  5.655516e-03   1.40e-01  
304      -3.904398e-02  -4.258186e-02  3.537881e-03   9.06e-02  
305      -3.206522e-02  -2.819684e-02  3.868381e-03   1.21e-01  
306      -2.136116e-02  -1.870308e-02  2.658082e-03   1.24e-01  
307      -9.212468e-03  -1.153262e-02  2.320152e-03   2.52e-01  
308      2.003979e-03   4.323965e-03   2.319987e-03   1.16e+00  
309      1.010586e-02   9.619271e-03   4.865928e-04   4.81e-02  
310      1.334622e-02   1.334456e-02   1.658138e-06   1.24e-04  
311      1.052955e-02   1.215994e-02   1.630391e-03   1.55e-01  
312      9.509282e-04   1.321041e-04   8.188241e-04   8.61e-01  
313      -1.584240e-02  -1.690591e-02  1.063510e-03   6.71e-02  
314      -4.040871e-02  -4.138406e-02  9.753459e-04   2.41e-02  
315      -7.380118e-02  -7.610083e-02  2.299647e-03   3.12e-02  
316      -1.179144e-01  -1.186427e-01  7.282790e-04   6.18e-03  
317      -1.757430e-01  -1.742981e-01  1.444911e-03   8.22e-03  
318      -2.515171e-01  -2.522725e-01  7.553473e-04   3.00e-03  
319      -3.506536e-01  -3.504574e-01  1.961934e-04   5.60e-04  
320      -4.794149e-01  -4.797685e-01  3.535515e-04   7.37e-04  
321      -6.441315e-01  -6.438886e-01  2.428836e-04   3.77e-04  
322      -8.498559e-01  -8.480747e-01  1.781189e-03   2.10e-03  
323      -1.098420e+00  -1.096154e+00  2.266486e-03   2.06e-03  
324      -1.386079e+00  -1.386459e+00  3.799255e-04   2.74e-04  
325      -1.701196e+00  -1.700813e+00  3.832874e-04   2.25e-04  
326      -2.022671e+00  -2.022744e+00  7.270325e-05   3.59e-05  
327      -2.319830e+00  -2.321167e+00  1.337378e-03   5.76e-04  
328      -2.554288e+00  -2.556001e+00  1.713673e-03   6.71e-04  
329      -2.683847e+00  -2.687105e+00  3.257239e-03   1.21e-03  
330      -2.668038e+00  -2.670269e+00  2.230294e-03   8.36e-04  
331      -2.474730e+00  -2.477203e+00  2.473157e-03   9.99e-04  
332      -2.087357e+00  -2.089312e+00  1.955167e-03   9.37e-04  
333      -1.512430e+00  -1.513295e+00  8.646757e-04   5.72e-04  
334      -7.864230e-01  -7.890419e-01  2.618865e-03   3.33e-03  
335      2.059728e-02   2.188335e-02   1.286075e-03   6.24e-02  
336      8.089770e-01   8.086336e-01   3.434704e-04   4.25e-04  
337      1.464727e+00   1.465884e+00   1.156798e-03   7.90e-04  
338      1.884829e+00   1.885345e+00   5.155448e-04   2.74e-04  
339      2.005024e+00   2.008063e+00   3.038870e-03   1.52e-03  
340      1.819187e+00   1.820951e+00   1.764802e-03   9.70e-04  
341      1.381904e+00   1.382409e+00   5.045303e-04   3.65e-04  
342      7.933898e-01   7.929600e-01   4.297536e-04   5.42e-04  
343      1.744312e-01   1.735325e-01   8.987334e-04   5.15e-03  
344      -3.564829e-01  -3.568700e-01  3.871689e-04   1.09e-03  
345      -6.940878e-01  -6.961318e-01  2.043962e-03   2.94e-03  
346      -7.422498e-01  -7.434894e-01  1.239611e-03   1.67e-03  
347      -3.981194e-01  -3.546058e-01  4.351357e-02   1.09e-01  
348      4.689651e-01   8.923246e-01   4.233595e-01   9.03e-01  
349      1.037239e+00   1.374482e+00   3.372423e-01   3.25e-01  
350      1.718920e+00   1.624419e+00   9.450136e-02   5.50e-02  
351      -2.385515e-02  -1.542116e-02  8.433990e-03   3.54e-01  
352      -2.584726e-02  -2.570300e-02  1.442532e-04   5.58e-03  
353      -2.566136e-02  -2.667957e-02  1.018215e-03   3.97e-02  
354      -2.428347e-02  -2.690467e-02  2.621206e-03   1.08e-01  
355      -1.754045e-02  -1.955141e-02  2.010961e-03   1.15e-01  
356      -7.834105e-03  -5.525635e-03  2.308470e-03   2.95e-01  
357      2.244966e-03   -9.390533e-05  2.338871e-03   1.04e+00  
358      1.031476e-02   1.185981e-02   1.545052e-03   1.50e-01  
359      1.458270e-02   1.659532e-02   2.012625e-03   1.38e-01  
360      1.407953e-02   1.419357e-02   1.140457e-04   8.10e-03  
361      8.657529e-03   7.650215e-03   1.007314e-03   1.16e-01  
362      -1.253370e-03  -4.765297e-03  3.511928e-03   2.80e+00  
363      -1.504941e-02  -1.807234e-02  3.022935e-03   2.01e-01  
364      -3.238856e-02  -3.220430e-02  1.842662e-04   5.69e-03  
365      -5.356239e-02  -5.526454e-02  1.702148e-03   3.18e-02  
366      -7.978343e-02  -7.975609e-02  2.733861e-05   3.43e-04  
367      -1.134121e-01  -1.138187e-01  4.066081e-04   3.59e-03  
368      -1.581315e-01  -1.600501e-01  1.918618e-03   1.21e-02  
369      -2.190212e-01  -2.200150e-01  9.937375e-04   4.54e-03  
370      -3.024048e-01  -3.019966e-01  4.082109e-04   1.35e-03  
371      -4.152751e-01  -4.153919e-01  1.168664e-04   2.81e-04  
372      -5.640678e-01  -5.658733e-01  1.805456e-03   3.20e-03  
373      -7.526229e-01  -7.523552e-01  2.677662e-04   3.56e-04  
374      -9.793961e-01  -9.780872e-01  1.308913e-03   1.34e-03  
375      -1.234371e+00  -1.235612e+00  1.240607e-03   1.01e-03  
376      -1.496548e+00  -1.495705e+00  8.427925e-04   5.63e-04  
377      -1.733125e+00  -1.734664e+00  1.538182e-03   8.88e-04  
378      -1.901323e+00  -1.900671e+00  6.520064e-04   3.43e-04  
379      -1.953218e+00  -1.955209e+00  1.990196e-03   1.02e-03  
380      -1.843277e+00  -1.848641e+00  5.364239e-03   2.91e-03  
381      -1.537888e+00  -1.540074e+00  2.186281e-03   1.42e-03  
382      -1.026224e+00  -1.025364e+00  8.606231e-04   8.39e-04  
383      -3.314929e-01  -3.306186e-01  8.742962e-04   2.64e-03  
384      4.802877e-01   4.806654e-01   3.777358e-04   7.86e-04  
385      1.300074e+00   1.299374e+00   6.998726e-04   5.38e-04  
386      1.991093e+00   1.989932e+00   1.161185e-03   5.83e-04  
387      2.420729e+00   2.422575e+00   1.845604e-03   7.62e-04  
388      2.499723e+00   2.500499e+00   7.753379e-04   3.10e-04  
389      2.212482e+00   2.211042e+00   1.440258e-03   6.51e-04  
390      1.624341e+00   1.625165e+00   8.235751e-04   5.07e-04  
391      8.619365e-01   8.644604e-01   2.523859e-03   2.93e-03  
392      7.630753e-02   7.794324e-02   1.635713e-03   2.14e-02  
393      -5.931055e-01  -5.913782e-01  1.727239e-03   2.91e-03  
394      -1.038068e+00  -1.034503e+00  3.565628e-03   3.43e-03  
395      -1.180160e+00  -1.182351e+00  2.190473e-03   1.86e-03  
396      -9.538987e-01  -9.530077e-01  8.910607e-04   9.34e-04  
397      -2.839114e-01  -2.112511e-01  7.266037e-02   2.56e-01  
398      9.353170e-01   1.523224e+00   5.879068e-01   6.29e-01  
399      1.717705e+00   2.136877e+00   4.191721e-01   2.44e-01  
400      2.591565e+00   2.373682e+00   2.178835e-01   8.41e-02  
401      -1.089571e-02  -8.815050e-03  2.080657e-03   1.91e-01  
402      -1.280050e-02  -8.622692e-03  4.177808e-03   3.26e-01  
403      -1.252828e-02  -1.312151e-02  5.932305e-04   4.74e-02  
404      -1.127172e-02  -1.304670e-02  1.774981e-03   1.57e-01  
405      -5.136854e-03  -6.086339e-03  9.494849e-04   1.85e-01  
406      2.954620e-03   6.073378e-03   3.118758e-03   1.06e+00  
407      1.022341e-02   1.023818e-02   1.477109e-05   1.44e-03  
408      1.456238e-02   1.368244e-02   8.799407e-04   6.04e-02  
409      1.489713e-02   1.157559e-02   3.321537e-03   2.23e-01  
410      1.123616e-02   1.025137e-02   9.847911e-04   8.76e-02  
411      4.391527e-03   5.909214e-03   1.517688e-03   3.46e-01  
412      -4.512057e-03  -6.759365e-03  2.247307e-03   4.98e-01  
413      -1.453447e-02  -1.545391e-02  9.194378e-04   6.33e-02  
414      -2.527099e-02  -2.356069e-02  1.710303e-03   6.77e-02  
415      -3.705155e-02  -3.870809e-02  1.656541e-03   4.47e-02  
416      -5.107722e-02  -4.935282e-02  1.724396e-03   3.38e-02  
417      -6.957043e-02  -7.055110e-02  9.806657e-04   1.41e-02  
418      -9.595164e-02  -9.721066e-02  1.259020e-03   1.31e-02  
419      -1.349847e-01  -1.338260e-01  1.158664e-03   8.58e-03  
420      -1.927592e-01  -1.915732e-01  1.185933e-03   6.15e-03  
421      -2.762946e-01  -2.739171e-01  2.377572e-03   8.61e-03  
422      -3.924796e-01  -3.901598e-01  2.319831e-03   5.91e-03  
423      -5.460625e-01  -5.479903e-01  1.927876e-03   3.53e-03  
424      -7.365845e-01  -7.376320e-01  1.047502e-03   1.42e-03  
425      -9.545757e-01  -9.554117e-01  8.359511e-04   8.76e-04  
426      -1.177974e+00  -1.177441e+00  5.326159e-04   4.52e-04  
427      -1.370306e+00  -1.371671e+00  1.365092e-03   9.96e-04  
428      -1.482253e+00  -1.481425e+00  8.280541e-04   5.59e-04  
429      -1.457622e+00  -1.459900e+00  2.278425e-03   1.56e-03  
430      -1.243787e+00  -1.245540e+00  1.753227e-03   1.41e-03  
431      -8.060277e-01  -8.065701e-01  5.424303e-04   6.73e-04  
432      -1.447724e-01  -1.458659e-01  1.093476e-03   7.55e-03  
433      6.871902e-01   6.893536e-01   2.163387e-03   3.15e-03  
434      1.575668e+00   1.574833e+00   8.344832e-04   5.30e-04  
435      2.356663e+00   2.360092e+00   3.429405e-03   1.46e-03  
436      2.855193e+00   2.857592e+00   2.398394e-03   8.40e-04  
437      2.941004e+00   2.945224e+00   4.219570e-03   1.43e-03  
438      2.576954e+00   2.576237e+00   7.167861e-04   2.78e-04  
439      1.836498e+00   1.836921e+00   4.232718e-04   2.30e-04  
440      8.804695e-01   8.783820e-01   2.087520e-03   2.37e-03  
441      -9.604555e-02  -9.663313e-02  5.875831e-04   6.12e-03  
442      -9.194119e-01  -9.169792e-01  2.432777e-03   2.65e-03  
443      -1.469667e+00  -1.469830e+00  1.626716e-04   1.11e-04  
444      -1.681205e+00  -1.679538e+00  1.667294e-03   9.92e-04  
445      -1.521409e+00  -1.519958e+00  1.451488e-03   9.54e-04  
446      -9.622742e-01  -9.623029e-01  2.868908e-05   2.98e-05  
447      4.355188e-02   1.555597e-01   1.120079e-01   2.57e+00  
448      1.576557e+00   2.329383e+00   7.528262e-01   4.78e-01  
449      2.543477e+00   3.025839e+00   4.823621e-01   1.90e-01  
450      3.569279e+00   3.195181e+00   3.740982e-01   1.05e-01  
451      -1.786517e-03  -7.960352e-04  9.904821e-04   5.54e-01  
452      -3.658251e-03  -2.969728e-03  6.885233e-04   1.88e-01  
453      -3.495228e-03  -3.544983e-03  4.975518e-05   1.42e-02  
454      -2.862289e-03  -4.538379e-04  2.408451e-03   8.41e-01  
455      1.759135e-03   8.890311e-05   1.670232e-03   9.49e-01  
456      7.065397e-03   5.419452e-03   1.645945e-03   2.33e-01  
457      1.049662e-02   1.255489e-02   2.058275e-03   1.96e-01  
458      1.074942e-02   9.345740e-03   1.403683e-03   1.31e-01  
459      7.855192e-03   6.406026e-03   1.449166e-03   1.84e-01  
460      2.799867e-03   3.555897e-03   7.560295e-04   2.70e-01  
461      -3.149709e-03  -4.353524e-03  1.203815e-03   3.82e-01  
462      -9.080136e-03  -9.613132e-03  5.329957e-04   5.87e-02  
463      -1.475702e-02  -1.383478e-02  9.222378e-04   6.25e-02  
464      -2.066313e-02  -1.796570e-02  2.697427e-03   1.31e-01  
465      -2.795198e-02  -2.733009e-02  6.218897e-04   2.22e-02  
466      -3.846713e-02  -3.652121e-02  1.945913e-03   5.06e-02  
467      -5.485739e-02  -5.376342e-02  1.093972e-03   1.99e-02  
468      -8.074392e-02  -8.396000e-02  3.216086e-03   3.98e-02  
469      -1.208566e-01  -1.228123e-01  1.955696e-03   1.62e-02  
470      -1.810098e-01  -1.786559e-01  2.353903e-03   1.30e-02  
471      -2.677127e-01  -2.690965e-01  1.383785e-03   5.17e-03  
472      -3.871193e-01  -3.894875e-01  2.368156e-03   6.12e-03  
473      -5.430040e-01  -5.432662e-01  2.621763e-04   4.83e-04  
474      -7.335470e-01  -7.334256e-01  1.213888e-04   1.65e-04  
475      -9.470649e-01  -9.473144e-01  2.495890e-04   2.64e-04  
476      -1.157514e+00  -1.159497e+00  1.982180e-03   1.71e-03  
477      -1.321599e+00  -1.322469e+00  8.706179e-04   6.59e-04  
478      -1.379944e+00  -1.382175e+00  2.231189e-03   1.62e-03  
479      -1.264562e+00  -1.264337e+00  2.245932e-04   1.78e-04  
480      -9.137913e-01  -9.127227e-01  1.068534e-03   1.17e-03  
481      -2.950269e-01  -2.956069e-01  5.800349e-04   1.97e-03  
482      5.665846e-01   5.683455e-01   1.760877e-03   3.11e-03  
483      1.562890e+00   1.564137e+00   1.247410e-03   7.98e-04  
484      2.501972e+00   2.500847e+00   1.124457e-03   4.49e-04  
485      3.151096e+00   3.150965e+00   1.309315e-04   4.16e-05  
486      3.315456e+00   3.314996e+00   4.599448e-04   1.39e-04  
487      2.915907e+00   2.918033e+00   2.126454e-03   7.29e-04  
488      2.026426e+00   2.026927e+00   5.004427e-04   2.47e-04  
489      8.509172e-01   8.501004e-01   8.168136e-04   9.60e-04  
490      -3.517062e-01  -3.559956e-01  4.289365e-03   1.22e-02  
491      -1.354234e+00  -1.355169e+00  9.354158e-04   6.91e-04  
492      -2.013904e+00  -2.014666e+00  7.624276e-04   3.79e-04  
493      -2.274966e+00  -2.277282e+00  2.316496e-03   1.02e-03  
494      -2.137647e+00  -2.136799e+00  8.476410e-04   3.97e-04  
495      -1.618959e+00  -1.619275e+00  3.152854e-04   1.95e-04  
496      -7.219192e-01  -7.210524e-01  8.667819e-04   1.20e-03  
497      5.811089e-01   7.215549e-01   1.404460e-01   2.42e-01  
498      2.351413e+00   3.265124e+00   9.137111e-01   3.89e-01  
499      3.452115e+00   3.970964e+00   5.188490e-01   1.50e-01  
500      4.574891e+00   4.022272e+00   5.526190e-01   1.21e-01  
501      -2.923685e-05  1.259878e-03   1.289114e-03   4.41e+01  
502      -2.184754e-03  -6.765049e-03  4.580294e-03   2.10e+00  
503      -2.800533e-03  5.113634e-04   3.311897e-03   1.18e+00  
504      -4.203561e-03  -5.310312e-03  1.106752e-03   2.63e-01  
505      -3.080495e-03  -4.151161e-03  1.070666e-03   3.48e-01  
506      -2.522419e-03  -3.860805e-04  2.136339e-03   8.47e-01  
507      -3.998012e-03  -3.052037e-03  9.459753e-04   2.37e-01  
508      -7.282598e-03  -6.224809e-03  1.057789e-03   1.45e-01  
509      -1.104733e-02  -1.018407e-02  8.632618e-04   7.81e-02  
510      -1.388618e-02  -1.339458e-02  4.915980e-04   3.54e-02  
511      -1.524601e-02  -1.862281e-02  3.376800e-03   2.21e-01  
512      -1.572515e-02  -1.693365e-02  1.208509e-03   7.69e-02  
513      -1.681454e-02  -1.471813e-02  2.096415e-03   1.25e-01  
514      -2.056241e-02  -2.139564e-02  8.332226e-04   4.05e-02  
515      -2.945241e-02  -3.171840e-02  2.265987e-03   7.69e-02  
516      -4.649196e-02  -4.678577e-02  2.938130e-04   6.32e-03  
517      -7.539749e-02  -7.493122e-02  4.662694e-04   6.18e-03  
518      -1.207664e-01  -1.248977e-01  4.131287e-03   3.42e-02  
519      -1.881337e-01  -1.892540e-01  1.120313e-03   5.95e-03  
520      -2.837769e-01  -2.824984e-01  1.278543e-03   4.51e-03  
521      -4.140485e-01  -4.169285e-01  2.880045e-03   6.96e-03  
522      -5.839030e-01  -5.834704e-01  4.325956e-04   7.41e-04  
523      -7.942754e-01  -7.941533e-01  1.221540e-04   1.54e-04  
524      -1.038316e+00  -1.040672e+00  2.356100e-03   2.27e-03  
525      -1.296758e+00  -1.296143e+00  6.148379e-04   4.74e-04  
526      -1.533144e+00  -1.532005e+00  1.139222e-03   7.43e-04  
527      -1.690425e+00  -1.691003e+00  5.781266e-04   3.42e-04  
528      -1.692246e+00  -1.692882e+00  6.357732e-04   3.76e-04  
529      -1.452949e+00  -1.452381e+00  5.675942e-04   3.91e-04  
530      -9.004843e-01  -8.998850e-01  5.993150e-04   6.66e-04  
531      -1.492290e-02  -1.383614e-02  1.086754e-03   7.28e-02  
532      1.122783e+00   1.123857e+00   1.074229e-03   9.57e-04  
533      2.301409e+00   2.304270e+00   2.861593e-03   1.24e-03  
534      3.214726e+00   3.217245e+00   2.518251e-03   7.83e-04  
535      3.569459e+00   3.567578e+00   1.880389e-03   5.27e-04  
536      3.210015e+00   3.213899e+00   3.883750e-03   1.21e-03  
537      2.192530e+00   2.188089e+00   4.440866e-03   2.03e-03  
538      7.711275e-01   7.737478e-01   2.620368e-03   3.40e-03  
539      -7.034645e-01  -7.014050e-01  2.059486e-03   2.93e-03  
540      -1.920410e+00  -1.923893e+00  3.483041e-03   1.81e-03  
541      -2.698012e+00  -2.697089e+00  9.237544e-04   3.42e-04  
542      -2.989133e+00  -2.987633e+00  1.500439e-03   5.02e-04  
543      -2.831991e+00  -2.833315e+00  1.323469e-03   4.67e-04  
544      -2.292013e+00  -2.294163e+00  2.150192e-03   9.38e-04  
545      -1.420252e+00  -1.421134e+00  8.814253e-04   6.21e-04  
546      -2.333153e-01  -2.325753e-01  7.399480e-04   3.17e-03  
547      1.289525e+00   1.467205e+00   1.776810e-01   1.38e-01  
548      3.197885e+00   4.255010e+00   1.057124e+00   3.31e-01  
549      4.370534e+00   4.903972e+00   5.334383e-01   1.22e-01  
550      5.530357e+00   4.789246e+00   7.411116e-01   1.34e-01  
551      -1.079777e-02  -7.332801e-03  3.464968e-03   3.21e-01  
552      -1.421177e-02  -1.250964e-02  1.702124e-03   1.20e-01  
553      -1.736145e-02  -1.912213e-02  1.760672e-03   1.01e-01  
554      -2.400948e-02  -2.497382e-02  9.643350e-04   4.02e-02  
555      -2.991931e-02  -2.708975e-02  2.829557e-03   9.46e-02  
556      -3.653819e-02  -3.769287e-02  1.154677e-03   3.16e-02  
557      -4.297272e-02  -4.543222e-02  2.459496e-03   5.72e-02  
558      -4.694856e-02  -4.981803e-02  2.869469e-03   6.11e-02  
559      -4.645930e-02  -4.628919e-02  1.701115e-04   3.66e-03  
560      -4.134705e-02  -3.896798e-02  2.379066e-03   5.75e-02  
561      -3.360407e-02  -3.293098e-02  6.730845e-04   2.00e-02  
562      -2.646945e-02  -2.671436e-02  2.449092e-04   9.25e-03  
563      -2.352487e-02  -2.086927e-02  2.655603e-03   1.13e-01  
564      -2.840528e-02  -2.957040e-02  1.165122e-03   4.10e-02  
565      -4.498854e-02  -4.828394e-02  3.295400e-03   7.32e-02  
566      -7.776464e-02  -7.541985e-02  2.344791e-03   3.02e-02  
567      -1.321869e-01  -1.341377e-01  1.950839e-03   1.48e-02  
568      -2.148960e-01  -2.141426e-01  7.533828e-04   3.51e-03  
569      -3.337190e-01  -3.348816e-01  1.162672e-03   3.48e-03  
570      -4.972782e-01  -4.976027e-01  3.245700e-04   6.53e-04  
571      -7.138926e-01  -7.147216e-01  8.290402e-04   1.16e-03  
572      -9.892230e-01  -9.874043e-01  1.818667e-03   1.84e-03  
573      -1.321937e+00  -1.323445e+00  1.508594e-03   1.14e-03  
574      -1.697153e+00  -1.697826e+00  6.726965e-04   3.96e-04  
575      -2.079982e+00  -2.077990e+00  1.992087e-03   9.58e-04  
576      -2.410747e+00  -2.409154e+00  1.592795e-03   6.61e-04  
577      -2.603388e+00  -2.605357e+00  1.969339e-03   7.56e-04  
578      -2.548645e+00  -2.550850e+00  2.204220e-03   8.65e-04  
579      -2.130807e+00  -2.131976e+00  1.169004e-03   5.49e-04  
580      -1.267622e+00  -1.265998e+00  1.624075e-03   1.28e-03  
581      1.808060e-02   1.663193e-02   1.448668e-03   8.01e-02  
582      1.520916e+00   1.518966e+00   1.949957e-03   1.28e-03  
583      2.851061e+00   2.848122e+00   2.939704e-03   1.03e-03  
584      3.570409e+00   3.570631e+00   2.222677e-04   6.23e-05  
585      3.390591e+00   3.389157e+00   1.433562e-03   4.23e-04  
586      2.310260e+00   2.310544e+00   2.833815e-04   1.23e-04  
587      6.306134e-01   6.293594e-01   1.253977e-03   1.99e-03  
588      -1.168867e+00  -1.167735e+00  1.131363e-03   9.68e-04  
589      -2.645307e+00  -2.645354e+00  4.656811e-05   1.76e-05  
590      -3.551506e+00  -3.550616e+00  8.894618e-04   2.50e-04  
591      -3.848918e+00  -3.845582e+00  3.335191e-03   8.67e-04  
592      -3.625290e+00  -3.625905e+00  6.147480e-04   1.70e-04  
593      -3.004074e+00  -3.003866e+00  2.076803e-04   6.91e-05  
594      -2.086655e+00  -2.087051e+00  3.959584e-04   1.90e-04  
595      -9.289300e-01  -9.275009e-01  1.429145e-03   1.54e-03  
596      4.592375e-01   4.594683e-01   2.307679e-04   5.03e-04  
597      2.102619e+00   2.313659e+00   2.110395e-01   1.00e-01  
598      4.044331e+00   5.215855e+00   1.171524e+00   2.90e-01  
599      5.226377e+00   5.749514e+00   5.231370e-01   1.00e-01  
600      6.366999e+00   5.448639e+00   9.183602e-01   1.44e-01  
601      -4.169610e-02  -3.129821e-02  1.039789e-02   2.49e-01  
602      -4.887948e-02  -4.745425e-02  1.425226e-03   2.92e-02  
603      -5.851419e-02  -6.671371e-02  8.199524e-03   1.40e-01  
604      -7.633748e-02  -7.876520e-02  2.427715e-03   3.18e-02  
605      -9.392333e-02  -9.351902e-02  4.043070e-04   4.30e-03  
606      -1.089210e-01  -1.098590e-01  9.380253e-04   8.61e-03  
607      -1.170305e-01  -1.157223e-01  1.308257e-03   1.12e-02  
608      -1.145464e-01  -1.134842e-01  1.062105e-03   9.27e-03  
609      -1.013769e-01  -1.034816e-01  2.104706e-03   2.08e-02  
610      -8.165907e-02  -8.481084e-02  3.151768e-03   3.86e-02  
611      -6.139716e-02  -6.079904e-02  5.981218e-04   9.74e-03  
612      -4.630335e-02  -4.472940e-02  1.573950e-03   3.40e-02  
613      -4.125201e-02  -3.729451e-02  3.957499e-03   9.59e-02  
614      -5.076002e-02  -5.048196e-02  2.780641e-04   5.48e-03  
615      -7.975356e-02  -7.849917e-02  1.254387e-03   1.57e-02  
616      -1.342748e-01  -1.340707e-01  2.041491e-04   1.52e-03  
617      -2.220316e-01  -2.217992e-01  2.324513e-04   1.05e-03  
618      -3.527670e-01  -3.538762e-01  1.109172e-03   3.14e-03  
619      -5.383885e-01  -5.396987e-01  1.310241e-03   2.43e-03  
620      -7.926628e-01  -7.916983e-01  9.645240e-04   1.22e-03  
621      -1.130024e+00  -1.130803e+00  7.788998e-04   6.89e-04  
622      -1.562577e+00  -1.562635e+00  5.828418e-05   3.73e-05  
623      -2.093582e+00  -2.095657e+00  2.075768e-03   9.91e-04  
624      -2.705079e+00  -2.704074e+00  1.004707e-03   3.71e-04  
625      -3.339922e+00  -3.340121e+00  1.995287e-04   5.97e-05  
626      -3.894380e+00  -3.895562e+00  1.181396e-03   3.03e-04  
627      -4.220028e+00  -4.220193e+00  1.643384e-04   3.89e-05  
628      -4.137689e+00  -4.138674e+00  9.857621e-04   2.38e-04  
629      -3.468756e+00  -3.470700e+00  1.944384e-03   5.61e-04  
630      -2.126247e+00  -2.126664e+00  4.169314e-04   1.96e-04  
631      -2.554152e-01  -2.579743e-01  2.559092e-03   1.00e-02  
632      1.674622e+00   1.677540e+00   2.917494e-03   1.74e-03  
633      3.019964e+00   3.020251e+00   2.868774e-04   9.50e-05  
634      3.271030e+00   3.270318e+00   7.123995e-04   2.18e-04  
635      2.291960e+00   2.291904e+00   5.653218e-05   2.47e-05  
636      3.951271e-01   3.962923e-01   1.165174e-03   2.95e-03  
637      -1.773582e+00  -1.771873e+00  1.708707e-03   9.63e-04  
638      -3.560361e+00  -3.557987e+00  2.373572e-03   6.67e-04  
639      -4.603886e+00  -4.602442e+00  1.444158e-03   3.14e-04  
640      -4.873593e+00  -4.872246e+00  1.347009e-03   2.76e-04  
641      -4.526404e+00  -4.525624e+00  7.795869e-04   1.72e-04  
642      -3.760280e+00  -3.758078e+00  2.201856e-03   5.86e-04  
643      -2.732978e+00  -2.734196e+00  1.218526e-03   4.46e-04  
644      -1.536582e+00  -1.536790e+00  2.087614e-04   1.36e-04  
645      -2.029648e-01  -1.999681e-01  2.996734e-03   1.48e-02  
646      1.278419e+00   1.277296e+00   1.122481e-03   8.78e-04  
647      2.940563e+00   3.178285e+00   2.377219e-01   8.08e-02  
648      4.820813e+00   6.074539e+00   1.253725e+00   2.60e-01  
649      5.957413e+00   6.454070e+00   4.966573e-01   8.34e-02  
650      7.032293e+00   5.965392e+00   1.066900e+00   1.52e-01  
651      -1.045286e-01  -8.438496e-02  2.014362e-02   1.93e-01  
652      -1.217459e-01  -1.141971e-01  7.548858e-03   6.20e-02  
653      -1.453335e-01  -1.594440e-01  1.411051e-02   9.71e-02  
654      -1.823827e-01  -1.894714e-01  7.088737e-03   3.89e-02  
655      -2.145830e-01  -2.168206e-01  2.237620e-03   1.04e-02  
656      -2.341188e-01  -2.330978e-01  1.020943e-03   4.36e-03  
657      -2.335682e-01  -2.314237e-01  2.144571e-03   9.18e-03  
658      -2.117783e-01  -2.138354e-01  2.057060e-03   9.71e-03  
659      -1.764128e-01  -1.774188e-01  1.005967e-03   5.70e-03  
660      -1.382244e-01  -1.406220e-01  2.397597e-03   1.73e-02  
661      -1.060444e-01  -1.053706e-01  6.738010e-04   6.35e-03  
662      -8.592720e-02  -8.709208e-02  1.164880e-03   1.36e-02  
663      -8.232859e-02  -8.274264e-02  4.140497e-04   5.03e-03  
664      -9.956867e-02  -9.715382e-02  2.414853e-03   2.43e-02  
665      -1.430236e-01  -1.412764e-01  1.747234e-03   1.22e-02  
666      -2.200223e-01  -2.195952e-01  4.271266e-04   1.94e-03  
667      -3.405625e-01  -3.426792e-01  2.116726e-03   6.22e-03  
668      -5.179507e-01  -5.182019e-01  2.511753e-04   4.85e-04  
669      -7.693883e-01  -7.685342e-01  8.541683e-04   1.11e-03  
670      -1.116353e+00  -1.115343e+00  1.009309e-03   9.04e-04  
671      -1.584311e+00  -1.583805e+00  5.063250e-04   3.20e-04  
672      -2.200636e+00  -2.200473e+00  1.632715e-04   7.42e-05  
673      -2.988227e+00  -2.988156e+00  7.096067e-05   2.37e-05  
674      -3.948872e+00  -3.947518e+00  1.353847e-03   3.43e-04  
675      -5.025686e+00  -5.024769e+00  9.168871e-04   1.82e-04  
676      -6.043737e+00  -6.045881e+00  2.144231e-03   3.55e-04  
677      -6.732006e+00  -6.728962e+00  3.044234e-03   4.52e-04  
678      -6.746675e+00  -6.747511e+00  8.362886e-04   1.24e-04  
679      -5.771334e+00  -5.772783e+00  1.449462e-03   2.51e-04  
680      -3.718934e+00  -3.717800e+00  1.134025e-03   3.05e-04  
681      -1.063694e+00  -1.061431e+00  2.262740e-03   2.13e-03  
682      1.260336e+00   1.260843e+00   5.067439e-04   4.02e-04  
683      2.371392e+00   2.370524e+00   8.679737e-04   3.66e-04  
684      1.866771e+00   1.866988e+00   2.171262e-04   1.16e-04  
685      -4.687545e-02  -4.387971e-02  2.995741e-03   6.39e-02  
686      -2.563118e+00  -2.564709e+00  1.590846e-03   6.21e-04  
687      -4.697418e+00  -4.697922e+00  5.035630e-04   1.07e-04  
688      -5.875673e+00  -5.874502e+00  1.170897e-03   1.99e-04  
689      -6.066024e+00  -6.068172e+00  2.148631e-03   3.54e-04  
690      -5.522865e+00  -5.521793e+00  1.072174e-03   1.94e-04  
691      -4.541798e+00  -4.542422e+00  6.240966e-04   1.37e-04  
692      -3.345166e+00  -3.344504e+00  6.620733e-04   1.98e-04  
693      -2.058038e+00  -2.058686e+00  6.483759e-04   3.15e-04  
694      -7.251466e-01  -7.238586e-01  1.287986e-03   1.78e-03  
695      6.604659e-01   6.586024e-01   1.863452e-03   2.82e-03  
696      2.131080e+00   2.131736e+00   6.554412e-04   3.08e-04  
697      3.724272e+00   3.979044e+00   2.547719e-01   6.84e-02  
698      5.468543e+00   6.764584e+00   1.296042e+00   2.37e-01  
699      6.517661e+00   6.974637e+00   4.569758e-01   7.01e-02  
700      7.492909e+00   6.301950e+00   1.190958e+00   1.59e-01  
701      -2.218238e-01  -1.727360e-01  4.908778e-02   2.21e-01  
702      -2.633767e-01  -2.524312e-01  1.094550e-02   4.16e-02  
703      -3.094185e-01  -3.389532e-01  2.953476e-02   9.55e-02  
704      -3.706471e-01  -3.779401e-01  7.292957e-03   1.97e-02  
705      -4.124444e-01  -4.111212e-01  1.323270e-03   3.21e-03  
706      -4.208967e-01  -4.212163e-01  3.196417e-04   7.59e-04  
707      -3.903359e-01  -3.883197e-01  2.016230e-03   5.17e-03  
708      -3.347344e-01  -3.353543e-01  6.199310e-04   1.85e-03  
709      -2.737142e-01  -2.692104e-01  4.503740e-03   1.65e-02  
710      -2.209937e-01  -2.215772e-01  5.835296e-04   2.64e-03  
711      -1.836860e-01  -1.851045e-01  1.418438e-03   7.72e-03  
712      -1.651954e-01  -1.634910e-01  1.704365e-03   1.03e-02  
713      -1.678901e-01  -1.690016e-01  1.111474e-03   6.62e-03  
714      -1.949165e-01  -1.945268e-01  3.897254e-04   2.00e-03  
715      -2.513601e-01  -2.512522e-01  1.078445e-04   4.29e-04  
716      -3.450797e-01  -3.435850e-01  1.494648e-03   4.33e-03  
717      -4.875111e-01  -4.891058e-01  1.594672e-03   3.27e-03  
718      -6.946646e-01  -6.956107e-01  9.460525e-04   1.36e-03  
719      -9.884591e-01  -9.879618e-01  4.973187e-04   5.03e-04  
720      -1.398429e+00  -1.400125e+00  1.695572e-03   1.21e-03  
721      -1.963630e+00  -1.965439e+00  1.808868e-03   9.21e-04  
722      -2.734064e+00  -2.731786e+00  2.277742e-03   8.33e-04  
723      -3.769511e+00  -3.769673e+00  1.623717e-04   4.31e-05  
724      -5.130396e+00  -5.129822e+00  5.743273e-04   1.12e-04  
725      -6.838788e+00  -6.838238e+00  5.495825e-04   8.04e-05  
726      -8.751173e+00  -8.747136e+00  4.036837e-03   4.61e-04  
727      -1.030241e+01  -1.030201e+01  4.048926e-04   3.93e-05  
728      -1.081706e+01  -1.081665e+01  4.059227e-04   3.75e-05  
729      -9.624402e+00  -9.623001e+00  1.401184e-03   1.46e-04  
730      -6.723841e+00  -6.722166e+00  1.674974e-03   2.49e-04  
731      -3.171315e+00  -3.171244e+00  7.075326e-05   2.23e-05  
732      -5.470313e-01  -5.451986e-01  1.832607e-03   3.35e-03  
733      2.108594e-01   2.116276e-01   7.681545e-04   3.64e-03  
734      -1.085158e+00  -1.086448e+00  1.289493e-03   1.19e-03  
735      -3.649861e+00  -3.652576e+00  2.714530e-03   7.44e-04  
736      -6.073741e+00  -6.071792e+00  1.948647e-03   3.21e-04  
737      -7.348755e+00  -7.350762e+00  2.007087e-03   2.73e-04  
738      -7.384401e+00  -7.383748e+00  6.531733e-04   8.85e-05  
739      -6.559243e+00  -6.560417e+00  1.173783e-03   1.79e-04  
740      -5.291619e+00  -5.287688e+00  3.931128e-03   7.43e-04  
741      -3.875844e+00  -3.873488e+00  2.355677e-03   6.08e-04  
742      -2.464708e+00  -2.463347e+00  1.361356e-03   5.52e-04  
743      -1.104625e+00  -1.107597e+00  2.972656e-03   2.69e-03  
744      2.195075e-01   2.175871e-01   1.920444e-03   8.75e-03  
745      1.548638e+00   1.548044e+00   5.947669e-04   3.84e-04  
746      2.926723e+00   2.926332e+00   3.913837e-04   1.34e-04  
747      4.387365e+00   4.649113e+00   2.617484e-01   5.97e-02  
748      5.945802e+00   7.254202e+00   1.308399e+00   2.20e-01  
749      6.879872e+00   7.281807e+00   4.019345e-01   5.84e-02  
750      7.734514e+00   6.461384e+00   1.273131e+00   1.65e-01  
751      -4.556343e-01  -3.486089e-01  1.070254e-01   2.35e-01  
752      -5.356248e-01  -5.080844e-01  2.754041e-02   5.14e-02  
753      -5.990596e-01  -6.554947e-01  5.643507e-02   9.42e-02  
754      -6.753564e-01  -6.899711e-01  1.461472e-02   2.16e-02  
755      -7.021293e-01  -7.008914e-01  1.237920e-03   1.76e-03  
756      -6.595999e-01  -6.583043e-01  1.295618e-03   1.96e-03  
757      -5.746141e-01  -5.785682e-01  3.954161e-03   6.88e-03  
758      -4.836572e-01  -4.803492e-01  3.308056e-03   6.84e-03  
759      -4.077144e-01  -4.062740e-01  1.440432e-03   3.53e-03  
760      -3.543421e-01  -3.523110e-01  2.031097e-03   5.73e-03  
761      -3.244466e-01  -3.195130e-01  4.933607e-03   1.52e-02  
762      -3.169047e-01  -3.164901e-01  4.146164e-04   1.31e-03  
763      -3.311480e-01  -3.297230e-01  1.424997e-03   4.30e-03  
764      -3.684855e-01  -3.687962e-01  3.107127e-04   8.43e-04  
765      -4.327808e-01  -4.334561e-01  6.753091e-04   1.56e-03  
766      -5.309889e-01  -5.317856e-01  7.967296e-04   1.50e-03  
767      -6.739268e-01  -6.761557e-01  2.228887e-03   3.31e-03  
768      -8.775558e-01  -8.773206e-01  2.351569e-04   2.68e-04  
769      -1.165051e+00  -1.164807e+00  2.444366e-04   2.10e-04  
770      -1.569989e+00  -1.570425e+00  4.357732e-04   2.78e-04  
771      -2.141081e+00  -2.142288e+00  1.207424e-03   5.64e-04  
772      -2.948907e+00  -2.946721e+00  2.185784e-03   7.41e-04  
773      -4.095155e+00  -4.094646e+00  5.083883e-04   1.24e-04  
774      -5.723201e+00  -5.722537e+00  6.634494e-04   1.16e-04  
775      -8.031389e+00  -8.034144e+00  2.755297e-03   3.43e-04  
776      -1.121146e+01  -1.121042e+01  1.038659e-03   9.26e-05  
777      -1.492535e+01  -1.492675e+01  1.395663e-03   9.35e-05  
778      -1.692549e+01  -1.692640e+01  9.107151e-04   5.38e-05  
779      -1.639563e+01  -1.639437e+01  1.263717e-03   7.71e-05  
780      -1.317915e+01  -1.317982e+01  6.708641e-04   5.09e-05  
781      -8.905367e+00  -8.907504e+00  2.137260e-03   2.40e-04  
782      -5.241977e+00  -5.241969e+00  7.520109e-06   1.43e-06  
783      -4.260643e+00  -4.262940e+00  2.297098e-03   5.39e-04  
784      -5.449849e+00  -5.448605e+00  1.244373e-03   2.28e-04  
785      -7.630294e+00  -7.630772e+00  4.771025e-04   6.25e-05  
786      -8.864451e+00  -8.865752e+00  1.300816e-03   1.47e-04  
787      -8.665125e+00  -8.663638e+00  1.487526e-03   1.72e-04  
788      -7.488747e+00  -7.488081e+00  6.662988e-04   8.90e-05  
789      -5.887058e+00  -5.887004e+00  5.414963e-05   9.20e-06  
790      -4.230416e+00  -4.227848e+00  2.568551e-03   6.07e-04  
791      -2.692925e+00  -2.691112e+00  1.812591e-03   6.73e-04  
792      -1.309981e+00  -1.311969e+00  1.988069e-03   1.52e-03  
793      -4.579891e-02  -4.619210e-02  3.931915e-04   8.59e-03  
794      1.158187e+00   1.158152e+00   3.444637e-05   2.97e-05  
795      2.357298e+00   2.355691e+00   1.607318e-03   6.82e-04  
796      3.592052e+00   3.588460e+00   3.591935e-03   1.00e-03  
797      4.883328e+00   5.148097e+00   2.647693e-01   5.42e-02  
798      6.229952e+00   7.513870e+00   1.283917e+00   2.06e-01  
799      7.034895e+00   7.385040e+00   3.501444e-01   4.98e-02  
800      7.759381e+00   6.442498e+00   1.316883e+00   1.70e-01  
801      -9.798676e-01  -8.195182e-01  1.603495e-01   1.64e-01  
802      -1.060205e+00  -1.109051e+00  4.884574e-02   4.61e-02  
803      -1.094890e+00  -1.312138e+00  2.172482e-01   1.98e-01  
804      -1.143491e+00  -1.274172e+00  1.306810e-01   1.14e-01  
805      -1.063473e+00  -1.132534e+00  6.906149e-02   6.49e-02  
806      -9.246447e-01  -9.742516e-01  4.960697e-02   5.36e-02  
807      -7.892911e-01  -8.362736e-01  4.698250e-02   5.95e-02  
808      -6.855505e-01  -7.275764e-01  4.202592e-02   6.13e-02  
809      -6.187998e-01  -6.599500e-01  4.115029e-02   6.65e-02  
810      -5.850217e-01  -6.339285e-01  4.890675e-02   8.36e-02  
811      -5.776613e-01  -6.240944e-01  4.643309e-02   8.04e-02  
812      -5.909896e-01  -6.444302e-01  5.344060e-02   9.04e-02  
813      -6.214781e-01  -6.759969e-01  5.451887e-02   8.77e-02  
814      -6.680608e-01  -7.262415e-01  5.818074e-02   8.71e-02  
815      -7.320640e-01  -7.916615e-01  5.959751e-02   8.14e-02  
816      -8.173061e-01  -8.742843e-01  5.697818e-02   6.97e-02  
817      -9.306468e-01  -9.906391e-01  5.999235e-02   6.45e-02  
818      -1.083213e+00  -1.139329e+00  5.611574e-02   5.18e-02  
819      -1.292637e+00  -1.343476e+00  5.083981e-02   3.93e-02  
820      -1.586876e+00  -1.627346e+00  4.046982e-02   2.55e-02  
821      -2.010608e+00  -2.045292e+00  3.468373e-02   1.73e-02  
822      -2.635966e+00  -2.658376e+00  2.240945e-02   8.50e-03  
823      -3.580646e+00  -3.589028e+00  8.382812e-03   2.34e-03  
824      -5.042038e+00  -5.040358e+00  1.679333e-03   3.33e-04  
825      -7.358057e+00  -7.372717e+00  1.466027e-02   1.99e-03  
826      -1.126716e+01  -1.140126e+01  1.341028e-01   1.19e-02  
827      -1.814622e+01  -1.873487e+01  5.886509e-01   3.24e-02  
828      -2.682606e+01  -2.817357e+01  1.347510e+00   5.02e-02  
829      -3.035385e+01  -3.202601e+01  1.672156e+00   5.51e-02  
830      -2.855996e+01  -3.026036e+01  1.700392e+00   5.95e-02  
831      -2.381738e+01  -2.527351e+01  1.456134e+00   6.11e-02  
832      -1.691549e+01  -1.779660e+01  8.811018e-01   5.21e-02  
833      -1.026783e+01  -1.045770e+01  1.898698e-01   1.85e-02  
834      -8.901472e+00  -8.920539e+00  1.906675e-02   2.14e-03  
835      -9.721486e+00  -9.720186e+00  1.300460e-03   1.34e-04  
836      -9.400874e+00  -9.400318e+00  5.557985e-04   5.91e-05  
837      -7.965853e+00  -7.967717e+00  1.863713e-03   2.34e-04  
838      -6.090089e+00  -6.089891e+00  1.978673e-04   3.25e-05  
839      -4.245536e+00  -4.247242e+00  1.706586e-03   4.02e-04  
840      -2.637059e+00  -2.638471e+00  1.411229e-03   5.35e-04  
841      -1.282462e+00  -1.285965e+00  3.503609e-03   2.73e-03  
842      -1.154383e-01  -1.111662e-01  4.272128e-03   3.70e-02  
843      9.463999e-01   9.431319e-01   3.268013e-03   3.45e-03  
844      1.971838e+00   1.971277e+00   5.601293e-04   2.84e-04  
845      3.007775e+00   3.006238e+00   1.537263e-03   5.11e-04  
846      4.078684e+00   4.078051e+00   6.335156e-04   1.55e-04  
847      5.187522e+00   5.450098e+00   2.625765e-01   5.06e-02  
848      6.316245e+00   7.544189e+00   1.227943e+00   1.94e-01  
849      6.989036e+00   7.283582e+00   2.945462e-01   4.21e-02  
850      7.582943e+00   6.262760e+00   1.320183e+00   1.74e-01  
851      -2.512249e+00  -2.929125e+00  4.168757e-01   1.66e-01  
852      -2.326547e+00  -3.353628e+00  1.027081e+00   4.41e-01  
853      -2.128708e+00  -3.445734e+00  1.317026e+00   6.19e-01  
854      -1.788062e+00  -2.391143e+00  6.030815e-01   3.37e-01  
855      -1.474276e+00  -1.803310e+00  3.290345e-01   2.23e-01  
856      -1.246463e+00  -1.519104e+00  2.726413e-01   2.19e-01  
857      -1.097131e+00  -1.362379e+00  2.652478e-01   2.42e-01  
858      -1.014299e+00  -1.282857e+00  2.685575e-01   2.65e-01  
859      -9.831866e-01  -1.264524e+00  2.813376e-01   2.86e-01  
860      -9.884112e-01  -1.284358e+00  2.959470e-01   2.99e-01  
861      -1.017028e+00  -1.326500e+00  3.094721e-01   3.04e-01  
862      -1.059661e+00  -1.390864e+00  3.312029e-01   3.13e-01  
863      -1.109973e+00  -1.449602e+00  3.396294e-01   3.06e-01  
864      -1.163629e+00  -1.512471e+00  3.488424e-01   3.00e-01  
865      -1.217502e+00  -1.571668e+00  3.541652e-01   2.91e-01  
866      -1.269269e+00  -1.620986e+00  3.517169e-01   2.77e-01  
867      -1.317442e+00  -1.645891e+00  3.284484e-01   2.49e-01  
868      -1.361888e+00  -1.656958e+00  2.950709e-01   2.17e-01  
869      -1.405043e+00  -1.641924e+00  2.368815e-01   1.69e-01  
870      -1.454290e+00  -1.601148e+00  1.468580e-01   1.01e-01  
871      -1.526363e+00  -1.538062e+00  1.169921e-02   7.66e-03  
872      -1.655485e+00  -1.475004e+00  1.804808e-01   1.09e-01  
873      -1.908676e+00  -1.456287e+00  4.523896e-01   2.37e-01  
874      -2.415867e+00  -1.566417e+00  8.494500e-01   3.52e-01  
875      -3.431762e+00  -2.010469e+00  1.421293e+00   4.14e-01  
876      -5.495473e+00  -3.196996e+00  2.298477e+00   4.18e-01  
877      -1.032421e+01  -7.387621e+00  2.936592e+00   2.84e-01  
878      -6.531049e+01  -7.709403e+01  1.178354e+01   1.80e-01  
879      -7.811713e+01  -9.324760e+01  1.513047e+01   1.94e-01  
880      -8.058997e+01  -9.758411e+01  1.699414e+01   2.11e-01  
881      -7.368053e+01  -9.035883e+01  1.667830e+01   2.26e-01  
882      -5.910242e+01  -7.332660e+01  1.422417e+01   2.41e-01  
883      -6.752376e+00  -6.447853e+00  3.045230e-01   4.51e-02  
884      -6.881255e+00  -6.806647e+00  7.460751e-02   1.08e-02  
885      -8.082982e+00  -8.086488e+00  3.505350e-03   4.34e-04  
886      -7.222247e+00  -7.220188e+00  2.058392e-03   2.85e-04  
887      -5.467694e+00  -5.465957e+00  1.737751e-03   3.18e-04  
888      -3.662629e+00  -3.662133e+00  4.955986e-04   1.35e-04  
889      -2.144687e+00  -2.146273e+00  1.585714e-03   7.39e-04  
890      -9.405727e-01  -9.394330e-01  1.139708e-03   1.21e-03  
891      4.330247e-02   4.149501e-02   1.807457e-03   4.17e-02  
892      9.110575e-01   9.122377e-01   1.180241e-03   1.30e-03  
893      1.740693e+00   1.740759e+00   6.647744e-05   3.82e-05  
894      2.580571e+00   2.582515e+00   1.944085e-03   7.53e-04  
895      3.454133e+00   3.453119e+00   1.014727e-03   2.94e-04  
896      4.364193e+00   4.362471e+00   1.722311e-03   3.95e-04  
897      5.295315e+00   5.549302e+00   2.539873e-01   4.80e-02  
898      6.214772e+00   7.366480e+00   1.151708e+00   1.85e-01  
899      6.760569e+00   6.997773e+00   2.372037e-01   3.51e-02  
900      7.230212e+00   5.944389e+00   1.285823e+00   1.78e-01  
901      -3.418691e+00  -3.432476e+00  1.378542e-02   4.03e-03  
902      -3.100069e+00  -3.858987e+00  7.589180e-01   2.45e-01  
903      -2.740573e+00  -3.833604e+00  1.093030e+00   3.99e-01  
904      -2.184450e+00  -2.526502e+00  3.420519e-01   1.57e-01  
905      -1.726206e+00  -1.830611e+00  1.044045e-01   6.05e-02  
906      -1.433918e+00  -1.523578e+00  8.965995e-02   6.25e-02  
907      -1.272702e+00  -1.373293e+00  1.005905e-01   7.90e-02  
908      -1.206913e+00  -1.325896e+00  1.189826e-01   9.86e-02  
909      -1.203847e+00  -1.338654e+00  1.348075e-01   1.12e-01  
910      -1.237641e+00  -1.386706e+00  1.490653e-01   1.20e-01  
911      -1.290961e+00  -1.452513e+00  1.615527e-01   1.25e-01  
912      -1.352783e+00  -1.519033e+00  1.662502e-01   1.23e-01  
913      -1.415541e+00  -1.587527e+00  1.719866e-01   1.21e-01  
914      -1.473088e+00  -1.647250e+00  1.741624e-01   1.18e-01  
915      -1.519508e+00  -1.686996e+00  1.674881e-01   1.10e-01  
916      -1.548477e+00  -1.704099e+00  1.556220e-01   1.01e-01  
917      -1.552981e+00  -1.684371e+00  1.313903e-01   8.46e-02  
918      -1.525358e+00  -1.623354e+00  9.799589e-02   6.42e-02  
919      -1.457811e+00  -1.491621e+00  3.381010e-02   2.32e-02  
920      -1.343772e+00  -1.288374e+00  5.539785e-02   4.12e-02  
921      -1.181018e+00  -9.891680e-01  1.918498e-01   1.62e-01  
922      -9.783939e-01  -5.926238e-01  3.857701e-01   3.94e-01  
923      -7.704221e-01  -7.918334e-02  6.912387e-01   8.97e-01  
924      -6.511673e-01  5.057907e-01   1.156958e+00   1.78e+00  
925      -8.592472e-01  1.044965e+00   1.904212e+00   2.22e+00  
926      -2.017692e+00  1.184298e+00   3.201990e+00   1.59e+00  
927      -6.480104e+00  -1.637451e+00  4.842653e+00   7.47e-01  
928      -8.423839e+01  -8.377002e+01  4.683736e-01   5.56e-03  
929      -7.742545e+01  -7.874650e+01  1.321048e+00   1.71e-02  
930      -7.450034e+01  -8.029171e+01  5.791375e+00   7.77e-02  
931      -5.835668e+01  -6.644953e+01  8.092852e+00   1.39e-01  
932      -3.874094e+01  -4.660644e+01  7.865505e+00   2.03e-01  
933      2.052368e+01   2.760038e+01   7.076706e+00   3.45e-01  
934      -2.229331e-01  1.898100e-01   4.127431e-01   1.85e+00  
935      -3.667516e+00  -3.668632e+00  1.115700e-03   3.04e-04  
936      -3.284381e+00  -3.287126e+00  2.744960e-03   8.36e-04  
937      -2.108067e+00  -2.106938e+00  1.128379e-03   5.35e-04  
938      -1.023071e+00  -1.023488e+00  4.166190e-04   4.07e-04  
939      -1.940558e-01  -1.942271e-01  1.713009e-04   8.83e-04  
940      4.612570e-01   4.634157e-01   2.158714e-03   4.68e-03  
941      1.047782e+00   1.045866e+00   1.916043e-03   1.83e-03  
942      1.636531e+00   1.634899e+00   1.632771e-03   9.98e-04  
943      2.265327e+00   2.264047e+00   1.279746e-03   5.65e-04  
944      2.948195e+00   2.949475e+00   1.280043e-03   4.34e-04  
945      3.681837e+00   3.679222e+00   2.614523e-03   7.10e-04  
946      4.448725e+00   4.448905e+00   1.798105e-04   4.04e-05  
947      5.218216e+00   5.457888e+00   2.396718e-01   4.59e-02  
948      5.946770e+00   7.005522e+00   1.058752e+00   1.78e-01  
949      6.376233e+00   6.561522e+00   1.852887e-01   2.91e-02  
950      6.732527e+00   5.507873e+00   1.224654e+00   1.82e-01  
951      -4.694381e+00  -3.679035e+00  1.015346e+00   2.16e-01  
952      -4.046829e+00  -3.930985e+00  1.158432e-01   2.86e-02  
953      -3.427864e+00  -3.758882e+00  3.310177e-01   9.66e-02  
954      -2.586936e+00  -2.347798e+00  2.391378e-01   9.24e-02  
955      -1.958716e+00  -1.635093e+00  3.236228e-01   1.65e-01  
956      -1.607422e+00  -1.349218e+00  2.582041e-01   1.61e-01  
957      -1.455035e+00  -1.237632e+00  2.174029e-01   1.49e-01  
958      -1.424215e+00  -1.230046e+00  1.941685e-01   1.36e-01  
959      -1.458278e+00  -1.270974e+00  1.873036e-01   1.28e-01  
960      -1.523724e+00  -1.327443e+00  1.962811e-01   1.29e-01  
961      -1.602281e+00  -1.399275e+00  2.030059e-01   1.27e-01  
962      -1.682953e+00  -1.470643e+00  2.123101e-01   1.26e-01  
963      -1.757366e+00  -1.531604e+00  2.257619e-01   1.28e-01  
964      -1.817400e+00  -1.578037e+00  2.393626e-01   1.32e-01  
965      -1.853931e+00  -1.607695e+00  2.462367e-01   1.33e-01  
966      -1.856013e+00  -1.601112e+00  2.549006e-01   1.37e-01  
967      -1.810188e+00  -1.544257e+00  2.659317e-01   1.47e-01  
968      -1.699828e+00  -1.430720e+00  2.691080e-01   1.58e-01  
969      -1.504480e+00  -1.236402e+00  2.680773e-01   1.78e-01  
970      -1.199387e+00  -9.244825e-01  2.749045e-01   2.29e-01  
971      -7.556586e-01  -4.760029e-01  2.796557e-01   3.70e-01  
972      -1.423169e-01  1.611436e-01   3.034605e-01   2.13e+00  
973      6.662567e-01   1.031483e+00   3.652263e-01   5.48e-01  
974      1.668321e+00   2.187334e+00   5.190132e-01   3.11e-01  
975      2.753400e+00   3.646971e+00   8.935710e-01   3.25e-01  
976      3.395626e+00   5.291658e+00   1.896032e+00   5.58e-01  
977      4.248349e-01   4.558036e+00   4.133201e+00   9.73e+00  
978      -1.070959e+02  -8.045688e+01  2.663907e+01   2.49e-01  
979      -9.062299e+01  -7.483926e+01  1.578373e+01   1.74e-01  
980      -9.034301e+01  -8.586112e+01  4.481896e+00   4.96e-02  
981      -5.476514e+01  -5.876981e+01  4.004665e+00   7.31e-02  
982      -3.117388e+01  -3.794213e+01  6.768250e+00   2.17e-01  
983      3.070283e+01   3.863934e+01   7.936504e+00   2.58e-01  
984      6.982348e+00   7.647056e+00   6.647080e-01   9.52e-02  
985      1.880543e+00   1.881745e+00   1.202852e-03   6.40e-04  
986      9.530515e-01   9.546859e-01   1.634423e-03   1.71e-03  
987      9.447850e-01   9.464054e-01   1.620394e-03   1.72e-03  
988      1.030950e+00   1.032202e+00   1.251877e-03   1.21e-03  
989      1.146316e+00   1.145255e+00   1.061234e-03   9.26e-04  
990      1.334523e+00   1.333523e+00   9.997518e-04   7.49e-04  
991      1.622612e+00   1.621968e+00   6.437642e-04   3.97e-04  
992      2.015882e+00   2.015291e+00   5.904803e-04   2.93e-04  
993      2.506165e+00   2.506886e+00   7.216490e-04   2.88e-04  
994      3.076364e+00   3.074810e+00   1.554030e-03   5.05e-04  
995      3.701752e+00   3.702314e+00   5.621983e-04   1.52e-04  
996      4.349792e+00   4.351328e+00   1.535159e-03   3.53e-04  
997      4.979534e+00   5.194732e+00   2.151980e-01   4.32e-02  
998      5.541059e+00   6.490314e+00   9.492558e-01   1.71e-01  
999      5.868098e+00   6.008119e+00   1.400210e-01   2.39e-02  
1000     6.124790e+00   4.994549e+00   1.130241e+00   1.85e-01  
1001     -3.387729e+01  -3.458411e+01  7.068180e-01   2.09e-02  
1002     -1.772402e+01  -2.328470e+01  5.560682e+00   3.14e-01  
1003     3.764968e+01   4.546059e+01   7.810908e+00   2.07e-01  
1004     1.277745e+01   1.354290e+01   7.654551e-01   5.99e-02  
1005     6.519485e+00   6.520027e+00   5.415541e-04   8.31e-05  
1006     4.053936e+00   4.055860e+00   1.923955e-03   4.75e-04  
1007     2.787439e+00   2.789963e+00   2.523577e-03   9.05e-04  
1008     2.073634e+00   2.071541e+00   2.093263e-03   1.01e-03  
1009     1.725192e+00   1.724693e+00   4.991358e-04   2.89e-04  
1010     1.648889e+00   1.650978e+00   2.089291e-03   1.27e-03  
1011     1.781784e+00   1.784639e+00   2.855483e-03   1.60e-03  
1012     2.076362e+00   2.078750e+00   2.388538e-03   1.15e-03  
1013     2.492917e+00   2.490803e+00   2.114592e-03   8.48e-04  
1014     2.994409e+00   2.996431e+00   2.022474e-03   6.75e-04  
1015     3.542870e+00   3.542241e+00   6.290156e-04   1.78e-04  
1016     4.096953e+00   4.096585e+00   3.686009e-04   9.00e-05  
1017     4.610347e+00   4.805428e+00   1.950809e-01   4.23e-02  
1018     5.030909e+00   5.860981e+00   8.300723e-01   1.65e-01  
1019     5.270893e+00   5.367389e+00   9.649643e-02   1.83e-02  
1020     5.443134e+00   4.418371e+00   1.024763e+00   1.88e-01  
1021     -1.433281e+01  -1.658527e+01  2.252465e+00   1.57e-01  
1022     -1.891210e+00  -7.074091e+00  5.182881e+00   2.74e+00  
1023     3.899261e+01   4.583083e+01   6.838224e+00   1.75e-01  
1024     1.509252e+01   1.585620e+01   7.636841e-01   5.06e-02  
1025     8.461727e+00   8.463409e+00   1.681552e-03   1.99e-04  
1026     5.112682e+00   5.111264e+00   1.417640e-03   2.77e-04  
1027     3.222094e+00   3.222317e+00   2.234308e-04   6.93e-05  
1028     2.182235e+00   2.179841e+00   2.393086e-03   1.10e-03  
1029     1.675623e+00   1.676129e+00   5.060971e-04   3.02e-04  
1030     1.523870e+00   1.524554e+00   6.840844e-04   4.49e-04  
1031     1.619479e+00   1.617611e+00   1.867793e-03   1.15e-03  
1032     1.890503e+00   1.889746e+00   7.561167e-04   4.00e-04  
1033     2.282517e+00   2.283520e+00   1.003012e-03   4.39e-04  
1034     2.748915e+00   2.748407e+00   5.077673e-04   1.85e-04  
1035     3.245437e+00   3.246804e+00   1.367047e-03   4.21e-04  
1036     3.727003e+00   3.729120e+00   2.117641e-03   5.68e-04  
1037     4.145964e+00   4.315736e+00   1.697715e-01   4.09e-02  
1038     4.451329e+00   5.162091e+00   7.107625e-01   1.60e-01  
1039     4.619706e+00   4.686985e+00   6.727941e-02   1.46e-02  
1040     4.722920e+00   3.819840e+00   9.030798e-01   1.91e-01  
1041     4.568232e+01   3.370092e+01   1.198141e+01   2.62e-01  
1042     3.625558e+01   3.548228e+01   7.733044e-01   2.13e-02  
1043     2.823190e+01   3.286228e+01   4.630380e+00   1.64e-01  
1044     1.191745e+01   1.250162e+01   5.841664e-01   4.90e-02  
1045     7.424241e+00   7.426898e+00   2.656738e-03   3.58e-04  
1046     4.516864e+00   4.515699e+00   1.164830e-03   2.58e-04  
1047     2.735917e+00   2.733349e+00   2.568432e-03   9.39e-04  
1048     1.736989e+00   1.736953e+00   3.506877e-05   2.02e-05  
1049     1.261789e+00   1.263493e+00   1.703590e-03   1.35e-03  
1050     1.140688e+00   1.144541e+00   3.852273e-03   3.38e-03  
1051     1.262553e+00   1.261563e+00   9.898049e-04   7.84e-04  
1052     1.550064e+00   1.549374e+00   6.903469e-04   4.45e-04  
1053     1.944068e+00   1.944984e+00   9.161032e-04   4.71e-04  
1054     2.394441e+00   2.393331e+00   1.110105e-03   4.64e-04  
1055     2.854834e+00   2.854625e+00   2.097187e-04   7.35e-05  
1056     3.279707e+00   3.278089e+00   1.618050e-03   4.93e-04  
1057     3.622809e+00   3.768957e+00   1.461482e-01   4.03e-02  
1058     3.836693e+00   4.429606e+00   5.929136e-01   1.55e-01  
1059     3.947990e+00   3.986948e+00   3.895799e-02   9.87e-03  
1060     3.996990e+00   3.218766e+00   7.782234e-01   1.95e-01  
1061     -3.771186e+00  -5.245648e+00  1.474462e+00   3.91e-01  
1062     6.133273e-02   -2.535475e+00  2.596807e+00   4.23e+01  
1063     2.259984e+00   1.996259e-01   2.060358e+00   9.12e-01  
1064     6.807373e+00   7.028209e+00   2.208368e-01   3.24e-02  
1065     5.375179e+00   5.374696e+00   4.828654e-04   8.98e-05  
1066     3.370826e+00   3.370755e+00   7.069404e-05   2.10e-05  
1067     1.959639e+00   1.957997e+00   1.642543e-03   8.38e-04  
1068     1.123200e+00   1.128259e+00   5.059539e-03   4.50e-03  
1069     7.356689e-01   7.365293e-01   8.603751e-04   1.17e-03  
1070     6.720534e-01   6.724299e-01   3.764880e-04   5.60e-04  
1071     8.337902e-01   8.331729e-01   6.173503e-04   7.40e-04  
1072     1.145313e+00   1.146267e+00   9.532256e-04   8.32e-04  
1073     1.546331e+00   1.547724e+00   1.392894e-03   9.01e-04  
1074     1.985490e+00   1.985766e+00   2.758992e-04   1.39e-04  
1075     2.416169e+00   2.414092e+00   2.077532e-03   8.60e-04  
1076     2.793998e+00   2.792813e+00   1.184433e-03   4.24e-04  
1077     3.075654e+00   3.197235e+00   1.215811e-01   3.95e-02  
1078     3.218668e+00   3.701653e+00   4.829854e-01   1.50e-01  
1079     3.285834e+00   3.305687e+00   1.985324e-02   6.04e-03  
1080     3.294175e+00   2.641325e+00   6.528507e-01   1.98e-01  
1081     -3.271671e+00  -3.956510e+00  6.848395e-01   2.09e-01  
1082     -6.954155e-01  -2.323229e+00  1.627813e+00   2.34e+00  
1083     8.972369e-01   -5.177099e-01  1.414947e+00   1.58e+00  
1084     3.684298e+00   3.717742e+00   3.344432e-02   9.08e-03  
1085     3.483937e+00   3.484982e+00   1.045414e-03   3.00e-04  
1086     2.327917e+00   2.330503e+00   2.586550e-03   1.11e-03  
1087     1.262235e+00   1.261622e+00   6.129364e-04   4.86e-04  
1088     5.803440e-01   5.811294e-01   7.853395e-04   1.35e-03  
1089     2.667864e-01   2.716247e-01   4.838237e-03   1.81e-02  
1090     2.436633e-01   2.438649e-01   2.015728e-04   8.27e-04  
1091     4.287013e-01   4.290321e-01   3.307290e-04   7.71e-04  
1092     7.502772e-01   7.486337e-01   1.643439e-03   2.19e-03  
1093     1.148006e+00   1.147882e+00   1.241085e-04   1.08e-04  
1094     1.569922e+00   1.569115e+00   8.070905e-04   5.14e-04  
1095     1.969688e+00   1.969545e+00   1.433662e-04   7.28e-05  
1096     2.304716e+00   2.302957e+00   1.759553e-03   7.63e-04  
1097     2.535270e+00   2.630328e+00   9.505851e-02   3.75e-02  
1098     2.624490e+00   3.003793e+00   3.793033e-01   1.45e-01  
1099     2.658566e+00   2.660533e+00   1.967012e-03   7.40e-04  
1100     2.638134e+00   2.104925e+00   5.332088e-01   2.02e-01  
1101     -2.200315e+00  -2.484215e+00  2.839000e-01   1.29e-01  
1102     -5.857725e-01  -1.504685e+00  9.189128e-01   1.57e+00  
1103     4.708201e-01   -3.574235e-01  8.282436e-01   1.76e+00  
1104     2.144158e+00   2.129275e+00   1.488272e-02   6.94e-03  
1105     2.212130e+00   2.213027e+00   8.969563e-04   4.05e-04  
1106     1.525859e+00   1.527565e+00   1.706007e-03   1.12e-03  
1107     7.506155e-01   7.494505e-01   1.165073e-03   1.55e-03  
1108     1.960560e-01   1.925760e-01   3.480039e-03   1.78e-02  
1109     -6.834339e-02  -6.960113e-02  1.257740e-03   1.84e-02  
1110     -7.749334e-02  -7.763992e-02  1.465897e-04   1.89e-03  
1111     1.051942e-01   1.061053e-01   9.110688e-04   8.66e-03  
1112     4.145281e-01   4.188280e-01   4.299922e-03   1.04e-02  
1113     7.915166e-01   7.923568e-01   8.401629e-04   1.06e-03  
1114     1.184351e+00   1.184764e+00   4.135668e-04   3.49e-04  
1115     1.547402e+00   1.546141e+00   1.261735e-03   8.15e-04  
1116     1.840145e+00   1.840901e+00   7.563143e-04   4.11e-04  
1117     2.026631e+00   2.103202e+00   7.657102e-02   3.78e-02  
1118     2.075705e+00   2.364944e+00   2.892384e-01   1.39e-01  
1119     2.085772e+00   2.073669e+00   1.210293e-02   5.80e-03  
1120     2.046577e+00   1.625817e+00   4.207597e-01   2.06e-01  
1121     -1.371713e+00  -1.507432e+00  1.357186e-01   9.89e-02  
1122     -3.736985e-01  -9.115645e-01  5.378660e-01   1.44e+00  
1123     3.064486e-01   -1.824067e-01  4.888553e-01   1.60e+00  
1124     1.327705e+00   1.307427e+00   2.027817e-02   1.53e-02  
1125     1.407212e+00   1.406242e+00   9.702853e-04   6.90e-04  
1126     9.698192e-01   9.719474e-01   2.128199e-03   2.19e-03  
1127     4.067958e-01   4.075382e-01   7.423860e-04   1.82e-03  
1128     -3.579868e-02  -3.744685e-02  1.648174e-03   4.60e-02  
1129     -2.631011e-01  -2.628387e-01  2.623552e-04   9.97e-04  
1130     -2.753200e-01  -2.753488e-01  2.888319e-05   1.05e-04  
1131     -1.152524e-01  -1.139204e-01  1.332026e-03   1.16e-02  
1132     1.617848e-01   1.624114e-01   6.266325e-04   3.87e-03  
1133     5.008765e-01   4.996896e-01   1.186894e-03   2.37e-03  
1134     8.520430e-01   8.545865e-01   2.543509e-03   2.99e-03  
1135     1.171288e+00   1.171538e+00   2.500510e-04   2.13e-04  
1136     1.420585e+00   1.417571e+00   3.013400e-03   2.12e-03  
1137     1.567870e+00   1.625947e+00   5.807688e-02   3.70e-02  
1138     1.587483e+00   1.796945e+00   2.094615e-01   1.32e-01  
1139     1.580815e+00   1.563830e+00   1.698504e-02   1.07e-02  
1140     1.530974e+00   1.208476e+00   3.224981e-01   2.11e-01  
1141     -7.717827e-01  -8.504105e-01  7.862782e-02   1.02e-01  
1142     -1.735119e-01  -4.832309e-01  3.097190e-01   1.79e+00  
1143     2.446004e-01   -3.425089e-02  2.788513e-01   1.14e+00  
1144     8.484991e-01   8.377556e-01   1.074348e-02   1.27e-02  
1145     8.941343e-01   8.930269e-01   1.107324e-03   1.24e-03  
1146     5.969625e-01   5.963625e-01   5.999611e-04   1.01e-03  
1147     1.891756e-01   1.897467e-01   5.711521e-04   3.02e-03  
1148     -1.552205e-01  -1.569099e-01  1.689421e-03   1.09e-02  
1149     -3.465837e-01  -3.452640e-01  1.319687e-03   3.81e-03  
1150     -3.662730e-01  -3.705479e-01  4.274955e-03   1.17e-02  
1151     -2.383289e-01  -2.358647e-01  2.464178e-03   1.03e-02  
1152     -5.800280e-03  -8.188863e-03  2.388583e-03   4.12e-01  
1153     2.833946e-01   2.847971e-01   1.402536e-03   4.95e-03  
1154     5.833690e-01   5.842232e-01   8.542292e-04   1.46e-03  
1155     8.531987e-01   8.545462e-01   1.347512e-03   1.58e-03  
1156     1.058095e+00   1.056076e+00   2.018622e-03   1.91e-03  
1157     1.170050e+00   1.210774e+00   4.072446e-02   3.48e-02  
1158     1.168560e+00   1.314681e+00   1.461210e-01   1.25e-01  
1159     1.150899e+00   1.129279e+00   2.162006e-02   1.88e-02  
1160     1.096752e+00   8.596846e-01   2.370670e-01   2.16e-01  
1161     -3.559786e-01  -4.106489e-01  5.467035e-02   1.54e-01  
1162     -1.613295e-02  -1.861958e-01  1.700629e-01   1.05e+01  
1163     2.225087e-01   8.078700e-02   1.417217e-01   6.37e-01  
1164     5.546484e-01   5.487541e-01   5.894357e-03   1.06e-02  
1165     5.612066e-01   5.626189e-01   1.412263e-03   2.52e-03  
1166     3.505232e-01   3.511802e-01   6.570579e-04   1.87e-03  
1167     5.737716e-02   5.976472e-02   2.387556e-03   4.16e-02  
1168     -2.021527e-01  -2.044148e-01  2.262125e-03   1.12e-02  
1169     -3.562944e-01  -3.556320e-01  6.624655e-04   1.86e-03  
1170     -3.802687e-01  -3.814876e-01  1.218872e-03   3.21e-03  
1171     -2.846374e-01  -2.830843e-01  1.553095e-03   5.46e-03  
1172     -1.001977e-01  -9.910218e-02  1.095569e-03   1.09e-02  
1173     1.340146e-01   1.320993e-01   1.915305e-03   1.43e-02  
1174     3.782589e-01   3.814944e-01   3.235454e-03   8.55e-03  
1175     5.962373e-01   5.939455e-01   2.291812e-03   3.84e-03  
1176     7.572930e-01   7.602041e-01   2.911089e-03   3.84e-03  
1177     8.377153e-01   8.670781e-01   2.936279e-02   3.51e-02  
1178     8.217750e-01   9.185019e-01   9.672686e-02   1.18e-01  
1179     7.976325e-01   7.739484e-01   2.368416e-02   2.97e-02  
1180     7.439281e-01   5.783240e-01   1.656041e-01   2.23e-01  
1181     -7.918165e-02  -1.270582e-01  4.787658e-02   6.05e-01  
1182     9.436307e-02   8.299139e-03   8.606393e-02   9.12e-01  
1183     2.128196e-01   1.570711e-01   5.574853e-02   2.62e-01  
1184     3.679974e-01   3.707100e-01   2.712677e-03   7.37e-03  
1185     3.435163e-01   3.440734e-01   5.571314e-04   1.62e-03  
1186     1.897347e-01   1.906751e-01   9.403739e-04   4.96e-03  
1187     -1.807321e-02  -1.798935e-02  8.386259e-05   4.64e-03  
1188     -2.066473e-01  -2.051017e-01  1.545509e-03   7.48e-03  
1189     -3.241022e-01  -3.243103e-01  2.081704e-04   6.42e-04  
1190     -3.473113e-01  -3.478976e-01  5.863568e-04   1.69e-03  
1191     -2.790154e-01  -2.792019e-01  1.865444e-04   6.69e-04  
1192     -1.397723e-01  -1.390167e-01  7.556107e-04   5.41e-03  
1193     4.059577e-02   3.735181e-02   3.243963e-03   7.99e-02  
1194     2.296970e-01   2.320232e-01   2.326275e-03   1.01e-02  
1195     3.970512e-01   3.971227e-01   7.143172e-05   1.80e-04  
1196     5.169041e-01   5.175077e-01   6.036340e-04   1.17e-03  
1197     5.700378e-01   5.892834e-01   1.924565e-02   3.38e-02  
1198     5.450719e-01   6.010860e-01   5.601404e-02   1.03e-01  
1199     5.179826e-01   5.000652e-01   1.791738e-02   3.46e-02  
1200     4.681010e-01   3.563232e-01   1.117778e-01   2.39e-01  
1201     9.569432e-02   5.276206e-02   4.293225e-02   4.49e-01  
1202     1.636621e-01   1.323722e-01   3.128989e-02   1.91e-01  
1203     2.039566e-01   2.021409e-01   1.815670e-03   8.90e-03  
1204     2.461578e-01   2.519180e-01   5.760145e-03   2.34e-02  
1205     2.010883e-01   2.017373e-01   6.489727e-04   3.23e-03  
1206     8.708565e-02   8.941856e-02   2.332912e-03   2.68e-02  
1207     -5.716877e-02  -5.350807e-02  3.660693e-03   6.40e-02  
1208     -1.884673e-01  -1.866288e-01  1.838571e-03   9.76e-03  
1209     -2.724729e-01  -2.706099e-01  1.862956e-03   6.84e-03  
1210     -2.911495e-01  -2.912518e-01  1.022611e-04   3.51e-04  
1211     -2.437505e-01  -2.428424e-01  9.081684e-04   3.73e-03  
1212     -1.433169e-01  -1.431733e-01  1.435999e-04   1.00e-03  
1213     -1.136568e-02  -1.121293e-02  1.527435e-04   1.34e-02  
1214     1.272456e-01   1.256008e-01   1.644853e-03   1.29e-02  
1215     2.483960e-01   2.484962e-01   1.002353e-04   4.04e-04  
1216     3.316425e-01   3.324872e-01   8.446540e-04   2.55e-03  
1217     3.622750e-01   3.721295e-01   9.854491e-03   2.72e-02  
1218     3.327592e-01   3.603798e-01   2.762061e-02   8.30e-02  
1219     3.054632e-01   2.889740e-01   1.648925e-02   5.40e-02  
1220     2.616215e-01   1.932003e-01   6.842118e-02   2.62e-01  
1221     1.977041e-01   1.606138e-01   3.709032e-02   1.88e-01  
1222     2.003438e-01   1.998330e-01   5.108100e-04   2.55e-03  
1223     1.918664e-01   2.214642e-01   2.959786e-02   1.54e-01  
1224     1.647322e-01   1.704743e-01   5.742105e-03   3.49e-02  
1225     1.085830e-01   1.101535e-01   1.570493e-03   1.45e-02  
1226     2.385691e-02   2.451407e-02   6.571524e-04   2.75e-02  
1227     -7.320277e-02  -7.163931e-02  1.563462e-03   2.14e-02  
1228     -1.598095e-01  -1.619701e-01  2.160626e-03   1.35e-02  
1229     -2.154578e-01  -2.146405e-01  8.172630e-04   3.79e-03  
1230     -2.279490e-01  -2.291624e-01  1.213392e-03   5.32e-03  
1231     -1.956615e-01  -1.963874e-01  7.259257e-04   3.71e-03  
1232     -1.265844e-01  -1.264871e-01  9.734507e-05   7.69e-04  
1233     -3.542996e-02  -3.362720e-02  1.802756e-03   5.09e-02  
1234     5.986742e-02   6.041523e-02   5.478143e-04   9.15e-03  
1235     1.414149e-01   1.399408e-01   1.474162e-03   1.04e-02  
1236     1.940311e-01   1.969488e-01   2.917699e-03   1.50e-02  
1237     2.072662e-01   2.144475e-01   7.181255e-03   3.46e-02  
1238     1.768300e-01   1.858843e-01   9.054335e-03   5.12e-02  
1239     1.513754e-01   1.341418e-01   1.723361e-02   1.14e-01  
1240     1.148127e-01   7.892640e-02   3.588627e-02   3.13e-01  
1241     2.489201e-01   2.140960e-01   3.482415e-02   1.40e-01  
1242     2.130096e-01   2.330601e-01   2.005049e-02   9.41e-02  
1243     1.760256e-01   2.222598e-01   4.623419e-02   2.63e-01  
1244     1.092777e-01   1.176877e-01   8.410035e-03   7.70e-02  
1245     4.949416e-02   4.943013e-02   6.403575e-05   1.29e-03  
1246     -1.281697e-02  -1.180865e-02  1.008314e-03   7.87e-02  
1247     -7.504239e-02  -7.480594e-02  2.364470e-04   3.15e-03  
1248     -1.278820e-01  -1.322098e-01  4.327792e-03   3.38e-02  
1249     -1.609855e-01  -1.626729e-01  1.687393e-03   1.05e-02  
1250     -1.673714e-01  -1.668327e-01  5.386457e-04   3.22e-03  
1251     -1.457922e-01  -1.439707e-01  1.821453e-03   1.25e-02  
1252     -1.010044e-01  -1.012936e-01  2.892016e-04   2.86e-03  
1253     -4.247818e-02  -4.155982e-02  9.183604e-04   2.16e-02  
1254     1.772697e-02   1.890817e-02   1.181193e-03   6.66e-02  
1255     6.730604e-02   6.784535e-02   5.393087e-04   8.01e-03  
1256     9.587387e-02   9.639189e-02   5.180173e-04   5.40e-03  
1257     9.673609e-02   1.026438e-01   5.907666e-03   6.11e-02  
1258     6.815871e-02   6.347250e-02   4.686207e-03   6.88e-02  
1259     4.595254e-02   3.275272e-02   1.319982e-02   2.87e-01  
1260     1.709353e-02   4.046797e-03   1.304673e-02   7.63e-01  
1261     2.658221e-01   2.361353e-01   2.968685e-02   1.12e-01  
1262     2.091380e-01   2.362153e-01   2.707734e-02   1.29e-01  
1263     1.573866e-01   2.111776e-01   5.379101e-02   3.42e-01  
1264     7.102870e-02   7.779408e-02   6.765385e-03   9.52e-02  
1265     1.287520e-02   1.323497e-02   3.597634e-04   2.79e-02  
1266     -3.184309e-02  -3.066862e-02  1.174472e-03   3.69e-02  
1267     -6.860142e-02  -6.579830e-02  2.803119e-03   4.09e-02  
1268     -9.673541e-02  -9.619112e-02  5.442904e-04   5.63e-03  
1269     -1.129403e-01  -1.142869e-01  1.346545e-03   1.19e-02  
1270     -1.143155e-01  -1.112496e-01  3.065852e-03   2.68e-02  
1271     -1.003742e-01  -9.993119e-02  4.430521e-04   4.41e-03  
1272     -7.382186e-02  -6.951359e-02  4.308269e-03   5.84e-02  
1273     -4.023793e-02  -4.044773e-02  2.097963e-04   5.21e-03  
1274     -6.985228e-03  -3.959030e-03  3.026198e-03   4.33e-01  
1275     1.829274e-02   1.634839e-02   1.944348e-03   1.06e-01  
1276     2.925825e-02   3.120817e-02   1.949921e-03   6.66e-02  
1277     2.228220e-02   2.152956e-02   7.526424e-04   3.38e-02  
1278     -2.538200e-03  -1.218791e-02  9.649711e-03   3.80e+00  
1279     -2.069325e-02  -3.054652e-02  9.853267e-03   4.76e-01  
1280     -4.208371e-02  -4.107096e-02  1.012747e-03   2.41e-02  
1281     2.605388e-01   2.342711e-01   2.626773e-02   1.01e-01  
1282     1.947545e-01   2.301892e-01   3.543478e-02   1.82e-01  
1283     1.373328e-01   1.939125e-01   5.657971e-02   4.12e-01  
1284     4.452764e-02   5.111929e-02   6.591647e-03   1.48e-01  
1285     -8.629731e-03  -7.583594e-03  1.046137e-03   1.21e-01  
1286     -3.937946e-02  -3.804735e-02  1.332116e-03   3.38e-02  
1287     -5.776605e-02  -5.385141e-02  3.914645e-03   6.78e-02  
1288     -6.842879e-02  -6.565551e-02  2.773272e-03   4.05e-02  
1289     -7.268623e-02  -7.499375e-02  2.307519e-03   3.17e-02  
1290     -7.052420e-02  -7.005519e-02  4.690064e-04   6.65e-03  
1291     -6.215129e-02  -6.059304e-02  1.558252e-03   2.51e-02  
1292     -4.892524e-02  -4.801814e-02  9.071011e-04   1.85e-02  
1293     -3.359971e-02  -3.396190e-02  3.621899e-04   1.08e-02  
1294     -1.995936e-02  -1.891499e-02  1.044369e-03   5.23e-02  
1295     -1.200235e-02  -8.613824e-03  3.388529e-03   2.82e-01  
1296     -1.289817e-02  -1.274771e-02  1.504600e-04   1.17e-02  
1297     -2.398087e-02  -2.652041e-02  2.539539e-03   1.06e-01  
1298     -4.401707e-02  -5.593165e-02  1.191458e-02   2.71e-01  
1299     -5.786907e-02  -6.387450e-02  6.005427e-03   1.04e-01  
1300     -7.252904e-02  -6.274172e-02  9.787324e-03   1.35e-01  
1301     2.418575e-01   2.198726e-01   2.198484e-02   9.09e-02  
1302     1.744595e-01   2.105940e-01   3.613444e-02   2.07e-01  
1303     1.171822e-01   1.702358e-01   5.305360e-02   4.53e-01  
1304     2.627610e-02   3.266041e-02   6.384312e-03   2.43e-01  
1305     -2.000191e-02  -1.787407e-02  2.127841e-03   1.06e-01  
1306     -3.963419e-02  -3.574883e-02  3.885362e-03   9.80e-02  
1307     -4.499042e-02  -4.529466e-02  3.042303e-04   6.76e-03  
1308     -4.376169e-02  -4.314688e-02  6.148105e-04   1.40e-02  
1309     -4.010006e-02  -3.757305e-02  2.527013e-03   6.30e-02  
1310     -3.583536e-02  -3.494529e-02  8.900730e-04   2.48e-02  
1311     -3.162220e-02  -3.140349e-02  2.187157e-04   6.92e-03  
1312     -2.786745e-02  -2.725324e-02  6.142097e-04   2.20e-02  
1313     -2.530066e-02  -2.503816e-02  2.624966e-04   1.04e-02  
1314     -2.510024e-02  -2.171942e-02  3.380822e-03   1.35e-01  
1315     -2.859057e-02  -2.719480e-02  1.395765e-03   4.88e-02  
1316     -3.665166e-02  -3.658192e-02  6.973822e-05   1.90e-03  
1317     -4.907160e-02  -5.150468e-02  2.433082e-03   4.96e-02  
1318     -6.408189e-02  -7.785320e-02  1.377131e-02   2.15e-01  
1319     -7.384172e-02  -7.870176e-02  4.860040e-03   6.58e-02  
1320     -8.284776e-02  -6.659161e-02  1.625615e-02   1.96e-01  
1321     2.160152e-01   1.992944e-01   1.672078e-02   7.74e-02  
1322     1.516025e-01   1.832911e-01   3.168867e-02   2.09e-01  
1323     9.798649e-02   1.455699e-01   4.758337e-02   4.86e-01  
1324     1.396353e-02   1.757599e-02   3.612453e-03   2.59e-01  
1325     -2.461515e-02  -2.301317e-02  1.601977e-03   6.51e-02  
1326     -3.541281e-02  -3.511195e-02  3.008606e-04   8.50e-03  
1327     -3.170841e-02  -3.256423e-02  8.558187e-04   2.70e-02  
1328     -2.275431e-02  -2.315392e-02  3.996044e-04   1.76e-02  
1329     -1.426659e-02  -1.137278e-02  2.893810e-03   2.03e-01  
1330     -9.093477e-03  -4.744152e-03  4.349326e-03   4.78e-01  
1331     -8.049911e-03  -8.133611e-03  8.369983e-05   1.04e-02  
1332     -1.081141e-02  -1.000058e-02  8.108312e-04   7.50e-02  
1333     -1.667866e-02  -1.786589e-02  1.187222e-03   7.12e-02  
1334     -2.502587e-02  -2.364663e-02  1.379235e-03   5.51e-02  
1335     -3.535640e-02  -3.590139e-02  5.449957e-04   1.54e-02  
1336     -4.704983e-02  -4.855178e-02  1.501958e-03   3.19e-02  
1337     -5.900029e-02  -6.279970e-02  3.799406e-03   6.44e-02  
1338     -6.936752e-02  -7.986887e-02  1.050135e-02   1.51e-01  
1339     -7.558696e-02  -7.800872e-02  2.421760e-03   3.20e-02  
1340     -8.018773e-02  -6.656046e-02  1.362727e-02   1.70e-01  
1341     1.873120e-01   1.701328e-01   1.717918e-02   9.17e-02  
1342     1.284996e-01   1.580788e-01   2.957918e-02   2.30e-01  
1343     8.048310e-02   1.228507e-01   4.236758e-02   5.26e-01  
1344     6.025674e-03   9.247970e-03   3.222295e-03   5.35e-01  
1345     -2.473057e-02  -2.581601e-02  1.085442e-03   4.39e-02  
1346     -2.851291e-02  -3.014702e-02  1.634109e-03   5.73e-02  
1347     -1.864994e-02  -2.159550e-02  2.945556e-03   1.58e-01  
1348     -4.998232e-03  -5.124321e-03  1.260886e-04   2.52e-02  
1349     6.034832e-03   5.092033e-03   9.427981e-04   1.56e-01  
1350     1.120266e-02   1.030207e-02   9.005821e-04   8.04e-02  
1351     9.787986e-03   9.842324e-03   5.433821e-05   5.55e-03  
1352     2.719789e-03   9.772521e-04   1.742537e-03   6.41e-01  
1353     -8.320314e-03  -1.142507e-02  3.104758e-03   3.73e-01  
1354     -2.154538e-02  -2.194020e-02  3.948126e-04   1.83e-02  
1355     -3.534183e-02  -3.570972e-02  3.678905e-04   1.04e-02  
1356     -4.823941e-02  -4.885305e-02  6.136415e-04   1.27e-02  
1357     -5.875063e-02  -6.247978e-02  3.729158e-03   6.35e-02  
1358     -6.527201e-02  -7.759149e-02  1.231948e-02   1.89e-01  
1359     -6.870241e-02  -6.923278e-02  5.303706e-04   7.72e-03  
1360     -7.016354e-02  -5.586526e-02  1.429829e-02   2.04e-01  
1361     1.585878e-01   1.439621e-01   1.462575e-02   9.22e-02  
1362     1.066514e-01   1.355015e-01   2.885013e-02   2.71e-01  
1363     6.512316e-02   1.040544e-01   3.893122e-02   5.98e-01  
1364     1.388785e-03   6.764367e-03   5.375582e-03   3.87e+00  
1365     -2.183234e-02  -2.380170e-02  1.969365e-03   9.02e-02  
1366     -2.003369e-02  -1.687704e-02  3.156649e-03   1.58e-01  
1367     -6.115424e-03  -5.439915e-03  6.755089e-04   1.10e-01  
1368     1.005525e-02   1.367130e-02   3.616045e-03   3.60e-01  
1369     2.197447e-02   2.149977e-02   4.746938e-04   2.16e-02  
1370     2.645771e-02   2.818183e-02   1.724124e-03   6.52e-02  
1371     2.309548e-02   2.228489e-02   8.105900e-04   3.51e-02  
1372     1.333215e-02   1.378248e-02   4.503349e-04   3.38e-02  
1373     -5.174021e-04  -8.208190e-04  3.034169e-04   5.86e-01  
1374     -1.601326e-02  -1.664307e-02  6.298081e-04   3.93e-02  
1375     -3.097654e-02  -2.928550e-02  1.691037e-03   5.46e-02  
1376     -4.358209e-02  -4.474600e-02  1.163908e-03   2.67e-02  
1377     -5.232046e-02  -5.565266e-02  3.332204e-03   6.37e-02  
1378     -5.598710e-02  -6.456844e-02  8.581342e-03   1.53e-01  
1379     -5.744035e-02  -5.568222e-02  1.758126e-03   3.06e-02  
1380     -5.691625e-02  -4.469962e-02  1.221663e-02   2.15e-01  
1381     1.315949e-01   1.196374e-01   1.195749e-02   9.09e-02  
1382     8.693864e-02   1.123676e-01   2.542898e-02   2.92e-01  
1383     5.212790e-02   8.171833e-02   2.959043e-02   5.68e-01  
1384     -6.903368e-04  2.909474e-03   3.599810e-03   5.21e+00  
1385     -1.688294e-02  -1.634726e-02  5.356795e-04   3.17e-02  
1386     -1.064848e-02  -8.856659e-03  1.791821e-03   1.68e-01  
1387     5.766070e-03   6.900336e-03   1.134266e-03   1.97e-01  
1388     2.284936e-02   2.765000e-02   4.800643e-03   2.10e-01  
1389     3.442540e-02   3.573086e-02   1.305468e-03   3.79e-02  
1390     3.772223e-02   3.497780e-02   2.744426e-03   7.28e-02  
1391     3.278910e-02   3.418404e-02   1.394937e-03   4.25e-02  
1392     2.149160e-02   2.276920e-02   1.277596e-03   5.94e-02  
1393     6.486510e-03   5.250513e-03   1.235997e-03   1.91e-01  
1394     -9.528937e-03  -8.080860e-03  1.448076e-03   1.52e-01  
1395     -2.421767e-02  -2.208890e-02  2.128777e-03   8.79e-02  
1396     -3.574219e-02  -3.543346e-02  3.087309e-04   8.64e-03  
1397     -4.278803e-02  -4.413391e-02  1.345884e-03   3.15e-02  
1398     -4.459166e-02  -4.917047e-02  4.578806e-03   1.03e-01  
1399     -4.482416e-02  -4.058870e-02  4.235454e-03   9.45e-02  
1400     -4.326911e-02  -3.298851e-02  1.028060e-02   2.38e-01  
1401     1.072870e-01   1.012404e-01   6.046598e-03   5.64e-02  
1402     6.978793e-02   8.764459e-02   1.785667e-02   2.56e-01  
1403     4.154245e-02   6.561936e-02   2.407691e-02   5.80e-01  
1404     -7.522693e-04  2.601155e-03   3.353424e-03   4.46e+00  
1405     -1.055275e-02  -7.460585e-03  3.092170e-03   2.93e-01  
1406     -8.624344e-04  -1.265107e-03  4.026727e-04   4.67e-01  
1407     1.680421e-02   1.722901e-02   4.248071e-04   2.53e-02  
1408     3.354466e-02   3.408331e-02   5.386507e-04   1.61e-02  
1409     4.385012e-02   4.520484e-02   1.354718e-03   3.09e-02  
1410     4.562496e-02   4.345179e-02   2.173164e-03   4.76e-02  
1411     3.944347e-02   4.358139e-02   4.137923e-03   1.05e-01  
1412     2.746178e-02   2.836396e-02   9.021723e-04   3.29e-02  
1413     1.242547e-02   1.295325e-02   5.277851e-04   4.25e-02  
1414     -3.005689e-03  -5.707079e-04  2.434982e-03   8.10e-01  
1415     -1.661089e-02  -1.623266e-02  3.782271e-04   2.28e-02  
1416     -2.674699e-02  -2.425850e-02  2.488489e-03   9.30e-02  
1417     -3.239357e-02  -3.319451e-02  8.009439e-04   2.47e-02  
1418     -3.318624e-02  -3.833247e-02  5.146229e-03   1.55e-01  
1419     -3.281937e-02  -2.882916e-02  3.990209e-03   1.22e-01  
1420     -3.094302e-02  -2.489833e-02  6.044692e-03   1.95e-01  
1421     8.603709e-02   8.189886e-02   4.138227e-03   4.81e-02  
1422     5.529524e-02   6.998607e-02   1.469083e-02   2.66e-01  
1423     3.325703e-02   5.508741e-02   2.183039e-02   6.56e-01  
1424     7.230073e-04   6.173195e-03   5.450188e-03   7.54e+00  
1425     -3.443673e-03  4.417871e-04   3.885460e-03   1.13e+00  
1426     8.766721e-03   1.166654e-02   2.899822e-03   3.31e-01  
1427     2.659354e-02   3.010882e-02   3.515281e-03   1.32e-01  
1428     4.197445e-02   4.486901e-02   2.894561e-03   6.90e-02  
1429     5.036190e-02   5.122320e-02   8.612967e-04   1.71e-02  
1430     5.048547e-02   5.153493e-02   1.049451e-03   2.08e-02  
1431     4.339778e-02   4.483763e-02   1.439855e-03   3.32e-02  
1432     3.137643e-02   3.248442e-02   1.107995e-03   3.53e-02  
1433     1.704744e-02   1.589638e-02   1.151065e-03   6.75e-02  
1434     2.836426e-03   4.014737e-03   1.178311e-03   4.15e-01  
1435     -9.309580e-03  -8.057896e-03  1.251685e-03   1.34e-01  
1436     -1.803853e-02  -1.803323e-02  5.292759e-06   2.93e-04  
1437     -2.263772e-02  -2.276056e-02  1.228389e-04   5.43e-03  
1438     -2.305381e-02  -2.703769e-02  3.983874e-03   1.73e-01  
1439     -2.253492e-02  -1.946478e-02  3.070139e-03   1.36e-01  
1440     -2.079893e-02  -1.690114e-02  3.897787e-03   1.87e-01  
1441     6.778337e-02   6.244500e-02   5.338376e-03   7.88e-02  
1442     4.329029e-02   5.887455e-02   1.558426e-02   3.60e-01  
1443     2.696596e-02   4.547246e-02   1.850650e-02   6.86e-01  
1444     3.155828e-03   1.247372e-03   1.908456e-03   6.05e-01  
1445     3.740171e-03   5.141828e-03   1.401657e-03   3.75e-01  
1446     1.752186e-02   2.231332e-02   4.791457e-03   2.73e-01  
1447     3.452577e-02   3.565515e-02   1.129373e-03   3.27e-02  
1448     4.779952e-02   4.633534e-02   1.464181e-03   3.06e-02  
1449     5.395647e-02   5.625043e-02   2.293960e-03   4.25e-02  
1450     5.253677e-02   5.335255e-02   8.157763e-04   1.55e-02  
1451     4.492635e-02   4.735421e-02   2.427860e-03   5.40e-02  
1452     3.335335e-02   3.410378e-02   7.504266e-04   2.25e-02  
1453     2.018057e-02   1.986473e-02   3.158374e-04   1.57e-02  
1454     7.495979e-03   9.640416e-03   2.144438e-03   2.86e-01  
1455     -3.090325e-03  -2.494289e-03  5.960362e-04   1.93e-01  
1456     -1.053574e-02  -7.434664e-03  3.101080e-03   2.94e-01  
1457     -1.439804e-02  -1.179842e-02  2.599620e-03   1.81e-01  
1458     -1.483343e-02  -1.421859e-02  6.148440e-04   4.14e-02  
1459     -1.443274e-02  -1.347325e-02  9.594885e-04   6.65e-02  
1460     -1.307927e-02  -7.388508e-03  5.690763e-03   4.35e-01  
1461     5.210422e-02   4.842923e-02   3.674989e-03   7.05e-02  
1462     3.331333e-02   4.619778e-02   1.288446e-02   3.87e-01  
1463     2.208513e-02   3.713399e-02   1.504886e-02   6.81e-01  
1464     5.781890e-03   5.351467e-03   4.304231e-04   7.44e-02  
1465     1.019410e-02   1.128114e-02   1.087042e-03   1.07e-01  
1466     2.463512e-02   2.539855e-02   7.634313e-04   3.10e-02  
1467     4.004660e-02   4.262301e-02   2.576419e-03   6.43e-02  
1468     5.084132e-02   5.276843e-02   1.927106e-03   3.79e-02  
1469     5.480077e-02   5.541028e-02   6.095082e-04   1.11e-02  
1470     5.212642e-02   5.328684e-02   1.160419e-03   2.23e-02  
1471     4.436569e-02   4.545018e-02   1.084485e-03   2.44e-02  
1472     3.357088e-02   3.472474e-02   1.153857e-03   3.44e-02  
1473     2.177280e-02   1.919398e-02   2.578827e-03   1.18e-01  
1474     1.069539e-02   1.112994e-02   4.345555e-04   4.06e-02  
1475     1.612904e-03   1.355147e-04   1.477390e-03   9.16e-01  
1476     -4.714854e-03  -1.846047e-03  2.868807e-03   6.08e-01  
1477     -8.058478e-03  -6.637038e-03  1.421440e-03   1.76e-01  
1478     -8.692871e-03  -6.019491e-03  2.673380e-03   3.08e-01  
1479     -8.526754e-03  -7.561766e-03  9.649878e-04   1.13e-01  
1480     -7.626419e-03  -3.723699e-03  3.902721e-03   5.12e-01  
1481     3.820268e-02   3.648552e-02   1.717165e-03   4.49e-02  
1482     2.454566e-02   3.172522e-02   7.179564e-03   2.92e-01  
1483     1.778147e-02   3.109835e-02   1.331689e-02   7.49e-01  
1484     7.817310e-03   9.389623e-03   1.572314e-03   2.01e-01  
1485     1.530480e-02   1.629951e-02   9.947074e-04   6.50e-02  
1486     2.967760e-02   2.931756e-02   3.600365e-04   1.21e-02  
1487     4.309565e-02   4.386379e-02   7.681385e-04   1.78e-02  
1488     5.139096e-02   5.329684e-02   1.905888e-03   3.71e-02  
1489     5.338725e-02   5.648099e-02   3.093731e-03   5.79e-02  
1490     4.977663e-02   5.262564e-02   2.849003e-03   5.72e-02  
1491     4.213367e-02   4.136314e-02   7.705303e-04   1.83e-02  
1492     3.227239e-02   3.258356e-02   3.111652e-04   9.64e-03  
1493     2.188611e-02   2.305569e-02   1.169581e-03   5.34e-02  
1494     1.235618e-02   1.516946e-02   2.813285e-03   2.28e-01  
1495     4.653415e-03   7.041081e-03   2.387666e-03   5.13e-01  
1496     -7.030503e-04  -6.368737e-04  6.617664e-05   9.41e-02  
1497     -3.640999e-03  -1.030912e-03  2.610087e-03   7.17e-01  
1498     -4.486650e-03  -5.851462e-03  1.364811e-03   3.04e-01  
1499     -4.556211e-03  -4.149570e-03  4.066416e-04   8.92e-02  
1500     -4.063793e-03  -5.368292e-03  1.304499e-03   3.21e-01  
1501     2.485286e-02   2.653564e-02   1.682781e-03   6.77e-02  
1502     1.603004e-02   2.303295e-02   7.002917e-03   4.37e-01  
1503     1.339198e-02   2.208708e-02   8.695100e-03   6.49e-01  
1504     9.046838e-03   7.232529e-03   1.814309e-03   2.01e-01  
1505     1.920825e-02   2.036063e-02   1.152382e-03   6.00e-02  
1506     3.312852e-02   3.540526e-02   2.276748e-03   6.87e-02  
1507     4.436280e-02   4.185290e-02   2.509897e-03   5.66e-02  
1508     5.020748e-02   5.381366e-02   3.606184e-03   7.18e-02  
1509     5.043391e-02   5.318316e-02   2.749245e-03   5.45e-02  
1510     4.607612e-02   4.557751e-02   4.986148e-04   1.08e-02  
1511     3.864890e-02   3.956598e-02   9.170750e-04   2.37e-02  
1512     2.971670e-02   3.213472e-02   2.418024e-03   8.14e-02  
1513     2.066172e-02   2.143747e-02   7.757548e-04   3.75e-02  
1514     1.255771e-02   1.456556e-02   2.007848e-03   1.60e-01  
1515     6.107212e-03   8.016741e-03   1.909530e-03   3.13e-01  
1516     1.626522e-03   3.181412e-03   1.554891e-03   9.56e-01  
1517     -9.270251e-04  -2.223487e-03  1.296462e-03   1.40e+00  
1518     -1.889293e-03  -3.464265e-03  1.574972e-03   8.34e-01  
1519     -2.124786e-03  -1.268972e-03  8.558137e-04   4.03e-01  
1520     -1.933281e-03  -1.431317e-03  5.019633e-04   2.60e-01  
1521     6.418652e-03   4.035428e-03   2.383224e-03   3.71e-01  
1522     4.474731e-03   5.466745e-03   9.920142e-04   2.22e-01  
1523     7.202487e-03   9.601308e-03   2.398821e-03   3.33e-01  
1524     1.095666e-02   1.237913e-02   1.422473e-03   1.30e-01  
1525     2.364801e-02   2.726711e-02   3.619099e-03   1.53e-01  
1526     3.639244e-02   3.944479e-02   3.052346e-03   8.39e-02  
1527     4.491707e-02   4.952062e-02   4.603548e-03   1.02e-01  
1528     4.813740e-02   5.445440e-02   6.317005e-03   1.31e-01  
1529     4.658623e-02   4.985463e-02   3.268406e-03   7.02e-02  
1530     4.147970e-02   4.389290e-02   2.413195e-03   5.82e-02  
1531     3.421959e-02   3.488503e-02   6.654449e-04   1.94e-02  
1532     2.612596e-02   3.241826e-02   6.292295e-03   2.41e-01  
1533     1.829051e-02   2.203933e-02   3.748825e-03   2.05e-01  
1534     1.150077e-02   1.469016e-02   3.189385e-03   2.77e-01  
1535     6.213811e-03   8.597681e-03   2.383870e-03   3.84e-01  
1536     2.569844e-03   5.149559e-03   2.579715e-03   1.00e+00  
1537     4.399982e-04   4.582262e-03   4.142263e-03   9.41e+00  
1538     -4.990289e-04  7.087237e-04   1.207753e-03   2.42e+00  
1539     -8.028693e-04  1.209173e-03   2.012042e-03   2.51e+00  
1540     -7.894972e-04  -3.372179e-03  2.582682e-03   3.27e+00  
1541     -1.757801e-02  -2.783531e-02  1.025730e-02   5.84e-01  
1542     -9.192735e-03  -2.346951e-02  1.427678e-02   1.55e+00  
1543     7.979833e-04   -7.881681e-03  8.679664e-03   1.09e+01  
1544     1.722941e-02   2.675733e-02   9.527923e-03   5.53e-01  
1545     3.075740e-02   3.993682e-02   9.179422e-03   2.98e-01  
1546     4.048413e-02   4.819276e-02   7.708631e-03   1.90e-01  
1547     4.537871e-02   5.522338e-02   9.844675e-03   2.17e-01  
1548     4.559270e-02   5.422430e-02   8.631604e-03   1.89e-01  
1549     4.209536e-02   4.989738e-02   7.802025e-03   1.85e-01  
1550     3.614785e-02   4.344815e-02   7.300303e-03   2.02e-01  
1551     2.899188e-02   3.211858e-02   3.126696e-03   1.08e-01  
1552     2.168382e-02   2.717206e-02   5.488242e-03   2.53e-01  
1553     1.501581e-02   1.785224e-02   2.836430e-03   1.89e-01  
1554     9.490034e-03   1.087574e-02   1.385704e-03   1.46e-01  
1555     5.330257e-03   6.019036e-03   6.887793e-04   1.29e-01  
1556     2.522026e-03   3.848982e-03   1.326956e-03   5.26e-01  
1557     8.733718e-04   3.664809e-03   2.791437e-03   3.20e+00  
1558     8.723116e-05   5.779839e-04   4.907527e-04   5.63e+00  
1559     -1.960686e-04  5.254833e-03   5.450902e-03   2.78e+01  
1560     -2.562429e-04  -2.114575e-03  1.858332e-03   7.25e+00  
1561     -3.416197e-02  -4.198159e-02  7.819618e-03   2.29e-01  
1562     -1.799983e-02  -2.835350e-02  1.035366e-02   5.75e-01  
1563     -2.960013e-03  -1.374383e-02  1.078382e-02   3.64e+00  
1564     2.074791e-02   2.669208e-02   5.944165e-03   2.86e-01  
1565     3.490193e-02   3.724131e-02   2.339380e-03   6.70e-02  
1566     4.291918e-02   4.461117e-02   1.691994e-03   3.94e-02  
1567     4.570846e-02   4.593130e-02   2.228442e-04   4.88e-03  
1568     4.413743e-02   4.298636e-02   1.151073e-03   2.61e-02  
1569     3.944917e-02   3.948139e-02   3.222373e-05   8.17e-04  
1570     3.295379e-02   3.323044e-02   2.766475e-04   8.40e-03  
1571     2.580983e-02   2.301363e-02   2.796204e-03   1.08e-01  
1572     1.892283e-02   1.840726e-02   5.155632e-04   2.72e-02  
1573     1.291014e-02   8.970346e-03   3.939792e-03   3.05e-01  
1574     8.106416e-03   6.999016e-03   1.107400e-03   1.37e-01  
1575     4.598842e-03   3.693685e-03   9.051570e-04   1.97e-01  
1576     2.283509e-03   7.739800e-04   1.509529e-03   6.61e-01  
1577     9.332936e-04   -1.982698e-04  1.131563e-03   1.21e+00  
1578     2.673731e-04   -2.377419e-03  2.644792e-03   9.89e+00  
1579     1.659045e-05   5.607035e-04   5.441130e-04   3.28e+01  
1580     -6.374754e-05  -2.158231e-03  2.094483e-03   3.29e+01  
1581     -5.293507e-02  -4.921594e-02  3.719130e-03   7.03e-02  
1582     -2.651314e-02  -3.165610e-02  5.142955e-03   1.94e-01  
1583     -6.102780e-03  -2.003276e-02  1.392998e-02   2.28e+00  
1584     2.573199e-02   2.147317e-02   4.258819e-03   1.66e-01  
1585     3.994983e-02   3.527794e-02   4.671890e-03   1.17e-01  
1586     4.587914e-02   3.873311e-02   7.146033e-03   1.56e-01  
1587     4.636418e-02   3.751347e-02   8.850712e-03   1.91e-01  
1588     4.292196e-02   3.620835e-02   6.713616e-03   1.56e-01  
1589     3.701779e-02   3.047785e-02   6.539944e-03   1.77e-01  
1590     2.995845e-02   2.305387e-02   6.904578e-03   2.30e-01  
1591     2.279173e-02   1.959370e-02   3.198028e-03   1.40e-01  
1592     1.626614e-02   1.318494e-02   3.081196e-03   1.89e-01  
1593     1.083030e-02   7.629751e-03   3.200551e-03   2.96e-01  
1594     6.664275e-03   6.589516e-03   7.475879e-05   1.12e-02  
1595     3.734727e-03   1.645958e-03   2.088769e-03   5.59e-01  
1596     1.863342e-03   3.708010e-03   1.844668e-03   9.90e-01  
1597     7.974140e-04   1.913577e-03   1.116163e-03   1.40e+00  
1598     2.727572e-04   1.473381e-03   1.200624e-03   4.40e+00  
1599     7.422058e-05   1.118906e-03   1.044685e-03   1.41e+01  
1600     2.034604e-06   -2.523393e-03  2.525428e-03   1.24e+03  
