ElementAnalytic valueNumeric valueAbs. errRel. err
1        -1.998892e+02  -1.347682e+02  6.512099e+01   3.26e-01  
2        -2.038264e+02  -1.691377e+02  3.468877e+01   1.70e-01  
3        -2.113276e+02  -1.977815e+02  1.354613e+01   6.41e-02  
4        -2.253351e+02  -1.898319e+02  3.550324e+01   1.58e-01  
5        -2.449745e+02  -2.007869e+02  4.418757e+01   1.80e-01  
6        -2.676396e+02  -2.200758e+02  4.756378e+01   1.78e-01  
7        -2.916163e+02  -2.406797e+02  5.093666e+01   1.75e-01  
8        -3.156140e+02  -2.613579e+02  5.425619e+01   1.72e-01  
9        -3.386033e+02  -2.812391e+02  5.736420e+01   1.69e-01  
10       -3.597818e+02  -2.996354e+02  6.014631e+01   1.67e-01  
11       -3.785696e+02  -3.160052e+02  6.256437e+01   1.65e-01  
12       -3.946102e+02  -3.300229e+02  6.458721e+01   1.64e-01  
13       -4.077631e+02  -3.415611e+02  6.620201e+01   1.62e-01  
14       -4.180826e+02  -3.506014e+02  6.748126e+01   1.61e-01  
15       -4.257818e+02  -3.574158e+02  6.836603e+01   1.61e-01  
16       -4.311844e+02  -3.621549e+02  6.902947e+01   1.60e-01  
17       -4.346723e+02  -3.652623e+02  6.941005e+01   1.60e-01  
18       -4.366334e+02  -3.669744e+02  6.965898e+01   1.60e-01  
19       -4.374178e+02  -3.676690e+02  6.974881e+01   1.59e-01  
20       -4.373051e+02  -3.675787e+02  6.972637e+01   1.59e-01  
21       -4.364852e+02  -3.668252e+02  6.965998e+01   1.60e-01  
22       -4.350511e+02  -3.655534e+02  6.949770e+01   1.60e-01  
23       -4.330015e+02  -3.637243e+02  6.927717e+01   1.60e-01  
24       -4.302512e+02  -3.613206e+02  6.893059e+01   1.60e-01  
25       -4.266464e+02  -3.582295e+02  6.841690e+01   1.60e-01  
26       -4.219820e+02  -3.542464e+02  6.773560e+01   1.61e-01  
27       -4.160221e+02  -3.491396e+02  6.688252e+01   1.61e-01  
28       -4.085192e+02  -3.427721e+02  6.574708e+01   1.61e-01  
29       -3.992339e+02  -3.349543e+02  6.427962e+01   1.61e-01  
30       -3.879537e+02  -3.254186e+02  6.253506e+01   1.61e-01  
31       -3.745093e+02  -3.140948e+02  6.041446e+01   1.61e-01  
32       -3.587897e+02  -3.008440e+02  5.794578e+01   1.62e-01  
33       -3.407549e+02  -2.856928e+02  5.506206e+01   1.62e-01  
34       -3.204456e+02  -2.685929e+02  5.185274e+01   1.62e-01  
35       -2.979915e+02  -2.497387e+02  4.825285e+01   1.62e-01  
36       -2.736171e+02  -2.292733e+02  4.434380e+01   1.62e-01  
37       -2.476447e+02  -2.074524e+02  4.019234e+01   1.62e-01  
38       -2.204943e+02  -1.845759e+02  3.591844e+01   1.63e-01  
39       -1.926795e+02  -1.611635e+02  3.151600e+01   1.64e-01  
40       -1.647959e+02  -1.376991e+02  2.709684e+01   1.64e-01  
41       -1.375015e+02  -1.147026e+02  2.279885e+01   1.66e-01  
42       -1.114851e+02  -9.276997e+01  1.871512e+01   1.68e-01  
43       -8.742377e+01  -7.243973e+01  1.498404e+01   1.71e-01  
44       -6.592811e+01  -5.429070e+01  1.163741e+01   1.77e-01  
45       -4.748124e+01  -3.878020e+01  8.701036e+00   1.83e-01  
46       -3.238153e+01  -2.613000e+01  6.251532e+00   1.93e-01  
47       -2.070601e+01  -1.648149e+01  4.224519e+00   2.04e-01  
48       -1.231123e+01  -9.781872e+00  2.529360e+00   2.05e-01  
49       -7.925673e+00  -5.285459e+00  2.640213e+00   3.33e-01  
50       -5.041993e+00  -2.636398e+00  2.405595e+00   4.77e-01  
51       -1.834553e+02  -1.543293e+02  2.912599e+01   1.59e-01  
52       -1.895061e+02  -1.970964e+02  7.590274e+00   4.01e-02  
53       -1.976877e+02  -2.325014e+02  3.481372e+01   1.76e-01  
54       -2.121099e+02  -2.250444e+02  1.293442e+01   6.10e-02  
55       -2.299572e+02  -2.373123e+02  7.355054e+00   3.20e-02  
56       -2.494598e+02  -2.584241e+02  8.964259e+00   3.59e-02  
57       -2.694513e+02  -2.803731e+02  1.092187e+01   4.05e-02  
58       -2.890458e+02  -3.020859e+02  1.304012e+01   4.51e-02  
59       -3.075210e+02  -3.227396e+02  1.521858e+01   4.95e-02  
60       -3.243139e+02  -3.415785e+02  1.726453e+01   5.32e-02  
61       -3.390296e+02  -3.582360e+02  1.920641e+01   5.67e-02  
62       -3.514474e+02  -3.723327e+02  2.088521e+01   5.94e-02  
63       -3.615150e+02  -3.838733e+02  2.235834e+01   6.18e-02  
64       -3.693283e+02  -3.928123e+02  2.348397e+01   6.36e-02  
65       -3.750996e+02  -3.994808e+02  2.438125e+01   6.50e-02  
66       -3.791162e+02  -4.041681e+02  2.505191e+01   6.61e-02  
67       -3.816979e+02  -4.071650e+02  2.546714e+01   6.67e-02  
68       -3.831563e+02  -4.089106e+02  2.575428e+01   6.72e-02  
69       -3.837625e+02  -4.095600e+02  2.579750e+01   6.72e-02  
70       -3.837239e+02  -4.094394e+02  2.571548e+01   6.70e-02  
71       -3.831716e+02  -4.087868e+02  2.561525e+01   6.69e-02  
72       -3.821564e+02  -4.075943e+02  2.543783e+01   6.66e-02  
73       -3.806526e+02  -4.058644e+02  2.521178e+01   6.62e-02  
74       -3.785662e+02  -4.034931e+02  2.492697e+01   6.58e-02  
75       -3.757471e+02  -4.003304e+02  2.458328e+01   6.54e-02  
76       -3.720040e+02  -3.961914e+02  2.418742e+01   6.50e-02  
77       -3.671202e+02  -3.908003e+02  2.368017e+01   6.45e-02  
78       -3.608704e+02  -3.839965e+02  2.312610e+01   6.41e-02  
79       -3.530379e+02  -3.755375e+02  2.249960e+01   6.37e-02  
80       -3.434305e+02  -3.651665e+02  2.173604e+01   6.33e-02  
81       -3.318961e+02  -3.527490e+02  2.085285e+01   6.28e-02  
82       -3.183364e+02  -3.382311e+02  1.989470e+01   6.25e-02  
83       -3.027179e+02  -3.214824e+02  1.876459e+01   6.20e-02  
84       -2.850815e+02  -3.026202e+02  1.753862e+01   6.15e-02  
85       -2.655498e+02  -2.817298e+02  1.617998e+01   6.09e-02  
86       -2.443310e+02  -2.590506e+02  1.471958e+01   6.02e-02  
87       -2.217204e+02  -2.349228e+02  1.320240e+01   5.95e-02  
88       -1.980987e+02  -2.096276e+02  1.152892e+01   5.82e-02  
89       -1.739240e+02  -1.837495e+02  9.825498e+00   5.65e-02  
90       -1.497184e+02  -1.578428e+02  8.124375e+00   5.43e-02  
91       -1.260459e+02  -1.324573e+02  6.411440e+00   5.09e-02  
92       -1.034809e+02  -1.082373e+02  4.756363e+00   4.60e-02  
93       -8.256986e+01  -8.580580e+01  3.235947e+00   3.92e-02  
94       -6.378648e+01  -6.569528e+01  1.908801e+00   2.99e-02  
95       -4.749105e+01  -4.828777e+01  7.967221e-01   1.68e-02  
96       -3.390349e+01  -3.387216e+01  3.132859e-02   9.24e-04  
97       -2.310453e+01  -2.284780e+01  2.567267e-01   1.11e-02  
98       -1.508217e+01  -1.502013e+01  6.203600e-02   4.11e-03  
99       -1.078502e+01  -9.123669e+00  1.661349e+00   1.54e-01  
100      -7.838841e+00  -5.169359e+00  2.669482e+00   3.41e-01  
101      -1.660651e+02  -1.588385e+02  7.226596e+00   4.35e-02  
102      -1.729030e+02  -2.050807e+02  3.217775e+01   1.86e-01  
103      -1.813309e+02  -2.439953e+02  6.266445e+01   3.46e-01  
104      -1.955511e+02  -2.379095e+02  4.235840e+01   2.17e-01  
105      -2.114804e+02  -2.502708e+02  3.879036e+01   1.83e-01  
106      -2.279114e+02  -2.707566e+02  4.284519e+01   1.88e-01  
107      -2.440858e+02  -2.913579e+02  4.727203e+01   1.94e-01  
108      -2.594566e+02  -3.112660e+02  5.180937e+01   2.00e-01  
109      -2.735906e+02  -3.297486e+02  5.615792e+01   2.05e-01  
110      -2.861624e+02  -3.464370e+02  6.027464e+01   2.11e-01  
111      -2.969637e+02  -3.608949e+02  6.393123e+01   2.15e-01  
112      -3.059095e+02  -3.729876e+02  6.707801e+01   2.19e-01  
113      -3.130326e+02  -3.826842e+02  6.965153e+01   2.23e-01  
114      -3.184656e+02  -3.901934e+02  7.172778e+01   2.25e-01  
115      -3.224143e+02  -3.956923e+02  7.327796e+01   2.27e-01  
116      -3.251259e+02  -3.994807e+02  7.435483e+01   2.29e-01  
117      -3.268564e+02  -4.019686e+02  7.511220e+01   2.30e-01  
118      -3.278434e+02  -4.033646e+02  7.552118e+01   2.30e-01  
119      -3.282835e+02  -4.039414e+02  7.565796e+01   2.30e-01  
120      -3.283185e+02  -4.039291e+02  7.561063e+01   2.30e-01  
121      -3.280284e+02  -4.034688e+02  7.544042e+01   2.30e-01  
122      -3.274295e+02  -4.025764e+02  7.514692e+01   2.30e-01  
123      -3.264780e+02  -4.012288e+02  7.475074e+01   2.29e-01  
124      -3.250765e+02  -3.992798e+02  7.420323e+01   2.28e-01  
125      -3.230830e+02  -3.965820e+02  7.349893e+01   2.27e-01  
126      -3.203223e+02  -3.929485e+02  7.262627e+01   2.27e-01  
127      -3.165985e+02  -3.881879e+02  7.158940e+01   2.26e-01  
128      -3.117095e+02  -3.819322e+02  7.022266e+01   2.25e-01  
129      -3.054611e+02  -3.740202e+02  6.855912e+01   2.24e-01  
130      -2.976814e+02  -3.642712e+02  6.658982e+01   2.24e-01  
131      -2.882347e+02  -3.524772e+02  6.424244e+01   2.23e-01  
132      -2.770339e+02  -3.385345e+02  6.150061e+01   2.22e-01  
133      -2.640503e+02  -3.224198e+02  5.836944e+01   2.21e-01  
134      -2.493223e+02  -3.041627e+02  5.484038e+01   2.20e-01  
135      -2.329606e+02  -2.839357e+02  5.097516e+01   2.19e-01  
136      -2.151511e+02  -2.619406e+02  4.678953e+01   2.17e-01  
137      -1.961542e+02  -2.384405e+02  4.228635e+01   2.16e-01  
138      -1.763002e+02  -2.139261e+02  3.762588e+01   2.13e-01  
139      -1.559796e+02  -1.887105e+02  3.273085e+01   2.10e-01  
140      -1.356272e+02  -1.635151e+02  2.788795e+01   2.06e-01  
141      -1.156998e+02  -1.388377e+02  2.313793e+01   2.00e-01  
142      -9.664868e+01  -1.152203e+02  1.857158e+01   1.92e-01  
143      -7.888786e+01  -9.327336e+01  1.438549e+01   1.82e-01  
144      -6.276553e+01  -7.334386e+01  1.057833e+01   1.69e-01  
145      -4.854576e+01  -5.593743e+01  7.391670e+00   1.52e-01  
146      -3.641151e+01  -4.126749e+01  4.855978e+00   1.33e-01  
147      -2.650026e+01  -2.977902e+01  3.278768e+00   1.24e-01  
148      -1.898702e+01  -2.202626e+01  3.039241e+00   1.60e-01  
149      -1.488810e+01  -1.480851e+01  7.959008e-02   5.35e-03  
150      -1.202058e+01  -9.561321e+00  2.459263e+00   2.05e-01  
151      -1.374224e+02  -1.142661e+02  2.315627e+01   1.69e-01  
152      -1.451819e+02  -1.502610e+02  5.079103e+00   3.50e-02  
153      -1.535857e+02  -1.810677e+02  2.748192e+01   1.79e-01  
154      -1.675083e+02  -1.806978e+02  1.318949e+01   7.87e-02  
155      -1.800739e+02  -1.887128e+02  8.638975e+00   4.80e-02  
156      -1.913746e+02  -2.007550e+02  9.380457e+00   4.90e-02  
157      -2.013338e+02  -2.114538e+02  1.011995e+01   5.03e-02  
158      -2.099165e+02  -2.208043e+02  1.088781e+01   5.19e-02  
159      -2.171233e+02  -2.287598e+02  1.163653e+01   5.36e-02  
160      -2.229917e+02  -2.352817e+02  1.229005e+01   5.51e-02  
161      -2.276017e+02  -2.405096e+02  1.290790e+01   5.67e-02  
162      -2.310773e+02  -2.445162e+02  1.343894e+01   5.82e-02  
163      -2.335794e+02  -2.474423e+02  1.386294e+01   5.94e-02  
164      -2.352918e+02  -2.494416e+02  1.414975e+01   6.01e-02  
165      -2.364036e+02  -2.508050e+02  1.440141e+01   6.09e-02  
166      -2.370921e+02  -2.516685e+02  1.457640e+01   6.15e-02  
167      -2.375092e+02  -2.522144e+02  1.470520e+01   6.19e-02  
168      -2.377730e+02  -2.524918e+02  1.471887e+01   6.19e-02  
169      -2.379627e+02  -2.527503e+02  1.478757e+01   6.21e-02  
170      -2.381186e+02  -2.528944e+02  1.477579e+01   6.21e-02  
171      -2.382421e+02  -2.530108e+02  1.476868e+01   6.20e-02  
172      -2.382986e+02  -2.529999e+02  1.470126e+01   6.17e-02  
173      -2.382196e+02  -2.528806e+02  1.466098e+01   6.15e-02  
174      -2.379060e+02  -2.524810e+02  1.457501e+01   6.13e-02  
175      -2.372322e+02  -2.516592e+02  1.442707e+01   6.08e-02  
176      -2.360521e+02  -2.503268e+02  1.427468e+01   6.05e-02  
177      -2.342066e+02  -2.482609e+02  1.405438e+01   6.00e-02  
178      -2.315326e+02  -2.453814e+02  1.384887e+01   5.98e-02  
179      -2.278739e+02  -2.413921e+02  1.351821e+01   5.93e-02  
180      -2.230924e+02  -2.361707e+02  1.307835e+01   5.86e-02  
181      -2.170792e+02  -2.297104e+02  1.263128e+01   5.82e-02  
182      -2.097645e+02  -2.218669e+02  1.210241e+01   5.77e-02  
183      -2.011264e+02  -2.126222e+02  1.149583e+01   5.72e-02  
184      -1.911961e+02  -2.020342e+02  1.083810e+01   5.67e-02  
185      -1.800620e+02  -1.900705e+02  1.000848e+01   5.56e-02  
186      -1.678686e+02  -1.771339e+02  9.265322e+00   5.52e-02  
187      -1.548133e+02  -1.631589e+02  8.345649e+00   5.39e-02  
188      -1.411376e+02  -1.485288e+02  7.391160e+00   5.24e-02  
189      -1.271150e+02  -1.335656e+02  6.450652e+00   5.07e-02  
190      -1.130331e+02  -1.185470e+02  5.513944e+00   4.88e-02  
191      -9.917393e+01  -1.037762e+02  4.602260e+00   4.64e-02  
192      -8.579310e+01  -8.951393e+01  3.720826e+00   4.34e-02  
193      -7.310375e+01  -7.604680e+01  2.943051e+00   4.03e-02  
194      -6.127217e+01  -6.348780e+01  2.215630e+00   3.62e-02  
195      -5.043407e+01  -5.199442e+01  1.560349e+00   3.09e-02  
196      -4.074131e+01  -4.184035e+01  1.099040e+00   2.70e-02  
197      -3.244778e+01  -3.381531e+01  1.367528e+00   4.21e-02  
198      -2.604218e+01  -2.920289e+01  3.160712e+00   1.21e-01  
199      -2.243813e+01  -2.206313e+01  3.750053e-01   1.67e-02  
200      -1.990743e+01  -1.585152e+01  4.055913e+00   2.04e-01  
201      -1.106749e+02  -8.750144e+01  2.317349e+01   2.09e-01  
202      -1.176504e+02  -1.157622e+02  1.888163e+00   1.60e-02  
203      -1.249045e+02  -1.401397e+02  1.523512e+01   1.22e-01  
204      -1.365549e+02  -1.405223e+02  3.967432e+00   2.91e-02  
205      -1.462589e+02  -1.462487e+02  1.013917e-02   6.93e-05  
206      -1.537872e+02  -1.538142e+02  2.702724e-02   1.76e-04  
207      -1.593058e+02  -1.593171e+02  1.134337e-02   7.12e-05  
208      -1.630804e+02  -1.630859e+02  5.496966e-03   3.37e-05  
209      -1.654112e+02  -1.653907e+02  2.044816e-02   1.24e-04  
210      -1.666008e+02  -1.665702e+02  3.054590e-02   1.83e-04  
211      -1.669399e+02  -1.669001e+02  3.973782e-02   2.38e-04  
212      -1.666973e+02  -1.667049e+02  7.580341e-03   4.55e-05  
213      -1.661110e+02  -1.661459e+02  3.492612e-02   2.10e-04  
214      -1.653799e+02  -1.653653e+02  1.463761e-02   8.85e-05  
215      -1.646591e+02  -1.646477e+02  1.139231e-02   6.92e-05  
216      -1.640582e+02  -1.640605e+02  2.280710e-03   1.39e-05  
217      -1.636453e+02  -1.636371e+02  8.238440e-03   5.03e-05  
218      -1.634527e+02  -1.634624e+02  9.732414e-03   5.95e-05  
219      -1.634841e+02  -1.634451e+02  3.900437e-02   2.39e-04  
220      -1.637208e+02  -1.637145e+02  6.320265e-03   3.86e-05  
221      -1.641258e+02  -1.641135e+02  1.231602e-02   7.50e-05  
222      -1.646462e+02  -1.646297e+02  1.642557e-02   9.98e-05  
223      -1.652135e+02  -1.652122e+02  1.315734e-03   7.96e-06  
224      -1.657436e+02  -1.657276e+02  1.603884e-02   9.68e-05  
225      -1.661367e+02  -1.661588e+02  2.207813e-02   1.33e-04  
226      -1.662794e+02  -1.662611e+02  1.836200e-02   1.10e-04  
227      -1.660484e+02  -1.660460e+02  2.448391e-03   1.47e-05  
228      -1.653164e+02  -1.653074e+02  9.030866e-03   5.46e-05  
229      -1.639601e+02  -1.639691e+02  8.970573e-03   5.47e-05  
230      -1.618693e+02  -1.618870e+02  1.764096e-02   1.09e-04  
231      -1.589554e+02  -1.589762e+02  2.080858e-02   1.31e-04  
232      -1.551596e+02  -1.551841e+02  2.445959e-02   1.58e-04  
233      -1.504593e+02  -1.504712e+02  1.198271e-02   7.96e-05  
234      -1.448706e+02  -1.448585e+02  1.212425e-02   8.37e-05  
235      -1.384496e+02  -1.384650e+02  1.537171e-02   1.11e-04  
236      -1.312881e+02  -1.312833e+02  4.833773e-03   3.68e-05  
237      -1.235070e+02  -1.235316e+02  2.460582e-02   1.99e-04  
238      -1.152462e+02  -1.152324e+02  1.388212e-02   1.20e-04  
239      -1.066519e+02  -1.066484e+02  3.558671e-03   3.34e-05  
240      -9.786318e+01  -9.784555e+01  1.763366e-02   1.80e-04  
241      -8.900025e+01  -8.896696e+01  3.328110e-02   3.74e-04  
242      -8.015822e+01  -8.013921e+01  1.901320e-02   2.37e-04  
243      -7.141116e+01  -7.143635e+01  2.518676e-02   3.53e-04  
244      -6.283342e+01  -6.282570e+01  7.721370e-03   1.23e-04  
245      -5.454535e+01  -5.455199e+01  6.639264e-03   1.22e-04  
246      -4.678958e+01  -4.681322e+01  2.363921e-02   5.05e-04  
247      -4.003926e+01  -4.111554e+01  1.076283e+00   2.69e-02  
248      -3.513996e+01  -3.967737e+01  4.537416e+00   1.29e-01  
249      -3.235013e+01  -3.218779e+01  1.623356e-01   5.02e-03  
250      -3.059911e+01  -2.458515e+01  6.013959e+00   1.97e-01  
251      -8.604576e+01  -6.803360e+01  1.801217e+01   2.09e-01  
252      -9.153360e+01  -9.008393e+01  1.449666e+00   1.58e-02  
253      -9.712413e+01  -1.089487e+02  1.182462e+01   1.22e-01  
254      -1.058798e+02  -1.089274e+02  3.047669e+00   2.88e-02  
255      -1.126747e+02  -1.126846e+02  9.844849e-03   8.74e-05  
256      -1.171776e+02  -1.171937e+02  1.609856e-02   1.37e-04  
257      -1.195091e+02  -1.195264e+02  1.736480e-02   1.45e-04  
258      -1.200336e+02  -1.200631e+02  2.954288e-02   2.46e-04  
259      -1.192008e+02  -1.192143e+02  1.347199e-02   1.13e-04  
260      -1.174626e+02  -1.174800e+02  1.738791e-02   1.48e-04  
261      -1.152265e+02  -1.152459e+02  1.942528e-02   1.69e-04  
262      -1.128307e+02  -1.128283e+02  2.426419e-03   2.15e-05  
263      -1.105326e+02  -1.105177e+02  1.490506e-02   1.35e-04  
264      -1.085087e+02  -1.084740e+02  3.465604e-02   3.19e-04  
265      -1.068623e+02  -1.068893e+02  2.696163e-02   2.52e-04  
266      -1.056383e+02  -1.056488e+02  1.051648e-02   9.96e-05  
267      -1.048390e+02  -1.048955e+02  5.649216e-02   5.39e-04  
268      -1.044400e+02  -1.044388e+02  1.134031e-03   1.09e-05  
269      -1.044028e+02  -1.044236e+02  2.073739e-02   1.99e-04  
270      -1.046835e+02  -1.046958e+02  1.225304e-02   1.17e-04  
271      -1.052363e+02  -1.052451e+02  8.791904e-03   8.35e-05  
272      -1.060144e+02  -1.060130e+02  1.335760e-03   1.26e-05  
273      -1.069677e+02  -1.069528e+02  1.482089e-02   1.39e-04  
274      -1.080401e+02  -1.080371e+02  2.989187e-03   2.77e-05  
275      -1.091666e+02  -1.091866e+02  2.004078e-02   1.84e-04  
276      -1.102722e+02  -1.102676e+02  4.534305e-03   4.11e-05  
277      -1.112729e+02  -1.112710e+02  1.821637e-03   1.64e-05  
278      -1.120791e+02  -1.120456e+02  3.345946e-02   2.99e-04  
279      -1.126010e+02  -1.125540e+02  4.708645e-02   4.18e-04  
280      -1.127555e+02  -1.127518e+02  3.723544e-03   3.30e-05  
281      -1.124725e+02  -1.124941e+02  2.159322e-02   1.92e-04  
282      -1.117008e+02  -1.117105e+02  9.655522e-03   8.64e-05  
283      -1.104115e+02  -1.104226e+02  1.115677e-02   1.01e-04  
284      -1.085982e+02  -1.086005e+02  2.340360e-03   2.16e-05  
285      -1.062742e+02  -1.062695e+02  4.658067e-03   4.38e-05  
286      -1.034660e+02  -1.034648e+02  1.292700e-03   1.25e-05  
287      -1.002050e+02  -1.001882e+02  1.683302e-02   1.68e-04  
288      -9.651827e+01  -9.653884e+01  2.057655e-02   2.13e-04  
289      -9.242138e+01  -9.245747e+01  3.609436e-02   3.91e-04  
290      -8.791550e+01  -8.790780e+01  7.704035e-03   8.76e-05  
291      -8.299023e+01  -8.298343e+01  6.797794e-03   8.19e-05  
292      -7.763544e+01  -7.767071e+01  3.526763e-02   4.54e-04  
293      -7.186534e+01  -7.188418e+01  1.883994e-02   2.62e-04  
294      -6.575928e+01  -6.578554e+01  2.625694e-02   3.99e-04  
295      -5.952378e+01  -5.953178e+01  8.002538e-03   1.34e-04  
296      -5.357714e+01  -5.357291e+01  4.232595e-03   7.90e-05  
297      -4.865501e+01  -5.015996e+01  1.504952e+00   3.09e-02  
298      -4.593809e+01  -5.272793e+01  6.789840e+00   1.48e-01  
299      -4.443974e+01  -4.497323e+01  5.334912e-01   1.20e-02  
300      -4.400515e+01  -3.580590e+01  8.199256e+00   1.86e-01  
301      -6.394245e+01  -5.060465e+01  1.333780e+01   2.09e-01  
302      -6.777234e+01  -6.676614e+01  1.006193e+00   1.48e-02  
303      -7.159320e+01  -8.042801e+01  8.834816e+00   1.23e-01  
304      -7.741010e+01  -7.968373e+01  2.273634e+00   2.94e-02  
305      -8.153310e+01  -8.156082e+01  2.771957e-02   3.40e-04  
306      -8.361920e+01  -8.366061e+01  4.140837e-02   4.95e-04  
307      -8.375716e+01  -8.374694e+01  1.021663e-02   1.22e-04  
308      -8.230751e+01  -8.229409e+01  1.342395e-02   1.63e-04  
309      -7.975255e+01  -7.974871e+01  3.833327e-03   4.81e-05  
310      -7.658291e+01  -7.656114e+01  2.177622e-02   2.84e-04  
311      -7.322711e+01  -7.322132e+01  5.792696e-03   7.91e-05  
312      -7.001509e+01  -6.998561e+01  2.947827e-02   4.21e-04  
313      -6.716828e+01  -6.717473e+01  6.446240e-03   9.60e-05  
314      -6.480854e+01  -6.482448e+01  1.593933e-02   2.46e-04  
315      -6.297855e+01  -6.294592e+01  3.263277e-02   5.18e-04  
316      -6.166658e+01  -6.169116e+01  2.458515e-02   3.99e-04  
317      -6.083002e+01  -6.084879e+01  1.877507e-02   3.09e-04  
318      -6.041428e+01  -6.040395e+01  1.032664e-02   1.71e-04  
319      -6.036565e+01  -6.033463e+01  3.102144e-02   5.14e-04  
320      -6.063831e+01  -6.063239e+01  5.920303e-03   9.76e-05  
321      -6.119652e+01  -6.122956e+01  3.303654e-02   5.40e-04  
322      -6.201327e+01  -6.201739e+01  4.117958e-03   6.64e-05  
323      -6.306681e+01  -6.307029e+01  3.481371e-03   5.52e-05  
324      -6.433620e+01  -6.433679e+01  5.960800e-04   9.27e-06  
325      -6.579720e+01  -6.579814e+01  9.422849e-04   1.43e-05  
326      -6.741924e+01  -6.740077e+01  1.847558e-02   2.74e-04  
327      -6.916413e+01  -6.917143e+01  7.298820e-03   1.06e-04  
328      -7.098678e+01  -7.097041e+01  1.637177e-02   2.31e-04  
329      -7.283762e+01  -7.282298e+01  1.463785e-02   2.01e-04  
330      -7.466615e+01  -7.466739e+01  1.245185e-03   1.67e-05  
331      -7.642448e+01  -7.643711e+01  1.263014e-02   1.65e-04  
332      -7.806975e+01  -7.806740e+01  2.355844e-03   3.02e-05  
333      -7.956416e+01  -7.954294e+01  2.122129e-02   2.67e-04  
334      -8.087177e+01  -8.089088e+01  1.911461e-02   2.36e-04  
335      -8.195215e+01  -8.198425e+01  3.210139e-02   3.92e-04  
336      -8.275235e+01  -8.277064e+01  1.829358e-02   2.21e-04  
337      -8.320000e+01  -8.314702e+01  5.297784e-02   6.37e-04  
338      -8.320133e+01  -8.318127e+01  2.005926e-02   2.41e-04  
339      -8.264664e+01  -8.262949e+01  1.715584e-02   2.08e-04  
340      -8.142415e+01  -8.143174e+01  7.586827e-03   9.32e-05  
341      -7.944129e+01  -7.945606e+01  1.477266e-02   1.86e-04  
342      -7.665292e+01  -7.661364e+01  3.927639e-02   5.12e-04  
343      -7.309750e+01  -7.307177e+01  2.573151e-02   3.52e-04  
344      -6.894420e+01  -6.894762e+01  3.419354e-03   4.96e-05  
345      -6.455406e+01  -6.451869e+01  3.537080e-02   5.48e-04  
346      -6.055580e+01  -6.050908e+01  4.671942e-02   7.72e-04  
347      -5.793491e+01  -5.996253e+01  2.027620e+00   3.50e-02  
348      -5.813249e+01  -6.760589e+01  9.473395e+00   1.63e-01  
349      -5.841734e+01  -5.985572e+01  1.438377e+00   2.46e-02  
350      -5.979527e+01  -4.909251e+01  1.070276e+01   1.79e-01  
351      -4.505295e+01  -3.577307e+01  9.279877e+00   2.06e-01  
352      -4.733049e+01  -4.681339e+01  5.171007e-01   1.09e-02  
353      -4.954093e+01  -5.590488e+01  6.363953e+00   1.28e-01  
354      -5.275441e+01  -5.434588e+01  1.591471e+00   3.02e-02  
355      -5.471249e+01  -5.470966e+01  2.830051e-03   5.17e-05  
356      -5.510202e+01  -5.510377e+01  1.752961e-03   3.18e-05  
357      -5.399305e+01  -5.399243e+01  6.199712e-04   1.15e-05  
358      -5.170550e+01  -5.169261e+01  1.289396e-02   2.49e-04  
359      -4.867410e+01  -4.869175e+01  1.765270e-02   3.63e-04  
360      -4.533606e+01  -4.533638e+01  3.129430e-04   6.90e-06  
361      -4.205628e+01  -4.203778e+01  1.849285e-02   4.40e-04  
362      -3.909186e+01  -3.912591e+01  3.405327e-02   8.71e-04  
363      -3.658891e+01  -3.661017e+01  2.126001e-02   5.81e-04  
364      -3.460043e+01  -3.461661e+01  1.618005e-02   4.68e-04  
365      -3.311398e+01  -3.309478e+01  1.919619e-02   5.80e-04  
366      -3.207993e+01  -3.207825e+01  1.684198e-03   5.25e-05  
367      -3.143467e+01  -3.147143e+01  3.676717e-02   1.17e-03  
368      -3.111660e+01  -3.111478e+01  1.818128e-03   5.84e-05  
369      -3.107544e+01  -3.105186e+01  2.358441e-02   7.59e-04  
370      -3.127616e+01  -3.124836e+01  2.780508e-02   8.89e-04  
371      -3.169938e+01  -3.172192e+01  2.253891e-02   7.11e-04  
372      -3.233964e+01  -3.235653e+01  1.688859e-02   5.22e-04  
373      -3.320244e+01  -3.316422e+01  3.822813e-02   1.15e-03  
374      -3.430093e+01  -3.430611e+01  5.185958e-03   1.51e-04  
375      -3.565238e+01  -3.567460e+01  2.222031e-02   6.23e-04  
376      -3.727496e+01  -3.728267e+01  7.713653e-03   2.07e-04  
377      -3.918475e+01  -3.920031e+01  1.555544e-02   3.97e-04  
378      -4.139317e+01  -4.140380e+01  1.062342e-02   2.57e-04  
379      -4.390491e+01  -4.389418e+01  1.073354e-02   2.44e-04  
380      -4.671614e+01  -4.674066e+01  2.451852e-02   5.25e-04  
381      -4.981262e+01  -4.982071e+01  8.091606e-03   1.62e-04  
382      -5.316679e+01  -5.319023e+01  2.343295e-02   4.41e-04  
383      -5.673270e+01  -5.674091e+01  8.201460e-03   1.45e-04  
384      -6.043823e+01  -6.048048e+01  4.225238e-02   6.99e-04  
385      -6.417569e+01  -6.418152e+01  5.825805e-03   9.08e-05  
386      -6.779494e+01  -6.781977e+01  2.482737e-02   3.66e-04  
387      -7.110459e+01  -7.108675e+01  1.784880e-02   2.51e-04  
388      -7.388620e+01  -7.389105e+01  4.855709e-03   6.57e-05  
389      -7.592123e+01  -7.591942e+01  1.801175e-03   2.37e-05  
390      -7.702634e+01  -7.703986e+01  1.352434e-02   1.76e-04  
391      -7.709043e+01  -7.706798e+01  2.244942e-02   2.91e-04  
392      -7.610947e+01  -7.611446e+01  4.993192e-03   6.56e-05  
393      -7.422008e+01  -7.420754e+01  1.253368e-02   1.69e-04  
394      -7.173739e+01  -7.175971e+01  2.231755e-02   3.11e-04  
395      -6.920250e+01  -6.921195e+01  9.449502e-03   1.37e-04  
396      -6.744148e+01  -6.743000e+01  1.148399e-02   1.70e-04  
397      -6.763292e+01  -7.021347e+01  2.580545e+00   3.82e-02  
398      -7.137780e+01  -8.396641e+01  1.258861e+01   1.76e-01  
399      -7.385599e+01  -7.637442e+01  2.518434e+00   3.41e-02  
400      -7.742278e+01  -6.391006e+01  1.351272e+01   1.75e-01  
401      -3.031799e+01  -2.422654e+01  6.091455e+00   2.01e-01  
402      -3.131140e+01  -3.124696e+01  6.444316e-02   2.06e-03  
403      -3.225636e+01  -3.661879e+01  4.362433e+00   1.35e-01  
404      -3.349017e+01  -3.453474e+01  1.044575e+00   3.12e-02  
405      -3.404030e+01  -3.402696e+01  1.334601e-02   3.92e-04  
406      -3.362232e+01  -3.362034e+01  1.979032e-03   5.89e-05  
407      -3.227093e+01  -3.228119e+01  1.025794e-02   3.18e-04  
408      -3.022210e+01  -3.021688e+01  5.219697e-03   1.73e-04  
409      -2.779702e+01  -2.782492e+01  2.789976e-02   1.00e-03  
410      -2.530786e+01  -2.532641e+01  1.855077e-02   7.33e-04  
411      -2.299804e+01  -2.300829e+01  1.024615e-02   4.46e-04  
412      -2.101848e+01  -2.102673e+01  8.243138e-03   3.92e-04  
413      -1.943210e+01  -1.941032e+01  2.178646e-02   1.12e-03  
414      -1.823508e+01  -1.826349e+01  2.841469e-02   1.56e-03  
415      -1.738334e+01  -1.743259e+01  4.924936e-02   2.83e-03  
416      -1.681611e+01  -1.683192e+01  1.580765e-02   9.40e-04  
417      -1.647243e+01  -1.649358e+01  2.115057e-02   1.28e-03  
418      -1.630068e+01  -1.628480e+01  1.587949e-02   9.74e-04  
419      -1.626280e+01  -1.626961e+01  6.813225e-03   4.19e-04  
420      -1.633536e+01  -1.632072e+01  1.463955e-02   8.96e-04  
421      -1.650945e+01  -1.649742e+01  1.202610e-02   7.28e-04  
422      -1.679032e+01  -1.679002e+01  3.085721e-04   1.84e-05  
423      -1.719778e+01  -1.719947e+01  1.693025e-03   9.84e-05  
424      -1.776688e+01  -1.776154e+01  5.346162e-03   3.01e-04  
425      -1.854866e+01  -1.858775e+01  3.908187e-02   2.11e-03  
426      -1.960957e+01  -1.959473e+01  1.483584e-02   7.57e-04  
427      -2.102847e+01  -2.103727e+01  8.793547e-03   4.18e-04  
428      -2.289058e+01  -2.290771e+01  1.713359e-02   7.48e-04  
429      -2.527830e+01  -2.525660e+01  2.170065e-02   8.58e-04  
430      -2.826021e+01  -2.828066e+01  2.045446e-02   7.24e-04  
431      -3.187884e+01  -3.186941e+01  9.425990e-03   2.96e-04  
432      -3.613797e+01  -3.613021e+01  7.766315e-03   2.15e-04  
433      -4.098872e+01  -4.102720e+01  3.848156e-02   9.39e-04  
434      -4.631497e+01  -4.631085e+01  4.117387e-03   8.89e-05  
435      -5.192232e+01  -5.187660e+01  4.572491e-02   8.81e-04  
436      -5.753914e+01  -5.755775e+01  1.861092e-02   3.23e-04  
437      -6.283829e+01  -6.284629e+01  8.001615e-03   1.27e-04  
438      -6.748062e+01  -6.749532e+01  1.469585e-02   2.18e-04  
439      -7.117133e+01  -7.117563e+01  4.303963e-03   6.05e-05  
440      -7.371457e+01  -7.371537e+01  8.045608e-04   1.09e-05  
441      -7.505402e+01  -7.504841e+01  5.606619e-03   7.47e-05  
442      -7.529626e+01  -7.532928e+01  3.301499e-02   4.38e-04  
443      -7.472491e+01  -7.474871e+01  2.379757e-02   3.18e-04  
444      -7.381856e+01  -7.384655e+01  2.798774e-02   3.79e-04  
445      -7.328138e+01  -7.323715e+01  4.423107e-02   6.04e-04  
446      -7.408645e+01  -7.410098e+01  1.452408e-02   1.96e-04  
447      -7.752579e+01  -8.075888e+01  3.233087e+00   4.17e-02  
448      -8.526075e+01  -1.011067e+02  1.584595e+01   1.86e-01  
449      -9.020804e+01  -9.390071e+01  3.692672e+00   4.09e-02  
450      -9.618620e+01  -7.971798e+01  1.646822e+01   1.71e-01  
451      -2.089513e+01  -1.685358e+01  4.041551e+00   1.93e-01  
452      -2.100909e+01  -2.122501e+01  2.159154e-01   1.03e-02  
453      -2.119745e+01  -2.436310e+01  3.165652e+00   1.49e-01  
454      -2.134322e+01  -2.205003e+01  7.068034e-01   3.31e-02  
455      -2.148938e+01  -2.148066e+01  8.716846e-03   4.06e-04  
456      -2.133238e+01  -2.132351e+01  8.871840e-03   4.16e-04  
457      -2.080905e+01  -2.083930e+01  3.025383e-02   1.45e-03  
458      -2.000206e+01  -2.000751e+01  5.447345e-03   2.72e-04  
459      -1.905709e+01  -1.901679e+01  4.029886e-02   2.11e-03  
460      -1.812129e+01  -1.809678e+01  2.451307e-02   1.35e-03  
461      -1.730605e+01  -1.730109e+01  4.955879e-03   2.86e-04  
462      -1.667137e+01  -1.665730e+01  1.406752e-02   8.44e-04  
463      -1.622837e+01  -1.624262e+01  1.424626e-02   8.78e-04  
464      -1.595349e+01  -1.592676e+01  2.672829e-02   1.68e-03  
465      -1.580567e+01  -1.579466e+01  1.100636e-02   6.96e-04  
466      -1.574004e+01  -1.571244e+01  2.760151e-02   1.75e-03  
467      -1.571574e+01  -1.569805e+01  1.768821e-02   1.13e-03  
468      -1.569880e+01  -1.572757e+01  2.877050e-02   1.83e-03  
469      -1.566225e+01  -1.566788e+01  5.635722e-03   3.60e-04  
470      -1.558543e+01  -1.555442e+01  3.100116e-02   1.99e-03  
471      -1.545418e+01  -1.544601e+01  8.169678e-03   5.29e-04  
472      -1.526315e+01  -1.524865e+01  1.450454e-02   9.50e-04  
473      -1.502108e+01  -1.501517e+01  5.909732e-03   3.93e-04  
474      -1.475906e+01  -1.476152e+01  2.468082e-03   1.67e-04  
475      -1.454029e+01  -1.453641e+01  3.885049e-03   2.67e-04  
476      -1.446821e+01  -1.443019e+01  3.801579e-02   2.63e-03  
477      -1.468833e+01  -1.471317e+01  2.484288e-02   1.69e-03  
478      -1.538046e+01  -1.538698e+01  6.518828e-03   4.24e-04  
479      -1.674003e+01  -1.677545e+01  3.542563e-02   2.12e-03  
480      -1.895087e+01  -1.890087e+01  5.000342e-02   2.64e-03  
481      -2.215376e+01  -2.218682e+01  3.306240e-02   1.49e-03  
482      -2.641401e+01  -2.641306e+01  9.492537e-04   3.59e-05  
483      -3.169046e+01  -3.170903e+01  1.857135e-02   5.86e-04  
484      -3.781019e+01  -3.781938e+01  9.195868e-03   2.43e-04  
485      -4.446081e+01  -4.445532e+01  5.486026e-03   1.23e-04  
486      -5.121564e+01  -5.121027e+01  5.370504e-03   1.05e-04  
487      -5.759707e+01  -5.761474e+01  1.767117e-02   3.07e-04  
488      -6.316473e+01  -6.316776e+01  3.033691e-03   4.80e-05  
489      -6.760228e+01  -6.760947e+01  7.189795e-03   1.06e-04  
490      -7.077706e+01  -7.074929e+01  2.776507e-02   3.92e-04  
491      -7.276006e+01  -7.276497e+01  4.915272e-03   6.76e-05  
492      -7.381555e+01  -7.381858e+01  3.033715e-03   4.11e-05  
493      -7.438522e+01  -7.438791e+01  2.692662e-03   3.62e-05  
494      -7.508777e+01  -7.510702e+01  1.924770e-02   2.56e-04  
495      -7.673979e+01  -7.671975e+01  2.004168e-02   2.61e-04  
496      -8.039145e+01  -8.041247e+01  2.101974e-02   2.61e-04  
497      -8.736771e+01  -9.126276e+01  3.895054e+00   4.46e-02  
498      -9.930875e+01  -1.184598e+02  1.915101e+01   1.93e-01  
499      -1.068493e+02  -1.117307e+02  4.881336e+00   4.57e-02  
500      -1.153075e+02  -9.583143e+01  1.947606e+01   1.69e-01  
501      -1.818761e+01  -1.483728e+01  3.350328e+00   1.84e-01  
502      -1.798244e+01  -1.829756e+01  3.151175e-01   1.75e-02  
503      -1.811005e+01  -2.094230e+01  2.832249e+00   1.56e-01  
504      -1.835567e+01  -1.895488e+01  5.992006e-01   3.26e-02  
505      -1.935382e+01  -1.936037e+01  6.550944e-03   3.38e-04  
506      -2.066759e+01  -2.069120e+01  2.361742e-02   1.14e-03  
507      -2.202130e+01  -2.198884e+01  3.245983e-02   1.47e-03  
508      -2.326072e+01  -2.325249e+01  8.227745e-03   3.54e-04  
509      -2.432555e+01  -2.430033e+01  2.522184e-02   1.04e-03  
510      -2.522231e+01  -2.518914e+01  3.316997e-02   1.32e-03  
511      -2.598902e+01  -2.599631e+01  7.291103e-03   2.81e-04  
512      -2.666249e+01  -2.665544e+01  7.051818e-03   2.64e-04  
513      -2.726250e+01  -2.726650e+01  4.003557e-03   1.47e-04  
514      -2.779204e+01  -2.778324e+01  8.799192e-03   3.17e-04  
515      -2.824389e+01  -2.825644e+01  1.255280e-02   4.44e-04  
516      -2.860610e+01  -2.861543e+01  9.332986e-03   3.26e-04  
517      -2.886401e+01  -2.882964e+01  3.436709e-02   1.19e-03  
518      -2.899946e+01  -2.899403e+01  5.437853e-03   1.88e-04  
519      -2.898876e+01  -2.899239e+01  3.633968e-03   1.25e-04  
520      -2.880079e+01  -2.882111e+01  2.031786e-02   7.05e-04  
521      -2.839695e+01  -2.840973e+01  1.277162e-02   4.50e-04  
522      -2.773457e+01  -2.774304e+01  8.468660e-03   3.05e-04  
523      -2.677618e+01  -2.676021e+01  1.597303e-02   5.97e-04  
524      -2.550679e+01  -2.554349e+01  3.669393e-02   1.44e-03  
525      -2.395874e+01  -2.397527e+01  1.652895e-02   6.90e-04  
526      -2.223874e+01  -2.222419e+01  1.455470e-02   6.54e-04  
527      -2.054680e+01  -2.053984e+01  6.952404e-03   3.38e-04  
528      -1.917504e+01  -1.915321e+01  2.183579e-02   1.14e-03  
529      -1.847977e+01  -1.849113e+01  1.135710e-02   6.15e-04  
530      -1.882852e+01  -1.885139e+01  2.287044e-02   1.21e-03  
531      -2.053169e+01  -2.049595e+01  3.574622e-02   1.74e-03  
532      -2.376953e+01  -2.375506e+01  1.447316e-02   6.09e-04  
533      -2.852544e+01  -2.850031e+01  2.512180e-02   8.81e-04  
534      -3.454454e+01  -3.459311e+01  4.857153e-02   1.41e-03  
535      -4.134641e+01  -4.129278e+01  5.363709e-02   1.30e-03  
536      -4.830828e+01  -4.831195e+01  3.665577e-03   7.59e-05  
537      -5.480011e+01  -5.478102e+01  1.909084e-02   3.48e-04  
538      -6.032738e+01  -6.033244e+01  5.057794e-03   8.38e-05  
539      -6.463446e+01  -6.463025e+01  4.211085e-03   6.52e-05  
540      -6.773641e+01  -6.773814e+01  1.727713e-03   2.55e-05  
541      -6.988429e+01  -6.986634e+01  1.795290e-02   2.57e-04  
542      -7.150644e+01  -7.152753e+01  2.109875e-02   2.95e-04  
543      -7.316963e+01  -7.314850e+01  2.112682e-02   2.89e-04  
544      -7.557570e+01  -7.558339e+01  7.691494e-03   1.02e-04  
545      -7.958562e+01  -7.958782e+01  2.197938e-03   2.76e-05  
546      -8.625647e+01  -8.629471e+01  3.823372e-02   4.43e-04  
547      -9.688018e+01  -1.013880e+02  4.507816e+00   4.65e-02  
548      -1.130195e+02  -1.354114e+02  2.239193e+01   1.98e-01  
549      -1.231342e+02  -1.291088e+02  5.974547e+00   4.85e-02  
550      -1.340071e+02  -1.116064e+02  2.240068e+01   1.67e-01  
551      -2.395493e+01  -1.945603e+01  4.498900e+00   1.88e-01  
552      -2.420967e+01  -2.453951e+01  3.298330e-01   1.36e-02  
553      -2.521572e+01  -2.892325e+01  3.707530e+00   1.47e-01  
554      -2.709198e+01  -2.790742e+01  8.154437e-01   3.01e-02  
555      -3.041053e+01  -3.042690e+01  1.636648e-02   5.38e-04  
556      -3.440309e+01  -3.437226e+01  3.083103e-02   8.96e-04  
557      -3.843876e+01  -3.841161e+01  2.714954e-02   7.06e-04  
558      -4.208719e+01  -4.209887e+01  1.167810e-02   2.77e-04  
559      -4.515276e+01  -4.512210e+01  3.065289e-02   6.79e-04  
560      -4.763141e+01  -4.765581e+01  2.439435e-02   5.12e-04  
561      -4.961462e+01  -4.963484e+01  2.021731e-02   4.07e-04  
562      -5.120911e+01  -5.120945e+01  3.450739e-04   6.74e-06  
563      -5.250120e+01  -5.250026e+01  9.455010e-04   1.80e-05  
564      -5.355070e+01  -5.352690e+01  2.380083e-02   4.44e-04  
565      -5.439545e+01  -5.441021e+01  1.476057e-02   2.71e-04  
566      -5.505630e+01  -5.503900e+01  1.730271e-02   3.14e-04  
567      -5.553902e+01  -5.551017e+01  2.885009e-02   5.19e-04  
568      -5.583343e+01  -5.582498e+01  8.450883e-03   1.51e-04  
569      -5.591066e+01  -5.591083e+01  1.711728e-04   3.06e-06  
570      -5.571962e+01  -5.570803e+01  1.159161e-02   2.08e-04  
571      -5.518393e+01  -5.515735e+01  2.658451e-02   4.82e-04  
572      -5.420180e+01  -5.419252e+01  9.273085e-03   1.71e-04  
573      -5.265300e+01  -5.267671e+01  2.371152e-02   4.50e-04  
574      -5.042045e+01  -5.044365e+01  2.319527e-02   4.60e-04  
575      -4.743259e+01  -4.743918e+01  6.589538e-03   1.39e-04  
576      -4.372413e+01  -4.372065e+01  3.479907e-03   7.96e-05  
577      -3.949674e+01  -3.949594e+01  7.987466e-04   2.02e-05  
578      -3.514994e+01  -3.516257e+01  1.262633e-02   3.59e-04  
579      -3.125564e+01  -3.128528e+01  2.963194e-02   9.48e-04  
580      -2.846985e+01  -2.846030e+01  9.552133e-03   3.36e-04  
581      -2.739478e+01  -2.740068e+01  5.905854e-03   2.16e-04  
582      -2.841821e+01  -2.842715e+01  8.940558e-03   3.15e-04  
583      -3.157095e+01  -3.157630e+01  5.346244e-03   1.69e-04  
584      -3.646891e+01  -3.646989e+01  9.821407e-04   2.69e-05  
585      -4.239378e+01  -4.236119e+01  3.259361e-02   7.69e-04  
586      -4.849192e+01  -4.848224e+01  9.671698e-03   1.99e-04  
587      -5.401063e+01  -5.402423e+01  1.359662e-02   2.52e-04  
588      -5.849018e+01  -5.850755e+01  1.736448e-02   2.97e-04  
589      -6.184296e+01  -6.185229e+01  9.330886e-03   1.51e-04  
590      -6.430133e+01  -6.427517e+01  2.616303e-02   4.07e-04  
591      -6.630005e+01  -6.626547e+01  3.458804e-02   5.22e-04  
592      -6.838336e+01  -6.842174e+01  3.838358e-02   5.61e-04  
593      -7.117202e+01  -7.114672e+01  2.530032e-02   3.55e-04  
594      -7.537738e+01  -7.540470e+01  2.732215e-02   3.62e-04  
595      -8.183823e+01  -8.186221e+01  2.398399e-02   2.93e-04  
596      -9.156246e+01  -9.159142e+01  2.896345e-02   3.16e-04  
597      -1.057647e+02  -1.108767e+02  5.111972e+00   4.83e-02  
598      -1.258986e+02  -1.513194e+02  2.542084e+01   2.02e-01  
599      -1.384475e+02  -1.454525e+02  7.005044e+00   5.06e-02  
600      -1.515645e+02  -1.262784e+02  2.528612e+01   1.67e-01  
601      -4.056625e+01  -3.262120e+01  7.945048e+00   1.96e-01  
602      -4.239450e+01  -4.238973e+01  4.768240e-03   1.12e-04  
603      -4.551563e+01  -5.157778e+01  6.062143e+00   1.33e-01  
604      -5.088056e+01  -5.222898e+01  1.348417e+00   2.65e-02  
605      -5.800677e+01  -5.799156e+01  1.521310e-02   2.62e-04  
606      -6.554205e+01  -6.556580e+01  2.375104e-02   3.62e-04  
607      -7.242255e+01  -7.240705e+01  1.550458e-02   2.14e-04  
608      -7.807947e+01  -7.809520e+01  1.572626e-02   2.01e-04  
609      -8.244034e+01  -8.242636e+01  1.397993e-02   1.70e-04  
610      -8.571819e+01  -8.571831e+01  1.204347e-04   1.41e-06  
611      -8.819171e+01  -8.820333e+01  1.161784e-02   1.32e-04  
612      -9.009796e+01  -9.011267e+01  1.470906e-02   1.63e-04  
613      -9.160621e+01  -9.162733e+01  2.112079e-02   2.31e-04  
614      -9.282690e+01  -9.282507e+01  1.829447e-03   1.97e-05  
615      -9.382778e+01  -9.384953e+01  2.175289e-02   2.32e-04  
616      -9.464620e+01  -9.463051e+01  1.568417e-02   1.66e-04  
617      -9.529530e+01  -9.530624e+01  1.093509e-02   1.15e-04  
618      -9.576505e+01  -9.576168e+01  3.371297e-03   3.52e-05  
619      -9.601910e+01  -9.599669e+01  2.241237e-02   2.33e-04  
620      -9.598840e+01  -9.599001e+01  1.609958e-03   1.68e-05  
621      -9.556213e+01  -9.557882e+01  1.669287e-02   1.75e-04  
622      -9.457764e+01  -9.458369e+01  6.043551e-03   6.39e-05  
623      -9.281373e+01  -9.276183e+01  5.189380e-02   5.59e-04  
624      -8.999805e+01  -8.997601e+01  2.203067e-02   2.45e-04  
625      -8.585319e+01  -8.582558e+01  2.761771e-02   3.22e-04  
626      -8.019908e+01  -8.018087e+01  1.820646e-02   2.27e-04  
627      -7.309843e+01  -7.310220e+01  3.771435e-03   5.16e-05  
628      -6.498018e+01  -6.495961e+01  2.056196e-02   3.16e-04  
629      -5.666633e+01  -5.664520e+01  2.113132e-02   3.73e-04  
630      -4.925079e+01  -4.927927e+01  2.848215e-02   5.78e-04  
631      -4.383546e+01  -4.384411e+01  8.658012e-03   1.98e-04  
632      -4.117446e+01  -4.117112e+01  3.334852e-03   8.10e-05  
633      -4.137747e+01  -4.137011e+01  7.365385e-03   1.78e-04  
634      -4.386421e+01  -4.388355e+01  1.933724e-02   4.41e-04  
635      -4.761136e+01  -4.759278e+01  1.857483e-02   3.90e-04  
636      -5.153229e+01  -5.152469e+01  7.601193e-03   1.48e-04  
637      -5.483651e+01  -5.484590e+01  9.389723e-03   1.71e-04  
638      -5.723851e+01  -5.726360e+01  2.509666e-02   4.38e-04  
639      -5.892301e+01  -5.894026e+01  1.724393e-02   2.93e-04  
640      -6.034317e+01  -6.032433e+01  1.884578e-02   3.12e-04  
641      -6.204318e+01  -6.204162e+01  1.558974e-03   2.51e-05  
642      -6.458552e+01  -6.458013e+01  5.383493e-03   8.34e-05  
643      -6.855653e+01  -6.856013e+01  3.604138e-03   5.26e-05  
644      -7.460793e+01  -7.462620e+01  1.827275e-02   2.45e-04  
645      -8.350587e+01  -8.351061e+01  4.744812e-03   5.68e-05  
646      -9.617386e+01  -9.616680e+01  7.060699e-03   7.34e-05  
647      -1.137263e+02  -1.193520e+02  5.625717e+00   4.95e-02  
648      -1.374952e+02  -1.655903e+02  2.809508e+01   2.04e-01  
649      -1.522457e+02  -1.601918e+02  7.946095e+00   5.22e-02  
650      -1.673602e+02  -1.395714e+02  2.778881e+01   1.66e-01  
651      -7.155732e+01  -5.703163e+01  1.452569e+01   2.03e-01  
652      -7.653518e+01  -7.565804e+01  8.771366e-01   1.15e-02  
653      -8.321567e+01  -9.342932e+01  1.021365e+01   1.23e-01  
654      -9.399128e+01  -9.646188e+01  2.470604e+00   2.63e-02  
655      -1.059156e+02  -1.058827e+02  3.281718e-02   3.10e-04  
656      -1.168711e+02  -1.169131e+02  4.198292e-02   3.59e-04  
657      -1.255826e+02  -1.256211e+02  3.855748e-02   3.07e-04  
658      -1.318517e+02  -1.318691e+02  1.741674e-02   1.32e-04  
659      -1.361548e+02  -1.361369e+02  1.787442e-02   1.31e-04  
660      -1.391007e+02  -1.391132e+02  1.248796e-02   8.98e-05  
661      -1.411898e+02  -1.411945e+02  4.679968e-03   3.31e-05  
662      -1.427623e+02  -1.427531e+02  9.232801e-03   6.47e-05  
663      -1.440256e+02  -1.440093e+02  1.628651e-02   1.13e-04  
664      -1.450975e+02  -1.451115e+02  1.402510e-02   9.67e-05  
665      -1.460409e+02  -1.460414e+02  5.685043e-04   3.89e-06  
666      -1.468857e+02  -1.468862e+02  4.807836e-04   3.27e-06  
667      -1.476395e+02  -1.476564e+02  1.695328e-02   1.15e-04  
668      -1.482897e+02  -1.482545e+02  3.516109e-02   2.37e-04  
669      -1.488003e+02  -1.488007e+02  4.428595e-04   2.98e-06  
670      -1.491023e+02  -1.491000e+02  2.272816e-03   1.52e-05  
671      -1.490779e+02  -1.490891e+02  1.120528e-02   7.52e-05  
672      -1.485373e+02  -1.485099e+02  2.745061e-02   1.85e-04  
673      -1.471886e+02  -1.471989e+02  1.028437e-02   6.99e-05  
674      -1.446044e+02  -1.446018e+02  2.628576e-03   1.82e-05  
675      -1.402098e+02  -1.402031e+02  6.691506e-03   4.77e-05  
676      -1.333903e+02  -1.334113e+02  2.096449e-02   1.57e-04  
677      -1.237583e+02  -1.237671e+02  8.829926e-03   7.13e-05  
678      -1.115093e+02  -1.115094e+02  5.071967e-05   4.55e-07  
679      -9.763657e+01  -9.762965e+01  6.916270e-03   7.08e-05  
680      -8.385146e+01  -8.384778e+01  3.681622e-03   4.39e-05  
681      -7.208830e+01  -7.210827e+01  1.996757e-02   2.77e-04  
682      -6.373914e+01  -6.375319e+01  1.404824e-02   2.20e-04  
683      -5.907243e+01  -5.908723e+01  1.479614e-02   2.50e-04  
684      -5.730105e+01  -5.727578e+01  2.527478e-02   4.41e-04  
685      -5.708087e+01  -5.707903e+01  1.841801e-03   3.23e-05  
686      -5.714671e+01  -5.717407e+01  2.736185e-02   4.79e-04  
687      -5.683332e+01  -5.684179e+01  8.471526e-03   1.49e-04  
688      -5.619653e+01  -5.618633e+01  1.020896e-02   1.82e-04  
689      -5.569987e+01  -5.569344e+01  6.425769e-03   1.15e-04  
690      -5.589277e+01  -5.589944e+01  6.674185e-03   1.19e-04  
691      -5.728208e+01  -5.728517e+01  3.090161e-03   5.39e-05  
692      -6.033178e+01  -6.032513e+01  6.650826e-03   1.10e-04  
693      -6.551515e+01  -6.551170e+01  3.452974e-03   5.27e-05  
694      -7.337616e+01  -7.338427e+01  8.105051e-03   1.10e-04  
695      -8.458058e+01  -8.455073e+01  2.985375e-02   3.53e-04  
696      -9.995234e+01  -9.996947e+01  1.713488e-02   1.71e-04  
697      -1.204987e+02  -1.266071e+02  6.108355e+00   5.07e-02  
698      -1.474303e+02  -1.778704e+02  3.044006e+01   2.06e-01  
699      -1.640849e+02  -1.728153e+02  8.730446e+00   5.32e-02  
700      -1.809002e+02  -1.508892e+02  3.001100e+01   1.66e-01  
701      -1.228452e+02  -9.717828e+01  2.566689e+01   2.09e-01  
702      -1.328352e+02  -1.304005e+02  2.434641e+00   1.83e-02  
703      -1.441247e+02  -1.611208e+02  1.699619e+01   1.18e-01  
704      -1.615001e+02  -1.657613e+02  4.261225e+00   2.64e-02  
705      -1.776660e+02  -1.776278e+02  3.819271e-02   2.15e-04  
706      -1.899840e+02  -1.900122e+02  2.818142e-02   1.48e-04  
707      -1.979581e+02  -1.979627e+02  4.571838e-03   2.31e-05  
708      -2.026443e+02  -2.026291e+02  1.517206e-02   7.49e-05  
709      -2.052642e+02  -2.052713e+02  7.058202e-03   3.44e-05  
710      -2.067552e+02  -2.067664e+02  1.119372e-02   5.41e-05  
711      -2.077081e+02  -2.076628e+02  4.522818e-02   2.18e-04  
712      -2.084470e+02  -2.084829e+02  3.591089e-02   1.72e-04  
713      -2.091285e+02  -2.091443e+02  1.579033e-02   7.55e-05  
714      -2.098179e+02  -2.097945e+02  2.340803e-02   1.12e-04  
715      -2.105355e+02  -2.105355e+02  4.727044e-05   2.25e-07  
716      -2.112832e+02  -2.112779e+02  5.338845e-03   2.53e-05  
717      -2.120553e+02  -2.120410e+02  1.432928e-02   6.76e-05  
718      -2.128414e+02  -2.128694e+02  2.794598e-02   1.31e-04  
719      -2.136227e+02  -2.136392e+02  1.658437e-02   7.76e-05  
720      -2.143612e+02  -2.143604e+02  8.104397e-04   3.78e-06  
721      -2.149825e+02  -2.149988e+02  1.634251e-02   7.60e-05  
722      -2.153440e+02  -2.153226e+02  2.140328e-02   9.94e-05  
723      -2.151853e+02  -2.151714e+02  1.393183e-02   6.47e-05  
724      -2.140462e+02  -2.140366e+02  9.602743e-03   4.49e-05  
725      -2.111440e+02  -2.111101e+02  3.386775e-02   1.60e-04  
726      -2.052121e+02  -2.052200e+02  7.898994e-03   3.85e-05  
727      -1.948536e+02  -1.948398e+02  1.382074e-02   7.09e-05  
728      -1.793095e+02  -1.792723e+02  3.723665e-02   2.08e-04  
729      -1.593377e+02  -1.593573e+02  1.959437e-02   1.23e-04  
730      -1.373106e+02  -1.372807e+02  2.991596e-02   2.18e-04  
731      -1.164488e+02  -1.164450e+02  3.738262e-03   3.21e-05  
732      -9.921480e+01  -9.919106e+01  2.374150e-02   2.39e-04  
733      -8.649185e+01  -8.650387e+01  1.201514e-02   1.39e-04  
734      -7.754021e+01  -7.753550e+01  4.704326e-03   6.07e-05  
735      -7.076665e+01  -7.078232e+01  1.567540e-02   2.22e-04  
736      -6.483776e+01  -6.483673e+01  1.021639e-03   1.58e-05  
737      -5.947549e+01  -5.946356e+01  1.192919e-02   2.01e-04  
738      -5.508444e+01  -5.507247e+01  1.196388e-02   2.17e-04  
739      -5.216896e+01  -5.215688e+01  1.207883e-02   2.32e-04  
740      -5.113323e+01  -5.112744e+01  5.797161e-03   1.13e-04  
741      -5.227980e+01  -5.229289e+01  1.309349e-02   2.50e-04  
742      -5.587677e+01  -5.589069e+01  1.392228e-02   2.49e-04  
743      -6.223561e+01  -6.221627e+01  1.933434e-02   3.11e-04  
744      -7.177179e+01  -7.177213e+01  3.338313e-04   4.65e-06  
745      -8.504346e+01  -8.502648e+01  1.698283e-02   2.00e-04  
746      -1.027739e+02  -1.027971e+02  2.322074e-02   2.26e-04  
747      -1.258660e+02  -1.323917e+02  6.525730e+00   5.18e-02  
748      -1.554143e+02  -1.877457e+02  3.233137e+01   2.08e-01  
749      -1.736350e+02  -1.829495e+02  9.314503e+00   5.36e-02  
750      -1.918258e+02  -1.600356e+02  3.179026e+01   1.66e-01  
751      -2.051436e+02  -1.613710e+02  4.377264e+01   2.13e-01  
752      -2.206430e+02  -2.160545e+02  4.588492e+00   2.08e-02  
753      -2.356808e+02  -2.634333e+02  2.775247e+01   1.18e-01  
754      -2.583732e+02  -2.656474e+02  7.274213e+00   2.82e-02  
755      -2.748688e+02  -2.748983e+02  2.944640e-02   1.07e-04  
756      -2.837418e+02  -2.837329e+02  8.862803e-03   3.12e-05  
757      -2.874777e+02  -2.874464e+02  3.131896e-02   1.09e-04  
758      -2.883695e+02  -2.883635e+02  6.001423e-03   2.08e-05  
759      -2.880141e+02  -2.880014e+02  1.269331e-02   4.41e-05  
760      -2.873251e+02  -2.873349e+02  9.722914e-03   3.38e-05  
761      -2.867355e+02  -2.867397e+02  4.181919e-03   1.46e-05  
762      -2.863999e+02  -2.863519e+02  4.799475e-02   1.68e-04  
763      -2.863363e+02  -2.863270e+02  9.315119e-03   3.25e-05  
764      -2.865087e+02  -2.865438e+02  3.507581e-02   1.22e-04  
765      -2.868707e+02  -2.868807e+02  1.000372e-02   3.49e-05  
766      -2.873856e+02  -2.873840e+02  1.568867e-03   5.46e-06  
767      -2.880345e+02  -2.880328e+02  1.671957e-03   5.80e-06  
768      -2.888175e+02  -2.888158e+02  1.764522e-03   6.11e-06  
769      -2.897520e+02  -2.897550e+02  3.069001e-03   1.06e-05  
770      -2.908659e+02  -2.908348e+02  3.109172e-02   1.07e-04  
771      -2.921866e+02  -2.921832e+02  3.384509e-03   1.16e-05  
772      -2.937175e+02  -2.937533e+02  3.573028e-02   1.22e-04  
773      -2.953929e+02  -2.954254e+02  3.250575e-02   1.10e-04  
774      -2.969856e+02  -2.969783e+02  7.254555e-03   2.44e-05  
775      -2.979176e+02  -2.979606e+02  4.300637e-02   1.44e-04  
776      -2.968605e+02  -2.968454e+02  1.513068e-02   5.10e-05  
777      -2.905009e+02  -2.905226e+02  2.168066e-02   7.46e-05  
778      -2.755465e+02  -2.755631e+02  1.657533e-02   6.02e-05  
779      -2.509784e+02  -2.509910e+02  1.266504e-02   5.05e-05  
780      -2.195375e+02  -2.195843e+02  4.684776e-02   2.13e-04  
781      -1.853611e+02  -1.853534e+02  7.719579e-03   4.16e-05  
782      -1.532476e+02  -1.532223e+02  2.530110e-02   1.65e-04  
783      -1.264300e+02  -1.264283e+02  1.713788e-03   1.36e-05  
784      -1.053726e+02  -1.053368e+02  3.577247e-02   3.39e-04  
785      -8.819008e+01  -8.819947e+01  9.395085e-03   1.07e-04  
786      -7.381038e+01  -7.380326e+01  7.119502e-03   9.65e-05  
787      -6.228990e+01  -6.228547e+01  4.435988e-03   7.12e-05  
788      -5.382278e+01  -5.380670e+01  1.607955e-02   2.99e-04  
789      -4.851308e+01  -4.852236e+01  9.279827e-03   1.91e-04  
790      -4.636389e+01  -4.637294e+01  9.052890e-03   1.95e-04  
791      -4.734269e+01  -4.733731e+01  5.373918e-03   1.14e-04  
792      -5.146887e+01  -5.151440e+01  4.553273e-02   8.85e-04  
793      -5.887903e+01  -5.892834e+01  4.930661e-02   8.37e-04  
794      -6.986223e+01  -6.986906e+01  6.826476e-03   9.77e-05  
795      -8.487458e+01  -8.487997e+01  5.392336e-03   6.35e-05  
796      -1.045444e+02  -1.045557e+02  1.127778e-02   1.08e-04  
797      -1.296759e+02  -1.364368e+02  6.760890e+00   5.21e-02  
798      -1.612555e+02  -1.949249e+02  3.366940e+01   2.09e-01  
799      -1.806841e+02  -1.904361e+02  9.751924e+00   5.40e-02  
800      -1.999128e+02  -1.668482e+02  3.306463e+01   1.65e-01  
801      -3.367200e+02  -2.852621e+02  5.145796e+01   1.53e-01  
802      -3.529191e+02  -3.727410e+02  1.982191e+01   5.62e-02  
803      -3.662283e+02  -4.411565e+02  7.492818e+01   2.05e-01  
804      -3.868634e+02  -4.254863e+02  3.862292e+01   9.98e-02  
805      -3.936496e+02  -4.173917e+02  2.374214e+01   6.03e-02  
806      -3.935791e+02  -4.161336e+02  2.255454e+01   5.73e-02  
807      -3.903210e+02  -4.120546e+02  2.173356e+01   5.57e-02  
808      -3.862159e+02  -4.074044e+02  2.118843e+01   5.49e-02  
809      -3.824618e+02  -4.033155e+02  2.085369e+01   5.45e-02  
810      -3.795073e+02  -4.001523e+02  2.064498e+01   5.44e-02  
811      -3.774017e+02  -3.979249e+02  2.052317e+01   5.44e-02  
812      -3.760252e+02  -3.964176e+02  2.039238e+01   5.42e-02  
813      -3.752127e+02  -3.955160e+02  2.030328e+01   5.41e-02  
814      -3.748111e+02  -3.950757e+02  2.026460e+01   5.41e-02  
815      -3.747029e+02  -3.949186e+02  2.021572e+01   5.40e-02  
816      -3.748136e+02  -3.949895e+02  2.017584e+01   5.38e-02  
817      -3.751143e+02  -3.952434e+02  2.012910e+01   5.37e-02  
818      -3.756222e+02  -3.957517e+02  2.012946e+01   5.36e-02  
819      -3.764026e+02  -3.964907e+02  2.008812e+01   5.34e-02  
820      -3.775724e+02  -3.976637e+02  2.009127e+01   5.32e-02  
821      -3.793045e+02  -3.994656e+02  2.016115e+01   5.32e-02  
822      -3.818312e+02  -4.021091e+02  2.027795e+01   5.31e-02  
823      -3.854414e+02  -4.059542e+02  2.051280e+01   5.32e-02  
824      -3.904563e+02  -4.114289e+02  2.097261e+01   5.37e-02  
825      -3.971459e+02  -4.188974e+02  2.175148e+01   5.48e-02  
826      -4.054782e+02  -4.286164e+02  2.313812e+01   5.71e-02  
827      -4.144373e+02  -4.388662e+02  2.442891e+01   5.89e-02  
828      -4.115334e+02  -4.353421e+02  2.380871e+01   5.79e-02  
829      -3.904572e+02  -4.114578e+02  2.100066e+01   5.38e-02  
830      -3.513300e+02  -3.676418e+02  1.631180e+01   4.64e-02  
831      -2.981169e+02  -3.086315e+02  1.051462e+01   3.53e-02  
832      -2.374208e+02  -2.425347e+02  5.113937e+00   2.15e-02  
833      -1.836961e+02  -1.855452e+02  1.849055e+00   1.01e-02  
834      -1.410065e+02  -1.414334e+02  4.268736e-01   3.03e-03  
835      -1.080754e+02  -1.080587e+02  1.672655e-02   1.55e-04  
836      -8.324330e+01  -8.321542e+01  2.788105e-02   3.35e-04  
837      -6.505698e+01  -6.504475e+01  1.222945e-02   1.88e-04  
838      -5.256796e+01  -5.253768e+01  3.027547e-02   5.76e-04  
839      -4.505654e+01  -4.505555e+01  9.940921e-04   2.21e-05  
840      -4.193131e+01  -4.193929e+01  7.979386e-03   1.90e-04  
841      -4.276161e+01  -4.276864e+01  7.026428e-03   1.64e-04  
842      -4.731505e+01  -4.732804e+01  1.298540e-02   2.74e-04  
843      -5.556769e+01  -5.557611e+01  8.420993e-03   1.52e-04  
844      -6.769595e+01  -6.770434e+01  8.387226e-03   1.24e-04  
845      -8.406348e+01  -8.408063e+01  1.715340e-02   2.04e-04  
846      -1.052103e+02  -1.052265e+02  1.622220e-02   1.54e-04  
847      -1.318477e+02  -1.387650e+02  6.917349e+00   5.25e-02  
848      -1.648603e+02  -1.994217e+02  3.456141e+01   2.10e-01  
849      -1.851337e+02  -1.952186e+02  1.008486e+01   5.45e-02  
850      -2.050627e+02  -1.711000e+02  3.396277e+01   1.66e-01  
851      -5.500444e+02  -5.736980e+02  2.365368e+01   4.30e-02  
852      -5.483518e+02  -7.073533e+02  1.590015e+02   2.90e-01  
853      -5.445699e+02  -7.926272e+02  2.480574e+02   4.56e-01  
854      -5.348854e+02  -6.816906e+02  1.468052e+02   2.74e-01  
855      -5.242655e+02  -6.376824e+02  1.134169e+02   2.16e-01  
856      -5.127734e+02  -6.209335e+02  1.081602e+02   2.11e-01  
857      -5.021903e+02  -6.070964e+02  1.049061e+02   2.09e-01  
858      -4.935473e+02  -5.963361e+02  1.027888e+02   2.08e-01  
859      -4.870251e+02  -5.884513e+02  1.014262e+02   2.08e-01  
860      -4.823566e+02  -5.828758e+02  1.005192e+02   2.08e-01  
861      -4.791337e+02  -5.789821e+02  9.984843e+01   2.08e-01  
862      -4.769593e+02  -5.764023e+02  9.944296e+01   2.08e-01  
863      -4.755029e+02  -5.745324e+02  9.902951e+01   2.08e-01  
864      -4.745123e+02  -5.732699e+02  9.875763e+01   2.08e-01  
865      -4.738112e+02  -5.723119e+02  9.850067e+01   2.08e-01  
866      -4.732937e+02  -5.714763e+02  9.818267e+01   2.07e-01  
867      -4.729219e+02  -5.708003e+02  9.787839e+01   2.07e-01  
868      -4.727281e+02  -5.703010e+02  9.757297e+01   2.06e-01  
869      -4.728221e+02  -5.700816e+02  9.725952e+01   2.06e-01  
870      -4.734068e+02  -5.704713e+02  9.706447e+01   2.05e-01  
871      -4.748032e+02  -5.717195e+02  9.691632e+01   2.04e-01  
872      -4.774912e+02  -5.745864e+02  9.709521e+01   2.03e-01  
873      -4.821749e+02  -5.799966e+02  9.782167e+01   2.03e-01  
874      -4.898893e+02  -5.892204e+02  9.933105e+01   2.03e-01  
875      -5.021935e+02  -6.046777e+02  1.024842e+02   2.04e-01  
876      -5.215899e+02  -6.302840e+02  1.086940e+02   2.08e-01  
877      -5.535707e+02  -6.687006e+02  1.151299e+02   2.08e-01  
878      -6.187515e+02  -7.453640e+02  1.266124e+02   2.05e-01  
879      -6.308715e+02  -7.489788e+02  1.181072e+02   1.87e-01  
880      -5.943888e+02  -6.918178e+02  9.742899e+01   1.64e-01  
881      -5.162072e+02  -5.849886e+02  6.878141e+01   1.33e-01  
882      -4.061075e+02  -4.460602e+02  3.995272e+01   9.84e-02  
883      -2.661785e+02  -2.764245e+02  1.024600e+01   3.85e-02  
884      -1.822279e+02  -1.840382e+02  1.810280e+00   9.93e-03  
885      -1.288719e+02  -1.288920e+02  2.008723e-02   1.56e-04  
886      -9.260163e+01  -9.262791e+01  2.627855e-02   2.84e-04  
887      -6.782011e+01  -6.784941e+01  2.930045e-02   4.32e-04  
888      -5.163061e+01  -5.160775e+01  2.286599e-02   4.43e-04  
889      -4.216156e+01  -4.219422e+01  3.266005e-02   7.75e-04  
890      -3.814273e+01  -3.813832e+01  4.406524e-03   1.16e-04  
891      -3.875878e+01  -3.873140e+01  2.738390e-02   7.07e-04  
892      -4.355847e+01  -4.354978e+01  8.694742e-03   2.00e-04  
893      -5.238246e+01  -5.237036e+01  1.210293e-02   2.31e-04  
894      -6.530918e+01  -6.530570e+01  3.481209e-03   5.33e-05  
895      -8.261753e+01  -8.262475e+01  7.217045e-03   8.74e-05  
896      -1.047639e+02  -1.047468e+02  1.708756e-02   1.63e-04  
897      -1.323711e+02  -1.394441e+02  7.073007e+00   5.34e-02  
898      -1.662271e+02  -2.011211e+02  3.489405e+01   2.10e-01  
899      -1.869891e+02  -1.971618e+02  1.017278e+01   5.44e-02  
900      -2.072901e+02  -1.729614e+02  3.432868e+01   1.66e-01  
901      -6.846038e+02  -6.223041e+02  6.229964e+01   9.10e-02  
902      -6.719846e+02  -7.545127e+02  8.252816e+01   1.23e-01  
903      -6.551709e+02  -8.283397e+02  1.731688e+02   2.64e-01  
904      -6.282075e+02  -6.938189e+02  6.561140e+01   1.04e-01  
905      -6.053810e+02  -6.386707e+02  3.328966e+01   5.50e-02  
906      -5.855628e+02  -6.159205e+02  3.035765e+01   5.18e-02  
907      -5.698390e+02  -5.989255e+02  2.908651e+01   5.10e-02  
908      -5.582582e+02  -5.868378e+02  2.857963e+01   5.12e-02  
909      -5.500877e+02  -5.784016e+02  2.831395e+01   5.15e-02  
910      -5.444651e+02  -5.726322e+02  2.816713e+01   5.17e-02  
911      -5.406421e+02  -5.687116e+02  2.806951e+01   5.19e-02  
912      -5.380373e+02  -5.660794e+02  2.804203e+01   5.21e-02  
913      -5.362208e+02  -5.640925e+02  2.787175e+01   5.20e-02  
914      -5.348849e+02  -5.626356e+02  2.775076e+01   5.19e-02  
915      -5.338216e+02  -5.614074e+02  2.758588e+01   5.17e-02  
916      -5.329086e+02  -5.602992e+02  2.739057e+01   5.14e-02  
917      -5.321045e+02  -5.592450e+02  2.714049e+01   5.10e-02  
918      -5.314521e+02  -5.583262e+02  2.687409e+01   5.06e-02  
919      -5.310900e+02  -5.576223e+02  2.653226e+01   5.00e-02  
920      -5.312768e+02  -5.574527e+02  2.617596e+01   4.93e-02  
921      -5.324306e+02  -5.583187e+02  2.588803e+01   4.86e-02  
922      -5.351988e+02  -5.608208e+02  2.562206e+01   4.79e-02  
923      -5.405750e+02  -5.660538e+02  2.547887e+01   4.71e-02  
924      -5.501091e+02  -5.758479e+02  2.573882e+01   4.68e-02  
925      -5.663120e+02  -5.930261e+02  2.671410e+01   4.72e-02  
926      -5.934547e+02  -6.229689e+02  2.951416e+01   4.97e-02  
927      -6.409283e+02  -6.701923e+02  2.926401e+01   4.57e-02  
928      -7.428831e+02  -7.690705e+02  2.618739e+01   3.53e-02  
929      -8.265275e+02  -8.737951e+02  4.726764e+01   5.72e-02  
930      -8.011909e+02  -8.629298e+02  6.173889e+01   7.71e-02  
931      -7.050315e+02  -7.708037e+02  6.577222e+01   9.33e-02  
932      -5.617332e+02  -6.204390e+02  5.870579e+01   1.05e-01  
933      -3.807812e+02  -4.160295e+02  3.524826e+01   9.26e-02  
934      -2.244702e+02  -2.290413e+02  4.571088e+00   2.04e-02  
935      -1.488871e+02  -1.488685e+02  1.856167e-02   1.25e-04  
936      -1.014337e+02  -1.014154e+02  1.837185e-02   1.81e-04  
937      -7.072027e+01  -7.070981e+01  1.045694e-02   1.48e-04  
938      -5.131243e+01  -5.135720e+01  4.477040e-02   8.73e-04  
939      -4.009780e+01  -4.010162e+01  3.823123e-03   9.53e-05  
940      -3.518815e+01  -3.525026e+01  6.210782e-02   1.77e-03  
941      -3.545463e+01  -3.542214e+01  3.248572e-02   9.16e-04  
942      -4.027187e+01  -4.026250e+01  9.377276e-03   2.33e-04  
943      -4.936788e+01  -4.937977e+01  1.189224e-02   2.41e-04  
944      -6.273331e+01  -6.273118e+01  2.125344e-03   3.39e-05  
945      -8.056689e+01  -8.058309e+01  1.620208e-02   2.01e-04  
946      -1.032441e+02  -1.032516e+02  7.442185e-03   7.21e-05  
947      -1.313021e+02  -1.383320e+02  7.029906e+00   5.35e-02  
948      -1.654362e+02  -2.002698e+02  3.483359e+01   2.11e-01  
949      -1.863462e+02  -1.965563e+02  1.021007e+01   5.48e-02  
950      -2.067067e+02  -1.724672e+02  3.423956e+01   1.66e-01  
951      -8.412097e+02  -6.058461e+02  2.353635e+02   2.80e-01  
952      -8.018746e+02  -7.107581e+02  9.111654e+01   1.14e-01  
953      -7.667703e+02  -7.644520e+02  2.318249e+00   3.02e-03  
954      -7.161389e+02  -6.227043e+02  9.343458e+01   1.30e-01  
955      -6.787373e+02  -5.645753e+02  1.141619e+02   1.68e-01  
956      -6.506181e+02  -5.405463e+02  1.100717e+02   1.69e-01  
957      -6.307978e+02  -5.241533e+02  1.066446e+02   1.69e-01  
958      -6.172907e+02  -5.131694e+02  1.041213e+02   1.69e-01  
959      -6.082008e+02  -5.058294e+02  1.023714e+02   1.68e-01  
960      -6.020934e+02  -5.009401e+02  1.011532e+02   1.68e-01  
961      -5.979578e+02  -4.975986e+02  1.003592e+02   1.68e-01  
962      -5.950935e+02  -4.952604e+02  9.983312e+01   1.68e-01  
963      -5.930124e+02  -4.934807e+02  9.953169e+01   1.68e-01  
964      -5.913743e+02  -4.921074e+02  9.926691e+01   1.68e-01  
965      -5.899515e+02  -4.908813e+02  9.907018e+01   1.68e-01  
966      -5.886101e+02  -4.896742e+02  9.893583e+01   1.68e-01  
967      -5.873052e+02  -4.884339e+02  9.887126e+01   1.68e-01  
968      -5.860859e+02  -4.872410e+02  9.884489e+01   1.69e-01  
969      -5.851116e+02  -4.862433e+02  9.886830e+01   1.69e-01  
970      -5.846824e+02  -4.856339e+02  9.904845e+01   1.69e-01  
971      -5.852940e+02  -4.857765e+02  9.951744e+01   1.70e-01  
972      -5.877332e+02  -4.875108e+02  1.002225e+02   1.71e-01  
973      -5.932527e+02  -4.917555e+02  1.014973e+02   1.71e-01  
974      -6.039072e+02  -5.002387e+02  1.036685e+02   1.72e-01  
975      -6.232608e+02  -5.160965e+02  1.071643e+02   1.72e-01  
976      -6.579914e+02  -5.454326e+02  1.125588e+02   1.71e-01  
977      -7.231184e+02  -5.940484e+02  1.290700e+02   1.78e-01  
978      -8.728359e+02  -7.023823e+02  1.704536e+02   1.95e-01  
979      -9.951499e+02  -8.689091e+02  1.262408e+02   1.27e-01  
980      -9.694723e+02  -9.200165e+02  4.945577e+01   5.10e-02  
981      -8.339837e+02  -8.542659e+02  2.028218e+01   2.43e-02  
982      -6.540074e+02  -7.120232e+02  5.801583e+01   8.87e-02  
983      -4.464379e+02  -5.009912e+02  5.455330e+01   1.22e-01  
984      -2.592473e+02  -2.675366e+02  8.289231e+00   3.20e-02  
985      -1.653605e+02  -1.653993e+02  3.887103e-02   2.35e-04  
986      -1.091264e+02  -1.091442e+02  1.781465e-02   1.63e-04  
987      -7.376157e+01  -7.376747e+01  5.902308e-03   8.00e-05  
988      -5.171673e+01  -5.170704e+01  9.687453e-03   1.87e-04  
989      -3.893528e+01  -3.890953e+01  2.574387e-02   6.61e-04  
990      -3.310008e+01  -3.310489e+01  4.804081e-03   1.45e-04  
991      -3.286231e+01  -3.286149e+01  8.223046e-04   2.50e-05  
992      -3.746491e+01  -3.744963e+01  1.527292e-02   4.08e-04  
993      -4.654111e+01  -4.653388e+01  7.223545e-03   1.55e-04  
994      -6.000087e+01  -6.004469e+01  4.381347e-02   7.30e-04  
995      -7.796565e+01  -7.797964e+01  1.398853e-02   1.79e-04  
996      -1.007319e+02  -1.007143e+02  1.759646e-02   1.75e-04  
997      -1.287535e+02  -1.356905e+02  6.936977e+00   5.39e-02  
998      -1.626369e+02  -1.969185e+02  3.428162e+01   2.11e-01  
999      -1.833766e+02  -1.934148e+02  1.003825e+01   5.47e-02  
1000     -2.035047e+02  -1.697858e+02  3.371894e+01   1.66e-01  
1001     -8.817274e+02  -8.336954e+02  4.803200e+01   5.45e-02  
1002     -6.789189e+02  -7.259344e+02  4.701549e+01   6.93e-02  
1003     -4.684510e+02  -5.385576e+02  7.010669e+01   1.50e-01  
1004     -2.752897e+02  -2.869133e+02  1.162361e+01   4.22e-02  
1005     -1.754115e+02  -1.754027e+02  8.803723e-03   5.02e-05  
1006     -1.148103e+02  -1.148156e+02  5.339752e-03   4.65e-05  
1007     -7.660936e+01  -7.660688e+01  2.487670e-03   3.25e-05  
1008     -5.263335e+01  -5.264820e+01  1.484391e-02   2.82e-04  
1009     -3.851722e+01  -3.853048e+01  1.325866e-02   3.44e-04  
1010     -3.176315e+01  -3.177807e+01  1.492728e-02   4.70e-04  
1011     -3.090564e+01  -3.091206e+01  6.421988e-03   2.08e-04  
1012     -3.509953e+01  -3.508581e+01  1.371547e-02   3.91e-04  
1013     -4.390167e+01  -4.395309e+01  5.141642e-02   1.17e-03  
1014     -5.714912e+01  -5.715376e+01  4.640251e-03   8.12e-05  
1015     -7.488973e+01  -7.494655e+01  5.682780e-02   7.59e-04  
1016     -9.734356e+01  -9.736418e+01  2.062338e-02   2.12e-04  
1017     -1.248839e+02  -1.315864e+02  6.702446e+00   5.37e-02  
1018     -1.580324e+02  -1.914055e+02  3.337314e+01   2.11e-01  
1019     -1.783102e+02  -1.880909e+02  9.780738e+00   5.49e-02  
1020     -1.979384e+02  -1.651304e+02  3.280807e+01   1.66e-01  
1021     -7.935537e+02  -6.893076e+02  1.042461e+02   1.31e-01  
1022     -6.223054e+02  -6.528002e+02  3.049476e+01   4.90e-02  
1023     -4.450201e+02  -5.222578e+02  7.723764e+01   1.74e-01  
1024     -2.715897e+02  -2.851630e+02  1.357322e+01   5.00e-02  
1025     -1.773597e+02  -1.773547e+02  5.017089e-03   2.83e-05  
1026     -1.175370e+02  -1.175062e+02  3.081937e-02   2.62e-04  
1027     -7.859960e+01  -7.859056e+01  9.048470e-03   1.15e-04  
1028     -5.360051e+01  -5.354712e+01  5.338500e-02   9.96e-04  
1029     -3.852302e+01  -3.854329e+01  2.026828e-02   5.26e-04  
1030     -3.096150e+01  -3.093320e+01  2.830039e-02   9.14e-04  
1031     -2.945034e+01  -2.944646e+01  3.885696e-03   1.32e-04  
1032     -3.310831e+01  -3.310803e+01  2.787448e-04   8.42e-06  
1033     -4.143994e+01  -4.143374e+01  6.192645e-03   1.49e-04  
1034     -5.422103e+01  -5.420441e+01  1.661751e-02   3.06e-04  
1035     -7.143215e+01  -7.144747e+01  1.531741e-02   2.14e-04  
1036     -9.322117e+01  -9.317567e+01  4.549984e-02   4.88e-04  
1037     -1.198850e+02  -1.263726e+02  6.487614e+00   5.41e-02  
1038     -1.518649e+02  -1.839055e+02  3.204064e+01   2.11e-01  
1039     -1.714191e+02  -1.807859e+02  9.366807e+00   5.46e-02  
1040     -1.903066e+02  -1.587632e+02  3.154339e+01   1.66e-01  
1041     -5.364080e+02  -4.255403e+02  1.108677e+02   2.07e-01  
1042     -4.559572e+02  -4.667137e+02  1.075646e+01   2.36e-02  
1043     -3.800398e+02  -4.535006e+02  7.346080e+01   1.93e-01  
1044     -2.513731e+02  -2.651822e+02  1.380913e+01   5.49e-02  
1045     -1.715108e+02  -1.715130e+02  2.139047e-03   1.25e-05  
1046     -1.166092e+02  -1.166284e+02  1.917385e-02   1.64e-04  
1047     -7.906160e+01  -7.904473e+01  1.687307e-02   2.13e-04  
1048     -5.409756e+01  -5.408462e+01  1.293471e-02   2.39e-04  
1049     -3.857961e+01  -3.859951e+01  1.989852e-02   5.16e-04  
1050     -3.044214e+01  -3.041562e+01  2.651548e-02   8.71e-04  
1051     -2.833906e+01  -2.834789e+01  8.829504e-03   3.12e-04  
1052     -3.141212e+01  -3.144564e+01  3.351736e-02   1.07e-03  
1053     -3.914367e+01  -3.914712e+01  3.444557e-03   8.80e-05  
1054     -5.126437e+01  -5.128059e+01  1.621965e-02   3.16e-04  
1055     -6.769671e+01  -6.767650e+01  2.020884e-02   2.99e-04  
1056     -8.852257e+01  -8.856811e+01  4.554011e-02   5.14e-04  
1057     -1.139678e+02  -1.201377e+02  6.169923e+00   5.41e-02  
1058     -1.443995e+02  -1.748609e+02  3.046136e+01   2.11e-01  
1059     -1.630001e+02  -1.719277e+02  8.927594e+00   5.48e-02  
1060     -1.809344e+02  -1.509233e+02  3.001114e+01   1.66e-01  
1061     -3.616864e+02  -2.935168e+02  6.816956e+01   1.88e-01  
1062     -3.249904e+02  -3.357034e+02  1.071303e+01   3.30e-02  
1063     -2.844772e+02  -3.396529e+02  5.517564e+01   1.94e-01  
1064     -2.209511e+02  -2.334481e+02  1.249701e+01   5.66e-02  
1065     -1.593870e+02  -1.594058e+02  1.881226e-02   1.18e-04  
1066     -1.121178e+02  -1.121193e+02  1.528670e-03   1.36e-05  
1067     -7.764816e+01  -7.765627e+01  8.107279e-03   1.04e-04  
1068     -5.374048e+01  -5.372269e+01  1.779009e-02   3.31e-04  
1069     -3.837054e+01  -3.838191e+01  1.136297e-02   2.96e-04  
1070     -2.997494e+01  -2.998622e+01  1.127770e-02   3.76e-04  
1071     -2.742317e+01  -2.742558e+01  2.414292e-03   8.80e-05  
1072     -2.993517e+01  -2.992489e+01  1.027559e-02   3.43e-04  
1073     -3.700263e+01  -3.697951e+01  2.312265e-02   6.25e-04  
1074     -4.832932e+01  -4.833058e+01  1.262073e-03   2.61e-05  
1075     -6.379079e+01  -6.379237e+01  1.584236e-03   2.48e-05  
1076     -8.341065e+01  -8.344081e+01  3.015763e-02   3.62e-04  
1077     -1.073503e+02  -1.131217e+02  5.771312e+00   5.38e-02  
1078     -1.359098e+02  -1.645300e+02  2.862020e+01   2.11e-01  
1079     -1.533596e+02  -1.617538e+02  8.394117e+00   5.47e-02  
1080     -1.701574e+02  -1.419083e+02  2.824905e+01   1.66e-01  
1081     -2.850992e+02  -2.343441e+02  5.075507e+01   1.78e-01  
1082     -2.615911e+02  -2.718964e+02  1.030533e+01   3.94e-02  
1083     -2.338240e+02  -2.796378e+02  4.581379e+01   1.96e-01  
1084     -1.891966e+02  -1.994227e+02  1.022604e+01   5.40e-02  
1085     -1.440661e+02  -1.440446e+02  2.158176e-02   1.50e-04  
1086     -1.049308e+02  -1.049151e+02  1.568791e-02   1.50e-04  
1087     -7.447087e+01  -7.447440e+01  3.537150e-03   4.75e-05  
1088     -5.239009e+01  -5.236078e+01  2.931360e-02   5.60e-04  
1089     -3.770755e+01  -3.771537e+01  7.825540e-03   2.08e-04  
1090     -2.939529e+01  -2.936049e+01  3.480245e-02   1.18e-03  
1091     -2.658618e+01  -2.662974e+01  4.356590e-02   1.64e-03  
1092     -2.861591e+01  -2.864338e+01  2.746670e-02   9.60e-04  
1093     -3.501115e+01  -3.498010e+01  3.105192e-02   8.87e-04  
1094     -4.546543e+01  -4.545861e+01  6.816526e-03   1.50e-04  
1095     -5.981841e+01  -5.982122e+01  2.803865e-03   4.69e-05  
1096     -7.804357e+01  -7.805043e+01  6.859169e-03   8.79e-05  
1097     -1.002452e+02  -1.056561e+02  5.410875e+00   5.40e-02  
1098     -1.266644e+02  -1.532698e+02  2.660543e+01   2.10e-01  
1099     -1.427991e+02  -1.505045e+02  7.705425e+00   5.40e-02  
1100     -1.583065e+02  -1.319768e+02  2.632974e+01   1.66e-01  
1101     -2.404356e+02  -1.977468e+02  4.268885e+01   1.78e-01  
1102     -2.220607e+02  -2.305628e+02  8.502130e+00   3.83e-02  
1103     -2.002668e+02  -2.388798e+02  3.861293e+01   1.93e-01  
1104     -1.645220e+02  -1.730096e+02  8.487600e+00   5.16e-02  
1105     -1.286047e+02  -1.286214e+02  1.673513e-02   1.30e-04  
1106     -9.637289e+01  -9.639103e+01  1.813556e-02   1.88e-04  
1107     -7.000181e+01  -6.998826e+01  1.355322e-02   1.94e-04  
1108     -5.014896e+01  -5.013278e+01  1.618361e-02   3.23e-04  
1109     -3.654797e+01  -3.652470e+01  2.327084e-02   6.37e-04  
1110     -2.862130e+01  -2.864635e+01  2.505310e-02   8.75e-04  
1111     -2.575538e+01  -2.575788e+01  2.498960e-03   9.70e-05  
1112     -2.741284e+01  -2.740111e+01  1.172361e-02   4.28e-04  
1113     -3.316896e+01  -3.314257e+01  2.638744e-02   7.96e-04  
1114     -4.271843e+01  -4.270686e+01  1.156344e-02   2.71e-04  
1115     -5.587389e+01  -5.589497e+01  2.108333e-02   3.77e-04  
1116     -7.256616e+01  -7.258085e+01  1.469386e-02   2.02e-04  
1117     -9.284993e+01  -9.778020e+01  4.930273e+00   5.31e-02  
1118     -1.169159e+02  -1.413981e+02  2.448213e+01   2.09e-01  
1119     -1.316041e+02  -1.386377e+02  7.033600e+00   5.34e-02  
1120     -1.456972e+02  -1.214264e+02  2.427074e+01   1.67e-01  
1121     -2.105596e+02  -1.735077e+02  3.705194e+01   1.76e-01  
1122     -1.944778e+02  -2.021778e+02  7.699984e+00   3.96e-02  
1123     -1.758544e+02  -2.098448e+02  3.399035e+01   1.93e-01  
1124     -1.450365e+02  -1.524002e+02  7.363682e+00   5.08e-02  
1125     -1.148530e+02  -1.148678e+02  1.483928e-02   1.29e-04  
1126     -8.760867e+01  -8.762976e+01  2.109325e-02   2.41e-04  
1127     -6.484423e+01  -6.483495e+01  9.284967e-03   1.43e-04  
1128     -4.727064e+01  -4.729946e+01  2.882230e-02   6.10e-04  
1129     -3.496476e+01  -3.497461e+01  9.852909e-03   2.82e-04  
1130     -2.764642e+01  -2.766031e+01  1.388186e-02   5.02e-04  
1131     -2.490158e+01  -2.492815e+01  2.657128e-02   1.07e-03  
1132     -2.630504e+01  -2.631421e+01  9.172600e-03   3.49e-04  
1133     -3.148030e+01  -3.146314e+01  1.716079e-02   5.45e-04  
1134     -4.012725e+01  -4.016455e+01  3.729975e-02   9.30e-04  
1135     -5.203680e+01  -5.203449e+01  2.306406e-03   4.43e-05  
1136     -6.710322e+01  -6.708312e+01  2.009473e-02   2.99e-04  
1137     -8.533888e+01  -8.985698e+01  4.518107e+00   5.29e-02  
1138     -1.068932e+02  -1.291171e+02  2.222387e+01   2.08e-01  
1139     -1.200359e+02  -1.263197e+02  6.283761e+00   5.23e-02  
1140     -1.326209e+02  -1.104289e+02  2.219198e+01   1.67e-01  
1141     -1.885573e+02  -1.557030e+02  3.285432e+01   1.74e-01  
1142     -1.737295e+02  -1.809455e+02  7.215917e+00   4.15e-02  
1143     -1.569965e+02  -1.876320e+02  3.063550e+01   1.95e-01  
1144     -1.292649e+02  -1.358423e+02  6.577412e+00   5.09e-02  
1145     -1.029082e+02  -1.029511e+02  4.294325e-02   4.17e-04  
1146     -7.931373e+01  -7.930598e+01  7.751315e-03   9.77e-05  
1147     -5.950369e+01  -5.951877e+01  1.508604e-02   2.54e-04  
1148     -4.404424e+01  -4.406974e+01  2.549342e-02   5.79e-04  
1149     -3.309176e+01  -3.310742e+01  1.566170e-02   4.73e-04  
1150     -2.651589e+01  -2.654840e+01  3.251208e-02   1.23e-03  
1151     -2.402974e+01  -2.405699e+01  2.724752e-02   1.13e-03  
1152     -2.528854e+01  -2.525819e+01  3.034836e-02   1.20e-03  
1153     -2.995178e+01  -2.994513e+01  6.645178e-03   2.22e-04  
1154     -3.772143e+01  -3.767914e+01  4.228487e-02   1.12e-03  
1155     -4.836832e+01  -4.836672e+01  1.603552e-03   3.32e-05  
1156     -6.175490e+01  -6.176640e+01  1.150179e-02   1.86e-04  
1157     -7.785842e+01  -8.192055e+01  4.062121e+00   5.22e-02  
1158     -9.679617e+01  -1.167547e+02  1.995851e+01   2.06e-01  
1159     -1.083272e+02  -1.138227e+02  5.495473e+00   5.07e-02  
1160     -1.193415e+02  -9.930690e+01  2.003458e+01   1.68e-01  
1161     -1.711140e+02  -1.415602e+02  2.955381e+01   1.73e-01  
1162     -1.571316e+02  -1.640268e+02  6.895238e+00   4.39e-02  
1163     -1.416910e+02  -1.696883e+02  2.799732e+01   1.98e-01  
1164     -1.161403e+02  -1.220628e+02  5.922485e+00   5.10e-02  
1165     -9.253349e+01  -9.255075e+01  1.726553e-02   1.87e-04  
1166     -7.170225e+01  -7.170330e+01  1.053358e-03   1.47e-05  
1167     -5.429702e+01  -5.430728e+01  1.025637e-02   1.89e-04  
1168     -4.071008e+01  -4.070669e+01  3.382225e-03   8.31e-05  
1169     -3.107166e+01  -3.105314e+01  1.851208e-02   5.96e-04  
1170     -2.529878e+01  -2.529875e+01  2.817804e-05   1.11e-06  
1171     -2.316554e+01  -2.314229e+01  2.325011e-02   1.00e-03  
1172     -2.437026e+01  -2.437274e+01  2.472727e-03   1.01e-04  
1173     -2.858938e+01  -2.859695e+01  7.567749e-03   2.65e-04  
1174     -3.551899e+01  -3.551671e+01  2.281765e-03   6.42e-05  
1175     -4.490901e+01  -4.491116e+01  2.147057e-03   4.78e-05  
1176     -5.659423e+01  -5.661240e+01  1.817342e-02   3.21e-04  
1177     -7.052449e+01  -7.417479e+01  3.650297e+00   5.18e-02  
1178     -8.679451e+01  -1.044152e+02  1.762074e+01   2.03e-01  
1179     -9.668099e+01  -1.014369e+02  4.755931e+00   4.92e-02  
1180     -1.060947e+02  -8.816837e+01  1.792635e+01   1.69e-01  
1181     -1.564868e+02  -1.296805e+02  2.680629e+01   1.71e-01  
1182     -1.431901e+02  -1.497451e+02  6.554954e+00   4.58e-02  
1183     -1.287528e+02  -1.545201e+02  2.576731e+01   2.00e-01  
1184     -1.049231e+02  -1.103041e+02  5.381027e+00   5.13e-02  
1185     -8.344039e+01  -8.343619e+01  4.199061e-03   5.03e-05  
1186     -6.479324e+01  -6.482609e+01  3.285011e-02   5.07e-04  
1187     -4.937612e+01  -4.941267e+01  3.655623e-02   7.40e-04  
1188     -3.743026e+01  -3.743956e+01  9.295866e-03   2.48e-04  
1189     -2.902374e+01  -2.898799e+01  3.574336e-02   1.23e-03  
1190     -2.406581e+01  -2.405582e+01  9.987284e-03   4.15e-04  
1191     -2.234265e+01  -2.232064e+01  2.200854e-02   9.85e-04  
1192     -2.356155e+01  -2.355650e+01  5.047659e-03   2.14e-04  
1193     -2.739540e+01  -2.739409e+01  1.309083e-03   4.78e-05  
1194     -3.352485e+01  -3.351593e+01  8.921278e-03   2.66e-04  
1195     -4.167782e+01  -4.167237e+01  5.445279e-03   1.31e-04  
1196     -5.166664e+01  -5.171026e+01  4.361794e-02   8.44e-04  
1197     -6.342280e+01  -6.664211e+01  3.219316e+00   5.08e-02  
1198     -7.702871e+01  -9.242166e+01  1.539295e+01   2.00e-01  
1199     -8.527229e+01  -8.922154e+01  3.949245e+00   4.63e-02  
1200     -9.309077e+01  -7.725571e+01  1.583507e+01   1.70e-01  
1201     -1.437028e+02  -1.192562e+02  2.444664e+01   1.70e-01  
1202     -1.310346e+02  -1.373262e+02  6.291688e+00   4.80e-02  
1203     -1.174567e+02  -1.412516e+02  2.379490e+01   2.03e-01  
1204     -9.510705e+01  -1.000128e+02  4.905706e+00   5.16e-02  
1205     -7.537267e+01  -7.539105e+01  1.837982e-02   2.44e-04  
1206     -5.852828e+01  -5.855225e+01  2.396995e-02   4.10e-04  
1207     -4.479579e+01  -4.480164e+01  5.848613e-03   1.31e-04  
1208     -3.429797e+01  -3.428964e+01  8.323486e-03   2.43e-04  
1209     -2.703384e+01  -2.704539e+01  1.154825e-02   4.27e-04  
1210     -2.287711e+01  -2.285224e+01  2.487416e-02   1.09e-03  
1211     -2.159365e+01  -2.157851e+01  1.514023e-02   7.01e-04  
1212     -2.287251e+01  -2.288186e+01  9.344127e-03   4.09e-04  
1213     -2.636530e+01  -2.633398e+01  3.131427e-02   1.19e-03  
1214     -3.172949e+01  -3.177108e+01  4.158380e-02   1.31e-03  
1215     -3.867225e+01  -3.867318e+01  9.350769e-04   2.42e-05  
1216     -4.699139e+01  -4.698736e+01  4.024951e-03   8.57e-05  
1217     -5.661137e+01  -5.938656e+01  2.775189e+00   4.90e-02  
1218     -6.761346e+01  -8.084598e+01  1.323252e+01   1.96e-01  
1219     -7.425214e+01  -7.747166e+01  3.219515e+00   4.34e-02  
1220     -8.051832e+01  -6.666791e+01  1.385041e+01   1.72e-01  
1221     -1.322028e+02  -1.098713e+02  2.233150e+01   1.69e-01  
1222     -1.201451e+02  -1.261794e+02  6.034340e+00   5.02e-02  
1223     -1.073505e+02  -1.293411e+02  2.199068e+01   2.05e-01  
1224     -8.634666e+01  -9.086165e+01  4.514990e+00   5.23e-02  
1225     -6.812400e+01  -6.817143e+01  4.743468e-02   6.96e-04  
1226     -5.282585e+01  -5.284575e+01  1.990400e-02   3.77e-04  
1227     -4.056014e+01  -4.055265e+01  7.494163e-03   1.85e-04  
1228     -3.136016e+01  -3.136116e+01  9.976985e-04   3.18e-05  
1229     -2.515862e+01  -2.514869e+01  9.937593e-03   3.95e-04  
1230     -2.177897e+01  -2.178185e+01  2.884098e-03   1.32e-04  
1231     -2.094506e+01  -2.095844e+01  1.337997e-02   6.39e-04  
1232     -2.230784e+01  -2.230363e+01  4.218022e-03   1.89e-04  
1233     -2.548507e+01  -2.547136e+01  1.371029e-02   5.38e-04  
1234     -3.010816e+01  -3.010391e+01  4.258353e-03   1.41e-04  
1235     -3.586959e+01  -3.585073e+01  1.886408e-02   5.26e-04  
1236     -4.256477e+01  -4.257754e+01  1.276951e-02   3.00e-04  
1237     -5.012510e+01  -5.247693e+01  2.351836e+00   4.69e-02  
1238     -5.864221e+01  -6.978196e+01  1.113975e+01   1.90e-01  
1239     -6.375196e+01  -6.630281e+01  2.550855e+00   4.00e-02  
1240     -6.854836e+01  -5.657160e+01  1.197676e+01   1.75e-01  
1241     -1.216643e+02  -1.012350e+02  2.042931e+01   1.68e-01  
1242     -1.102095e+02  -1.158928e+02  5.683318e+00   5.16e-02  
1243     -9.815021e+01  -1.185097e+02  2.035947e+01   2.07e-01  
1244     -7.840580e+01  -8.255484e+01  4.149041e+00   5.29e-02  
1245     -6.153488e+01  -6.152658e+01  8.299341e-03   1.35e-04  
1246     -4.760502e+01  -4.759082e+01  1.419393e-02   2.98e-04  
1247     -3.665088e+01  -3.661670e+01  3.418156e-02   9.33e-04  
1248     -2.863779e+01  -2.865023e+01  1.244333e-02   4.35e-04  
1249     -2.343507e+01  -2.349428e+01  5.921620e-02   2.53e-03  
1250     -2.080552e+01  -2.081985e+01  1.433379e-02   6.89e-04  
1251     -2.041521e+01  -2.039624e+01  1.897076e-02   9.29e-04  
1252     -2.186351e+01  -2.187449e+01  1.098011e-02   5.02e-04  
1253     -2.472875e+01  -2.476120e+01  3.244791e-02   1.31e-03  
1254     -2.862063e+01  -2.862181e+01  1.177718e-03   4.11e-05  
1255     -3.322952e+01  -3.324999e+01  2.046980e-02   6.16e-04  
1256     -3.836513e+01  -3.836346e+01  1.667155e-03   4.35e-05  
1257     -4.398169e+01  -4.594949e+01  1.967798e+00   4.47e-02  
1258     -5.019200e+01  -5.938141e+01  9.189406e+00   1.83e-01  
1259     -5.388737e+01  -5.577323e+01  1.885860e+00   3.50e-02  
1260     -5.733623e+01  -4.719782e+01  1.013841e+01   1.77e-01  
1261     -1.119067e+02  -9.323372e+01  1.867298e+01   1.67e-01  
1262     -1.010425e+02  -1.064570e+02  5.414494e+00   5.36e-02  
1263     -8.967829e+01  -1.084520e+02  1.877366e+01   2.09e-01  
1264     -7.112239e+01  -7.495350e+01  3.831106e+00   5.39e-02  
1265     -5.548439e+01  -5.548115e+01  3.236980e-03   5.83e-05  
1266     -4.279533e+01  -4.281792e+01  2.258778e-02   5.28e-04  
1267     -3.304421e+01  -3.302727e+01  1.694215e-02   5.13e-04  
1268     -2.614092e+01  -2.616418e+01  2.325261e-02   8.90e-04  
1269     -2.188972e+01  -2.189077e+01  1.043741e-03   4.77e-05  
1270     -1.998188e+01  -1.991428e+01  6.760116e-02   3.38e-03  
1271     -2.001301e+01  -2.005284e+01  3.982581e-02   1.99e-03  
1272     -2.152392e+01  -2.148805e+01  3.586421e-02   1.67e-03  
1273     -2.405658e+01  -2.405704e+01  4.586901e-04   1.91e-05  
1274     -2.721213e+01  -2.720847e+01  3.657484e-03   1.34e-04  
1275     -3.069840e+01  -3.070162e+01  3.221477e-03   1.05e-04  
1276     -3.435968e+01  -3.435802e+01  1.666659e-03   4.85e-05  
1277     -3.818877e+01  -3.981377e+01  1.625002e+00   4.26e-02  
1278     -4.232765e+01  -4.978663e+01  7.458980e+00   1.76e-01  
1279     -4.476015e+01  -4.608560e+01  1.325449e+00   2.96e-02  
1280     -4.702047e+01  -3.857616e+01  8.444316e+00   1.80e-01  
1281     -1.028373e+02  -8.574847e+01  1.708882e+01   1.66e-01  
1282     -9.253846e+01  -9.759681e+01  5.058358e+00   5.47e-02  
1283     -8.182500e+01  -9.913153e+01  1.730653e+01   2.12e-01  
1284     -6.438444e+01  -6.789677e+01  3.512330e+00   5.46e-02  
1285     -4.988201e+01  -4.989207e+01  1.005726e-02   2.02e-04  
1286     -3.834103e+01  -3.836045e+01  1.941431e-02   5.06e-04  
1287     -2.972122e+01  -2.972267e+01  1.450236e-03   4.88e-05  
1288     -2.387941e+01  -2.387566e+01  3.747922e-03   1.57e-04  
1289     -2.054571e+01  -2.053294e+01  1.277149e-02   6.22e-04  
1290     -1.932618e+01  -1.933093e+01  4.746443e-03   2.46e-04  
1291     -1.973630e+01  -1.974271e+01  6.413129e-03   3.25e-04  
1292     -2.125926e+01  -2.125664e+01  2.616098e-03   1.23e-04  
1293     -2.341417e+01  -2.343970e+01  2.552832e-02   1.09e-03  
1294     -2.581626e+01  -2.579787e+01  1.839521e-02   7.13e-04  
1295     -2.821594e+01  -2.822320e+01  7.258421e-03   2.57e-04  
1296     -3.051296e+01  -3.050997e+01  2.981292e-03   9.77e-05  
1297     -3.275109e+01  -3.408179e+01  1.330694e+00   4.06e-02  
1298     -3.510449e+01  -4.100822e+01  5.903737e+00   1.68e-01  
1299     -3.645769e+01  -3.732974e+01  8.720466e-01   2.39e-02  
1300     -3.771838e+01  -3.075107e+01  6.967309e+00   1.85e-01  
1301     -9.441813e+01  -7.888140e+01  1.553673e+01   1.65e-01  
1302     -8.464140e+01  -8.941734e+01  4.775942e+00   5.64e-02  
1303     -7.452382e+01  -9.049217e+01  1.596835e+01   2.14e-01  
1304     -5.811354e+01  -6.133384e+01  3.220303e+00   5.54e-02  
1305     -4.466147e+01  -4.464148e+01  1.998604e-02   4.48e-04  
1306     -3.420353e+01  -3.416103e+01  4.249999e-02   1.24e-03  
1307     -2.667512e+01  -2.667784e+01  2.718018e-03   1.02e-04  
1308     -2.187021e+01  -2.187936e+01  9.147077e-03   4.18e-04  
1309     -1.942667e+01  -1.944394e+01  1.726505e-02   8.89e-04  
1310     -1.884929e+01  -1.883642e+01  1.287387e-02   6.83e-04  
1311     -1.956904e+01  -1.954679e+01  2.224810e-02   1.14e-03  
1312     -2.102338e+01  -2.098720e+01  3.618078e-02   1.72e-03  
1313     -2.273393e+01  -2.273262e+01  1.307284e-03   5.75e-05  
1314     -2.436082e+01  -2.432851e+01  3.231294e-02   1.33e-03  
1315     -2.572412e+01  -2.571221e+01  1.191186e-02   4.63e-04  
1316     -2.679612e+01  -2.677621e+01  1.991675e-02   7.43e-04  
1317     -2.767709e+01  -2.875040e+01  1.073311e+00   3.88e-02  
1318     -2.856921e+01  -3.310647e+01  4.537255e+00   1.59e-01  
1319     -2.904991e+01  -2.955348e+01  5.035655e-01   1.73e-02  
1320     -2.951878e+01  -2.396071e+01  5.558069e+00   1.88e-01  
1321     -8.664527e+01  -7.243182e+01  1.421345e+01   1.64e-01  
1322     -7.732540e+01  -8.188598e+01  4.560580e+00   5.90e-02  
1323     -6.773501e+01  -8.245410e+01  1.471909e+01   2.17e-01  
1324     -5.225403e+01  -5.518177e+01  2.927743e+00   5.60e-02  
1325     -3.977724e+01  -3.977473e+01  2.505482e-03   6.30e-05  
1326     -3.036440e+01  -3.031357e+01  5.083501e-02   1.67e-03  
1327     -2.391714e+01  -2.391202e+01  5.119290e-03   2.14e-04  
1328     -2.014197e+01  -2.014779e+01  5.821921e-03   2.89e-04  
1329     -1.855746e+01  -1.856967e+01  1.220622e-02   6.58e-04  
1330     -1.855197e+01  -1.853793e+01  1.404579e-02   7.57e-04  
1331     -1.947793e+01  -1.946266e+01  1.527056e-02   7.84e-04  
1332     -2.075340e+01  -2.078875e+01  3.535802e-02   1.70e-03  
1333     -2.193969e+01  -2.193290e+01  6.788759e-03   3.09e-04  
1334     -2.277687e+01  -2.280900e+01  3.212452e-02   1.41e-03  
1335     -2.317791e+01  -2.321697e+01  3.906086e-02   1.69e-03  
1336     -2.319588e+01  -2.317831e+01  1.756561e-02   7.57e-04  
1337     -2.298323e+01  -2.378988e+01  8.066523e-01   3.51e-02  
1338     -2.275867e+01  -2.612038e+01  3.361705e+00   1.48e-01  
1339     -2.258433e+01  -2.275403e+01  1.697070e-01   7.51e-03  
1340     -2.247398e+01  -1.815099e+01  4.322995e+00   1.92e-01  
1341     -7.953482e+01  -6.660917e+01  1.292566e+01   1.63e-01  
1342     -7.058124e+01  -7.492516e+01  4.343922e+00   6.15e-02  
1343     -6.143463e+01  -7.503949e+01  1.360487e+01   2.21e-01  
1344     -4.676662e+01  -4.945428e+01  2.687657e+00   5.75e-02  
1345     -3.520479e+01  -3.522242e+01  1.763282e-02   5.01e-04  
1346     -2.683041e+01  -2.681961e+01  1.079818e-02   4.02e-04  
1347     -2.148199e+01  -2.149421e+01  1.221973e-02   5.69e-04  
1348     -1.873685e+01  -1.871857e+01  1.827287e-02   9.75e-04  
1349     -1.796120e+01  -1.795514e+01  6.053138e-03   3.37e-04  
1350     -1.841976e+01  -1.841397e+01  5.794359e-03   3.15e-04  
1351     -1.940962e+01  -1.943779e+01  2.816813e-02   1.45e-03  
1352     -2.037280e+01  -2.038629e+01  1.348796e-02   6.62e-04  
1353     -2.095576e+01  -2.093358e+01  2.217539e-02   1.06e-03  
1354     -2.101068e+01  -2.099544e+01  1.524056e-02   7.25e-04  
1355     -2.055596e+01  -2.056740e+01  1.143300e-02   5.56e-04  
1356     -1.972085e+01  -1.976923e+01  4.837906e-02   2.45e-03  
1357     -1.869520e+01  -1.926278e+01  5.675792e-01   3.04e-02  
1358     -1.769681e+01  -2.008462e+01  2.387810e+00   1.35e-01  
1359     -1.708065e+01  -1.700674e+01  7.391042e-02   4.33e-03  
1360     -1.659307e+01  -1.331220e+01  3.280873e+00   1.98e-01  
1361     -7.311313e+01  -6.140511e+01  1.170802e+01   1.60e-01  
1362     -6.440675e+01  -6.858733e+01  4.180575e+00   6.49e-02  
1363     -5.560833e+01  -6.817479e+01  1.256645e+01   2.26e-01  
1364     -4.162738e+01  -4.410958e+01  2.482197e+00   5.96e-02  
1365     -3.094593e+01  -3.095503e+01  9.102576e-03   2.94e-04  
1366     -2.364162e+01  -2.363997e+01  1.651882e-03   6.99e-05  
1367     -1.943304e+01  -1.943547e+01  2.424131e-03   1.25e-04  
1368     -1.770924e+01  -1.769895e+01  1.028324e-02   5.81e-04  
1369     -1.765280e+01  -1.768156e+01  2.876072e-02   1.63e-03  
1370     -1.841685e+01  -1.842663e+01  9.773376e-03   5.31e-04  
1371     -1.929080e+01  -1.926499e+01  2.580474e-02   1.34e-03  
1372     -1.979952e+01  -1.981144e+01  1.191748e-02   6.02e-04  
1373     -1.972002e+01  -1.972167e+01  1.649417e-03   8.36e-05  
1374     -1.903646e+01  -1.908276e+01  4.630049e-02   2.43e-03  
1375     -1.786870e+01  -1.786149e+01  7.207726e-03   4.03e-04  
1376     -1.640350e+01  -1.644076e+01  3.726092e-02   2.27e-03  
1377     -1.484514e+01  -1.524303e+01  3.978895e-01   2.68e-02  
1378     -1.339065e+01  -1.507489e+01  1.684241e+00   1.26e-01  
1379     -1.252657e+01  -1.241985e+01  1.067128e-01   8.52e-03  
1380     -1.183896e+01  -9.425643e+00  2.413320e+00   2.04e-01  
1381     -6.740890e+01  -5.679834e+01  1.061056e+01   1.57e-01  
1382     -5.880045e+01  -6.294901e+01  4.148553e+00   7.06e-02  
1383     -5.025112e+01  -6.197103e+01  1.171991e+01   2.33e-01  
1384     -3.683452e+01  -3.909704e+01  2.262524e+00   6.14e-02  
1385     -2.704204e+01  -2.704765e+01  5.608667e-03   2.07e-04  
1386     -2.088398e+01  -2.087106e+01  1.292176e-02   6.19e-04  
1387     -1.786692e+01  -1.788864e+01  2.172669e-02   1.22e-03  
1388     -1.712037e+01  -1.717087e+01  5.050190e-02   2.95e-03  
1389     -1.762919e+01  -1.763891e+01  9.723909e-03   5.52e-04  
1390     -1.848110e+01  -1.848255e+01  1.452866e-03   7.86e-05  
1391     -1.903356e+01  -1.903011e+01  3.452854e-03   1.81e-04  
1392     -1.895961e+01  -1.892155e+01  3.806541e-02   2.01e-03  
1393     -1.819897e+01  -1.816421e+01  3.475641e-02   1.91e-03  
1394     -1.686645e+01  -1.688640e+01  1.995088e-02   1.18e-03  
1395     -1.516070e+01  -1.515217e+01  8.532347e-03   5.63e-04  
1396     -1.329626e+01  -1.325870e+01  3.755616e-02   2.82e-03  
1397     -1.146537e+01  -1.175757e+01  2.922025e-01   2.55e-02  
1398     -9.826402e+00  -1.093684e+01  1.110439e+00   1.13e-01  
1399     -8.876214e+00  -8.662035e+00  2.141789e-01   2.41e-02  
1400     -8.130479e+00  -6.432561e+00  1.697918e+00   2.09e-01  
1401     -6.244556e+01  -5.284790e+01  9.597657e+00   1.54e-01  
1402     -5.376069e+01  -5.792202e+01  4.161325e+00   7.74e-02  
1403     -4.537906e+01  -5.644746e+01  1.106840e+01   2.44e-01  
1404     -3.242962e+01  -3.450864e+01  2.079019e+00   6.41e-02  
1405     -2.359936e+01  -2.360147e+01  2.107759e-03   8.93e-05  
1406     -1.870743e+01  -1.868900e+01  1.842836e-02   9.85e-04  
1407     -1.691603e+01  -1.691164e+01  4.381048e-03   2.59e-04  
1408     -1.702703e+01  -1.706352e+01  3.649424e-02   2.14e-03  
1409     -1.785686e+01  -1.781893e+01  3.792961e-02   2.12e-03  
1410     -1.852347e+01  -1.849863e+01  2.483616e-02   1.34e-03  
1411     -1.854818e+01  -1.856050e+01  1.232638e-02   6.65e-04  
1412     -1.780487e+01  -1.783723e+01  3.235195e-02   1.82e-03  
1413     -1.640071e+01  -1.636614e+01  3.457290e-02   2.11e-03  
1414     -1.455446e+01  -1.454800e+01  6.453985e-03   4.43e-04  
1415     -1.250563e+01  -1.251706e+01  1.142126e-02   9.13e-04  
1416     -1.046207e+01  -1.045374e+01  8.332832e-03   7.96e-04  
1417     -8.580040e+00  -8.778372e+00  1.983322e-01   2.31e-02  
1418     -6.967205e+00  -7.684866e+00  7.176611e-01   1.03e-01  
1419     -6.052454e+00  -5.850685e+00  2.017690e-01   3.33e-02  
1420     -5.349894e+00  -4.177518e+00  1.172376e+00   2.19e-01  
1421     -5.823553e+01  -4.963727e+01  8.598262e+00   1.48e-01  
1422     -4.930294e+01  -5.360400e+01  4.301057e+00   8.72e-02  
1423     -4.106967e+01  -5.159070e+01  1.052103e+01   2.56e-01  
1424     -2.854510e+01  -3.051410e+01  1.968998e+00   6.90e-02  
1425     -2.083364e+01  -2.085334e+01  1.970626e-02   9.46e-04  
1426     -1.735169e+01  -1.735528e+01  3.591107e-03   2.07e-04  
1427     -1.674501e+01  -1.678536e+01  4.035034e-02   2.41e-03  
1428     -1.746041e+01  -1.746280e+01  2.396051e-03   1.37e-04  
1429     -1.826026e+01  -1.826226e+01  2.005492e-03   1.10e-04  
1430     -1.843701e+01  -1.844638e+01  9.370977e-03   5.08e-04  
1431     -1.776314e+01  -1.780100e+01  3.786141e-02   2.13e-03  
1432     -1.632973e+01  -1.633753e+01  7.804314e-03   4.78e-04  
1433     -1.438055e+01  -1.437128e+01  9.275287e-03   6.45e-04  
1434     -1.219000e+01  -1.220603e+01  1.603494e-02   1.32e-03  
1435     -9.993698e+00  -9.981737e+00  1.196088e-02   1.20e-03  
1436     -7.961426e+00  -7.965928e+00  4.501453e-03   5.65e-04  
1437     -6.197062e+00  -6.335413e+00  1.383512e-01   2.23e-02  
1438     -4.753492e+00  -5.202319e+00  4.488273e-01   9.44e-02  
1439     -3.952989e+00  -3.791940e+00  1.610489e-01   4.07e-02  
1440     -3.354697e+00  -2.614193e+00  7.405034e-01   2.21e-01  
1441     -5.479881e+01  -4.716054e+01  7.638270e+00   1.39e-01  
1442     -4.554336e+01  -5.017950e+01  4.636136e+00   1.02e-01  
1443     -3.756686e+01  -4.781468e+01  1.024782e+01   2.73e-01  
1444     -2.550024e+01  -2.726683e+01  1.766586e+00   6.93e-02  
1445     -1.915026e+01  -1.916355e+01  1.329674e-02   6.94e-04  
1446     -1.717861e+01  -1.719006e+01  1.145698e-02   6.67e-04  
1447     -1.752510e+01  -1.753229e+01  7.191721e-03   4.10e-04  
1448     -1.839449e+01  -1.836942e+01  2.506795e-02   1.36e-03  
1449     -1.872119e+01  -1.877514e+01  5.394703e-02   2.88e-03  
1450     -1.811868e+01  -1.811230e+01  6.382275e-03   3.52e-04  
1451     -1.664750e+01  -1.666841e+01  2.091410e-02   1.26e-03  
1452     -1.458053e+01  -1.461844e+01  3.791089e-02   2.60e-03  
1453     -1.223540e+01  -1.227779e+01  4.239790e-02   3.47e-03  
1454     -9.883173e+00  -9.918747e+00  3.557431e-02   3.60e-03  
1455     -7.714473e+00  -7.743738e+00  2.926499e-02   3.79e-03  
1456     -5.839252e+00  -5.842407e+00  3.154248e-03   5.40e-04  
1457     -4.302632e+00  -4.380423e+00  7.779113e-02   1.81e-02  
1458     -3.106545e+00  -3.359810e+00  2.532648e-01   8.15e-02  
1459     -2.459542e+00  -2.316427e+00  1.431156e-01   5.82e-02  
1460     -1.991619e+00  -1.505769e+00  4.858505e-01   2.44e-01  
1461     -5.238038e+01  -4.566901e+01  6.711372e+00   1.28e-01  
1462     -4.299283e+01  -4.803059e+01  5.037766e+00   1.17e-01  
1463     -3.553244e+01  -4.572621e+01  1.019377e+01   2.87e-01  
1464     -2.400747e+01  -2.561810e+01  1.610629e+00   6.71e-02  
1465     -1.929573e+01  -1.929093e+01  4.794743e-03   2.48e-04  
1466     -1.866977e+01  -1.869673e+01  2.695750e-02   1.44e-03  
1467     -1.936611e+01  -1.934347e+01  2.263643e-02   1.17e-03  
1468     -1.972489e+01  -1.973169e+01  6.798608e-03   3.45e-04  
1469     -1.910116e+01  -1.907215e+01  2.900794e-02   1.52e-03  
1470     -1.749961e+01  -1.751254e+01  1.293319e-02   7.39e-04  
1471     -1.522660e+01  -1.520029e+01  2.630470e-02   1.73e-03  
1472     -1.265189e+01  -1.265683e+01  4.935316e-03   3.90e-04  
1473     -1.008682e+01  -1.005299e+01  3.383338e-02   3.35e-03  
1474     -7.743861e+00  -7.749768e+00  5.906969e-03   7.63e-04  
1475     -5.739629e+00  -5.781176e+00  4.154703e-02   7.24e-03  
1476     -4.115152e+00  -4.058900e+00  5.625188e-02   1.37e-02  
1477     -2.859991e+00  -2.911303e+00  5.131281e-02   1.79e-02  
1478     -1.934831e+00  -2.045454e+00  1.106228e-01   5.72e-02  
1479     -1.448514e+00  -1.358518e+00  8.999587e-02   6.21e-02  
1480     -1.110477e+00  -7.911258e-01  3.193517e-01   2.88e-01  
1481     -5.250025e+01  -4.617184e+01  6.328417e+00   1.21e-01  
1482     -4.340746e+01  -4.872660e+01  5.319145e+00   1.23e-01  
1483     -3.669487e+01  -4.717188e+01  1.047701e+01   2.86e-01  
1484     -2.571094e+01  -2.718230e+01  1.471353e+00   5.72e-02  
1485     -2.250493e+01  -2.249486e+01  1.006545e-02   4.47e-04  
1486     -2.228361e+01  -2.230025e+01  1.663972e-02   7.47e-04  
1487     -2.225080e+01  -2.223551e+01  1.529018e-02   6.87e-04  
1488     -2.128822e+01  -2.129996e+01  1.173842e-02   5.51e-04  
1489     -1.928263e+01  -1.927459e+01  8.040857e-03   4.17e-04  
1490     -1.657136e+01  -1.657375e+01  2.395580e-03   1.45e-04  
1491     -1.358313e+01  -1.359871e+01  1.558820e-02   1.15e-03  
1492     -1.066933e+01  -1.066789e+01  1.441184e-03   1.35e-04  
1493     -8.057344e+00  -8.044717e+00  1.262647e-02   1.57e-03  
1494     -5.861144e+00  -5.871227e+00  1.008310e-02   1.72e-03  
1495     -4.110312e+00  -4.128127e+00  1.781583e-02   4.33e-03  
1496     -2.779487e+00  -2.764247e+00  1.524002e-02   5.48e-03  
1497     -1.812664e+00  -1.856824e+00  4.415993e-02   2.44e-02  
1498     -1.141957e+00  -1.178174e+00  3.621729e-02   3.17e-02  
1499     -8.012746e-01  -7.354338e-01  6.584079e-02   8.22e-02  
1500     -5.756678e-01  -4.340145e-01  1.416533e-01   2.46e-01  
1501     -6.419738e+01  -5.640135e+01  7.796030e+00   1.21e-01  
1502     -5.419238e+01  -6.046338e+01  6.270998e+00   1.16e-01  
1503     -4.691929e+01  -5.974939e+01  1.283009e+01   2.73e-01  
1504     -3.397125e+01  -3.569250e+01  1.721250e+00   5.07e-02  
1505     -3.013398e+01  -3.013547e+01  1.488725e-03   4.94e-05  
1506     -2.828618e+01  -2.828297e+01  3.210021e-03   1.13e-04  
1507     -2.604181e+01  -2.604270e+01  8.936190e-04   3.43e-05  
1508     -2.291540e+01  -2.292027e+01  4.870302e-03   2.13e-04  
1509     -1.921124e+01  -1.922216e+01  1.091707e-02   5.68e-04  
1510     -1.539660e+01  -1.540525e+01  8.655743e-03   5.62e-04  
1511     -1.184204e+01  -1.185806e+01  1.602503e-02   1.35e-03  
1512     -8.763977e+00  -8.739531e+00  2.444630e-02   2.79e-03  
1513     -6.247705e+00  -6.216032e+00  3.167248e-02   5.07e-03  
1514     -4.289232e+00  -4.296839e+00  7.606200e-03   1.77e-03  
1515     -2.832413e+00  -2.806410e+00  2.600336e-02   9.18e-03  
1516     -1.795902e+00  -1.807692e+00  1.178972e-02   6.56e-03  
1517     -1.091232e+00  -1.089034e+00  2.197946e-03   2.01e-03  
1518     -6.347591e-01  -6.456066e-01  1.084750e-02   1.71e-02  
1519     -4.124878e-01  -3.825244e-01  2.996339e-02   7.26e-02  
1520     -2.738889e-01  -1.948829e-01  7.900600e-02   2.88e-01  
1521     -9.892986e+01  -9.313277e+01  5.797095e+00   5.86e-02  
1522     -8.448551e+01  -1.010797e+02  1.659419e+01   1.96e-01  
1523     -7.308414e+01  -9.996729e+01  2.688315e+01   3.68e-01  
1524     -5.224956e+01  -5.936202e+01  7.112459e+00   1.36e-01  
1525     -4.319919e+01  -4.611551e+01  2.916325e+00   6.75e-02  
1526     -3.670909e+01  -3.875878e+01  2.049687e+00   5.58e-02  
1527     -3.052954e+01  -3.192844e+01  1.398904e+00   4.58e-02  
1528     -2.449247e+01  -2.544774e+01  9.552674e-01   3.90e-02  
1529     -1.892341e+01  -1.953938e+01  6.159629e-01   3.26e-02  
1530     -1.410092e+01  -1.449731e+01  3.963907e-01   2.81e-02  
1531     -1.014602e+01  -1.036959e+01  2.235728e-01   2.20e-02  
1532     -7.049267e+00  -7.217766e+00  1.684993e-01   2.39e-02  
1533     -4.722949e+00  -4.773916e+00  5.096638e-02   1.08e-02  
1534     -3.043768e+00  -3.105217e+00  6.144879e-02   2.02e-02  
1535     -1.880395e+00  -1.913848e+00  3.345326e-02   1.78e-02  
1536     -1.109105e+00  -1.125069e+00  1.596355e-02   1.44e-02  
1537     -6.218641e-01  -6.518258e-01  2.996170e-02   4.82e-02  
1538     -3.301178e-01  -3.387267e-01  8.608918e-03   2.61e-02  
1539     -1.954386e-01  -2.152392e-01  1.980064e-02   1.01e-01  
1540     -1.175948e-01  -7.770723e-02  3.988755e-02   3.39e-01  
1541     -1.630227e+02  -1.816714e+02  1.864864e+01   1.14e-01  
1542     -1.392706e+02  -1.977311e+02  5.846053e+01   4.20e-01  
1543     -1.186090e+02  -1.932490e+02  7.464004e+01   6.29e-01  
1544     -8.299923e+01  -1.132696e+02  3.027041e+01   3.65e-01  
1545     -6.218252e+01  -7.777364e+01  1.559112e+01   2.51e-01  
1546     -4.729739e+01  -5.751304e+01  1.021566e+01   2.16e-01  
1547     -3.549794e+01  -4.216243e+01  6.664488e+00   1.88e-01  
1548     -2.601593e+01  -3.028779e+01  4.271850e+00   1.64e-01  
1549     -1.855322e+01  -2.123387e+01  2.680651e+00   1.44e-01  
1550     -1.285307e+01  -1.446846e+01  1.615396e+00   1.26e-01  
1551     -8.634162e+00  -9.577612e+00  9.434499e-01   1.09e-01  
1552     -5.609542e+00  -6.155973e+00  5.464313e-01   9.74e-02  
1553     -3.512008e+00  -3.812700e+00  3.006916e-01   8.56e-02  
1554     -2.109031e+00  -2.246226e+00  1.371954e-01   6.51e-02  
1555     -1.207992e+00  -1.254477e+00  4.648543e-02   3.85e-02  
1556     -6.556569e-01  -6.988448e-01  4.318790e-02   6.59e-02  
1557     -3.347963e-01  -3.422647e-01  7.468428e-03   2.23e-02  
1558     -1.596013e-01  -1.642384e-01  4.637031e-03   2.91e-02  
1559     -8.412679e-02  -5.551919e-02  2.860760e-02   3.40e-01  
1560     -4.454778e-02  -2.338857e-02  2.115922e-02   4.75e-01  
1561     -2.066450e+02  -1.986939e+02  7.951117e+00   3.85e-02  
1562     -1.760008e+02  -2.146472e+02  3.864641e+01   2.20e-01  
1563     -1.482094e+02  -2.070474e+02  5.883791e+01   3.97e-01  
1564     -1.027908e+02  -1.208980e+02  1.810722e+01   1.76e-01  
1565     -7.430561e+01  -8.042351e+01  6.117896e+00   8.23e-02  
1566     -5.386890e+01  -5.700301e+01  3.134110e+00   5.82e-02  
1567     -3.845735e+01  -3.990574e+01  1.448390e+00   3.77e-02  
1568     -2.685027e+01  -2.737593e+01  5.256562e-01   1.96e-02  
1569     -1.827498e+01  -1.835092e+01  7.593336e-02   4.16e-03  
1570     -1.209351e+01  -1.194887e+01  1.446405e-01   1.20e-02  
1571     -7.755348e+00  -7.593419e+00  1.619297e-01   2.09e-02  
1572     -4.798753e+00  -4.598178e+00  2.005756e-01   4.18e-02  
1573     -2.849466e+00  -2.706345e+00  1.431204e-01   5.02e-02  
1574     -1.612853e+00  -1.506209e+00  1.066446e-01   6.61e-02  
1575     -8.631875e-01  -8.130974e-01  5.009010e-02   5.80e-02  
1576     -4.326026e-01  -3.492441e-01  8.335847e-02   1.93e-01  
1577     -2.007057e-01  -1.768276e-01  2.387810e-02   1.19e-01  
1578     -8.504701e-02  -6.304435e-02  2.200265e-02   2.59e-01  
1579     -3.889646e-02  -1.488843e-02  2.400803e-02   6.17e-01  
1580     -1.737541e-02  -2.674460e-02  9.369195e-03   5.39e-01  
1581     -2.590140e+02  -1.941811e+02  6.483292e+01   2.50e-01  
1582     -2.199165e+02  -2.080154e+02  1.190113e+01   5.41e-02  
1583     -1.831030e+02  -1.981697e+02  1.506668e+01   8.23e-02  
1584     -1.251225e+02  -1.147964e+02  1.032609e+01   8.25e-02  
1585     -8.685246e+01  -7.367762e+01  1.317483e+01   1.52e-01  
1586     -6.019557e+01  -5.022783e+01  9.967748e+00   1.66e-01  
1587     -4.114165e+01  -3.387401e+01  7.267641e+00   1.77e-01  
1588     -2.756671e+01  -2.243586e+01  5.130855e+00   1.86e-01  
1589     -1.803881e+01  -1.450180e+01  3.537017e+00   1.96e-01  
1590     -1.148015e+01  -9.114472e+00  2.365678e+00   2.06e-01  
1591     -7.069551e+00  -5.551912e+00  1.517639e+00   2.15e-01  
1592     -4.186517e+00  -3.229394e+00  9.571237e-01   2.29e-01  
1593     -2.366469e+00  -1.832321e+00  5.341481e-01   2.26e-01  
1594     -1.265439e+00  -9.517644e-01  3.136750e-01   2.48e-01  
1595     -6.331663e-01  -4.712238e-01  1.619425e-01   2.56e-01  
1596     -2.924233e-01  -1.880690e-01  1.043544e-01   3.57e-01  
1597     -1.225159e-01  -9.140058e-02  3.111531e-02   2.54e-01  
1598     -4.552101e-02  -3.392779e-02  1.159322e-02   2.55e-01  
1599     -1.750947e-02  1.901935e-02   3.652882e-02   2.09e+00  
1600     -6.190737e-03  3.257992e-02   3.877066e-02   6.26e+00  
