Element  Analyticvalue  Numericvalue   Abs.err        Rel.err
1        -8.483930e-01  -5.795309e-01  2.688620e-01   3.17e-01  
2        -8.444793e-01  -7.085880e-01  1.358913e-01   1.61e-01  
3        -8.515745e-01  -8.111631e-01  4.041137e-02   4.75e-02  
4        -8.618726e-01  -7.272292e-01  1.346433e-01   1.56e-01  
5        -8.863074e-01  -7.261763e-01  1.601311e-01   1.81e-01  
6        -9.014407e-01  -7.350034e-01  1.664374e-01   1.85e-01  
7        -8.966442e-01  -7.302037e-01  1.664404e-01   1.86e-01  
8        -8.651931e-01  -6.984510e-01  1.667421e-01   1.93e-01  
9        -8.033273e-01  -6.437399e-01  1.595874e-01   1.99e-01  
10       -7.106540e-01  -5.627767e-01  1.478773e-01   2.08e-01  
11       -5.913247e-01  -4.583474e-01  1.329773e-01   2.25e-01  
12       -4.559385e-01  -3.417592e-01  1.141793e-01   2.50e-01  
13       -3.239760e-01  -2.302013e-01  9.377468e-02   2.89e-01  
14       -2.263356e-01  -1.456108e-01  8.072477e-02   3.57e-01  
15       -2.074052e-01  -1.340825e-01  7.332271e-02   3.54e-01  
16       -3.261221e-01  -2.365784e-01  8.954369e-02   2.75e-01  
17       -6.556332e-01  -5.271402e-01  1.284931e-01   1.96e-01  
18       -1.281362e+00  -1.065604e+00  2.157581e-01   1.68e-01  
19       -2.297427e+00  -1.935795e+00  3.616328e-01   1.57e-01  
20       -3.801427e+00  -3.222483e+00  5.789438e-01   1.52e-01  
21       -5.887637e+00  -4.995836e+00  8.918008e-01   1.51e-01  
22       -8.638795e+00  -7.330317e+00  1.308478e+00   1.51e-01  
23       -1.211686e+01  -1.027258e+01  1.844276e+00   1.52e-01  
24       -1.635342e+01  -1.385078e+01  2.502640e+00   1.53e-01  
25       -2.134082e+01  -1.805546e+01  3.285363e+00   1.54e-01  
26       -2.702505e+01  -2.283930e+01  4.185745e+00   1.55e-01  
27       -3.330157e+01  -2.811218e+01  5.189387e+00   1.56e-01  
28       -4.001489e+01  -3.374673e+01  6.268158e+00   1.57e-01  
29       -4.696217e+01  -3.957189e+01  7.390283e+00   1.57e-01  
30       -5.390054e+01  -4.538302e+01  8.517520e+00   1.58e-01  
31       -6.055762e+01  -5.095853e+01  9.599091e+00   1.59e-01  
32       -6.664408e+01  -5.605098e+01  1.059309e+01   1.59e-01  
33       -7.186761e+01  -6.042847e+01  1.143915e+01   1.59e-01  
34       -7.594758e+01  -6.384351e+01  1.210407e+01   1.59e-01  
35       -7.863033e+01  -6.609627e+01  1.253406e+01   1.59e-01  
36       -7.970566e+01  -6.700743e+01  1.269823e+01   1.59e-01  
37       -7.902468e+01  -6.644466e+01  1.258002e+01   1.59e-01  
38       -7.651919e+01  -6.434466e+01  1.217453e+01   1.59e-01  
39       -7.222096e+01  -6.073441e+01  1.148655e+01   1.59e-01  
40       -6.627773e+01  -5.572711e+01  1.055062e+01   1.59e-01  
41       -5.896093e+01  -4.954259e+01  9.418338e+00   1.60e-01  
42       -5.065932e+01  -4.250392e+01  8.155399e+00   1.61e-01  
43       -4.185428e+01  -3.501240e+01  6.841880e+00   1.63e-01  
44       -3.307548e+01  -2.753166e+01  5.543821e+00   1.68e-01  
45       -2.484113e+01  -2.051360e+01  4.327529e+00   1.74e-01  
46       -1.759332e+01  -1.435192e+01  3.241394e+00   1.84e-01  
47       -1.164630e+01  -9.400255e+00  2.246045e+00   1.93e-01  
48       -7.167146e+00  -5.784544e+00  1.382602e+00   1.93e-01  
49       -4.761396e+00  -3.215712e+00  1.545683e+00   3.25e-01  
50       -3.131703e+00  -1.638233e+00  1.493469e+00   4.77e-01  
51       -7.683314e-01  -6.542239e-01  1.141075e-01   1.49e-01  
52       -7.778823e-01  -8.185862e-01  4.070390e-02   5.23e-02  
53       -7.930065e-01  -9.434082e-01  1.504017e-01   1.90e-01  
54       -8.156823e-01  -8.660140e-01  5.033176e-02   6.17e-02  
55       -8.449046e-01  -8.657948e-01  2.089024e-02   2.47e-02  
56       -8.635832e-01  -8.832021e-01  1.961887e-02   2.27e-02  
57       -8.636491e-01  -8.805625e-01  1.691343e-02   1.96e-02  
58       -8.397071e-01  -8.497341e-01  1.002696e-02   1.19e-02  
59       -7.883827e-01  -7.940891e-01  5.706487e-03   7.24e-03  
60       -7.087354e-01  -7.034787e-01  5.256662e-03   7.42e-03  
61       -6.033261e-01  -5.910904e-01  1.223571e-02   2.03e-02  
62       -4.799060e-01  -4.573999e-01  2.250614e-02   4.69e-02  
63       -3.535729e-01  -3.265218e-01  2.705116e-02   7.65e-02  
64       -2.490593e-01  -2.182610e-01  3.079828e-02   1.24e-01  
65       -2.027056e-01  -1.763972e-01  2.630839e-02   1.30e-01  
66       -2.636845e-01  -2.600793e-01  3.605136e-03   1.37e-02  
67       -4.941452e-01  -5.280053e-01  3.386012e-02   6.85e-02  
68       -9.680680e-01  -1.066586e+00  9.851783e-02   1.02e-01  
69       -1.768689e+00  -1.954929e+00  1.862402e-01   1.05e-01  
70       -2.984375e+00  -3.294139e+00  3.097642e-01   1.04e-01  
71       -4.702864e+00  -5.174460e+00  4.715955e-01   1.00e-01  
72       -7.003906e+00  -7.677066e+00  6.731599e-01   9.61e-02  
73       -9.950590e+00  -1.086690e+01  9.163082e-01   9.21e-02  
74       -1.358002e+01  -1.477624e+01  1.196216e+00   8.81e-02  
75       -1.789433e+01  -1.940689e+01  1.512562e+00   8.45e-02  
76       -2.285320e+01  -2.471165e+01  1.858452e+00   8.13e-02  
77       -2.836919e+01  -3.058914e+01  2.219952e+00   7.83e-02  
78       -3.430658e+01  -3.690810e+01  2.601523e+00   7.58e-02  
79       -4.048437e+01  -4.346643e+01  2.982062e+00   7.37e-02  
80       -4.668304e+01  -5.003664e+01  3.353596e+00   7.18e-02  
81       -5.265465e+01  -5.635422e+01  3.699573e+00   7.03e-02  
82       -5.813518e+01  -6.215226e+01  4.017079e+00   6.91e-02  
83       -6.285837e+01  -6.714157e+01  4.283202e+00   6.81e-02  
84       -6.657035e+01  -7.106039e+01  4.490036e+00   6.74e-02  
85       -6.904488e+01  -7.366824e+01  4.623363e+00   6.70e-02  
86       -7.009918e+01  -7.476754e+01  4.668352e+00   6.66e-02  
87       -6.961056e+01  -7.423232e+01  4.621754e+00   6.64e-02  
88       -6.753298e+01  -7.199010e+01  4.457123e+00   6.60e-02  
89       -6.391186e+01  -6.809058e+01  4.178729e+00   6.54e-02  
90       -5.889379e+01  -6.267996e+01  3.786169e+00   6.43e-02  
91       -5.272700e+01  -5.600614e+01  3.279146e+00   6.22e-02  
92       -4.574869e+01  -4.843020e+01  2.681512e+00   5.86e-02  
93       -3.835783e+01  -4.038807e+01  2.030244e+00   5.29e-02  
94       -3.097530e+01  -3.234679e+01  1.371493e+00   4.43e-02  
95       -2.399858e+01  -2.475751e+01  7.589296e-01   3.16e-02  
96       -1.776310e+01  -1.801541e+01  2.523154e-01   1.42e-02  
97       -1.252535e+01  -1.255474e+01  2.939363e-02   2.35e-03  
98       -8.484799e+00  -8.605625e+00  1.208259e-01   1.42e-02  
99       -6.265112e+00  -5.382455e+00  8.826575e-01   1.41e-01  
100      -4.710280e+00  -3.175473e+00  1.534807e+00   3.26e-01  
101      -6.813947e-01  -6.606874e-01  2.070729e-02   3.04e-02  
102      -7.002762e-01  -8.453205e-01  1.450443e-01   2.07e-01  
103      -7.229541e-01  -9.815813e-01  2.586271e-01   3.58e-01  
104      -7.568088e-01  -9.192738e-01  1.624650e-01   2.15e-01  
105      -7.915871e-01  -9.305372e-01  1.389502e-01   1.76e-01  
106      -8.144269e-01  -9.532569e-01  1.388300e-01   1.70e-01  
107      -8.189763e-01  -9.542919e-01  1.353156e-01   1.65e-01  
108      -8.008580e-01  -9.307171e-01  1.298591e-01   1.62e-01  
109      -7.570524e-01  -8.731020e-01  1.160496e-01   1.53e-01  
110      -6.861802e-01  -7.874053e-01  1.012251e-01   1.48e-01  
111      -5.893644e-01  -6.660430e-01  7.667859e-02   1.30e-01  
112      -4.716287e-01  -5.238819e-01  5.225316e-02   1.11e-01  
113      -3.437133e-01  -3.704431e-01  2.672977e-02   7.78e-02  
114      -2.240655e-01  -2.352447e-01  1.117914e-02   4.99e-02  
115      -1.406851e-01  -1.516321e-01  1.094701e-02   7.78e-02  
116      -1.325048e-01  -1.673300e-01  3.482519e-02   2.63e-01  
117      -2.500425e-01  -3.516770e-01  1.016346e-01   4.06e-01  
118      -5.551065e-01  -7.771112e-01  2.220046e-01   4.00e-01  
119      -1.119335e+00  -1.526949e+00  4.076139e-01   3.64e-01  
120      -2.021316e+00  -2.704812e+00  6.834963e-01   3.38e-01  
121      -3.342026e+00  -4.403468e+00  1.061442e+00   3.18e-01  
122      -5.158479e+00  -6.710029e+00  1.551550e+00   3.01e-01  
123      -7.535706e+00  -9.705373e+00  2.169667e+00   2.88e-01  
124      -1.051768e+01  -1.343024e+01  2.912568e+00   2.77e-01  
125      -1.411810e+01  -1.790163e+01  3.783531e+00   2.68e-01  
126      -1.831248e+01  -2.308203e+01  4.769556e+00   2.60e-01  
127      -2.303260e+01  -2.888871e+01  5.856115e+00   2.54e-01  
128      -2.816470e+01  -3.517268e+01  7.007981e+00   2.49e-01  
129      -3.355171e+01  -4.174777e+01  8.196057e+00   2.44e-01  
130      -3.899957e+01  -4.837881e+01  9.379239e+00   2.40e-01  
131      -4.428699e+01  -5.479975e+01  1.051275e+01   2.37e-01  
132      -4.917767e+01  -6.072419e+01  1.154652e+01   2.35e-01  
133      -5.343396e+01  -6.586949e+01  1.243553e+01   2.33e-01  
134      -5.683127e+01  -6.996040e+01  1.312913e+01   2.31e-01  
135      -5.917266e+01  -7.276427e+01  1.359161e+01   2.30e-01  
136      -6.030339e+01  -7.408417e+01  1.378078e+01   2.29e-01  
137      -6.012515e+01  -7.379112e+01  1.366597e+01   2.27e-01  
138      -5.860894e+01  -7.184815e+01  1.323922e+01   2.26e-01  
139      -5.580461e+01  -6.829816e+01  1.249354e+01   2.24e-01  
140      -5.184450e+01  -6.330193e+01  1.145743e+01   2.21e-01  
141      -4.693805e+01  -5.710633e+01  1.016827e+01   2.17e-01  
142      -4.135624e+01  -5.004276e+01  8.686522e+00   2.10e-01  
143      -3.540643e+01  -4.251389e+01  7.107465e+00   2.01e-01  
144      -2.940237e+01  -3.491915e+01  5.516780e+00   1.88e-01  
145      -2.363748e+01  -2.766857e+01  4.031086e+00   1.71e-01  
146      -1.837230e+01  -2.110652e+01  2.734223e+00   1.49e-01  
147      -1.384822e+01  -1.578282e+01  1.934593e+00   1.40e-01  
148      -1.033975e+01  -1.219794e+01  1.858190e+00   1.80e-01  
149      -8.380947e+00  -8.490228e+00  1.092813e-01   1.30e-02  
150      -7.003895e+00  -5.645433e+00  1.358462e+00   1.94e-01  
151      -5.395690e-01  -4.503713e-01  8.919770e-02   1.65e-01  
152      -5.707082e-01  -5.928785e-01  2.217029e-02   3.88e-02  
153      -6.038619e-01  -7.124861e-01  1.086242e-01   1.80e-01  
154      -6.562493e-01  -7.081076e-01  5.185828e-02   7.90e-02  
155      -6.994908e-01  -7.312246e-01  3.173380e-02   4.54e-02  
156      -7.292020e-01  -7.625563e-01  3.335429e-02   4.57e-02  
157      -7.416983e-01  -7.726894e-01  3.099114e-02   4.18e-02  
158      -7.340729e-01  -7.631229e-01  2.904998e-02   3.96e-02  
159      -7.037867e-01  -7.334315e-01  2.964480e-02   4.21e-02  
160      -6.487415e-01  -6.747910e-01  2.604945e-02   4.02e-02  
161      -5.677966e-01  -5.902434e-01  2.244678e-02   3.95e-02  
162      -4.616922e-01  -4.823448e-01  2.065265e-02   4.47e-02  
163      -3.343045e-01  -3.538917e-01  1.958713e-02   5.86e-02  
164      -1.941229e-01  -2.066372e-01  1.251430e-02   6.45e-02  
165      -5.581850e-02  -7.103677e-02  1.521826e-02   2.73e-01  
166      5.821884e-02   3.896048e-02   1.925836e-02   3.31e-01  
167      1.165141e-01   8.329312e-02   3.322099e-02   2.85e-01  
168      7.750810e-02   2.920228e-02   4.830582e-02   6.23e-01  
169      -1.107577e-01  -1.996432e-01  8.888549e-02   8.03e-01  
170      -5.098246e-01  -6.505034e-01  1.406787e-01   2.76e-01  
171      -1.188357e+00  -1.401050e+00  2.126933e-01   1.79e-01  
172      -2.217621e+00  -2.519584e+00  3.019622e-01   1.36e-01  
173      -3.664802e+00  -4.087248e+00  4.224463e-01   1.15e-01  
174      -5.584520e+00  -6.151080e+00  5.665606e-01   1.01e-01  
175      -8.009503e+00  -8.742253e+00  7.327502e-01   9.15e-02  
176      -1.094178e+01  -1.186687e+01  9.250907e-01   8.45e-02  
177      -1.434597e+01  -1.548023e+01  1.134258e+00   7.91e-02  
178      -1.814600e+01  -1.951102e+01  1.365022e+00   7.52e-02  
179      -2.222608e+01  -2.382471e+01  1.598632e+00   7.19e-02  
180      -2.643608e+01  -2.826313e+01  1.827049e+00   6.91e-02  
181      -3.060062e+01  -3.265171e+01  2.051089e+00   6.70e-02  
182      -3.453087e+01  -3.678654e+01  2.255674e+00   6.53e-02  
183      -3.803778e+01  -4.046649e+01  2.428714e+00   6.39e-02  
184      -4.094569e+01  -4.351351e+01  2.567815e+00   6.27e-02  
185      -4.310537e+01  -4.575512e+01  2.649756e+00   6.15e-02  
186      -4.440583e+01  -4.709344e+01  2.687612e+00   6.05e-02  
187      -4.478414e+01  -4.744017e+01  2.656027e+00   5.93e-02  
188      -4.423193e+01  -4.679680e+01  2.564866e+00   5.80e-02  
189      -4.279701e+01  -4.520896e+01  2.411944e+00   5.64e-02  
190      -4.057873e+01  -4.278724e+01  2.208514e+00   5.44e-02  
191      -3.771633e+01  -3.967340e+01  1.957065e+00   5.19e-02  
192      -3.437193e+01  -3.604857e+01  1.676637e+00   4.88e-02  
193      -3.071192e+01  -3.209601e+01  1.384085e+00   4.51e-02  
194      -2.689367e+01  -2.798488e+01  1.091208e+00   4.06e-02  
195      -2.306604e+01  -2.388469e+01  8.186458e-01   3.55e-02  
196      -1.939341e+01  -1.997811e+01  5.846987e-01   3.01e-02  
197      -1.611146e+01  -1.687898e+01  7.675210e-01   4.76e-02  
198      -1.361977e+01  -1.547801e+01  1.858242e+00   1.36e-01  
199      -1.218326e+01  -1.216947e+01  1.379663e-02   1.13e-03  
200      -1.121797e+01  -9.035184e+00  2.182787e+00   1.95e-01  
201      -4.065699e-01  -3.199873e-01  8.658258e-02   2.13e-01  
202      -4.431692e-01  -4.317217e-01  1.144756e-02   2.58e-02  
203      -4.820618e-01  -5.375775e-01  5.551576e-02   1.15e-01  
204      -5.436661e-01  -5.600841e-01  1.641798e-02   3.02e-02  
205      -5.945138e-01  -5.924296e-01  2.084144e-03   3.51e-03  
206      -6.298115e-01  -6.297489e-01  6.258022e-05   9.94e-05  
207      -6.463934e-01  -6.469595e-01  5.661519e-04   8.76e-04  
208      -6.418853e-01  -6.417370e-01  1.483828e-04   2.31e-04  
209      -6.141680e-01  -6.117807e-01  2.387270e-03   3.89e-03  
210      -5.611212e-01  -5.584939e-01  2.627285e-03   4.68e-03  
211      -4.806796e-01  -4.791432e-01  1.536464e-03   3.20e-03  
212      -3.711592e-01  -3.717410e-01  5.817275e-04   1.57e-03  
213      -2.318391e-01  -2.354179e-01  3.578840e-03   1.54e-02  
214      -6.382280e-02  -6.275468e-02  1.068117e-03   1.67e-02  
215      1.287755e-01   1.276867e-01   1.088811e-03   8.46e-03  
216      3.372833e-01   3.380478e-01   7.645610e-04   2.27e-03  
217      5.465918e-01   5.465795e-01   1.232324e-05   2.25e-05  
218      7.331173e-01   7.327947e-01   3.226746e-04   4.40e-04  
219      8.629615e-01   8.653301e-01   2.368585e-03   2.74e-03  
220      8.908370e-01   8.914212e-01   5.842724e-04   6.56e-04  
221      7.604594e-01   7.623967e-01   1.937222e-03   2.55e-03  
222      4.070849e-01   4.087883e-01   1.703413e-03   4.18e-03  
223      -2.373948e-01  -2.372462e-01  1.485526e-04   6.26e-04  
224      -1.236898e+00  -1.235618e+00  1.280800e-03   1.04e-03  
225      -2.641922e+00  -2.644899e+00  2.977012e-03   1.13e-03  
226      -4.480037e+00  -4.479097e+00  9.403887e-04   2.10e-04  
227      -6.747916e+00  -6.748036e+00  1.203068e-04   1.78e-05  
228      -9.406582e+00  -9.405013e+00  1.568528e-03   1.67e-04  
229      -1.238106e+01  -1.238027e+01  7.842029e-04   6.33e-05  
230      -1.556473e+01  -1.556766e+01  2.923814e-03   1.88e-04  
231      -1.882779e+01  -1.883102e+01  3.233831e-03   1.72e-04  
232      -2.202844e+01  -2.203109e+01  2.653400e-03   1.20e-04  
233      -2.502520e+01  -2.502534e+01  1.403857e-04   5.61e-06  
234      -2.768862e+01  -2.768662e+01  1.999209e-03   7.22e-05  
235      -2.991110e+01  -2.991286e+01  1.757181e-03   5.87e-05  
236      -3.161369e+01  -3.161419e+01  5.021464e-04   1.59e-05  
237      -3.274948e+01  -3.275274e+01  3.255766e-03   9.94e-05  
238      -3.330314e+01  -3.330245e+01  6.906083e-04   2.07e-05  
239      -3.328703e+01  -3.328699e+01  4.776512e-05   1.43e-06  
240      -3.273454e+01  -3.273215e+01  2.388665e-03   7.30e-05  
241      -3.169178e+01  -3.168788e+01  3.904129e-03   1.23e-04  
242      -3.021026e+01  -3.020827e+01  1.987985e-03   6.58e-05  
243      -2.834391e+01  -2.834628e+01  2.370783e-03   8.36e-05  
244      -2.615626e+01  -2.615464e+01  1.623540e-03   6.21e-05  
245      -2.374415e+01  -2.374473e+01  5.733078e-04   2.41e-05  
246      -2.128421e+01  -2.128655e+01  2.332013e-03   1.10e-04  
247      -1.910463e+01  -1.966428e+01  5.596537e-01   2.93e-02  
248      -1.778073e+01  -2.034477e+01  2.564040e+00   1.44e-01  
249      -1.700788e+01  -1.717988e+01  1.720015e-01   1.01e-02  
250      -1.668477e+01  -1.356831e+01  3.116458e+00   1.87e-01  
251      -2.876224e-01  -2.251652e-01  6.245720e-02   2.17e-01  
252      -3.251133e-01  -3.164446e-01  8.668760e-03   2.67e-02  
253      -3.657784e-01  -4.022731e-01  3.649475e-02   9.98e-02  
254      -4.300670e-01  -4.389287e-01  8.861697e-03   2.06e-02  
255      -4.848232e-01  -4.849662e-01  1.430201e-04   2.95e-04  
256      -5.234465e-01  -5.252318e-01  1.785283e-03   3.41e-03  
257      -5.419900e-01  -5.418485e-01  1.414284e-04   2.61e-04  
258      -5.380469e-01  -5.401425e-01  2.095624e-03   3.89e-03  
259      -5.099315e-01  -5.123657e-01  2.434156e-03   4.77e-03  
260      -4.560936e-01  -4.565038e-01  4.102424e-04   8.99e-04  
261      -3.747084e-01  -3.741736e-01  5.347963e-04   1.43e-03  
262      -2.634098e-01  -2.631939e-01  2.159367e-04   8.20e-04  
263      -1.192067e-01  -1.196981e-01  4.914506e-04   4.12e-03  
264      6.129379e-02   6.398841e-02   2.694623e-03   4.40e-02  
265      2.811908e-01   2.806078e-01   5.830033e-04   2.07e-03  
266      5.419809e-01   5.420395e-01   5.865127e-05   1.08e-04  
267      8.415883e-01   8.371367e-01   4.451606e-03   5.29e-03  
268      1.171842e+00   1.171801e+00   4.095339e-05   3.49e-05  
269      1.515710e+00   1.514444e+00   1.266355e-03   8.35e-04  
270      1.844821e+00   1.843830e+00   9.912861e-04   5.37e-04  
271      2.118009e+00   2.118865e+00   8.560312e-04   4.04e-04  
272      2.281695e+00   2.281098e+00   5.974037e-04   2.62e-04  
273      2.272801e+00   2.273735e+00   9.348483e-04   4.11e-04  
274      2.024450e+00   2.021648e+00   2.802216e-03   1.38e-03  
275      1.474048e+00   1.473051e+00   9.972126e-04   6.77e-04  
276      5.725251e-01   5.736833e-01   1.158238e-03   2.02e-03  
277      -7.070406e-01  -7.068982e-01  1.424357e-04   2.01e-04  
278      -2.363371e+00  -2.361159e+00  2.212407e-03   9.36e-04  
279      -4.365025e+00  -4.362210e+00  2.815349e-03   6.45e-04  
280      -6.653132e+00  -6.651718e+00  1.413496e-03   2.12e-04  
281      -9.148305e+00  -9.150146e+00  1.841581e-03   2.01e-04  
282      -1.176018e+01  -1.175971e+01  4.692878e-04   3.99e-05  
283      -1.439734e+01  -1.439812e+01  7.820366e-04   5.43e-05  
284      -1.697526e+01  -1.697499e+01  2.732906e-04   1.61e-05  
285      -1.942033e+01  -1.941868e+01  1.656046e-03   8.53e-05  
286      -2.166924e+01  -2.167139e+01  2.151747e-03   9.93e-05  
287      -2.366475e+01  -2.366316e+01  1.593212e-03   6.73e-05  
288      -2.535074e+01  -2.535187e+01  1.132695e-03   4.47e-05  
289      -2.666960e+01  -2.667077e+01  1.175296e-03   4.41e-05  
290      -2.756418e+01  -2.756238e+01  1.808177e-03   6.56e-05  
291      -2.798426e+01  -2.798324e+01  1.016357e-03   3.63e-05  
292      -2.789668e+01  -2.789936e+01  2.682356e-03   9.62e-05  
293      -2.729952e+01  -2.730067e+01  1.151047e-03   4.22e-05  
294      -2.624294e+01  -2.624646e+01  3.525726e-03   1.34e-04  
295      -2.486154e+01  -2.486227e+01  7.298622e-04   2.94e-05  
296      -2.342257e+01  -2.342121e+01  1.355537e-03   5.79e-05  
297      -2.238961e+01  -2.315972e+01  7.701101e-01   3.44e-02  
298      -2.249971e+01  -2.621205e+01  3.712334e+00   1.65e-01  
299      -2.259650e+01  -2.320821e+01  6.117198e-01   2.71e-02  
300      -2.316356e+01  -1.906509e+01  4.098471e+00   1.77e-01  
301      -1.897437e-01  -1.450380e-01  4.470567e-02   2.36e-01  
302      -2.248436e-01  -2.139827e-01  1.086088e-02   4.83e-02  
303      -2.638038e-01  -2.883482e-01  2.454445e-02   9.30e-02  
304      -3.252357e-01  -3.318228e-01  6.587114e-03   2.03e-02  
305      -3.788997e-01  -3.795556e-01  6.558375e-04   1.73e-03  
306      -4.168838e-01  -4.188394e-01  1.955532e-03   4.69e-03  
307      -4.343238e-01  -4.338299e-01  4.939571e-04   1.14e-03  
308      -4.287143e-01  -4.282899e-01  4.244129e-04   9.90e-04  
309      -3.990936e-01  -4.008048e-01  1.711123e-03   4.29e-03  
310      -3.452323e-01  -3.438065e-01  1.425764e-03   4.13e-03  
311      -2.668145e-01  -2.669403e-01  1.258255e-04   4.72e-04  
312      -1.626326e-01  -1.616265e-01  1.006055e-03   6.19e-03  
313      -2.990898e-02  -3.011473e-02  2.057542e-04   6.88e-03  
314      1.360586e-01   1.334379e-01   2.620681e-03   1.93e-02  
315      3.417199e-01   3.439484e-01   2.228534e-03   6.52e-03  
316      5.944076e-01   5.921386e-01   2.269031e-03   3.82e-03  
317      9.007275e-01   9.002929e-01   4.345613e-04   4.82e-04  
318      1.264260e+00   1.264162e+00   9.818456e-05   7.77e-05  
319      1.682764e+00   1.685846e+00   3.082195e-03   1.83e-03  
320      2.145226e+00   2.145695e+00   4.683461e-04   2.18e-04  
321      2.629297e+00   2.627026e+00   2.270512e-03   8.64e-04  
322      3.099793e+00   3.099056e+00   7.365161e-04   2.38e-04  
323      3.508999e+00   3.508878e+00   1.213395e-04   3.46e-05  
324      3.799281e+00   3.798591e+00   6.903522e-04   1.82e-04  
325      3.908069e+00   3.908552e+00   4.833528e-04   1.24e-04  
326      3.774624e+00   3.776678e+00   2.054506e-03   5.44e-04  
327      3.347342e+00   3.345874e+00   1.468520e-03   4.39e-04  
328      2.589978e+00   2.591518e+00   1.539390e-03   5.94e-04  
329      1.485216e+00   1.488004e+00   2.787201e-03   1.88e-03  
330      3.467782e-02   3.527725e-02   5.994324e-04   1.73e-02  
331      -1.744495e+00  -1.743740e+00  7.546084e-04   4.33e-04  
332      -3.824969e+00  -3.824843e+00  1.260565e-04   3.30e-05  
333      -6.173732e+00  -6.172289e+00  1.442902e-03   2.34e-04  
334      -8.752497e+00  -8.753823e+00  1.325451e-03   1.51e-04  
335      -1.151183e+01  -1.151485e+01  3.023366e-03   2.63e-04  
336      -1.438021e+01  -1.438138e+01  1.169890e-03   8.14e-05  
337      -1.725382e+01  -1.725004e+01  3.784083e-03   2.19e-04  
338      -1.999493e+01  -1.999375e+01  1.175711e-03   5.88e-05  
339      -2.244420e+01  -2.244176e+01  2.440957e-03   1.09e-04  
340      -2.444539e+01  -2.444505e+01  3.418067e-04   1.40e-05  
341      -2.587530e+01  -2.587598e+01  6.760296e-04   2.61e-05  
342      -2.667095e+01  -2.667038e+01  5.700378e-04   2.14e-05  
343      -2.684995e+01  -2.684747e+01  2.486350e-03   9.26e-05  
344      -2.652776e+01  -2.652896e+01  1.193941e-03   4.50e-05  
345      -2.593971e+01  -2.593537e+01  4.337136e-03   1.67e-04  
346      -2.547424e+01  -2.546920e+01  5.042927e-03   1.98e-04  
347      -2.571777e+01  -2.672269e+01  1.004914e+00   3.91e-02  
348      -2.750637e+01  -3.249533e+01  4.988966e+00   1.81e-01  
349      -2.865078e+01  -2.977729e+01  1.126504e+00   3.93e-02  
350      -3.028593e+01  -2.512418e+01  5.161753e+00   1.70e-01  
351      -1.217507e-01  -9.050314e-02  3.124760e-02   2.57e-01  
352      -1.518018e-01  -1.429219e-01  8.879925e-03   5.85e-02  
353      -1.858907e-01  -2.021636e-01  1.627290e-02   8.75e-02  
354      -2.392129e-01  -2.445154e-01  5.302483e-03   2.22e-02  
355      -2.864532e-01  -2.865600e-01  1.067256e-04   3.73e-04  
356      -3.189139e-01  -3.188022e-01  1.117177e-04   3.50e-04  
357      -3.312898e-01  -3.327655e-01  1.475648e-03   4.45e-03  
358      -3.213664e-01  -3.190055e-01  2.360874e-03   7.35e-03  
359      -2.893945e-01  -2.905008e-01  1.106272e-03   3.82e-03  
360      -2.371881e-01  -2.370434e-01  1.446470e-04   6.10e-04  
361      -1.670130e-01  -1.646340e-01  2.378993e-03   1.42e-02  
362      -8.040052e-02  -8.293637e-02  2.535848e-03   3.15e-02  
363      2.291535e-02   2.170714e-02   1.208214e-03   5.27e-02  
364      1.457197e-01   1.433968e-01   2.322881e-03   1.59e-02  
365      2.935372e-01   2.939455e-01   4.082583e-04   1.39e-03  
366      4.742863e-01   4.743888e-01   1.025102e-04   2.16e-04  
367      6.973855e-01   6.926784e-01   4.707109e-03   6.75e-03  
368      9.723744e-01   9.737732e-01   1.398812e-03   1.44e-03  
369      1.307134e+00   1.309295e+00   2.160832e-03   1.65e-03  
370      1.705837e+00   1.706901e+00   1.064348e-03   6.24e-04  
371      2.166808e+00   2.164220e+00   2.587637e-03   1.19e-03  
372      2.680511e+00   2.678264e+00   2.247004e-03   8.38e-04  
373      3.227860e+00   3.230139e+00   2.278585e-03   7.06e-04  
374      3.779010e+00   3.779399e+00   3.894060e-04   1.03e-04  
375      4.292776e+00   4.292602e+00   1.738544e-04   4.05e-05  
376      4.716924e+00   4.716497e+00   4.273900e-04   9.06e-05  
377      4.989598e+00   4.988423e+00   1.174595e-03   2.35e-04  
378      5.041993e+00   5.041278e+00   7.140963e-04   1.42e-04  
379      4.801976e+00   4.803135e+00   1.159254e-03   2.41e-04  
380      4.197942e+00   4.195757e+00   2.184166e-03   5.20e-04  
381      3.162398e+00   3.161882e+00   5.163666e-04   1.63e-04  
382      1.636076e+00   1.633532e+00   2.544386e-03   1.56e-03  
383      -4.245177e-01  -4.252531e-01  7.354440e-04   1.73e-03  
384      -3.032148e+00  -3.036703e+00  4.555509e-03   1.50e-03  
385      -6.145961e+00  -6.147549e+00  1.588520e-03   2.58e-04  
386      -9.648591e+00  -9.651226e+00  2.635057e-03   2.73e-04  
387      -1.333854e+01  -1.333788e+01  6.522943e-04   4.89e-05  
388      -1.695048e+01  -1.695191e+01  1.434369e-03   8.46e-05  
389      -2.020320e+01  -2.020370e+01  4.955990e-04   2.45e-05  
390      -2.286035e+01  -2.286125e+01  9.014054e-04   3.94e-05  
391      -2.478276e+01  -2.478056e+01  2.195625e-03   8.86e-05  
392      -2.595646e+01  -2.595814e+01  1.681920e-03   6.48e-05  
393      -2.649585e+01  -2.649497e+01  8.847275e-04   3.34e-05  
394      -2.663624e+01  -2.663760e+01  1.353051e-03   5.08e-05  
395      -2.673333e+01  -2.673318e+01  1.489216e-04   5.57e-06  
396      -2.727832e+01  -2.727684e+01  1.476219e-03   5.41e-05  
397      -2.892642e+01  -3.017055e+01  1.244134e+00   4.30e-02  
398      -3.253046e+01  -3.883112e+01  6.300662e+00   1.94e-01  
399      -3.481764e+01  -3.647445e+01  1.656809e+00   4.76e-02  
400      -3.758865e+01  -3.132685e+01  6.261807e+00   1.67e-01  
401      -9.501351e-02  -7.239555e-02  2.261796e-02   2.38e-01  
402      -1.176733e-01  -1.134918e-01  4.181558e-03   3.55e-02  
403      -1.440646e-01  -1.551177e-01  1.105314e-02   7.67e-02  
404      -1.845157e-01  -1.861190e-01  1.603328e-03   8.69e-03  
405      -2.205253e-01  -2.193347e-01  1.190672e-03   5.40e-03  
406      -2.430945e-01  -2.420002e-01  1.094347e-03   4.50e-03  
407      -2.469921e-01  -2.463121e-01  6.800075e-04   2.75e-03  
408      -2.307156e-01  -2.309946e-01  2.790484e-04   1.21e-03  
409      -1.960255e-01  -1.969436e-01  9.180445e-04   4.68e-03  
410      -1.470543e-01  -1.468297e-01  2.246155e-04   1.53e-03  
411      -8.911964e-02  -9.134442e-02  2.224775e-03   2.50e-02  
412      -2.746359e-02  -2.878733e-02  1.323734e-03   4.82e-02  
413      3.385001e-02   3.570221e-02   1.852207e-03   5.47e-02  
414      9.270302e-02   8.986331e-02   2.839717e-03   3.06e-02  
415      1.493005e-01   1.461585e-01   3.141936e-03   2.10e-02  
416      2.062411e-01   2.033858e-01   2.855330e-03   1.38e-02  
417      2.684315e-01   2.670108e-01   1.420634e-03   5.29e-03  
418      3.429924e-01   3.428117e-01   1.806350e-04   5.27e-04  
419      4.392898e-01   4.373585e-01   1.931319e-03   4.40e-03  
420      5.692030e-01   5.707982e-01   1.595149e-03   2.80e-03  
421      7.476494e-01   7.494866e-01   1.837224e-03   2.46e-03  
422      9.930437e-01   9.928503e-01   1.933814e-04   1.95e-04  
423      1.326713e+00   1.326951e+00   2.383427e-04   1.80e-04  
424      1.769611e+00   1.769982e+00   3.716797e-04   2.10e-04  
425      2.334803e+00   2.332986e+00   1.816806e-03   7.78e-04  
426      3.015714e+00   3.016007e+00   2.933814e-04   9.73e-05  
427      3.772746e+00   3.771051e+00   1.694900e-03   4.49e-04  
428      4.522924e+00   4.523227e+00   3.034850e-04   6.71e-05  
429      5.137160e+00   5.139172e+00   2.012481e-03   3.92e-04  
430      5.447248e+00   5.446104e+00   1.144328e-03   2.10e-04  
431      5.261929e+00   5.264669e+00   2.740070e-03   5.21e-04  
432      4.391202e+00   4.392027e+00   8.254555e-04   1.88e-04  
433      2.681017e+00   2.677471e+00   3.545581e-03   1.32e-03  
434      6.039666e-02   6.076311e-02   3.664536e-04   6.07e-03  
435      -3.407874e+00  -3.403907e+00  3.966695e-03   1.16e-03  
436      -7.498343e+00  -7.497079e+00  1.264748e-03   1.69e-04  
437      -1.184321e+01  -1.184299e+01  2.164622e-04   1.83e-05  
438      -1.600775e+01  -1.600939e+01  1.636702e-03   1.02e-04  
439      -1.959779e+01  -1.959977e+01  1.975444e-03   1.01e-04  
440      -2.235854e+01  -2.235864e+01  1.016622e-04   4.55e-06  
441      -2.422706e+01  -2.422788e+01  8.255630e-04   3.41e-05  
442      -2.532602e+01  -2.532793e+01  1.906548e-03   7.53e-05  
443      -2.592101e+01  -2.592232e+01  1.314529e-03   5.07e-05  
444      -2.637796e+01  -2.637977e+01  1.814304e-03   6.88e-05  
445      -2.714494e+01  -2.714350e+01  1.431228e-03   5.27e-05  
446      -2.876037e+01  -2.876113e+01  7.661280e-04   2.66e-05  
447      -3.187698e+01  -3.336092e+01  1.483942e+00   4.66e-02  
448      -3.728950e+01  -4.483347e+01  7.543966e+00   2.02e-01  
449      -4.071202e+01  -4.286454e+01  2.152519e+00   5.29e-02  
450      -4.457365e+01  -3.725310e+01  7.320546e+00   1.64e-01  
451      -1.239944e-01  -9.492715e-02  2.906722e-02   2.34e-01  
452      -1.374213e-01  -1.361623e-01  1.259014e-03   9.16e-03  
453      -1.540833e-01  -1.723540e-01  1.827074e-02   1.19e-01  
454      -1.784411e-01  -1.799992e-01  1.558163e-03   8.73e-03  
455      -2.005970e-01  -1.981052e-01  2.491787e-03   1.24e-02  
456      -2.115800e-01  -2.110701e-01  5.099197e-04   2.41e-03  
457      -2.063690e-01  -2.097713e-01  3.402311e-03   1.65e-02  
458      -1.839972e-01  -1.853475e-01  1.350338e-03   7.34e-03  
459      -1.472691e-01  -1.427923e-01  4.476873e-03   3.04e-02  
460      -1.020986e-01  -1.002297e-01  1.868839e-03   1.83e-02  
461      -5.659892e-02  -5.407037e-02  2.528552e-03   4.47e-02  
462      -2.008490e-02  -1.901844e-02  1.066459e-03   5.31e-02  
463      -2.200311e-03  -4.082722e-03  1.882411e-03   8.56e-01  
464      -1.236357e-02  -1.050739e-02  1.856173e-03   1.50e-01  
465      -5.951617e-02  -5.888955e-02  6.266122e-04   1.05e-02  
466      -1.519613e-01  -1.509748e-01  9.865751e-04   6.49e-03  
467      -2.970083e-01  -2.964748e-01  5.334635e-04   1.80e-03  
468      -5.001086e-01  -5.006848e-01  5.761662e-04   1.15e-03  
469      -7.631000e-01  -7.627366e-01  3.634144e-04   4.76e-04  
470      -1.081056e+00  -1.077821e+00  3.234113e-03   2.99e-03  
471      -1.437205e+00  -1.436642e+00  5.627144e-04   3.92e-04  
472      -1.795829e+00  -1.796699e+00  8.706180e-04   4.85e-04  
473      -2.094931e+00  -2.093338e+00  1.592232e-03   7.60e-04  
474      -2.243743e+00  -2.244377e+00  6.335814e-04   2.82e-04  
475      -2.132716e+00  -2.131950e+00  7.659030e-04   3.59e-04  
476      -1.661284e+00  -1.659497e+00  1.787443e-03   1.08e-03  
477      -7.805438e-01  -7.825138e-01  1.969955e-03   2.52e-03  
478      4.624117e-01   4.624449e-01   3.311028e-05   7.16e-05  
479      1.896384e+00   1.893297e+00   3.086614e-03   1.63e-03  
480      3.227793e+00   3.231207e+00   3.413524e-03   1.06e-03  
481      4.075921e+00   4.072777e+00   3.144154e-03   7.71e-04  
482      4.040176e+00   4.041505e+00   1.328522e-03   3.29e-04  
483      2.797342e+00   2.796462e+00   8.800923e-04   3.15e-04  
484      2.157249e-01   2.158656e-01   1.407309e-04   6.52e-04  
485      -3.557048e+00  -3.557629e+00  5.808460e-04   1.63e-04  
486      -8.089907e+00  -8.090700e+00  7.932605e-04   9.81e-05  
487      -1.277066e+01  -1.277206e+01  1.408861e-03   1.10e-04  
488      -1.698167e+01  -1.698032e+01  1.351149e-03   7.96e-05  
489      -2.028078e+01  -2.028083e+01  4.614151e-05   2.28e-06  
490      -2.251165e+01  -2.251176e+01  1.151294e-04   5.11e-06  
491      -2.380176e+01  -2.380276e+01  1.000533e-03   4.20e-05  
492      -2.447546e+01  -2.447485e+01  6.071773e-04   2.48e-05  
493      -2.495307e+01  -2.495219e+01  8.769819e-04   3.51e-05  
494      -2.568896e+01  -2.569034e+01  1.381801e-03   5.38e-05  
495      -2.715838e+01  -2.715677e+01  1.605378e-03   5.91e-05  
496      -2.987653e+01  -2.987764e+01  1.115554e-03   3.73e-05  
497      -3.442930e+01  -3.612725e+01  1.697946e+00   4.93e-02  
498      -4.150236e+01  -5.013399e+01  8.631635e+00   2.08e-01  
499      -4.595755e+01  -4.853640e+01  2.578848e+00   5.61e-02  
500      -5.077308e+01  -4.249283e+01  8.280244e+00   1.63e-01  
501      -2.268412e-01  -1.835208e-01  4.332043e-02   1.91e-01  
502      -2.303632e-01  -2.308570e-01  4.938457e-04   2.14e-03  
503      -2.371572e-01  -2.697243e-01  3.256708e-02   1.37e-01  
504      -2.459412e-01  -2.534441e-01  7.502865e-03   3.05e-02  
505      -2.566442e-01  -2.562574e-01  3.867675e-04   1.51e-03  
506      -2.600228e-01  -2.605966e-01  5.737644e-04   2.21e-03  
507      -2.503096e-01  -2.471666e-01  3.143074e-03   1.26e-02  
508      -2.256249e-01  -2.257666e-01  1.417136e-04   6.28e-04  
509      -1.882668e-01  -1.870842e-01  1.182578e-03   6.28e-03  
510      -1.447998e-01  -1.420767e-01  2.723130e-03   1.88e-02  
511      -1.056862e-01  -1.055150e-01  1.711325e-04   1.62e-03  
512      -8.445371e-02  -8.345796e-02  9.957522e-04   1.18e-02  
513      -9.693745e-02  -9.611858e-02  8.188714e-04   8.45e-03  
514      -1.610302e-01  -1.607327e-01  2.974516e-04   1.85e-03  
515      -2.968852e-01  -2.980578e-01  1.172544e-03   3.95e-03  
516      -5.272531e-01  -5.262814e-01  9.717072e-04   1.84e-03  
517      -8.775660e-01  -8.744994e-01  3.066635e-03   3.49e-03  
518      -1.375301e+00  -1.374193e+00  1.108476e-03   8.06e-04  
519      -2.047921e+00  -2.048336e+00  4.144860e-04   2.02e-04  
520      -2.918242e+00  -2.917954e+00  2.883457e-04   9.88e-05  
521      -3.995424e+00  -3.996772e+00  1.348370e-03   3.37e-04  
522      -5.259190e+00  -5.259109e+00  8.164690e-05   1.55e-05  
523      -6.635741e+00  -6.634366e+00  1.375639e-03   2.07e-04  
524      -7.971921e+00  -7.974922e+00  3.001139e-03   3.76e-04  
525      -9.026671e+00  -9.027808e+00  1.137360e-03   1.26e-04  
526      -9.505716e+00  -9.504198e+00  1.517878e-03   1.60e-04  
527      -9.148895e+00  -9.149237e+00  3.421996e-04   3.74e-05  
528      -7.849145e+00  -7.846498e+00  2.646173e-03   3.37e-04  
529      -5.754344e+00  -5.754206e+00  1.382199e-04   2.40e-05  
530      -3.304837e+00  -3.306541e+00  1.703385e-03   5.15e-04  
531      -1.176570e+00  -1.175436e+00  1.133842e-03   9.64e-04  
532      -1.217788e-01  -1.217095e-01  6.928822e-05   5.69e-04  
533      -7.246752e-01  -7.232243e-01  1.450937e-03   2.00e-03  
534      -3.157149e+00  -3.160756e+00  3.606718e-03   1.14e-03  
535      -7.070443e+00  -7.066832e+00  3.611652e-03   5.11e-04  
536      -1.169970e+01  -1.170051e+01  8.077571e-04   6.90e-05  
537      -1.613167e+01  -1.613078e+01  8.959158e-04   5.55e-05  
538      -1.962366e+01  -1.962530e+01  1.642215e-03   8.37e-05  
539      -2.183809e+01  -2.183865e+01  5.593839e-04   2.56e-05  
540      -2.288223e+01  -2.288308e+01  8.478084e-04   3.71e-05  
541      -2.316634e+01  -2.316457e+01  1.772011e-03   7.65e-05  
542      -2.321381e+01  -2.321603e+01  2.224942e-03   9.58e-05  
543      -2.353480e+01  -2.353297e+01  1.834275e-03   7.79e-05  
544      -2.458693e+01  -2.458695e+01  1.334483e-05   5.43e-07  
545      -2.679388e+01  -2.679486e+01  9.814580e-04   3.66e-05  
546      -3.058632e+01  -3.058866e+01  2.344934e-03   7.67e-05  
547      -3.644192e+01  -3.831121e+01  1.869294e+00   5.13e-02  
548      -4.491510e+01  -5.442300e+01  9.507896e+00   2.12e-01  
549      -5.022877e+01  -5.313285e+01  2.904081e+00   5.78e-02  
550      -5.580199e+01  -4.673269e+01  9.069306e+00   1.63e-01  
551      -4.262397e-01  -3.455696e-01  8.067018e-02   1.89e-01  
552      -4.216977e-01  -4.305173e-01  8.819606e-03   2.09e-02  
553      -4.225965e-01  -4.888373e-01  6.624074e-02   1.57e-01  
554      -4.239680e-01  -4.383394e-01  1.437143e-02   3.39e-02  
555      -4.346919e-01  -4.359572e-01  1.265271e-03   2.91e-03  
556      -4.431775e-01  -4.405881e-01  2.589388e-03   5.84e-03  
557      -4.399391e-01  -4.374147e-01  2.524422e-03   5.74e-03  
558      -4.191781e-01  -4.193971e-01  2.189643e-04   5.22e-04  
559      -3.808178e-01  -3.777295e-01  3.088308e-03   8.11e-03  
560      -3.318215e-01  -3.321882e-01  3.667027e-04   1.11e-03  
561      -2.855028e-01  -2.865875e-01  1.084675e-03   3.80e-03  
562      -2.597729e-01  -2.606212e-01  8.482300e-04   3.27e-03  
563      -2.761176e-01  -2.750457e-01  1.071898e-03   3.88e-03  
564      -3.598119e-01  -3.569571e-01  2.854781e-03   7.93e-03  
565      -5.410525e-01  -5.450188e-01  3.966279e-03   7.33e-03  
566      -8.565464e-01  -8.559634e-01  5.829468e-04   6.81e-04  
567      -1.351161e+00  -1.348198e+00  2.963116e-03   2.19e-03  
568      -2.079212e+00  -2.077209e+00  2.002616e-03   9.63e-04  
569      -3.104659e+00  -3.102388e+00  2.270767e-03   7.31e-04  
570      -4.498727e+00  -4.498036e+00  6.912405e-04   1.54e-04  
571      -6.332049e+00  -6.329758e+00  2.290680e-03   3.62e-04  
572      -8.655819e+00  -8.654812e+00  1.006453e-03   1.16e-04  
573      -1.146265e+01  -1.146495e+01  2.296531e-03   2.00e-04  
574      -1.461475e+01  -1.461622e+01  1.472688e-03   1.01e-04  
575      -1.776594e+01  -1.776556e+01  3.870406e-04   2.18e-05  
576      -2.034564e+01  -2.034527e+01  3.749519e-04   1.84e-05  
577      -2.168406e+01  -2.168422e+01  1.566009e-04   7.22e-06  
578      -2.126580e+01  -2.126771e+01  1.909334e-03   8.98e-05  
579      -1.902021e+01  -1.902307e+01  2.865247e-03   1.51e-04  
580      -1.550022e+01  -1.549916e+01  1.060659e-03   6.84e-05  
581      -1.183383e+01  -1.183318e+01  6.505992e-04   5.50e-05  
582      -9.359620e+00  -9.359375e+00  2.451107e-04   2.62e-05  
583      -9.049701e+00  -9.050665e+00  9.646730e-04   1.07e-04  
584      -1.104990e+01  -1.105031e+01  4.155570e-04   3.76e-05  
585      -1.464988e+01  -1.464561e+01  4.271518e-03   2.92e-04  
586      -1.863373e+01  -1.863237e+01  1.360727e-03   7.30e-05  
587      -2.181223e+01  -2.181284e+01  6.066590e-04   2.78e-05  
588      -2.350868e+01  -2.350868e+01  1.633806e-06   6.95e-08  
589      -2.374352e+01  -2.374423e+01  7.138107e-04   3.01e-05  
590      -2.303655e+01  -2.303492e+01  1.633231e-03   7.09e-05  
591      -2.207174e+01  -2.206896e+01  2.777448e-03   1.26e-04  
592      -2.146739e+01  -2.147086e+01  3.466414e-03   1.61e-04  
593      -2.170181e+01  -2.170027e+01  1.538222e-03   7.09e-05  
594      -2.313766e+01  -2.313927e+01  1.617271e-03   6.99e-05  
595      -2.608241e+01  -2.608442e+01  2.004210e-03   7.68e-05  
596      -3.084680e+01  -3.084934e+01  2.545743e-03   8.25e-05  
597      -3.778663e+01  -3.978278e+01  1.996149e+00   5.28e-02  
598      -4.732744e+01  -5.745082e+01  1.012337e+01   2.14e-01  
599      -5.328328e+01  -5.640931e+01  3.126034e+00   5.87e-02  
600      -5.939042e+01  -4.973269e+01  9.657729e+00   1.63e-01  
601      -7.507841e-01  -6.077396e-01  1.430445e-01   1.91e-01  
602      -7.455541e-01  -7.586057e-01  1.305156e-02   1.75e-02  
603      -7.530338e-01  -8.732079e-01  1.201741e-01   1.60e-01  
604      -7.686641e-01  -7.912975e-01  2.263333e-02   2.94e-02  
605      -8.037326e-01  -8.034483e-01  2.843405e-04   3.54e-04  
606      -8.390560e-01  -8.407496e-01  1.693646e-03   2.02e-03  
607      -8.560159e-01  -8.543057e-01  1.710220e-03   2.00e-03  
608      -8.418009e-01  -8.427626e-01  9.616636e-04   1.14e-03  
609      -7.950886e-01  -7.946314e-01  4.571902e-04   5.75e-04  
610      -7.264761e-01  -7.284111e-01  1.935062e-03   2.66e-03  
611      -6.539158e-01  -6.550081e-01  1.092258e-03   1.67e-03  
612      -5.989712e-01  -6.016717e-01  2.700463e-03   4.51e-03  
613      -5.858683e-01  -5.860093e-01  1.409172e-04   2.41e-04  
614      -6.427982e-01  -6.435957e-01  7.975837e-04   1.24e-03  
615      -8.045261e-01  -8.086099e-01  4.083799e-03   5.08e-03  
616      -1.115746e+00  -1.112531e+00  3.214855e-03   2.88e-03  
617      -1.635033e+00  -1.636330e+00  1.296793e-03   7.93e-04  
618      -2.439412e+00  -2.439854e+00  4.425483e-04   1.81e-04  
619      -3.629359e+00  -3.626924e+00  2.435189e-03   6.71e-04  
620      -5.333403e+00  -5.333492e+00  8.836720e-05   1.66e-05  
621      -7.709951e+00  -7.712605e+00  2.653920e-03   3.44e-04  
622      -1.094053e+01  -1.094048e+01  4.962847e-05   4.54e-06  
623      -1.520020e+01  -1.519864e+01  1.561000e-03   1.03e-04  
624      -2.057221e+01  -2.057054e+01  1.669121e-03   8.11e-05  
625      -2.681717e+01  -2.681413e+01  3.035258e-03   1.13e-04  
626      -3.314553e+01  -3.314407e+01  1.469298e-03   4.43e-05  
627      -3.822693e+01  -3.822939e+01  2.461386e-03   6.44e-05  
628      -4.065668e+01  -4.065481e+01  1.869861e-03   4.60e-05  
629      -3.963800e+01  -3.963551e+01  2.493689e-03   6.29e-05  
630      -3.561270e+01  -3.561421e+01  1.506660e-03   4.23e-05  
631      -3.031445e+01  -3.031414e+01  3.164488e-04   1.04e-05  
632      -2.600424e+01  -2.600566e+01  1.411509e-03   5.43e-05  
633      -2.419406e+01  -2.419384e+01  2.214394e-04   9.15e-06  
634      -2.496814e+01  -2.497013e+01  1.985400e-03   7.95e-05  
635      -2.714735e+01  -2.714541e+01  1.939361e-03   7.14e-05  
636      -2.903907e+01  -2.903945e+01  3.777263e-04   1.30e-05  
637      -2.937902e+01  -2.937889e+01  1.291702e-04   4.40e-06  
638      -2.795099e+01  -2.795190e+01  9.099741e-04   3.26e-05  
639      -2.539365e+01  -2.539394e+01  2.853685e-04   1.12e-05  
640      -2.261875e+01  -2.261558e+01  3.168057e-03   1.40e-04  
641      -2.040628e+01  -2.040617e+01  1.174237e-04   5.75e-06  
642      -1.928204e+01  -1.928227e+01  2.249736e-04   1.17e-05  
643      -1.955872e+01  -1.955937e+01  6.511397e-04   3.33e-05  
644      -2.142952e+01  -2.143075e+01  1.225976e-03   5.72e-05  
645      -2.505450e+01  -2.505412e+01  3.795884e-04   1.52e-05  
646      -3.061930e+01  -3.061951e+01  2.090473e-04   6.83e-06  
647      -3.836704e+01  -4.043489e+01  2.067853e+00   5.39e-02  
648      -4.861173e+01  -5.906991e+01  1.045818e+01   2.15e-01  
649      -5.497884e+01  -5.822236e+01  3.243516e+00   5.90e-02  
650      -6.139426e+01  -5.140298e+01  9.991281e+00   1.63e-01  
651      -1.238402e+00  -1.003615e+00  2.347873e-01   1.90e-01  
652      -1.253243e+00  -1.264397e+00  1.115439e-02   8.90e-03  
653      -1.295432e+00  -1.484033e+00  1.886011e-01   1.46e-01  
654      -1.365446e+00  -1.408164e+00  4.271764e-02   3.13e-02  
655      -1.460116e+00  -1.459586e+00  5.301031e-04   3.63e-04  
656      -1.543983e+00  -1.546071e+00  2.088132e-03   1.35e-03  
657      -1.583379e+00  -1.584969e+00  1.590249e-03   1.00e-03  
658      -1.562216e+00  -1.562044e+00  1.728783e-04   1.11e-04  
659      -1.488520e+00  -1.485319e+00  3.200599e-03   2.15e-03  
660      -1.382838e+00  -1.384519e+00  1.681350e-03   1.22e-03  
661      -1.267911e+00  -1.265709e+00  2.202456e-03   1.74e-03  
662      -1.164880e+00  -1.166206e+00  1.326169e-03   1.14e-03  
663      -1.094214e+00  -1.092485e+00  1.729249e-03   1.58e-03  
664      -1.078936e+00  -1.078963e+00  2.758605e-05   2.56e-05  
665      -1.148745e+00  -1.148168e+00  5.765190e-04   5.02e-04  
666      -1.344825e+00  -1.346084e+00  1.258856e-03   9.36e-04  
667      -1.725772e+00  -1.726545e+00  7.729751e-04   4.48e-04  
668      -2.375427e+00  -2.372497e+00  2.929368e-03   1.23e-03  
669      -3.413502e+00  -3.413234e+00  2.680355e-04   7.85e-05  
670      -5.009867e+00  -5.012456e+00  2.588304e-03   5.17e-04  
671      -7.402923e+00  -7.404837e+00  1.913998e-03   2.59e-04  
672      -1.092099e+01  -1.092123e+01  2.439849e-04   2.23e-05  
673      -1.600118e+01  -1.600176e+01  5.788127e-04   3.62e-05  
674      -2.318100e+01  -2.318037e+01  6.248205e-04   2.70e-05  
675      -3.297393e+01  -3.297416e+01  2.210283e-04   6.70e-06  
676      -4.494216e+01  -4.494311e+01  9.540588e-04   2.12e-05  
677      -5.711010e+01  -5.710997e+01  1.347443e-04   2.36e-06  
678      -6.631092e+01  -6.631157e+01  6.531548e-04   9.85e-06  
679      -6.996951e+01  -6.996873e+01  7.753772e-04   1.11e-05  
680      -6.756109e+01  -6.756059e+01  4.948268e-04   7.32e-06  
681      -6.129624e+01  -6.129852e+01  2.281737e-03   3.72e-05  
682      -5.445463e+01  -5.445655e+01  1.921906e-03   3.53e-05  
683      -4.954549e+01  -4.954557e+01  8.643619e-05   1.74e-06  
684      -4.699918e+01  -4.699738e+01  1.806068e-03   3.84e-05  
685      -4.535119e+01  -4.535153e+01  3.323942e-04   7.33e-06  
686      -4.256630e+01  -4.256738e+01  1.078196e-03   2.53e-05  
687      -3.789693e+01  -3.789709e+01  1.613317e-04   4.26e-06  
688      -3.206145e+01  -3.206180e+01  3.508961e-04   1.09e-05  
689      -2.625703e+01  -2.625558e+01  1.444738e-03   5.50e-05  
690      -2.145610e+01  -2.145664e+01  5.436592e-04   2.53e-05  
691      -1.822612e+01  -1.822769e+01  1.565973e-03   8.59e-05  
692      -1.680554e+01  -1.680505e+01  4.835110e-04   2.88e-05  
693      -1.724925e+01  -1.724812e+01  1.127938e-03   6.54e-05  
694      -1.955403e+01  -1.955462e+01  5.887723e-04   3.01e-05  
695      -2.373828e+01  -2.373614e+01  2.135662e-03   9.00e-05  
696      -2.988077e+01  -2.988217e+01  1.400363e-03   4.69e-05  
697      -3.813341e+01  -4.021717e+01  2.083765e+00   5.46e-02  
698      -4.872120e+01  -5.924092e+01  1.051972e+01   2.16e-01  
699      -5.527543e+01  -5.853668e+01  3.261250e+00   5.90e-02  
700      -6.178911e+01  -5.171843e+01  1.007068e+01   1.63e-01  
701      -1.951105e+00  -1.570513e+00  3.805920e-01   1.95e-01  
702      -2.037528e+00  -2.033547e+00  3.981415e-03   1.95e-03  
703      -2.158378e+00  -2.447829e+00  2.894506e-01   1.34e-01  
704      -2.333435e+00  -2.398510e+00  6.507451e-02   2.79e-02  
705      -2.513630e+00  -2.510887e+00  2.743070e-03   1.09e-03  
706      -2.636698e+00  -2.638164e+00  1.465926e-03   5.56e-04  
707      -2.659769e+00  -2.659625e+00  1.436675e-04   5.40e-05  
708      -2.593682e+00  -2.593479e+00  2.031853e-04   7.83e-05  
709      -2.471011e+00  -2.471644e+00  6.332809e-04   2.56e-04  
710      -2.322153e+00  -2.321523e+00  6.308202e-04   2.72e-04  
711      -2.167520e+00  -2.163324e+00  4.196521e-03   1.94e-03  
712      -2.018680e+00  -2.022591e+00  3.911086e-03   1.94e-03  
713      -1.882829e+00  -1.883865e+00  1.035421e-03   5.50e-04  
714      -1.767600e+00  -1.765934e+00  1.665498e-03   9.42e-04  
715      -1.685572e+00  -1.684734e+00  8.382155e-04   4.97e-04  
716      -1.659121e+00  -1.658538e+00  5.827662e-04   3.51e-04  
717      -1.726668e+00  -1.724420e+00  2.248227e-03   1.30e-03  
718      -1.951791e+00  -1.952439e+00  6.480897e-04   3.32e-04  
719      -2.437125e+00  -2.439254e+00  2.129374e-03   8.74e-04  
720      -3.345903e+00  -3.346634e+00  7.311264e-04   2.19e-04  
721      -4.935339e+00  -4.936333e+00  9.941085e-04   2.01e-04  
722      -7.608418e+00  -7.608063e+00  3.547927e-04   4.66e-05  
723      -1.199521e+01  -1.199489e+01  3.137753e-04   2.62e-05  
724      -1.908933e+01  -1.908847e+01  8.588882e-04   4.50e-05  
725      -3.047715e+01  -3.047456e+01  2.582253e-03   8.47e-05  
726      -4.879703e+01  -4.879796e+01  9.288234e-04   1.90e-05  
727      -7.259070e+01  -7.258961e+01  1.093133e-03   1.51e-05  
728      -9.613028e+01  -9.612740e+01  2.878538e-03   2.99e-05  
729      -1.123607e+02  -1.123618e+02  1.144015e-03   1.02e-05  
730      -1.185193e+02  -1.185176e+02  1.674691e-03   1.41e-05  
731      -1.143266e+02  -1.143271e+02  4.319248e-04   3.78e-06  
732      -1.033750e+02  -1.033727e+02  2.369126e-03   2.29e-05  
733      -9.076287e+01  -9.076403e+01  1.161045e-03   1.28e-05  
734      -7.988016e+01  -7.988126e+01  1.098613e-03   1.38e-05  
735      -6.944077e+01  -6.944148e+01  7.156131e-04   1.03e-05  
736      -5.793601e+01  -5.793669e+01  6.819795e-04   1.18e-05  
737      -4.599521e+01  -4.599470e+01  5.133932e-04   1.12e-05  
738      -3.502374e+01  -3.502388e+01  1.350004e-04   3.85e-06  
739      -2.606984e+01  -2.606987e+01  3.728238e-05   1.43e-06  
740      -1.962252e+01  -1.962297e+01  4.514269e-04   2.30e-05  
741      -1.573720e+01  -1.573806e+01  8.579191e-04   5.45e-05  
742      -1.424490e+01  -1.424693e+01  2.033787e-03   1.43e-04  
743      -1.492243e+01  -1.492107e+01  1.361885e-03   9.13e-05  
744      -1.759217e+01  -1.759140e+01  7.666210e-04   4.36e-05  
745      -2.216248e+01  -2.216098e+01  1.504990e-03   6.79e-05  
746      -2.863375e+01  -2.863493e+01  1.181372e-03   4.13e-05  
747      -3.708999e+01  -3.914564e+01  2.055653e+00   5.54e-02  
748      -4.768759e+01  -5.800714e+01  1.031955e+01   2.16e-01  
749      -5.422562e+01  -5.741820e+01  3.192581e+00   5.89e-02  
750      -6.065306e+01  -5.075203e+01  9.901033e+00   1.63e-01  
751      -3.049762e+00  -2.416677e+00  6.330850e-01   2.08e-01  
752      -3.273867e+00  -3.222525e+00  5.134158e-02   1.57e-02  
753      -3.490561e+00  -3.914069e+00  4.235088e-01   1.21e-01  
754      -3.786543e+00  -3.889097e+00  1.025540e-01   2.71e-02  
755      -4.005471e+00  -4.008647e+00  3.175800e-03   7.93e-04  
756      -4.054008e+00  -4.052964e+00  1.044202e-03   2.58e-04  
757      -3.973951e+00  -3.972804e+00  1.146459e-03   2.88e-04  
758      -3.828646e+00  -3.830746e+00  2.099365e-03   5.48e-04  
759      -3.664654e+00  -3.664522e+00  1.314935e-04   3.59e-05  
760      -3.504690e+00  -3.505855e+00  1.164653e-03   3.32e-04  
761      -3.351706e+00  -3.352061e+00  3.557763e-04   1.06e-04  
762      -3.196443e+00  -3.194236e+00  2.207320e-03   6.91e-04  
763      -3.023661e+00  -3.022435e+00  1.226065e-03   4.05e-04  
764      -2.816249e+00  -2.816093e+00  1.560528e-04   5.54e-05  
765      -2.558098e+00  -2.559435e+00  1.336861e-03   5.23e-04  
766      -2.236906e+00  -2.237988e+00  1.082416e-03   4.84e-04  
767      -1.848155e+00  -1.848964e+00  8.087553e-04   4.38e-04  
768      -1.401787e+00  -1.401109e+00  6.782548e-04   4.84e-04  
769      -9.337746e-01  -9.334092e-01  3.653707e-04   3.91e-04  
770      -5.262385e-01  -5.223071e-01  3.931356e-03   7.47e-03  
771      -3.423632e-01  -3.416656e-01  6.976626e-04   2.04e-03  
772      -6.872497e-01  -6.906894e-01  3.439655e-03   5.00e-03  
773      -2.116136e+00  -2.119379e+00  3.242937e-03   1.53e-03  
774      -5.638153e+00  -5.637848e+00  3.053030e-04   5.41e-05  
775      -1.319466e+01  -1.319647e+01  1.806970e-03   1.37e-04  
776      -2.906298e+01  -2.906106e+01  1.923920e-03   6.62e-05  
777      -6.864180e+01  -6.864289e+01  1.089960e-03   1.59e-05  
778      -1.200898e+02  -1.200912e+02  1.435807e-03   1.20e-05  
779      -1.672582e+02  -1.672593e+02  1.190428e-03   7.12e-06  
780      -1.997012e+02  -1.997047e+02  3.496693e-03   1.75e-05  
781      -2.109164e+02  -2.109149e+02  1.461308e-03   6.93e-06  
782      -1.912230e+02  -1.912214e+02  1.534252e-03   8.02e-06  
783      -1.587127e+02  -1.587146e+02  1.862455e-03   1.17e-05  
784      -1.265962e+02  -1.265938e+02  2.470341e-03   1.95e-05  
785      -9.786692e+01  -9.786747e+01  5.459675e-04   5.58e-06  
786      -7.291914e+01  -7.291696e+01  2.182504e-03   2.99e-05  
787      -5.237261e+01  -5.237237e+01  2.387815e-04   4.56e-06  
788      -3.642851e+01  -3.642712e+01  1.390205e-03   3.82e-05  
789      -2.493336e+01  -2.493316e+01  1.944617e-04   7.80e-06  
790      -1.740566e+01  -1.740521e+01  4.568682e-04   2.62e-05  
791      -1.322547e+01  -1.322483e+01  6.484670e-04   4.90e-05  
792      -1.180870e+01  -1.181089e+01  2.189712e-03   1.85e-04  
793      -1.270256e+01  -1.270569e+01  3.132937e-03   2.47e-04  
794      -1.560744e+01  -1.560946e+01  2.021419e-03   1.30e-04  
795      -2.036106e+01  -2.036075e+01  3.024921e-04   1.49e-05  
796      -2.691176e+01  -2.691249e+01  7.228463e-04   2.69e-05  
797      -3.529411e+01  -3.726168e+01  1.967565e+00   5.57e-02  
798      -4.561083e+01  -5.549312e+01  9.882289e+00   2.17e-01  
799      -5.195799e+01  -5.501244e+01  3.054453e+00   5.88e-02  
800      -5.814443e+01  -4.864339e+01  9.501045e+00   1.63e-01  
801      -4.900080e+00  -4.091578e+00  8.085013e-01   1.65e-01  
802      -5.162345e+00  -5.390025e+00  2.276796e-01   4.41e-02  
803      -5.337847e+00  -6.375151e+00  1.037304e+00   1.94e-01  
804      -5.632337e+00  -6.196378e+00  5.640404e-01   1.00e-01  
805      -5.560246e+00  -5.861260e+00  3.010132e-01   5.41e-02  
806      -5.370009e+00  -5.626640e+00  2.566307e-01   4.78e-02  
807      -5.162989e+00  -5.400239e+00  2.372493e-01   4.60e-02  
808      -4.991110e+00  -5.227394e+00  2.362844e-01   4.73e-02  
809      -4.872726e+00  -5.119580e+00  2.468545e-01   5.07e-02  
810      -4.798804e+00  -5.061345e+00  2.625408e-01   5.47e-02  
811      -4.743002e+00  -5.022815e+00  2.798125e-01   5.90e-02  
812      -4.669293e+00  -4.958745e+00  2.894523e-01   6.20e-02  
813      -4.535661e+00  -4.829971e+00  2.943093e-01   6.49e-02  
814      -4.295014e+00  -4.587654e+00  2.926398e-01   6.81e-02  
815      -3.894597e+00  -4.167832e+00  2.732355e-01   7.02e-02  
816      -3.274889e+00  -3.509073e+00  2.341841e-01   7.15e-02  
817      -2.368685e+00  -2.532748e+00  1.640630e-01   6.93e-02  
818      -1.101087e+00  -1.159215e+00  5.812853e-02   5.28e-02  
819      6.085167e-01   7.161968e-01   1.076802e-01   1.77e-01  
820      2.840450e+00   3.186831e+00   3.463807e-01   1.22e-01  
821      5.660955e+00   6.348651e+00   6.876961e-01   1.21e-01  
822      9.093517e+00   1.027623e+01   1.182715e+00   1.30e-01  
823      1.306319e+01   1.496390e+01   1.900711e+00   1.46e-01  
824      1.729369e+01   2.026210e+01   2.968410e+00   1.72e-01  
825      2.114249e+01   2.581185e+01   4.669358e+00   2.21e-01  
826      2.311223e+01   3.080947e+01   7.697247e+00   3.33e-01  
827      1.765674e+01   3.114699e+01   1.349025e+01   7.64e-01  
828      -1.037785e+02  -9.782092e+01  5.957552e+00   5.74e-02  
829      -2.280734e+02  -2.284422e+02  3.688205e-01   1.62e-03  
830      -3.250057e+02  -3.303796e+02  5.373920e+00   1.65e-02  
831      -3.799160e+02  -3.893049e+02  9.388858e+00   2.47e-02  
832      -3.873998e+02  -4.005940e+02  1.319420e+01   3.41e-02  
833      -2.767176e+02  -2.811798e+02  4.462104e+00   1.61e-02  
834      -1.872876e+02  -1.880990e+02  8.114840e-01   4.33e-03  
835      -1.266222e+02  -1.266212e+02  9.657622e-04   7.63e-06  
836      -8.524317e+01  -8.524105e+01  2.125609e-03   2.49e-05  
837      -5.631121e+01  -5.630900e+01  2.207535e-03   3.92e-05  
838      -3.638167e+01  -3.637866e+01  3.010157e-03   8.27e-05  
839      -2.323411e+01  -2.323320e+01  9.026994e-04   3.89e-05  
840      -1.518575e+01  -1.518627e+01  5.161338e-04   3.40e-05  
841      -1.096028e+01  -1.095979e+01  4.924939e-04   4.49e-05  
842      -9.654017e+00  -9.654235e+00  2.176674e-04   2.25e-05  
843      -1.067092e+01  -1.067069e+01  2.335477e-04   2.19e-05  
844      -1.364564e+01  -1.364649e+01  8.502241e-04   6.23e-05  
845      -1.837702e+01  -1.837819e+01  1.167852e-03   6.35e-05  
846      -2.477917e+01  -2.477977e+01  6.032243e-04   2.43e-05  
847      -3.284867e+01  -3.469405e+01  1.845380e+00   5.62e-02  
848      -4.264401e+01  -5.190073e+01  9.256726e+00   2.17e-01  
849      -4.865751e+01  -5.152122e+01  2.863708e+00   5.89e-02  
850      -5.447877e+01  -4.556446e+01  8.914304e+00   1.64e-01  
851      -7.207180e+00  -7.376363e+00  1.691829e-01   2.35e-02  
852      -7.025021e+00  -8.827814e+00  1.802793e+00   2.57e-01  
853      -6.807636e+00  -9.558507e+00  2.750872e+00   4.04e-01  
854      -6.447475e+00  -7.709171e+00  1.261696e+00   1.96e-01  
855      -6.019422e+00  -6.726029e+00  7.066070e-01   1.17e-01  
856      -5.751129e+00  -6.422930e+00  6.718007e-01   1.17e-01  
857      -5.633302e+00  -6.370511e+00  7.372091e-01   1.31e-01  
858      -5.645914e+00  -6.492901e+00  8.469865e-01   1.50e-01  
859      -5.763346e+00  -6.746530e+00  9.831838e-01   1.71e-01  
860      -5.944137e+00  -7.069402e+00  1.125265e+00   1.89e-01  
861      -6.136880e+00  -7.391906e+00  1.255026e+00   2.05e-01  
862      -6.283321e+00  -7.656804e+00  1.373483e+00   2.19e-01  
863      -6.317774e+00  -7.768607e+00  1.450833e+00   2.30e-01  
864      -6.164019e+00  -7.648809e+00  1.484790e+00   2.41e-01  
865      -5.730678e+00  -7.178565e+00  1.447887e+00   2.53e-01  
866      -4.905347e+00  -6.208437e+00  1.303091e+00   2.66e-01  
867      -3.547177e+00  -4.560762e+00  1.013585e+00   2.86e-01  
868      -1.477054e+00  -1.997557e+00  5.205029e-01   3.52e-01  
869      1.536059e+00   1.789296e+00   2.532374e-01   1.65e-01  
870      5.794969e+00   7.213559e+00   1.418591e+00   2.45e-01  
871      1.170451e+01   1.486385e+01   3.159336e+00   2.70e-01  
872      1.982030e+01   2.554867e+01   5.728371e+00   2.89e-01  
873      3.093429e+01   4.049938e+01   9.565089e+00   3.09e-01  
874      4.623082e+01   6.168644e+01   1.545562e+01   3.34e-01  
875      6.764821e+01   9.256185e+01   2.491364e+01   3.68e-01  
876      9.857045e+01   1.398123e+02   4.124181e+01   4.18e-01  
877      1.495127e+02   2.181717e+02   6.865896e+01   4.59e-01  
878      -1.953667e+02  -2.017364e+02  6.369617e+00   3.26e-02  
879      -5.010865e+02  -5.535073e+02  5.242083e+01   1.05e-01  
880      -7.155457e+02  -7.983157e+02  8.277007e+01   1.16e-01  
881      -8.238775e+02  -9.245411e+02  1.006635e+02   1.22e-01  
882      -8.356480e+02  -9.448431e+02  1.091951e+02   1.31e-01  
883      -4.692617e+02  -4.965145e+02  2.725272e+01   5.81e-02  
884      -2.531939e+02  -2.566337e+02  3.439800e+00   1.36e-02  
885      -1.504220e+02  -1.504246e+02  2.615870e-03   1.74e-05  
886      -9.311799e+01  -9.312111e+01  3.121128e-03   3.35e-05  
887      -5.768762e+01  -5.768906e+01  1.433281e-03   2.48e-05  
888      -3.531112e+01  -3.530855e+01  2.576700e-03   7.30e-05  
889      -2.143362e+01  -2.143599e+01  2.368253e-03   1.10e-04  
890      -1.327768e+01  -1.327861e+01  9.287472e-04   6.99e-05  
891      -9.109736e+00  -9.107206e+00  2.530498e-03   2.78e-04  
892      -7.856384e+00  -7.855646e+00  7.374045e-04   9.39e-05  
893      -8.862976e+00  -8.862370e+00  6.059240e-04   6.84e-05  
894      -1.173934e+01  -1.173868e+01  6.548715e-04   5.58e-05  
895      -1.626406e+01  -1.626320e+01  8.640207e-04   5.31e-05  
896      -2.232623e+01  -2.232578e+01  4.456703e-04   2.00e-05  
897      -2.989051e+01  -3.158850e+01  1.697998e+00   5.68e-02  
898      -3.897666e+01  -4.745266e+01  8.476000e+00   2.17e-01  
899      -4.454606e+01  -4.716710e+01  2.621042e+00   5.88e-02  
900      -4.990746e+01  -4.173914e+01  8.168320e+00   1.64e-01  
901      -8.751093e+00  -7.830250e+00  9.208429e-01   1.05e-01  
902      -8.384764e+00  -9.195338e+00  8.105741e-01   9.67e-02  
903      -7.865178e+00  -9.613014e+00  1.747836e+00   2.22e-01  
904      -7.124521e+00  -7.335073e+00  2.105527e-01   2.96e-02  
905      -6.416564e+00  -6.151288e+00  2.652758e-01   4.13e-02  
906      -6.032940e+00  -5.794707e+00  2.382330e-01   3.95e-02  
907      -5.927355e+00  -5.787643e+00  1.397115e-01   2.36e-02  
908      -6.038607e+00  -6.020574e+00  1.803329e-02   2.99e-03  
909      -6.303274e+00  -6.403752e+00  1.004777e-01   1.59e-02  
910      -6.649977e+00  -6.862166e+00  2.121889e-01   3.19e-02  
911      -7.006385e+00  -7.321366e+00  3.149809e-01   4.50e-02  
912      -7.298478e+00  -7.708947e+00  4.104691e-01   5.62e-02  
913      -7.445574e+00  -7.932756e+00  4.871820e-01   6.54e-02  
914      -7.353539e+00  -7.896406e+00  5.428670e-01   7.38e-02  
915      -6.907045e+00  -7.478854e+00  5.718092e-01   8.28e-02  
916      -5.960434e+00  -6.522601e+00  5.621662e-01   9.43e-02  
917      -4.325916e+00  -4.820530e+00  4.946141e-01   1.14e-01  
918      -1.757032e+00  -2.098768e+00  3.417355e-01   1.94e-01  
919      2.075915e+00   2.012061e+00   6.385361e-02   3.08e-02  
920      7.624137e+00   8.019126e+00   3.949889e-01   5.18e-02  
921      1.552282e+01   1.665591e+01   1.133085e+00   7.30e-02  
922      2.669857e+01   2.901660e+01   2.318036e+00   8.68e-02  
923      4.256923e+01   4.680964e+01   4.240415e+00   9.96e-02  
924      6.542974e+01   7.285720e+01   7.427457e+00   1.14e-01  
925      9.935270e+01   1.123819e+02   1.302920e+01   1.31e-01  
926      1.512115e+02   1.750090e+02   2.379751e+01   1.57e-01  
927      2.407025e+02   2.820866e+02   4.138409e+01   1.72e-01  
928      -2.168038e+02  -1.854847e+02  3.131911e+01   1.44e-01  
929      -6.796755e+02  -6.664192e+02  1.325630e+01   1.95e-02  
930      -1.004897e+03  -1.033673e+03  2.877650e+01   2.86e-02  
931      -1.111717e+03  -1.193682e+03  8.196544e+01   7.37e-02  
932      -1.076643e+03  -1.204127e+03  1.274845e+02   1.18e-01  
933      -6.093548e+02  -6.658529e+02  5.649805e+01   9.27e-02  
934      -2.998018e+02  -3.073615e+02  7.559711e+00   2.52e-02  
935      -1.613102e+02  -1.613077e+02  2.498745e-03   1.55e-05  
936      -9.486013e+01  -9.485806e+01  2.073601e-03   2.19e-05  
937      -5.657281e+01  -5.657089e+01  1.919209e-03   3.39e-05  
938      -3.363363e+01  -3.363716e+01  3.527954e-03   1.05e-04  
939      -1.982296e+01  -1.982302e+01  5.438362e-05   2.74e-06  
940      -1.180791e+01  -1.181177e+01  3.863612e-03   3.27e-04  
941      -7.702929e+00  -7.700487e+00  2.442348e-03   3.17e-04  
942      -6.410422e+00  -6.410236e+00  1.865711e-04   2.91e-05  
943      -7.277868e+00  -7.279348e+00  1.480314e-03   2.03e-04  
944      -9.913712e+00  -9.912691e+00  1.021829e-03   1.03e-04  
945      -1.408531e+01  -1.408637e+01  1.063882e-03   7.55e-05  
946      -1.966105e+01  -1.966148e+01  4.313007e-04   2.19e-05  
947      -2.657712e+01  -2.809670e+01  1.519586e+00   5.72e-02  
948      -3.481820e+01  -4.241469e+01  7.596487e+00   2.18e-01  
949      -3.986419e+01  -4.222064e+01  2.356450e+00   5.91e-02  
950      -4.469891e+01  -3.737985e+01  7.319060e+00   1.64e-01  
951      -1.058123e+01  -7.552627e+00  3.028605e+00   2.86e-01  
952      -9.575341e+00  -8.356203e+00  1.219139e+00   1.27e-01  
953      -8.606243e+00  -8.374693e+00  2.315498e-01   2.69e-02  
954      -7.355828e+00  -5.952000e+00  1.403829e+00   1.91e-01  
955      -6.323866e+00  -4.739218e+00  1.584648e+00   2.51e-01  
956      -5.856300e+00  -4.421797e+00  1.434503e+00   2.45e-01  
957      -5.841728e+00  -4.510017e+00  1.331711e+00   2.28e-01  
958      -6.134848e+00  -4.845751e+00  1.289096e+00   2.10e-01  
959      -6.615155e+00  -5.325877e+00  1.289278e+00   1.95e-01  
960      -7.179843e+00  -5.862566e+00  1.317278e+00   1.83e-01  
961      -7.741055e+00  -6.388153e+00  1.352901e+00   1.75e-01  
962      -8.215363e+00  -6.835098e+00  1.380265e+00   1.68e-01  
963      -8.512380e+00  -7.128619e+00  1.383761e+00   1.63e-01  
964      -8.524294e+00  -7.184900e+00  1.339393e+00   1.57e-01  
965      -8.115606e+00  -6.887989e+00  1.227617e+00   1.51e-01  
966      -7.111256e+00  -6.091922e+00  1.019334e+00   1.43e-01  
967      -5.280789e+00  -4.593069e+00  6.877204e-01   1.30e-01  
968      -2.315241e+00  -2.135554e+00  1.796872e-01   7.76e-02  
969      2.208680e+00   1.643867e+00   5.648134e-01   2.56e-01  
970      8.886611e+00   7.264391e+00   1.622220e+00   1.83e-01  
971      1.858496e+01   1.548336e+01   3.101601e+00   1.67e-01  
972      3.261683e+01   2.744158e+01   5.175249e+00   1.59e-01  
973      5.308270e+01   4.501600e+01   8.066703e+00   1.52e-01  
974      8.358192e+01   7.142532e+01   1.215660e+01   1.45e-01  
975      1.309922e+02   1.128593e+02   1.813288e+01   1.38e-01  
976      2.095214e+02   1.822478e+02   2.727354e+01   1.30e-01  
977      3.522041e+02   3.052556e+02   4.694844e+01   1.33e-01  
978      -2.518317e+02  -1.597953e+02  9.203643e+01   3.65e-01  
979      -7.862558e+02  -6.128754e+02  1.733804e+02   2.21e-01  
980      -1.112337e+03  -9.888827e+02  1.234548e+02   1.11e-01  
981      -1.136771e+03  -1.120823e+03  1.594794e+01   1.40e-02  
982      -1.034274e+03  -1.115842e+03  8.156780e+01   7.89e-02  
983      -5.316864e+02  -5.738520e+02  4.216564e+01   7.93e-02  
984      -2.532513e+02  -2.564316e+02  3.180286e+00   1.26e-02  
985      -1.507697e+02  -1.507713e+02  1.590091e-03   1.05e-05  
986      -8.875747e+01  -8.875805e+01  5.789619e-04   6.52e-06  
987      -5.296687e+01  -5.296768e+01  8.113142e-04   1.53e-05  
988      -3.144077e+01  -3.144051e+01  2.631105e-04   8.37e-06  
989      -1.837922e+01  -1.837822e+01  9.980751e-04   5.43e-05  
990      -1.068975e+01  -1.069015e+01  3.980853e-04   3.72e-05  
991      -6.649678e+00  -6.650559e+00  8.811971e-04   1.33e-04  
992      -5.253548e+00  -5.251989e+00  1.559006e-03   2.97e-04  
993      -5.893234e+00  -5.893693e+00  4.590993e-04   7.79e-05  
994      -8.191123e+00  -8.194335e+00  3.212517e-03   3.92e-04  
995      -1.190957e+01  -1.190979e+01  2.277900e-04   1.91e-05  
996      -1.689995e+01  -1.689904e+01  9.064099e-04   5.36e-05  
997      -2.307324e+01  -2.440672e+01  1.333480e+00   5.78e-02  
998      -3.038256e+01  -3.703224e+01  6.649680e+00   2.19e-01  
999      -3.485498e+01  -3.692507e+01  2.070084e+00   5.94e-02  
1000     -3.912199e+01  -3.271899e+01  6.403003e+00   1.64e-01  
1001     -9.677288e+02  -8.616554e+02  1.060734e+02   1.10e-01  
1002     -8.499159e+02  -8.841581e+02  3.424224e+01   4.03e-02  
1003     -3.938313e+02  -4.200335e+02  2.620216e+01   6.65e-02  
1004     -1.776225e+02  -1.774063e+02  2.161842e-01   1.22e-03  
1005     -1.174559e+02  -1.174554e+02  4.939297e-04   4.21e-06  
1006     -7.503152e+01  -7.503012e+01  1.400685e-03   1.87e-05  
1007     -4.674923e+01  -4.674921e+01  1.817548e-05   3.89e-07  
1008     -2.847873e+01  -2.847904e+01  3.168804e-04   1.11e-05  
1009     -1.683014e+01  -1.683025e+01  1.075987e-04   6.39e-06  
1010     -9.702948e+00  -9.702275e+00  6.736338e-04   6.94e-05  
1011     -5.797595e+00  -5.795044e+00  2.551011e-03   4.40e-04  
1012     -4.298251e+00  -4.297460e+00  7.913508e-04   1.84e-04  
1013     -4.679222e+00  -4.681656e+00  2.433559e-03   5.20e-04  
1014     -6.593210e+00  -6.594011e+00  8.011508e-04   1.22e-04  
1015     -9.806012e+00  -9.809682e+00  3.669993e-03   3.74e-04  
1016     -1.415760e+01  -1.415839e+01  7.857426e-04   5.55e-05  
1017     -1.953843e+01  -2.067493e+01  1.136498e+00   5.82e-02  
1018     -2.587449e+01  -3.156243e+01  5.687942e+00   2.20e-01  
1019     -2.974982e+01  -3.152677e+01  1.776941e+00   5.97e-02  
1020     -3.343175e+01  -2.795962e+01  5.472134e+00   1.64e-01  
1021     -5.953968e+02  -4.727705e+02  1.226263e+02   2.06e-01  
1022     -4.831297e+02  -4.869900e+02  3.860276e+00   7.99e-03  
1023     -1.969005e+02  -2.019832e+02  5.082699e+00   2.58e-02  
1024     -8.408294e+01  -8.020809e+01  3.874850e+00   4.61e-02  
1025     -7.545922e+01  -7.545973e+01  5.069233e-04   6.72e-06  
1026     -5.600113e+01  -5.599802e+01  3.109654e-03   5.55e-05  
1027     -3.815318e+01  -3.815362e+01  4.348020e-04   1.14e-05  
1028     -2.447513e+01  -2.447203e+01  3.096113e-03   1.27e-04  
1029     -1.487753e+01  -1.487918e+01  1.647864e-03   1.11e-04  
1030     -8.618541e+00  -8.615898e+00  2.642986e-03   3.07e-04  
1031     -4.996023e+00  -4.996590e+00  5.673706e-04   1.14e-04  
1032     -3.461437e+00  -3.461666e+00  2.287262e-04   6.61e-05  
1033     -3.608793e+00  -3.607157e+00  1.636287e-03   4.53e-04  
1034     -5.140737e+00  -5.138660e+00  2.077064e-03   4.04e-04  
1035     -7.838228e+00  -7.839772e+00  1.544099e-03   1.97e-04  
1036     -1.153793e+01  -1.153633e+01  1.605275e-03   1.39e-04  
1037     -1.611625e+01  -1.706542e+01  9.491653e-01   5.89e-02  
1038     -2.147790e+01  -2.621622e+01  4.738322e+00   2.21e-01  
1039     -2.475634e+01  -2.624289e+01  1.486551e+00   6.00e-02  
1040     -2.785716e+01  -2.330081e+01  4.556350e+00   1.64e-01  
1041     8.255567e+01   8.494819e+01   2.392520e+00   2.90e-02  
1042     5.483163e+01   7.677907e+01   2.194744e+01   4.00e-01  
1043     2.682981e+01   5.206200e+01   2.523219e+01   9.40e-01  
1044     5.037363e+00   1.274161e+01   7.704251e+00   1.53e+00  
1045     -3.396025e+01  -3.396152e+01  1.267162e-03   3.73e-05  
1046     -3.561605e+01  -3.561753e+01  1.488172e-03   4.18e-05  
1047     -2.808201e+01  -2.808088e+01  1.133839e-03   4.04e-05  
1048     -1.951788e+01  -1.951617e+01  1.702996e-03   8.73e-05  
1049     -1.240234e+01  -1.240425e+01  1.908535e-03   1.54e-04  
1050     -7.302535e+00  -7.298685e+00  3.849981e-03   5.27e-04  
1051     -4.144711e+00  -4.146912e+00  2.200755e-03   5.31e-04  
1052     -2.684805e+00  -2.687492e+00  2.687413e-03   1.00e-03  
1053     -2.663572e+00  -2.662577e+00  9.954884e-04   3.74e-04  
1054     -3.851935e+00  -3.852166e+00  2.313370e-04   6.01e-05  
1055     -6.058695e+00  -6.056208e+00  2.486626e-03   4.10e-04  
1056     -9.126617e+00  -9.130014e+00  3.397186e-03   3.72e-04  
1057     -1.292576e+01  -1.369775e+01  7.719990e-01   5.97e-02  
1058     -1.734658e+01  -2.119187e+01  3.845289e+00   2.22e-01  
1059     -2.004888e+01  -2.126313e+01  1.214257e+00   6.06e-02  
1060     -2.259124e+01  -1.889711e+01  3.694126e+00   1.64e-01  
1061     2.710413e+02   2.264151e+02   4.462618e+01   1.65e-01  
1062     2.040722e+02   2.251472e+02   2.107501e+01   1.03e-01  
1063     1.462646e+02   1.930950e+02   4.683048e+01   3.20e-01  
1064     6.346942e+01   7.403709e+01   1.056767e+01   1.67e-01  
1065     -2.416330e+00  -2.416564e+00  2.335305e-04   9.66e-05  
1066     -1.749677e+01  -1.749639e+01  3.766348e-04   2.15e-05  
1067     -1.806416e+01  -1.806652e+01  2.363577e-03   1.31e-04  
1068     -1.411616e+01  -1.411568e+01  4.814452e-04   3.41e-05  
1069     -9.538560e+00  -9.537991e+00  5.686575e-04   5.96e-05  
1070     -5.759937e+00  -5.761370e+00  1.433179e-03   2.49e-04  
1071     -3.215759e+00  -3.215309e+00  4.500338e-04   1.40e-04  
1072     -1.943617e+00  -1.943169e+00  4.483429e-04   2.31e-04  
1073     -1.835407e+00  -1.832398e+00  3.008709e-03   1.64e-03  
1074     -2.740253e+00  -2.740434e+00  1.802196e-04   6.58e-05  
1075     -4.504581e+00  -4.505513e+00  9.321668e-04   2.07e-04  
1076     -6.985907e+00  -6.987472e+00  1.565096e-03   2.24e-04  
1077     -1.005577e+01  -1.066179e+01  6.060167e-01   6.03e-02  
1078     -1.359794e+01  -1.662527e+01  3.027322e+00   2.23e-01  
1079     -1.576187e+01  -1.672411e+01  9.622402e-01   6.10e-02  
1080     -1.778415e+01  -1.487333e+01  2.910816e+00   1.64e-01  
1081     1.383642e+02   1.168362e+02   2.152800e+01   1.56e-01  
1082     1.105982e+02   1.213545e+02   1.075629e+01   9.73e-02  
1083     8.357456e+01   1.083100e+02   2.473539e+01   2.96e-01  
1084     4.439082e+01   4.952415e+01   5.133326e+00   1.16e-01  
1085     1.281628e+01   1.281793e+01   1.653457e-03   1.29e-04  
1086     -4.799866e+00  -4.798027e+00  1.838299e-03   3.83e-04  
1087     -9.601753e+00  -9.601252e+00  5.004326e-04   5.21e-05  
1088     -9.000070e+00  -8.999177e+00  8.936361e-04   9.93e-05  
1089     -6.603243e+00  -6.603855e+00  6.121285e-04   9.27e-05  
1090     -4.113370e+00  -4.112002e+00  1.367944e-03   3.33e-04  
1091     -2.246846e+00  -2.249771e+00  2.924633e-03   1.30e-03  
1092     -1.243941e+00  -1.247119e+00  3.177314e-03   2.55e-03  
1093     -1.124360e+00  -1.122145e+00  2.214539e-03   1.97e-03  
1094     -1.812302e+00  -1.811967e+00  3.354650e-04   1.85e-04  
1095     -3.195557e+00  -3.195318e+00  2.396735e-04   7.50e-05  
1096     -5.152338e+00  -5.151495e+00  8.434122e-04   1.64e-04  
1097     -7.562390e+00  -8.028316e+00  4.659254e-01   6.16e-02  
1098     -1.031006e+01  -1.261481e+01  2.304750e+00   2.24e-01  
1099     -1.198664e+01  -1.271653e+01  7.298865e-01   6.09e-02  
1100     -1.353956e+01  -1.131986e+01  2.219697e+00   1.64e-01  
1101     7.866103e+01   6.593434e+01   1.272669e+01   1.62e-01  
1102     6.600179e+01   7.111696e+01   5.115166e+00   7.75e-02  
1103     5.216517e+01   6.582713e+01   1.366197e+01   2.62e-01  
1104     3.139839e+01   3.426004e+01   2.861647e+00   9.11e-02  
1105     1.359487e+01   1.359458e+01   2.897522e-04   2.13e-05  
1106     1.886540e+00   1.885471e+00   1.069078e-03   5.67e-04  
1107     -3.629629e+00  -3.628301e+00  1.327974e-03   3.66e-04  
1108     -4.791819e+00  -4.790310e+00  1.508967e-03   3.15e-04  
1109     -3.948445e+00  -3.947338e+00  1.106829e-03   2.80e-04  
1110     -2.537614e+00  -2.540422e+00  2.808803e-03   1.11e-03  
1111     -1.313548e+00  -1.312091e+00  1.457032e-03   1.11e-03  
1112     -6.112889e-01  -6.110417e-01  2.472015e-04   4.04e-04  
1113     -5.343917e-01  -5.326281e-01  1.763685e-03   3.30e-03  
1114     -1.066595e+00  -1.064692e+00  1.903237e-03   1.78e-03  
1115     -2.133882e+00  -2.135120e+00  1.238311e-03   5.80e-04  
1116     -3.637375e+00  -3.637756e+00  3.809847e-04   1.05e-04  
1117     -5.469768e+00  -5.807303e+00  3.375342e-01   6.17e-02  
1118     -7.522177e+00  -9.211159e+00  1.688982e+00   2.25e-01  
1119     -8.771702e+00  -9.304395e+00  5.326933e-01   6.07e-02  
1120     -9.914696e+00  -8.286450e+00  1.628247e+00   1.64e-01  
1121     4.686003e+01   3.896751e+01   7.892515e+00   1.68e-01  
1122     4.058998e+01   4.313284e+01   2.542863e+00   6.26e-02  
1123     3.336489e+01   4.126688e+01   7.901989e+00   2.37e-01  
1124     2.214988e+01   2.384838e+01   1.698503e+00   7.67e-02  
1125     1.182758e+01   1.182753e+01   5.278725e-05   4.46e-06  
1126     4.247094e+00   4.245036e+00   2.057988e-03   4.85e-04  
1127     -9.718418e-02  -9.682117e-02  3.630153e-04   3.74e-03  
1128     -1.776413e+00  -1.779568e+00  3.155294e-03   1.78e-03  
1129     -1.821268e+00  -1.821292e+00  2.430862e-05   1.33e-05  
1130     -1.187522e+00  -1.187528e+00  6.742806e-06   5.68e-06  
1131     -4.948951e-01  -4.976430e-01  2.747853e-03   5.55e-03  
1132     -7.583779e-02  -7.572339e-02  1.143991e-04   1.51e-03  
1133     -6.840329e-02  -6.701589e-02  1.387395e-03   2.03e-02  
1134     -4.934190e-01  -4.960405e-01  2.621477e-03   5.31e-03  
1135     -1.306608e+00  -1.306142e+00  4.660994e-04   3.57e-04  
1136     -2.430705e+00  -2.428543e+00  2.162104e-03   8.89e-04  
1137     -3.773804e+00  -4.012203e+00  2.383987e-01   6.32e-02  
1138     -5.238389e+00  -6.413847e+00  1.175457e+00   2.24e-01  
1139     -6.126370e+00  -6.493044e+00  3.666738e-01   5.99e-02  
1140     -6.923806e+00  -5.777143e+00  1.146663e+00   1.66e-01  
1141     2.822686e+01   2.325839e+01   4.968473e+00   1.76e-01  
1142     2.518158e+01   2.640080e+01   1.219219e+00   4.84e-02  
1143     2.143551e+01   2.604408e+01   4.608567e+00   2.15e-01  
1144     1.549787e+01   1.652921e+01   1.031339e+00   6.65e-02  
1145     9.544528e+00   9.543191e+00   1.337157e-03   1.40e-04  
1146     4.770337e+00   4.770989e+00   6.516617e-04   1.37e-04  
1147     1.664808e+00   1.663544e+00   1.264356e-03   7.59e-04  
1148     1.244109e-01   1.231613e-01   1.249640e-03   1.00e-02  
1149     -3.042744e-01  -3.051421e-01  8.676919e-04   2.85e-03  
1150     -1.514324e-01  -1.537369e-01  2.304444e-03   1.52e-02  
1151     1.535319e-01   1.511726e-01   2.359292e-03   1.54e-02  
1152     3.402223e-01   3.429966e-01   2.774267e-03   8.15e-03  
1153     2.756702e-01   2.767786e-01   1.108329e-03   4.02e-03  
1154     -7.588566e-02  -7.393237e-02  1.953291e-03   2.57e-02  
1155     -6.893316e-01  -6.899606e-01  6.290176e-04   9.13e-04  
1156     -1.505394e+00  -1.506352e+00  9.578682e-04   6.36e-04  
1157     -2.448011e+00  -2.605631e+00  1.576208e-01   6.44e-02  
1158     -3.433857e+00  -4.201965e+00  7.681076e-01   2.24e-01  
1159     -4.027107e+00  -4.258002e+00  2.308955e-01   5.73e-02  
1160     -4.544526e+00  -3.784134e+00  7.603925e-01   1.67e-01  
1161     1.670500e+01   1.359890e+01   3.106100e+00   1.86e-01  
1162     1.540668e+01   1.589716e+01   4.904843e-01   3.18e-02  
1163     1.360732e+01   1.621994e+01   2.612621e+00   1.92e-01  
1164     1.069726e+01   1.131673e+01   6.194678e-01   5.79e-02  
1165     7.391046e+00   7.389247e+00   1.799440e-03   2.43e-04  
1166     4.486326e+00   4.486503e+00   1.767903e-04   3.94e-05  
1167     2.394871e+00   2.393022e+00   1.848884e-03   7.72e-04  
1168     1.177802e+00   1.179962e+00   2.160551e-03   1.83e-03  
1169     6.575720e-01   6.581206e-01   5.485653e-04   8.34e-04  
1170     5.566456e-01   5.563008e-01   3.447222e-04   6.19e-04  
1171     6.109310e-01   6.129253e-01   1.994321e-03   3.26e-03  
1172     6.294460e-01   6.296229e-01   1.769761e-04   2.81e-04  
1173     5.065920e-01   5.076047e-01   1.012701e-03   2.00e-03  
1174     2.080501e-01   2.074164e-01   6.336849e-04   3.05e-03  
1175     -2.506610e-01  -2.495415e-01  1.119544e-03   4.47e-03  
1176     -8.238924e-01  -8.250340e-01  1.141596e-03   1.39e-03  
1177     -1.450491e+00  -1.547075e+00  9.658356e-02   6.66e-02  
1178     -2.062482e+00  -2.517008e+00  4.545260e-01   2.20e-01  
1179     -2.425553e+00  -2.557420e+00  1.318665e-01   5.44e-02  
1180     -2.726227e+00  -2.262566e+00  4.636605e-01   1.70e-01  
1181     9.385990e+00   7.499843e+00   1.886147e+00   2.01e-01  
1182     9.062984e+00   9.147255e+00   8.427033e-02   9.30e-03  
1183     8.380947e+00   9.749957e+00   1.369010e+00   1.63e-01  
1184     7.238790e+00   7.597648e+00   3.588582e-01   4.96e-02  
1185     5.556293e+00   5.557721e+00   1.428400e-03   2.57e-04  
1186     3.883911e+00   3.882516e+00   1.395394e-03   3.59e-04  
1187     2.548875e+00   2.547805e+00   1.070160e-03   4.20e-04  
1188     1.664938e+00   1.663580e+00   1.358490e-03   8.16e-04  
1189     1.185058e+00   1.187999e+00   2.941029e-03   2.48e-03  
1190     9.759692e-01   9.775249e-01   1.555720e-03   1.59e-03  
1191     8.876012e-01   8.898162e-01   2.214959e-03   2.50e-03  
1192     7.993378e-01   8.002785e-01   9.406573e-04   1.18e-03  
1193     6.392170e-01   6.403977e-01   1.180752e-03   1.85e-03  
1194     3.830585e-01   3.839996e-01   9.410918e-04   2.46e-03  
1195     4.340645e-02   4.406093e-02   6.544800e-04   1.51e-02  
1196     -3.438882e-01  -3.465275e-01  2.639291e-03   7.67e-03  
1197     -7.309694e-01  -7.848303e-01  5.386083e-02   7.37e-02  
1198     -1.065000e+00  -1.291510e+00  2.265104e-01   2.13e-01  
1199     -1.257204e+00  -1.312876e+00  5.567234e-02   4.43e-02  
1200     -1.399194e+00  -1.152129e+00  2.470657e-01   1.77e-01  
1201     4.696246e+00   3.612711e+00   1.083536e+00   2.31e-01  
1202     4.914728e+00   4.769376e+00   1.453522e-01   2.96e-02  
1203     4.873626e+00   5.463863e+00   5.902372e-01   1.21e-01  
1204     4.759296e+00   4.951297e+00   1.920011e-01   4.03e-02  
1205     4.069693e+00   4.067860e+00   1.832505e-03   4.50e-04  
1206     3.197434e+00   3.195364e+00   2.069868e-03   6.47e-04  
1207     2.399252e+00   2.398570e+00   6.826250e-04   2.85e-04  
1208     1.797270e+00   1.797992e+00   7.215900e-04   4.01e-04  
1209     1.405095e+00   1.403798e+00   1.296632e-03   9.23e-04  
1210     1.169450e+00   1.171084e+00   1.633261e-03   1.40e-03  
1211     1.013196e+00   1.015794e+00   2.597536e-03   2.56e-03  
1212     8.680904e-01   8.679863e-01   1.041301e-04   1.20e-04  
1213     6.922844e-01   6.941602e-01   1.875814e-03   2.71e-03  
1214     4.739350e-01   4.721433e-01   1.791704e-03   3.78e-03  
1215     2.258834e-01   2.244594e-01   1.423998e-03   6.30e-03  
1216     -2.318490e-02  -2.380193e-02  6.170301e-04   2.66e-02  
1217     -2.369423e-01  -2.563518e-01  1.940948e-02   8.19e-02  
1218     -3.764785e-01  -4.512447e-01  7.476614e-02   1.99e-01  
1219     -4.496700e-01  -4.559952e-01  6.325174e-03   1.41e-02  
1220     -4.836086e-01  -3.858154e-01  9.779320e-02   2.02e-01  
1221     1.713747e+00   1.158393e+00   5.553540e-01   3.24e-01  
1222     2.218683e+00   1.951218e+00   2.674651e-01   1.21e-01  
1223     2.533395e+00   2.639137e+00   1.057420e-01   4.17e-02  
1224     2.997035e+00   3.079304e+00   8.226948e-02   2.75e-02  
1225     2.901939e+00   2.896991e+00   4.947796e-03   1.70e-03  
1226     2.537344e+00   2.537434e+00   8.994797e-05   3.54e-05  
1227     2.105530e+00   2.106346e+00   8.158492e-04   3.87e-04  
1228     1.720711e+00   1.720464e+00   2.471440e-04   1.44e-04  
1229     1.422751e+00   1.423190e+00   4.387206e-04   3.08e-04  
1230     1.201594e+00   1.201689e+00   9.495384e-05   7.90e-05  
1231     1.024557e+00   1.022432e+00   2.124476e-03   2.07e-03  
1232     8.589618e-01   8.591549e-01   1.930150e-04   2.25e-04  
1233     6.857417e-01   6.885150e-01   2.773339e-03   4.04e-03  
1234     5.036054e-01   5.038441e-01   2.387928e-04   4.74e-04  
1235     3.263184e-01   3.266098e-01   2.913501e-04   8.93e-04  
1236     1.768247e-01   1.758740e-01   9.507567e-04   5.38e-03  
1237     8.160197e-02   8.495749e-02   3.355521e-03   4.11e-02  
1238     6.750965e-02   9.453083e-02   2.702118e-02   4.00e-01  
1239     7.027878e-02   9.134646e-02   2.106768e-02   3.00e-01  
1240     1.025898e-01   1.046440e-01   2.054140e-03   2.00e-02  
1241     -1.350459e-01  -3.486359e-01  2.135900e-01   1.58e+00  
1242     5.025607e-01   1.838132e-01   3.187475e-01   6.34e-01  
1243     9.984658e-01   8.125285e-01   1.859373e-01   1.86e-01  
1244     1.761167e+00   1.778178e+00   1.701034e-02   9.66e-03  
1245     2.005642e+00   2.005246e+00   3.967365e-04   1.98e-04  
1246     1.951361e+00   1.952205e+00   8.441829e-04   4.33e-04  
1247     1.759559e+00   1.761637e+00   2.078228e-03   1.18e-03  
1248     1.531651e+00   1.531454e+00   1.970336e-04   1.29e-04  
1249     1.316948e+00   1.313983e+00   2.964826e-03   2.25e-03  
1250     1.127789e+00   1.126670e+00   1.118919e-03   9.92e-04  
1251     9.574350e-01   9.574774e-01   4.234345e-05   4.42e-05  
1252     7.956438e-01   7.948827e-01   7.611437e-04   9.57e-04  
1253     6.385280e-01   6.373482e-01   1.179789e-03   1.85e-03  
1254     4.918799e-01   4.923197e-01   4.397922e-04   8.94e-04  
1255     3.694905e-01   3.681935e-01   1.297080e-03   3.51e-03  
1256     2.891700e-01   2.888187e-01   3.512977e-04   1.21e-03  
1257     2.691164e-01   2.835638e-01   1.444745e-02   5.37e-02  
1258     3.264032e-01   4.115200e-01   8.511673e-02   2.61e-01  
1259     3.713671e-01   4.086514e-01   3.728431e-02   1.00e-01  
1260     4.374862e-01   3.785997e-01   5.888655e-02   1.35e-01  
1261     -1.223110e+00  -1.223433e+00  3.233749e-04   2.64e-04  
1262     -5.461778e-01  -8.826260e-01  3.364481e-01   6.16e-01  
1263     2.322466e-02   -3.233140e-01  3.465387e-01   1.49e+01  
1264     9.111801e-01   8.839620e-01   2.721813e-02   2.99e-02  
1265     1.331597e+00   1.330638e+00   9.584074e-04   7.20e-04  
1266     1.455286e+00   1.452860e+00   2.426407e-03   1.67e-03  
1267     1.412620e+00   1.414205e+00   1.585452e-03   1.12e-03  
1268     1.291883e+00   1.290684e+00   1.199009e-03   9.28e-04  
1269     1.143837e+00   1.141814e+00   2.023597e-03   1.77e-03  
1270     9.915575e-01   9.955133e-01   3.955873e-03   3.99e-03  
1271     8.425387e-01   8.406380e-01   1.900754e-03   2.26e-03  
1272     6.994858e-01   7.027927e-01   3.306882e-03   4.73e-03  
1273     5.672116e-01   5.674744e-01   2.628266e-04   4.63e-04  
1274     4.549326e-01   4.539941e-01   9.384973e-04   2.06e-03  
1275     3.750627e-01   3.751425e-01   7.973507e-05   2.13e-04  
1276     3.405783e-01   3.391574e-01   1.420890e-03   4.17e-03  
1277     3.629515e-01   3.806358e-01   1.768431e-02   4.87e-02  
1278     4.518941e-01   5.560833e-01   1.041891e-01   2.31e-01  
1279     5.142831e-01   5.550010e-01   4.071790e-02   7.92e-02  
1280     5.908670e-01   5.022962e-01   8.857084e-02   1.50e-01  
1281     -1.801120e+00  -1.672339e+00  1.287807e-01   7.15e-02  
1282     -1.140626e+00  -1.460327e+00  3.197014e-01   2.80e-01  
1283     -5.634067e-01  -9.853068e-01  4.219001e-01   7.49e-01  
1284     3.427666e-01   2.952970e-01   4.746954e-02   1.38e-01  
1285     8.349655e-01   8.327318e-01   2.233774e-03   2.68e-03  
1286     1.048936e+00   1.047266e+00   1.669714e-03   1.59e-03  
1287     1.091714e+00   1.091739e+00   2.427999e-05   2.22e-05  
1288     1.039830e+00   1.040973e+00   1.142895e-03   1.10e-03  
1289     9.419323e-01   9.419437e-01   1.135268e-05   1.21e-05  
1290     8.253480e-01   8.258687e-01   5.207265e-04   6.31e-04  
1291     7.044624e-01   7.030862e-01   1.376130e-03   1.95e-03  
1292     5.883055e-01   5.889813e-01   6.757558e-04   1.15e-03  
1293     4.853911e-01   4.817725e-01   3.618556e-03   7.45e-03  
1294     4.052959e-01   4.065641e-01   1.268215e-03   3.13e-03  
1295     3.578671e-01   3.569940e-01   8.731528e-04   2.44e-03  
1296     3.516542e-01   3.510672e-01   5.869527e-04   1.67e-03  
1297     3.930154e-01   4.121200e-01   1.910465e-02   4.86e-02  
1298     4.866777e-01   5.946404e-01   1.079627e-01   2.22e-01  
1299     5.498249e-01   5.868001e-01   3.697519e-02   6.72e-02  
1300     6.217141e-01   5.297061e-01   9.200798e-02   1.48e-01  
1301     -2.041426e+00  -1.851445e+00  1.899806e-01   9.31e-02  
1302     -1.429083e+00  -1.724256e+00  2.951731e-01   2.07e-01  
1303     -8.826974e-01  -1.326897e+00  4.441994e-01   5.03e-01  
1304     -2.196388e-02  -8.191205e-02  5.994817e-02   2.73e+00  
1305     4.771926e-01   4.795997e-01   2.407186e-03   5.04e-03  
1306     7.245455e-01   7.264989e-01   1.953405e-03   2.70e-03  
1307     8.094221e-01   8.100751e-01   6.529788e-04   8.07e-04  
1308     7.984857e-01   7.974711e-01   1.014596e-03   1.27e-03  
1309     7.368799e-01   7.366525e-01   2.274241e-04   3.09e-04  
1310     6.525176e-01   6.540190e-01   1.501396e-03   2.30e-03  
1311     5.619945e-01   5.642614e-01   2.266970e-03   4.03e-03  
1312     4.761217e-01   4.785079e-01   2.386164e-03   5.01e-03  
1313     4.035556e-01   4.033368e-01   2.188411e-04   5.42e-04  
1314     3.521198e-01   3.542941e-01   2.174323e-03   6.17e-03  
1315     3.285110e-01   3.297698e-01   1.258831e-03   3.83e-03  
1316     3.375867e-01   3.379077e-01   3.210484e-04   9.51e-04  
1317     3.822460e-01   3.976641e-01   1.541808e-02   4.03e-02  
1318     4.643612e-01   5.618608e-01   9.749963e-02   2.10e-01  
1319     5.184083e-01   5.470940e-01   2.868570e-02   5.53e-02  
1320     5.772586e-01   4.822791e-01   9.497944e-02   1.65e-01  
1321     -2.064094e+00  -1.839625e+00  2.244695e-01   1.09e-01  
1322     -1.515997e+00  -1.782757e+00  2.667599e-01   1.76e-01  
1323     -1.021495e+00  -1.452139e+00  4.306439e-01   4.22e-01  
1324     -2.413724e-01  -3.017556e-01  6.038312e-02   2.50e-01  
1325     2.261355e-01   2.271249e-01   9.894499e-04   4.38e-03  
1326     4.712588e-01   4.746068e-01   3.348091e-03   7.10e-03  
1327     5.699575e-01   5.705099e-01   5.523893e-04   9.69e-04  
1328     5.809150e-01   5.809575e-01   4.251393e-05   7.32e-05  
1329     5.453032e-01   5.446009e-01   7.022823e-04   1.29e-03  
1330     4.893856e-01   4.898834e-01   4.977779e-04   1.02e-03  
1331     4.288540e-01   4.297833e-01   9.293059e-04   2.17e-03  
1332     3.732516e-01   3.703676e-01   2.884005e-03   7.73e-03  
1333     3.291335e-01   3.286718e-01   4.616246e-04   1.40e-03  
1334     3.015159e-01   3.014400e-01   7.589138e-05   2.52e-04  
1335     2.940901e-01   2.901752e-01   3.914914e-03   1.33e-02  
1336     3.090896e-01   3.101557e-01   1.066069e-03   3.45e-03  
1337     3.475350e-01   3.619880e-01   1.445303e-02   4.16e-02  
1338     4.101505e-01   4.927094e-01   8.255898e-02   2.01e-01  
1339     4.505554e-01   4.735318e-01   2.297640e-02   5.10e-02  
1340     4.932369e-01   4.108103e-01   8.242656e-02   1.67e-01  
1341     -1.953075e+00  -1.727234e+00  2.258409e-01   1.16e-01  
1342     -1.475206e+00  -1.706290e+00  2.310839e-01   1.57e-01  
1343     -1.042213e+00  -1.440924e+00  3.987114e-01   3.83e-01  
1344     -3.592081e-01  -4.182396e-01  5.903149e-02   1.64e-01  
1345     5.553501e-02   5.475977e-02   7.752485e-04   1.40e-02  
1346     2.775795e-01   2.774211e-01   1.583922e-04   5.71e-04  
1347     3.729735e-01   3.729529e-01   2.061732e-05   5.53e-05  
1348     3.940203e-01   3.956707e-01   1.650343e-03   4.19e-03  
1349     3.776668e-01   3.761118e-01   1.555038e-03   4.12e-03  
1350     3.469111e-01   3.470946e-01   1.834648e-04   5.29e-04  
1351     3.143805e-01   3.121006e-01   2.279899e-03   7.25e-03  
1352     2.864747e-01   2.852632e-01   1.211430e-03   4.23e-03  
1353     2.666056e-01   2.668683e-01   2.626615e-04   9.85e-04  
1354     2.569322e-01   2.569761e-01   4.390323e-05   1.71e-04  
1355     2.589095e-01   2.572110e-01   1.698531e-03   6.56e-03  
1356     2.733827e-01   2.698807e-01   3.501974e-03   1.28e-02  
1357     3.008255e-01   3.162211e-01   1.539560e-02   5.12e-02  
1358     3.419778e-01   4.085234e-01   6.654562e-02   1.95e-01  
1359     3.680030e-01   3.878899e-01   1.988696e-02   5.40e-02  
1360     3.949759e-01   3.256644e-01   6.931157e-02   1.75e-01  
1361     -1.766701e+00  -1.556960e+00  2.097409e-01   1.19e-01  
1362     -1.358674e+00  -1.557783e+00  1.991094e-01   1.47e-01  
1363     -9.895713e-01  -1.340374e+00  3.508022e-01   3.54e-01  
1364     -4.081631e-01  -4.638803e-01  5.571713e-02   1.37e-01  
1365     -5.567139e-02  -5.741595e-02  1.744560e-03   3.13e-02  
1366     1.327585e-01   1.316339e-01   1.124627e-03   8.47e-03  
1367     2.160049e-01   2.154816e-01   5.233528e-04   2.42e-03  
1368     2.410816e-01   2.428296e-01   1.748037e-03   7.25e-03  
1369     2.402444e-01   2.379804e-01   2.263957e-03   9.42e-03  
1370     2.318433e-01   2.301495e-01   1.693855e-03   7.31e-03  
1371     2.240122e-01   2.263159e-01   2.303687e-03   1.03e-02  
1372     2.191971e-01   2.195065e-01   3.094420e-04   1.41e-03  
1373     2.177067e-01   2.177017e-01   5.041050e-06   2.32e-05  
1374     2.195898e-01   2.164168e-01   3.173054e-03   1.44e-02  
1375     2.251885e-01   2.247029e-01   4.855211e-04   2.16e-03  
1376     2.351088e-01   2.331885e-01   1.920276e-03   8.17e-03  
1377     2.501995e-01   2.615548e-01   1.135526e-02   4.54e-02  
1378     2.718094e-01   3.193284e-01   4.751900e-02   1.75e-01  
1379     2.851308e-01   2.912832e-01   6.152387e-03   2.16e-02  
1380     2.989707e-01   2.459481e-01   5.302261e-02   1.77e-01  
1381     -1.544808e+00  -1.357085e+00  1.877238e-01   1.22e-01  
1382     -1.202507e+00  -1.370229e+00  1.677222e-01   1.39e-01  
1383     -8.953116e-01  -1.200344e+00  3.050325e-01   3.41e-01  
1384     -4.124536e-01  -4.620049e-01  4.955129e-02   1.20e-01  
1385     -1.239630e-01  -1.241997e-01  2.367213e-04   1.91e-03  
1386     2.762254e-02   2.766592e-02   4.337882e-05   1.57e-03  
1387     9.602583e-02   9.313590e-02   2.889931e-03   3.01e-02  
1388     1.233495e-01   1.190183e-01   4.331180e-03   3.51e-02  
1389     1.362889e-01   1.346950e-01   1.593896e-03   1.17e-02  
1390     1.473668e-01   1.480114e-01   6.445912e-04   4.37e-03  
1391     1.595963e-01   1.586156e-01   9.806923e-04   6.14e-03  
1392     1.717035e-01   1.735716e-01   1.868058e-03   1.09e-02  
1393     1.818026e-01   1.837293e-01   1.926744e-03   1.06e-02  
1394     1.890302e-01   1.861652e-01   2.865045e-03   1.52e-02  
1395     1.937428e-01   1.936562e-01   8.654759e-05   4.47e-04  
1396     1.971294e-01   1.994404e-01   2.310926e-03   1.17e-02  
1397     2.008479e-01   2.074521e-01   6.604155e-03   3.29e-02  
1398     2.069523e-01   2.405786e-01   3.362636e-02   1.62e-01  
1399     2.104861e-01   2.157481e-01   5.261975e-03   2.50e-02  
1400     2.146771e-01   1.748228e-01   3.985423e-02   1.86e-01  
1401     -1.313780e+00  -1.152726e+00  1.610539e-01   1.23e-01  
1402     -1.031272e+00  -1.171401e+00  1.401289e-01   1.36e-01  
1403     -7.815712e-01  -1.042300e+00  2.607293e-01   3.34e-01  
1404     -3.896531e-01  -4.276321e-01  3.797902e-02   9.75e-02  
1405     -1.616925e-01  -1.626518e-01  9.592516e-04   5.93e-03  
1406     -4.493392e-02  -4.421508e-02  7.188322e-04   1.60e-02  
1407     1.034527e-02   1.084686e-02   5.015882e-04   4.85e-02  
1408     4.085610e-02   3.922651e-02   1.629593e-03   3.99e-02  
1409     6.653596e-02   6.892219e-02   2.386228e-03   3.59e-02  
1410     9.340035e-02   9.319137e-02   2.089717e-04   2.24e-03  
1411     1.197128e-01   1.175715e-01   2.141310e-03   1.79e-02  
1412     1.416392e-01   1.393871e-01   2.252112e-03   1.59e-02  
1413     1.565097e-01   1.582807e-01   1.771071e-03   1.13e-02  
1414     1.637741e-01   1.643270e-01   5.529367e-04   3.38e-03  
1415     1.646161e-01   1.618523e-01   2.763792e-03   1.68e-02  
1416     1.611659e-01   1.597252e-01   1.440695e-03   8.94e-03  
1417     1.558735e-01   1.600879e-01   4.214378e-03   2.70e-02  
1418     1.512513e-01   1.722874e-01   2.103607e-02   1.39e-01  
1419     1.482510e-01   1.492494e-01   9.984715e-04   6.74e-03  
1420     1.463065e-01   1.166923e-01   2.961426e-02   2.02e-01  
1421     -1.090301e+00  -9.583021e-01  1.319987e-01   1.21e-01  
1422     -8.611912e-01  -9.756200e-01  1.144288e-01   1.33e-01  
1423     -6.632842e-01  -8.781265e-01  2.148422e-01   3.24e-01  
1424     -3.519225e-01  -3.863624e-01  3.443991e-02   9.79e-02  
1425     -1.774044e-01  -1.782421e-01  8.377226e-04   4.72e-03  
1426     -8.972845e-02  -8.787151e-02  1.856935e-03   2.07e-02  
1427     -4.306399e-02  -4.619801e-02  3.134025e-03   7.28e-02  
1428     -7.437460e-03  -7.453309e-03  1.584891e-05   2.13e-03  
1429     2.925669e-02   2.812158e-02   1.135109e-03   3.88e-02  
1430     6.683650e-02   6.675259e-02   8.391272e-05   1.26e-03  
1431     1.002399e-01   9.604446e-02   4.195466e-03   4.19e-02  
1432     1.248097e-01   1.253641e-01   5.543570e-04   4.44e-03  
1433     1.385233e-01   1.387766e-01   2.532940e-04   1.83e-03  
1434     1.420117e-01   1.416383e-01   3.733901e-04   2.63e-03  
1435     1.376007e-01   1.390295e-01   1.428706e-03   1.04e-02  
1436     1.282651e-01   1.275648e-01   7.002415e-04   5.46e-03  
1437     1.169150e-01   1.175442e-01   6.292791e-04   5.38e-03  
1438     1.061178e-01   1.180410e-01   1.192325e-02   1.12e-01  
1439     9.955714e-02   9.627479e-02   3.282347e-03   3.30e-02  
1440     9.446999e-02   7.374956e-02   2.072043e-02   2.19e-01  
1441     -8.843305e-01  -7.772439e-01  1.070865e-01   1.21e-01  
1442     -7.024806e-01  -7.974020e-01  9.492140e-02   1.35e-01  
1443     -5.497463e-01  -7.250758e-01  1.753295e-01   3.19e-01  
1444     -3.067586e-01  -3.311759e-01  2.441726e-02   7.96e-02  
1445     -1.760723e-01  -1.767041e-01  6.318634e-04   3.59e-03  
1446     -1.093201e-01  -1.102087e-01  8.886226e-04   8.13e-03  
1447     -6.576227e-02  -6.605387e-02  2.916037e-04   4.43e-03  
1448     -2.397135e-02  -2.193997e-02  2.031385e-03   8.47e-02  
1449     2.022275e-02   1.548688e-02   4.735874e-03   2.34e-01  
1450     6.205293e-02   6.149844e-02   5.544924e-04   8.94e-03  
1451     9.529784e-02   9.381347e-02   1.484376e-03   1.56e-02  
1452     1.162424e-01   1.122753e-01   3.967068e-03   3.41e-02  
1453     1.245070e-01   1.203139e-01   4.193114e-03   3.37e-02  
1454     1.221928e-01   1.221383e-01   5.447668e-05   4.46e-04  
1455     1.125852e-01   1.114001e-01   1.185038e-03   1.05e-02  
1456     9.908805e-02   1.000060e-01   9.179444e-04   9.26e-03  
1457     8.460699e-02   8.652933e-02   1.922337e-03   2.27e-02  
1458     7.136978e-02   7.570952e-02   4.339739e-03   6.08e-02  
1459     6.359351e-02   6.153391e-02   2.059595e-03   3.24e-02  
1460     5.757501e-02   4.632898e-02   1.124603e-02   1.95e-01  
1461     -7.014780e-01  -6.180987e-01  8.337926e-02   1.19e-01  
1462     -5.607297e-01  -6.353091e-01  7.457941e-02   1.33e-01  
1463     -4.454073e-01  -5.862512e-01  1.408439e-01   3.16e-01  
1464     -2.573600e-01  -2.787585e-01  2.139854e-02   8.31e-02  
1465     -1.592238e-01  -1.590347e-01  1.891068e-04   1.19e-03  
1466     -1.043068e-01  -1.048704e-01  5.636105e-04   5.40e-03  
1467     -5.951822e-02  -5.926950e-02  2.487276e-04   4.18e-03  
1468     -1.301768e-02  -1.240937e-02  6.083041e-04   4.67e-02  
1469     3.301485e-02   3.730747e-02   4.292623e-03   1.30e-01  
1470     7.189760e-02   7.033009e-02   1.567512e-03   2.18e-02  
1471     9.850719e-02   1.000935e-01   1.586344e-03   1.61e-02  
1472     1.113006e-01   1.117710e-01   4.703406e-04   4.23e-03  
1473     1.118338e-01   1.142178e-01   2.383980e-03   2.13e-02  
1474     1.033925e-01   1.026085e-01   7.839875e-04   7.58e-03  
1475     8.969837e-02   8.665506e-02   3.043311e-03   3.39e-02  
1476     7.404687e-02   7.875929e-02   4.712410e-03   6.36e-02  
1477     5.890592e-02   5.849301e-02   4.129069e-04   7.01e-03  
1478     4.588659e-02   5.219135e-02   6.304762e-03   1.37e-01  
1479     3.848465e-02   3.519767e-02   3.286979e-03   8.54e-02  
1480     3.292699e-02   2.946513e-02   3.461858e-03   1.05e-01  
1481     -5.439035e-01  -4.801645e-01  6.373892e-02   1.17e-01  
1482     -4.369354e-01  -4.956207e-01  5.868537e-02   1.34e-01  
1483     -3.498313e-01  -4.588685e-01  1.090372e-01   3.12e-01  
1484     -2.025084e-01  -2.174304e-01  1.492199e-02   7.37e-02  
1485     -1.249588e-01  -1.246694e-01  2.893915e-04   2.32e-03  
1486     -7.414650e-02  -7.524341e-02  1.096907e-03   1.48e-02  
1487     -2.718169e-02  -2.637876e-02  8.029323e-04   2.95e-02  
1488     1.929672e-02   1.745980e-02   1.836927e-03   9.52e-02  
1489     5.993770e-02   5.979700e-02   1.406988e-04   2.35e-03  
1490     8.907420e-02   8.846928e-02   6.049185e-04   6.79e-03  
1491     1.042923e-01   1.034750e-01   8.173087e-04   7.84e-03  
1492     1.065712e-01   1.064595e-01   1.116886e-04   1.05e-03  
1493     9.900387e-02   9.837140e-02   6.324666e-04   6.39e-03  
1494     8.539765e-02   8.326288e-02   2.134774e-03   2.50e-02  
1495     6.927356e-02   6.833238e-02   9.411814e-04   1.36e-02  
1496     5.333559e-02   5.364564e-02   3.100407e-04   5.81e-03  
1497     3.931721e-02   3.785294e-02   1.464269e-03   3.72e-02  
1498     2.809301e-02   3.208061e-02   3.987592e-03   1.42e-01  
1499     2.194073e-02   1.936064e-02   2.580087e-03   1.18e-01  
1500     1.752703e-02   1.144940e-02   6.077625e-03   3.47e-01  
1501     -4.128408e-01  -3.684718e-01  4.436898e-02   1.07e-01  
1502     -3.290483e-01  -3.781190e-01  4.907075e-02   1.49e-01  
1503     -2.589989e-01  -3.448390e-01  8.584010e-02   3.31e-01  
1504     -1.364309e-01  -1.476978e-01  1.126694e-02   8.26e-02  
1505     -6.873730e-02  -6.887308e-02  1.357788e-04   1.98e-03  
1506     -1.855274e-02  -1.871922e-02  1.664828e-04   8.97e-03  
1507     2.676543e-02   2.632623e-02   4.391997e-04   1.64e-02  
1508     6.567788e-02   6.516643e-02   5.114451e-04   7.79e-03  
1509     9.344412e-02   9.262885e-02   8.152667e-04   8.72e-03  
1510     1.075819e-01   1.053700e-01   2.211932e-03   2.06e-02  
1511     1.088719e-01   1.080530e-01   8.188914e-04   7.52e-03  
1512     1.003044e-01   1.014673e-01   1.162895e-03   1.16e-02  
1513     8.567700e-02   8.740699e-02   1.729987e-03   2.02e-02  
1514     6.855353e-02   6.738537e-02   1.168155e-03   1.70e-02  
1515     5.170324e-02   5.397237e-02   2.269136e-03   4.39e-02  
1516     3.691547e-02   3.594960e-02   9.658707e-04   2.62e-02  
1517     2.506003e-02   2.432807e-02   7.319577e-04   2.92e-02  
1518     1.629686e-02   1.881972e-02   2.522863e-03   1.55e-01  
1519     1.169759e-02   1.057720e-02   1.120393e-03   9.58e-02  
1520     8.588875e-03   7.420113e-03   1.168763e-03   1.36e-01  
1521     -3.209958e-01  -2.995030e-01  2.149285e-02   6.70e-02  
1522     -2.411380e-01  -2.924151e-01  5.127702e-02   2.13e-01  
1523     -1.723491e-01  -2.456507e-01  7.330159e-02   4.25e-01  
1524     -4.978713e-02  -5.308993e-02  3.302801e-03   6.63e-02  
1525     1.445079e-02   2.270372e-02   8.252922e-03   5.71e-01  
1526     6.089228e-02   7.197650e-02   1.108422e-02   1.82e-01  
1527     9.627019e-02   1.071769e-01   1.090672e-02   1.13e-01  
1528     1.189316e-01   1.264737e-01   7.542005e-03   6.34e-02  
1529     1.276245e-01   1.359249e-01   8.300434e-03   6.50e-02  
1530     1.237508e-01   1.291651e-01   5.414254e-03   4.38e-02  
1531     1.106694e-01   1.153101e-01   4.640646e-03   4.19e-02  
1532     9.235748e-02   9.428686e-02   1.929376e-03   2.09e-02  
1533     7.240131e-02   7.627159e-02   3.870284e-03   5.35e-02  
1534     5.348790e-02   5.342531e-02   6.259219e-05   1.17e-03  
1535     3.727872e-02   3.508444e-02   2.194280e-03   5.89e-02  
1536     2.450873e-02   2.347360e-02   1.035130e-03   4.22e-02  
1537     1.519769e-02   1.464696e-02   5.507304e-04   3.62e-02  
1538     8.906959e-03   9.691348e-03   7.843895e-04   8.81e-02  
1539     5.778336e-03   2.485876e-03   3.292459e-03   5.70e-01  
1540     3.818437e-03   3.220975e-03   5.974614e-04   1.56e-01  
1541     -2.582449e-01  -2.893073e-01  3.106244e-02   1.20e-01  
1542     -1.603807e-01  -2.406578e-01  8.027710e-02   5.01e-01  
1543     -7.829660e-02  -1.477829e-01  6.948628e-02   8.87e-01  
1544     6.895313e-02   1.136686e-01   4.471552e-02   6.48e-01  
1545     1.260370e-01   1.787810e-01   5.274401e-02   4.18e-01  
1546     1.589462e-01   2.123788e-01   5.343260e-02   3.36e-01  
1547     1.742305e-01   2.204688e-01   4.623825e-02   2.65e-01  
1548     1.732617e-01   2.107956e-01   3.753397e-02   2.17e-01  
1549     1.591700e-01   1.887379e-01   2.956793e-02   1.86e-01  
1550     1.365429e-01   1.603210e-01   2.377804e-02   1.74e-01  
1551     1.101113e-01   1.258668e-01   1.575547e-02   1.43e-01  
1552     8.378045e-02   9.339783e-02   9.617379e-03   1.15e-01  
1553     6.021835e-02   6.561663e-02   5.398281e-03   8.96e-02  
1554     4.085435e-02   4.446792e-02   3.613573e-03   8.85e-02  
1555     2.609795e-02   2.880756e-02   2.709610e-03   1.04e-01  
1556     1.564014e-02   1.400281e-02   1.637332e-03   1.05e-01  
1557     8.755172e-03   1.045828e-02   1.703108e-03   1.95e-01  
1558     4.561027e-03   5.186394e-03   6.253665e-04   1.37e-01  
1559     2.615475e-03   3.481546e-03   8.660710e-04   3.31e-01  
1560     1.510223e-03   2.397883e-03   8.876594e-04   5.88e-01  
1561     -2.345198e-01  -2.473123e-01  1.279249e-02   5.45e-02  
1562     -1.156284e-01  -1.766305e-01  6.100209e-02   5.28e-01  
1563     -2.086037e-02  -7.542485e-02  5.456448e-02   2.62e+00  
1564     1.425957e-01   1.811075e-01   3.851178e-02   2.70e-01  
1565     1.967617e-01   2.284064e-01   3.164470e-02   1.61e-01  
1566     2.208856e-01   2.456686e-01   2.478300e-02   1.12e-01  
1567     2.222828e-01   2.397851e-01   1.750231e-02   7.87e-02  
1568     2.055709e-01   2.166917e-01   1.112079e-02   5.41e-02  
1569     1.770453e-01   1.863782e-01   9.332911e-03   5.27e-02  
1570     1.431000e-01   1.494184e-01   6.318340e-03   4.42e-02  
1571     1.089892e-01   1.077544e-01   1.234739e-03   1.13e-02  
1572     7.831356e-02   7.857807e-02   2.645046e-04   3.38e-03  
1573     5.302767e-02   5.178845e-02   1.239220e-03   2.34e-02  
1574     3.372695e-02   3.187188e-02   1.855068e-03   5.50e-02  
1575     2.004485e-02   1.664785e-02   3.397001e-03   1.69e-01  
1576     1.105309e-02   1.422313e-02   3.170046e-03   2.87e-01  
1577     5.603934e-03   4.675712e-03   9.282213e-04   1.66e-01  
1578     2.584448e-03   1.277613e-03   1.306836e-03   5.06e-01  
1579     1.282448e-03   1.283752e-03   1.303445e-06   1.02e-03  
1580     6.222495e-04   -2.404477e-03  3.026726e-03   4.86e+00  
1581     -2.282138e-01  -2.122374e-01  1.597641e-02   7.00e-02  
1582     -7.670547e-02  -1.208141e-01  4.410862e-02   5.75e-01  
1583     3.330116e-02   -1.747549e-02  5.077665e-02   1.52e+00  
1584     2.193823e-01   1.997732e-01   1.960902e-02   8.94e-02  
1585     2.684994e-01   2.350798e-01   3.341953e-02   1.24e-01  
1586     2.801046e-01   2.426793e-01   3.742531e-02   1.34e-01  
1587     2.654270e-01   2.249349e-01   4.049215e-02   1.53e-01  
1588     2.329090e-01   1.941460e-01   3.876305e-02   1.66e-01  
1589     1.912339e-01   1.591454e-01   3.208843e-02   1.68e-01  
1590     1.476948e-01   1.213939e-01   2.630090e-02   1.78e-01  
1591     1.074803e-01   8.754569e-02   1.993458e-02   1.85e-01  
1592     7.362257e-02   5.979905e-02   1.382353e-02   1.88e-01  
1593     4.730933e-02   3.757350e-02   9.735833e-03   2.06e-01  
1594     2.835833e-02   2.210254e-02   6.255790e-03   2.21e-01  
1595     1.572831e-02   1.010403e-02   5.624282e-03   3.58e-01  
1596     7.982604e-03   7.950121e-03   3.248348e-05   4.07e-03  
1597     3.652800e-03   3.936748e-03   2.839475e-04   7.77e-02  
1598     1.477209e-03   2.465640e-03   9.884307e-04   6.69e-01  
1599     6.178334e-04   1.352191e-03   7.343579e-04   1.19e+00  
1600     2.379868e-04   3.190280e-03   2.952293e-03   1.24e+01  
