Element  Analyticvalue  Numericvalue   Abs.err        Rel.err
1        -2.535816e+01  -1.631196e+01  9.046196e+00   3.57e-01  
2        -2.720885e+01  -2.157337e+01  5.635478e+00   2.07e-01  
3        -2.926387e+01  -2.632820e+01  2.935669e+00   1.00e-01  
4        -3.275837e+01  -2.706365e+01  5.694716e+00   1.74e-01  
5        -3.605813e+01  -2.909534e+01  6.962791e+00   1.93e-01  
6        -3.919905e+01  -3.174944e+01  7.449607e+00   1.90e-01  
7        -4.214308e+01  -3.427457e+01  7.868512e+00   1.87e-01  
8        -4.482464e+01  -3.662942e+01  8.195221e+00   1.83e-01  
9        -4.718261e+01  -3.874030e+01  8.442311e+00   1.79e-01  
10       -4.917549e+01  -4.058315e+01  8.592347e+00   1.75e-01  
11       -5.078699e+01  -4.207674e+01  8.710250e+00   1.72e-01  
12       -5.202613e+01  -4.327470e+01  8.751425e+00   1.68e-01  
13       -5.292362e+01  -4.412274e+01  8.800878e+00   1.66e-01  
14       -5.352575e+01  -4.473293e+01  8.792826e+00   1.64e-01  
15       -5.388685e+01  -4.515290e+01  8.733955e+00   1.62e-01  
16       -5.406179e+01  -4.534191e+01  8.719885e+00   1.61e-01  
17       -5.409953e+01  -4.544056e+01  8.658971e+00   1.60e-01  
18       -5.403859e+01  -4.541866e+01  8.619935e+00   1.60e-01  
19       -5.390447e+01  -4.535900e+01  8.545464e+00   1.59e-01  
20       -5.370901e+01  -4.521288e+01  8.496135e+00   1.58e-01  
21       -5.345122e+01  -4.497753e+01  8.473690e+00   1.59e-01  
22       -5.311890e+01  -4.473810e+01  8.380796e+00   1.58e-01  
23       -5.269096e+01  -4.432515e+01  8.365814e+00   1.59e-01  
24       -5.213981e+01  -4.384283e+01  8.296982e+00   1.59e-01  
25       -5.143391e+01  -4.334025e+01  8.093663e+00   1.57e-01  
26       -5.054024e+01  -4.258048e+01  7.959751e+00   1.57e-01  
27       -4.942668e+01  -4.167684e+01  7.749835e+00   1.57e-01  
28       -4.806432e+01  -4.065956e+01  7.404757e+00   1.54e-01  
29       -4.642951e+01  -3.927649e+01  7.153019e+00   1.54e-01  
30       -4.450573e+01  -3.767336e+01  6.832378e+00   1.54e-01  
31       -4.228517e+01  -3.587871e+01  6.406467e+00   1.52e-01  
32       -3.977008e+01  -3.387005e+01  5.900035e+00   1.48e-01  
33       -3.697384e+01  -3.154732e+01  5.426516e+00   1.47e-01  
34       -3.392180e+01  -2.905316e+01  4.868643e+00   1.44e-01  
35       -3.065194e+01  -2.634682e+01  4.305115e+00   1.40e-01  
36       -2.721522e+01  -2.351694e+01  3.698285e+00   1.36e-01  
37       -2.367552e+01  -2.054622e+01  3.129306e+00   1.32e-01  
38       -2.010890e+01  -1.756210e+01  2.546807e+00   1.27e-01  
39       -1.660179e+01  -1.464887e+01  1.952929e+00   1.18e-01  
40       -1.324777e+01  -1.181964e+01  1.428124e+00   1.08e-01  
41       -1.014251e+01  -9.147454e+00  9.950592e-01   9.81e-02  
42       -7.377027e+00  -6.757731e+00  6.192960e-01   8.39e-02  
43       -5.029145e+00  -4.714158e+00  3.149861e-01   6.26e-02  
44       -3.153867e+00  -3.050594e+00  1.032722e-01   3.27e-02  
45       -1.772890e+00  -1.799450e+00  2.655968e-02   1.50e-02  
46       -8.637616e-01  -9.021787e-01  3.841712e-02   4.45e-02  
47       -3.500154e-01  -3.720670e-01  2.205161e-02   6.30e-02  
48       -9.793282e-02  -1.276239e-01  2.969111e-02   3.03e-01  
49       -1.804952e-02  2.026354e-03   2.007588e-02   1.11e+00  
50       -1.966972e-03  -3.500281e-02  3.303584e-02   1.68e+01  
51       -2.492885e+01  -1.993681e+01  4.992046e+00   2.00e-01  
52       -2.685998e+01  -2.661244e+01  2.475460e-01   9.22e-03  
53       -2.890042e+01  -3.262342e+01  3.723004e+00   1.29e-01  
54       -3.227454e+01  -3.351385e+01  1.239305e+00   3.84e-02  
55       -3.525808e+01  -3.568389e+01  4.258018e-01   1.21e-02  
56       -3.790759e+01  -3.855450e+01  6.469137e-01   1.71e-02  
57       -4.023588e+01  -4.116937e+01  9.334837e-01   2.32e-02  
58       -4.223263e+01  -4.346773e+01  1.235099e+00   2.92e-02  
59       -4.388559e+01  -4.545365e+01  1.568064e+00   3.57e-02  
60       -4.519411e+01  -4.706828e+01  1.874164e+00   4.15e-02  
61       -4.617448e+01  -4.835763e+01  2.183151e+00   4.73e-02  
62       -4.685947e+01  -4.930102e+01  2.441555e+00   5.21e-02  
63       -4.729421e+01  -4.994432e+01  2.650108e+00   5.60e-02  
64       -4.753007e+01  -5.040409e+01  2.874024e+00   6.05e-02  
65       -4.761813e+01  -5.060955e+01  2.991418e+00   6.28e-02  
66       -4.760352e+01  -5.065571e+01  3.052187e+00   6.41e-02  
67       -4.752136e+01  -5.066971e+01  3.148350e+00   6.63e-02  
68       -4.739464e+01  -5.054275e+01  3.148117e+00   6.64e-02  
69       -4.723371e+01  -5.042139e+01  3.187679e+00   6.75e-02  
70       -4.703718e+01  -5.025547e+01  3.218290e+00   6.84e-02  
71       -4.679342e+01  -4.994555e+01  3.152136e+00   6.74e-02  
72       -4.648258e+01  -4.967086e+01  3.188281e+00   6.86e-02  
73       -4.607870e+01  -4.926285e+01  3.184150e+00   6.91e-02  
74       -4.555183e+01  -4.872408e+01  3.172256e+00   6.96e-02  
75       -4.487016e+01  -4.803660e+01  3.166440e+00   7.06e-02  
76       -4.400210e+01  -4.713644e+01  3.134339e+00   7.12e-02  
77       -4.291837e+01  -4.605749e+01  3.139118e+00   7.31e-02  
78       -4.159391e+01  -4.470141e+01  3.107500e+00   7.47e-02  
79       -4.000975e+01  -4.305537e+01  3.045621e+00   7.61e-02  
80       -3.815463e+01  -4.122907e+01  3.074437e+00   8.06e-02  
81       -3.602643e+01  -3.899813e+01  2.971697e+00   8.25e-02  
82       -3.363329e+01  -3.652554e+01  2.892253e+00   8.60e-02  
83       -3.099453e+01  -3.380229e+01  2.807758e+00   9.06e-02  
84       -2.814133e+01  -3.087835e+01  2.737019e+00   9.73e-02  
85       -2.511711e+01  -2.774427e+01  2.627162e+00   1.05e-01  
86       -2.197751e+01  -2.446974e+01  2.492233e+00   1.13e-01  
87       -1.878984e+01  -2.109880e+01  2.308960e+00   1.23e-01  
88       -1.563149e+01  -1.779812e+01  2.166628e+00   1.39e-01  
89       -1.258713e+01  -1.452066e+01  1.933529e+00   1.54e-01  
90       -9.744246e+00  -1.140111e+01  1.656869e+00   1.70e-01  
91       -7.187069e+00  -8.664352e+00  1.477283e+00   2.06e-01  
92       -4.989167e+00  -6.137690e+00  1.148523e+00   2.30e-01  
93       -3.205177e+00  -4.134730e+00  9.295532e-01   2.90e-01  
94       -1.862333e+00  -2.541312e+00  6.789791e-01   3.65e-01  
95       -9.521399e-01  -1.416347e+00  4.642071e-01   4.88e-01  
96       -4.223402e-01  -7.113413e-01  2.890011e-01   6.84e-01  
97       -1.697310e-01  -2.832676e-01  1.135366e-01   6.69e-01  
98       -3.701513e-02  -7.209019e-02  3.507506e-02   9.48e-01  
99       -7.837981e-03  1.095759e-02   1.879557e-02   2.40e+00  
100      1.137628e-02   1.619264e-02   4.816359e-03   4.23e-01  
101      -2.425976e+01  -2.208159e+01  2.178176e+00   8.98e-02  
102      -2.612086e+01  -2.951144e+01  3.390581e+00   1.30e-01  
103      -2.803113e+01  -3.618365e+01  8.152525e+00   2.91e-01  
104      -3.114823e+01  -3.701108e+01  5.862853e+00   1.88e-01  
105      -3.372418e+01  -3.912628e+01  5.402097e+00   1.60e-01  
106      -3.583289e+01  -4.175832e+01  5.925430e+00   1.65e-01  
107      -3.752888e+01  -4.400666e+01  6.477781e+00   1.73e-01  
108      -3.884951e+01  -4.587240e+01  7.022886e+00   1.81e-01  
109      -3.982748e+01  -4.736219e+01  7.534708e+00   1.89e-01  
110      -4.049998e+01  -4.846906e+01  7.969076e+00   1.97e-01  
111      -4.091201e+01  -4.927446e+01  8.362444e+00   2.04e-01  
112      -4.111495e+01  -4.979702e+01  8.682068e+00   2.11e-01  
113      -4.116227e+01  -5.007145e+01  8.909176e+00   2.16e-01  
114      -4.110442e+01  -5.020582e+01  9.101406e+00   2.21e-01  
115      -4.098421e+01  -5.017598e+01  9.191769e+00   2.24e-01  
116      -4.083377e+01  -5.012658e+01  9.292816e+00   2.28e-01  
117      -4.067309e+01  -5.001311e+01  9.340018e+00   2.30e-01  
118      -4.051020e+01  -4.984449e+01  9.334292e+00   2.30e-01  
119      -4.034224e+01  -4.969203e+01  9.349797e+00   2.32e-01  
120      -4.015714e+01  -4.944440e+01  9.287267e+00   2.31e-01  
121      -3.993546e+01  -4.919066e+01  9.255198e+00   2.32e-01  
122      -3.965227e+01  -4.886097e+01  9.208706e+00   2.32e-01  
123      -3.927882e+01  -4.843863e+01  9.159811e+00   2.33e-01  
124      -3.878437e+01  -4.786489e+01  9.080521e+00   2.34e-01  
125      -3.813786e+01  -4.710392e+01  8.966056e+00   2.35e-01  
126      -3.730975e+01  -4.612423e+01  8.814480e+00   2.36e-01  
127      -3.627373e+01  -4.491199e+01  8.638253e+00   2.38e-01  
128      -3.500862e+01  -4.343639e+01  8.427772e+00   2.41e-01  
129      -3.349997e+01  -4.170742e+01  8.207450e+00   2.45e-01  
130      -3.174160e+01  -3.964294e+01  7.901339e+00   2.49e-01  
131      -2.973684e+01  -3.729614e+01  7.559300e+00   2.54e-01  
132      -2.749958e+01  -3.469840e+01  7.198818e+00   2.62e-01  
133      -2.505496e+01  -3.180146e+01  6.746497e+00   2.69e-01  
134      -2.243981e+01  -2.866908e+01  6.229268e+00   2.78e-01  
135      -1.970273e+01  -2.538845e+01  5.685720e+00   2.89e-01  
136      -1.690357e+01  -2.203520e+01  5.131623e+00   3.04e-01  
137      -1.411215e+01  -1.870067e+01  4.588515e+00   3.25e-01  
138      -1.140564e+01  -1.537755e+01  3.971916e+00   3.48e-01  
139      -8.864518e+00  -1.223650e+01  3.371985e+00   3.80e-01  
140      -6.566931e+00  -9.336565e+00  2.769634e+00   4.22e-01  
141      -4.581770e+00  -6.776983e+00  2.195213e+00   4.79e-01  
142      -2.961225e+00  -4.638277e+00  1.677053e+00   5.66e-01  
143      -1.733539e+00  -2.952971e+00  1.219432e+00   7.03e-01  
144      -8.965391e-01  -1.680894e+00  7.843545e-01   8.75e-01  
145      -4.118377e-01  -9.090418e-01  4.972041e-01   1.21e+00  
146      -1.991329e-01  -4.916001e-01  2.924672e-01   1.47e+00  
147      -1.300647e-01  -2.700181e-01  1.399534e-01   1.08e+00  
148      -2.302896e-02  -3.663445e-03  1.936552e-02   8.41e-01  
149      1.240819e-02   8.261304e-02   7.020485e-02   5.66e+00  
150      8.951908e-02   1.144581e-01   2.493901e-02   2.79e-01  
151      -2.280687e+01  -1.859780e+01  4.209069e+00   1.85e-01  
152      -2.456660e+01  -2.490476e+01  3.381613e-01   1.38e-02  
153      -2.625942e+01  -3.043364e+01  4.174214e+00   1.59e-01  
154      -2.895629e+01  -3.101893e+01  2.062632e+00   7.12e-02  
155      -3.085696e+01  -3.217180e+01  1.314842e+00   4.26e-02  
156      -3.207872e+01  -3.349366e+01  1.414946e+00   4.41e-02  
157      -3.275543e+01  -3.426815e+01  1.512721e+00   4.62e-02  
158      -3.300286e+01  -3.456868e+01  1.565820e+00   4.74e-02  
159      -3.292325e+01  -3.459507e+01  1.671817e+00   5.08e-02  
160      -3.261071e+01  -3.435254e+01  1.741830e+00   5.34e-02  
161      -3.215184e+01  -3.391166e+01  1.759816e+00   5.47e-02  
162      -3.162312e+01  -3.340588e+01  1.782765e+00   5.64e-02  
163      -3.108718e+01  -3.291458e+01  1.827392e+00   5.88e-02  
164      -3.058993e+01  -3.239160e+01  1.801669e+00   5.89e-02  
165      -3.015950e+01  -3.197848e+01  1.818978e+00   6.03e-02  
166      -2.980723e+01  -3.165064e+01  1.843413e+00   6.18e-02  
167      -2.953016e+01  -3.133461e+01  1.804446e+00   6.11e-02  
168      -2.931417e+01  -3.113046e+01  1.816291e+00   6.20e-02  
169      -2.913709e+01  -3.097391e+01  1.836822e+00   6.30e-02  
170      -2.897140e+01  -3.080730e+01  1.835898e+00   6.34e-02  
171      -2.878639e+01  -3.059864e+01  1.812243e+00   6.30e-02  
172      -2.854973e+01  -3.034368e+01  1.793954e+00   6.28e-02  
173      -2.822876e+01  -3.000637e+01  1.777612e+00   6.30e-02  
174      -2.779165e+01  -2.955140e+01  1.759751e+00   6.33e-02  
175      -2.720861e+01  -2.894475e+01  1.736138e+00   6.38e-02  
176      -2.645322e+01  -2.816389e+01  1.710662e+00   6.47e-02  
177      -2.550389e+01  -2.716233e+01  1.658440e+00   6.50e-02  
178      -2.434541e+01  -2.593912e+01  1.593706e+00   6.55e-02  
179      -2.297047e+01  -2.452072e+01  1.550253e+00   6.75e-02  
180      -2.138093e+01  -2.283133e+01  1.450406e+00   6.78e-02  
181      -1.958893e+01  -2.102847e+01  1.439538e+00   7.35e-02  
182      -1.761764e+01  -1.892663e+01  1.308989e+00   7.43e-02  
183      -1.550168e+01  -1.666385e+01  1.162177e+00   7.50e-02  
184      -1.328714e+01  -1.440719e+01  1.120052e+00   8.43e-02  
185      -1.103106e+01  -1.202225e+01  9.911957e-01   8.99e-02  
186      -8.799967e+00  -9.704791e+00  9.048240e-01   1.03e-01  
187      -6.667224e+00  -7.429626e+00  7.624020e-01   1.14e-01  
188      -4.708612e+00  -5.333261e+00  6.246486e-01   1.33e-01  
189      -2.996174e+00  -3.473719e+00  4.775450e-01   1.59e-01  
190      -1.590707e+00  -2.014556e+00  4.238491e-01   2.66e-01  
191      -5.339293e-01  -8.330699e-01  2.991405e-01   5.60e-01  
192      1.584332e-01   -4.550020e-02  2.039334e-01   1.29e+00  
193      5.016758e-01   3.946552e-01   1.070205e-01   2.13e-01  
194      5.451939e-01   4.327430e-01   1.124509e-01   2.06e-01  
195      3.746123e-01   3.314708e-01   4.314151e-02   1.15e-01  
196      1.147008e-01   1.130720e-01   1.628806e-03   1.42e-02  
197      -6.542158e-02  -6.176197e-02  3.659617e-03   5.59e-02  
198      5.540090e-02   1.875160e-01   1.321151e-01   2.38e+00  
199      1.345678e-01   2.767738e-01   1.422060e-01   1.06e+00  
200      3.375697e-01   3.860387e-01   4.846896e-02   1.44e-01  
201      -2.070188e+01  -1.627086e+01  4.431013e+00   2.14e-01  
202      -2.212713e+01  -2.167352e+01  4.536093e-01   2.05e-02  
203      -2.341773e+01  -2.617208e+01  2.754349e+00   1.18e-01  
204      -2.540981e+01  -2.612162e+01  7.118074e-01   2.80e-02  
205      -2.655880e+01  -2.659707e+01  3.826921e-02   1.44e-03  
206      -2.698676e+01  -2.702323e+01  3.646211e-02   1.35e-03  
207      -2.685486e+01  -2.684638e+01  8.475338e-03   3.16e-04  
208      -2.632380e+01  -2.633383e+01  1.003704e-02   3.81e-04  
209      -2.553941e+01  -2.552510e+01  1.431168e-02   5.60e-04  
210      -2.462804e+01  -2.461598e+01  1.205912e-02   4.90e-04  
211      -2.369317e+01  -2.370104e+01  7.868171e-03   3.32e-04  
212      -2.281275e+01  -2.281115e+01  1.595302e-03   6.99e-05  
213      -2.203822e+01  -2.205073e+01  1.251071e-02   5.68e-04  
214      -2.139624e+01  -2.138787e+01  8.368916e-03   3.91e-04  
215      -2.089254e+01  -2.088773e+01  4.816621e-03   2.31e-04  
216      -2.051701e+01  -2.052690e+01  9.892965e-03   4.82e-04  
217      -2.024872e+01  -2.024357e+01  5.151659e-03   2.54e-04  
218      -2.006026e+01  -2.007475e+01  1.449148e-02   7.22e-04  
219      -1.992081e+01  -1.988110e+01  3.970982e-02   1.99e-03  
220      -1.979826e+01  -1.978462e+01  1.364131e-02   6.89e-04  
221      -1.966033e+01  -1.965846e+01  1.871492e-03   9.52e-05  
222      -1.947532e+01  -1.945665e+01  1.867268e-02   9.59e-04  
223      -1.921256e+01  -1.916244e+01  5.011581e-02   2.61e-03  
224      -1.884300e+01  -1.881013e+01  3.286647e-02   1.74e-03  
225      -1.834009e+01  -1.832109e+01  1.899936e-02   1.04e-03  
226      -1.768096e+01  -1.768769e+01  6.732023e-03   3.81e-04  
227      -1.684792e+01  -1.686682e+01  1.890135e-02   1.12e-03  
228      -1.583013e+01  -1.580859e+01  2.153565e-02   1.36e-03  
229      -1.462526e+01  -1.460079e+01  2.447236e-02   1.67e-03  
230      -1.324089e+01  -1.323556e+01  5.329285e-03   4.02e-04  
231      -1.169560e+01  -1.171172e+01  1.612099e-02   1.38e-03  
232      -1.001963e+01  -1.000403e+01  1.559626e-02   1.56e-03  
233      -8.255017e+00  -8.256724e+00  1.707073e-03   2.07e-04  
234      -6.455168e+00  -6.450688e+00  4.480351e-03   6.94e-04  
235      -4.683476e+00  -4.673604e+00  9.872129e-03   2.11e-03  
236      -3.010637e+00  -3.011524e+00  8.873248e-04   2.95e-04  
237      -1.510088e+00  -1.527307e+00  1.721922e-02   1.14e-02  
238      -2.513620e-01  -2.487122e-01  2.649740e-03   1.05e-02  
239      7.082043e-01   7.118142e-01   3.609948e-03   5.10e-03  
240      1.332117e+00   1.303044e+00   2.907311e-02   2.18e-02  
241      1.611929e+00   1.619019e+00   7.089743e-03   4.40e-03  
242      1.571480e+00   1.624507e+00   5.302627e-02   3.37e-02  
243      1.267802e+00   1.260967e+00   6.835237e-03   5.39e-03  
244      7.898920e-01   7.543040e-01   3.558806e-02   4.51e-02  
245      2.578798e-01   2.923371e-01   3.445728e-02   1.34e-01  
246      -1.745171e-01  -1.403077e-01  3.420937e-02   1.96e-01  
247      -3.120827e-01  -2.767720e-01  3.531073e-02   1.13e-01  
248      9.671698e-02   3.027417e-01   2.060247e-01   2.13e+00  
249      3.785618e-01   6.497030e-01   2.711412e-01   7.16e-01  
250      8.394474e-01   8.713832e-01   3.193588e-02   3.80e-02  
251      -1.780290e+01  -1.401924e+01  3.783664e+00   2.13e-01  
252      -1.884506e+01  -1.850957e+01  3.354906e-01   1.78e-02  
253      -1.970161e+01  -2.212531e+01  2.423694e+00   1.23e-01  
254      -2.096774e+01  -2.164791e+01  6.801707e-01   3.24e-02  
255      -2.140463e+01  -2.141745e+01  1.281410e-02   5.99e-04  
256      -2.117380e+01  -2.114298e+01  3.082773e-02   1.46e-03  
257      -2.045794e+01  -2.045131e+01  6.627228e-03   3.24e-04  
258      -1.944019e+01  -1.946131e+01  2.112259e-02   1.09e-03  
259      -1.828399e+01  -1.826302e+01  2.097905e-02   1.15e-03  
260      -1.712131e+01  -1.713847e+01  1.716041e-02   1.00e-03  
261      -1.604713e+01  -1.607110e+01  2.397010e-02   1.49e-03  
262      -1.511948e+01  -1.514191e+01  2.243240e-02   1.48e-03  
263      -1.436384e+01  -1.434837e+01  1.547434e-02   1.08e-03  
264      -1.378067e+01  -1.378478e+01  4.114959e-03   2.99e-04  
265      -1.335366e+01  -1.331013e+01  4.353288e-02   3.26e-03  
266      -1.305708e+01  -1.305117e+01  5.909159e-03   4.53e-04  
267      -1.286104e+01  -1.283459e+01  2.644606e-02   2.06e-03  
268      -1.273477e+01  -1.274165e+01  6.885058e-03   5.41e-04  
269      -1.264825e+01  -1.264232e+01  5.923901e-03   4.68e-04  
270      -1.257273e+01  -1.256640e+01  6.330863e-03   5.04e-04  
271      -1.248070e+01  -1.241706e+01  6.363899e-02   5.10e-03  
272      -1.234557e+01  -1.237350e+01  2.792342e-02   2.26e-03  
273      -1.214156e+01  -1.215648e+01  1.492557e-02   1.23e-03  
274      -1.184389e+01  -1.185712e+01  1.322820e-02   1.12e-03  
275      -1.142957e+01  -1.146378e+01  3.421132e-02   2.99e-03  
276      -1.087865e+01  -1.088659e+01  7.946381e-03   7.30e-04  
277      -1.017605e+01  -1.016863e+01  7.415843e-03   7.29e-04  
278      -9.313592e+00  -9.323194e+00  9.601347e-03   1.03e-03  
279      -8.292049e+00  -8.304240e+00  1.219087e-02   1.47e-03  
280      -7.122884e+00  -7.148868e+00  2.598481e-02   3.65e-03  
281      -5.829530e+00  -5.827927e+00  1.602295e-03   2.75e-04  
282      -4.448021e+00  -4.434432e+00  1.358871e-02   3.06e-03  
283      -3.026888e+00  -3.022564e+00  4.324540e-03   1.43e-03  
284      -1.626084e+00  -1.664768e+00  3.868401e-02   2.38e-02  
285      -3.144824e-01  -3.209188e-01  6.436416e-03   2.05e-02  
286      8.347007e-01   8.342704e-01   4.303228e-04   5.16e-04  
287      1.751037e+00   1.749549e+00   1.487590e-03   8.50e-04  
288      2.376263e+00   2.362018e+00   1.424488e-02   5.99e-03  
289      2.674377e+00   2.671102e+00   3.274258e-03   1.22e-03  
290      2.639998e+00   2.650522e+00   1.052411e-02   3.99e-03  
291      2.302632e+00   2.289264e+00   1.336824e-02   5.81e-03  
292      1.725910e+00   1.710669e+00   1.524133e-02   8.83e-03  
293      1.003091e+00   9.896085e-01   1.348288e-02   1.34e-02  
294      2.520636e-01   2.268462e-01   2.521742e-02   1.00e-01  
295      -3.861708e-01  -3.666592e-01  1.951163e-02   5.05e-02  
296      -7.423404e-01  -7.180497e-01  2.429067e-02   3.27e-02  
297      -6.056062e-01  -5.890124e-01  1.659378e-02   2.74e-02  
298      2.976053e-01   7.723720e-01   4.747667e-01   1.60e+00  
299      9.003492e-01   1.368613e+00   4.682639e-01   5.20e-01  
300      1.713911e+00   1.727973e+00   1.406207e-02   8.20e-03  
301      -1.431833e+01  -1.131220e+01  3.006138e+00   2.10e-01  
302      -1.500008e+01  -1.477119e+01  2.288989e-01   1.53e-02  
303      -1.546220e+01  -1.741136e+01  1.949156e+00   1.26e-01  
304      -1.608650e+01  -1.661533e+01  5.288272e-01   3.29e-02  
305      -1.594710e+01  -1.589586e+01  5.124598e-02   3.21e-03  
306      -1.524774e+01  -1.521567e+01  3.206751e-02   2.10e-03  
307      -1.419482e+01  -1.421215e+01  1.732972e-02   1.22e-03  
308      -1.297898e+01  -1.294340e+01  3.557970e-02   2.74e-03  
309      -1.175681e+01  -1.177159e+01  1.478361e-02   1.26e-03  
310      -1.063927e+01  -1.063953e+01  2.670467e-04   2.51e-05  
311      -9.689882e+00  -9.679656e+00  1.022648e-02   1.06e-03  
312      -8.931399e+00  -8.930263e+00  1.136124e-03   1.27e-04  
313      -8.357371e+00  -8.358102e+00  7.305498e-04   8.74e-05  
314      -7.944532e+00  -7.957407e+00  1.287570e-02   1.62e-03  
315      -7.662711e+00  -7.714469e+00  5.175756e-02   6.75e-03  
316      -7.481066e+00  -7.491268e+00  1.020127e-02   1.36e-03  
317      -7.371046e+00  -7.369419e+00  1.626679e-03   2.21e-04  
318      -7.307181e+00  -7.296574e+00  1.060685e-02   1.45e-03  
319      -7.266718e+00  -7.279119e+00  1.240083e-02   1.71e-03  
320      -7.228755e+00  -7.260393e+00  3.163747e-02   4.38e-03  
321      -7.173274e+00  -7.171002e+00  2.271931e-03   3.17e-04  
322      -7.080325e+00  -7.075771e+00  4.554526e-03   6.43e-04  
323      -6.929566e+00  -6.885271e+00  4.429501e-02   6.39e-03  
324      -6.700350e+00  -6.713031e+00  1.268124e-02   1.89e-03  
325      -6.372510e+00  -6.376125e+00  3.615485e-03   5.67e-04  
326      -5.927905e+00  -5.925453e+00  2.452391e-03   4.14e-04  
327      -5.352626e+00  -5.363172e+00  1.054604e-02   1.97e-03  
328      -4.639609e+00  -4.664682e+00  2.507259e-02   5.40e-03  
329      -3.791287e+00  -3.808475e+00  1.718714e-02   4.53e-03  
330      -2.821884e+00  -2.843542e+00  2.165882e-02   7.68e-03  
331      -1.759034e+00  -1.788967e+00  2.993266e-02   1.70e-02  
332      -6.445134e-01  -6.573846e-01  1.287114e-02   2.00e-02  
333      4.661694e-01   4.457488e-01   2.042061e-02   4.38e-02  
334      1.505747e+00   1.478686e+00   2.706136e-02   1.80e-02  
335      2.399535e+00   2.415340e+00   1.580449e-02   6.59e-03  
336      3.072975e+00   3.080950e+00   7.974584e-03   2.60e-03  
337      3.462419e+00   3.483683e+00   2.126432e-02   6.14e-03  
338      3.527514e+00   3.539057e+00   1.154278e-02   3.27e-03  
339      3.261885e+00   3.272196e+00   1.031127e-02   3.16e-03  
340      2.698508e+00   2.711449e+00   1.294164e-02   4.80e-03  
341      1.907869e+00   1.913608e+00   5.739065e-03   3.01e-03  
342      9.900772e-01   9.767464e-01   1.333085e-02   1.35e-02  
343      6.503274e-02   5.495895e-02   1.007379e-02   1.55e-01  
344      -7.339787e-01  -7.610706e-01  2.709192e-02   3.69e-02  
345      -1.258985e+00  -1.295064e+00  3.607895e-02   2.87e-02  
346      -1.336700e+00  -1.341001e+00  4.300476e-03   3.22e-03  
347      -7.497281e-01  -6.779810e-01  7.174706e-02   9.57e-02  
348      7.872366e-01   1.561588e+00   7.743512e-01   9.84e-01  
349      1.788862e+00   2.405131e+00   6.162693e-01   3.45e-01  
350      3.011323e+00   2.883764e+00   1.275592e-01   4.24e-02  
351      -1.057501e+01  -8.324036e+00  2.250971e+00   2.13e-01  
352      -1.095826e+01  -1.081830e+01  1.399544e-01   1.28e-02  
353      -1.111080e+01  -1.255463e+01  1.443826e+00   1.30e-01  
354      -1.124939e+01  -1.166814e+01  4.187501e-01   3.72e-02  
355      -1.073516e+01  -1.074911e+01  1.394944e-02   1.30e-03  
356      -9.808471e+00  -9.804447e+00  4.023649e-03   4.10e-04  
357      -8.688974e+00  -8.704321e+00  1.534710e-02   1.77e-03  
358      -7.555954e+00  -7.543331e+00  1.262322e-02   1.67e-03  
359      -6.533834e+00  -6.509712e+00  2.412208e-02   3.69e-03  
360      -5.688809e+00  -5.678916e+00  9.892934e-03   1.74e-03  
361      -5.037544e+00  -5.046255e+00  8.711330e-03   1.73e-03  
362      -4.563654e+00  -4.597636e+00  3.398195e-02   7.45e-03  
363      -4.235150e+00  -4.259849e+00  2.469960e-02   5.83e-03  
364      -4.017431e+00  -4.015097e+00  2.333883e-03   5.81e-04  
365      -3.880086e+00  -3.895837e+00  1.575081e-02   4.06e-03  
366      -3.798807e+00  -3.806505e+00  7.697400e-03   2.03e-03  
367      -3.754674e+00  -3.765830e+00  1.115631e-02   2.97e-03  
368      -3.732532e+00  -3.761277e+00  2.874519e-02   7.70e-03  
369      -3.719331e+00  -3.726411e+00  7.079497e-03   1.90e-03  
370      -3.702702e+00  -3.693151e+00  9.551871e-03   2.58e-03  
371      -3.669812e+00  -3.662097e+00  7.715068e-03   2.10e-03  
372      -3.606508e+00  -3.633497e+00  2.698863e-02   7.48e-03  
373      -3.496851e+00  -3.498020e+00  1.168950e-03   3.34e-04  
374      -3.323201e+00  -3.323104e+00  9.665790e-05   2.91e-05  
375      -3.067076e+00  -3.079715e+00  1.263871e-02   4.12e-03  
376      -2.710928e+00  -2.698740e+00  1.218794e-02   4.50e-03  
377      -2.240810e+00  -2.268585e+00  2.777502e-02   1.24e-02  
378      -1.649676e+00  -1.649434e+00  2.420396e-04   1.47e-04  
379      -9.408460e-01  -9.654013e-01  2.455538e-02   2.61e-02  
380      -1.310973e-01  -1.759145e-01  4.481719e-02   3.42e-01  
381      7.471134e-01   7.271392e-01   1.997425e-02   2.67e-02  
382      1.644701e+00   1.649321e+00   4.620099e-03   2.81e-03  
383      2.496791e+00   2.500799e+00   4.008164e-03   1.61e-03  
384      3.226290e+00   3.220910e+00   5.380465e-03   1.67e-03  
385      3.751523e+00   3.725027e+00   2.649642e-02   7.06e-03  
386      3.998647e+00   3.981871e+00   1.677576e-02   4.20e-03  
387      3.917352e+00   3.927284e+00   9.931506e-03   2.54e-03  
388      3.495494e+00   3.503537e+00   8.043476e-03   2.30e-03  
389      2.767176e+00   2.758959e+00   8.216130e-03   2.97e-03  
390      1.810672e+00   1.837501e+00   2.682924e-02   1.48e-02  
391      7.368810e-01   7.506114e-01   1.373043e-02   1.86e-02  
392      -3.264906e-01  -3.175555e-01  8.935104e-03   2.74e-02  
393      -1.247532e+00  -1.226061e+00  2.147134e-02   1.72e-02  
394      -1.893453e+00  -1.843822e+00  4.963112e-02   2.62e-02  
395      -2.122601e+00  -2.145554e+00  2.295357e-02   1.08e-02  
396      -1.767186e+00  -1.769307e+00  2.121059e-03   1.20e-03  
397      -6.110859e-01  -5.045240e-01  1.065619e-01   1.74e-01  
398      1.632427e+00   2.766719e+00   1.134292e+00   6.95e-01  
399      3.070709e+00   3.875319e+00   8.046098e-01   2.62e-01  
400      4.719943e+00   4.348805e+00   3.711375e-01   7.86e-02  
401      -6.965097e+00  -5.537377e+00  1.427721e+00   2.05e-01  
402      -7.140702e+00  -7.024415e+00  1.162866e-01   1.63e-02  
403      -7.103864e+00  -8.048410e+00  9.445455e-01   1.33e-01  
404      -6.971485e+00  -7.229470e+00  2.579843e-01   3.70e-02  
405      -6.338345e+00  -6.361483e+00  2.313739e-02   3.65e-03  
406      -5.465118e+00  -5.422407e+00  4.271015e-02   7.82e-03  
407      -4.560622e+00  -4.551119e+00  9.503204e-03   2.08e-03  
408      -3.764163e+00  -3.794341e+00  3.017789e-02   8.02e-03  
409      -3.142152e+00  -3.174684e+00  3.253166e-02   1.04e-02  
410      -2.700923e+00  -2.719235e+00  1.831146e-02   6.78e-03  
411      -2.410306e+00  -2.404813e+00  5.492820e-03   2.28e-03  
412      -2.227965e+00  -2.259543e+00  3.157828e-02   1.42e-02  
413      -2.115960e+00  -2.118239e+00  2.278689e-03   1.08e-03  
414      -2.047232e+00  -2.042190e+00  5.041205e-03   2.46e-03  
415      -2.005066e+00  -2.026307e+00  2.124043e-02   1.06e-02  
416      -1.979793e+00  -1.951983e+00  2.781004e-02   1.40e-02  
417      -1.965423e+00  -1.977558e+00  1.213501e-02   6.17e-03  
418      -1.957209e+00  -1.984630e+00  2.742147e-02   1.40e-02  
419      -1.950102e+00  -1.948863e+00  1.238547e-03   6.35e-04  
420      -1.937787e+00  -1.938972e+00  1.184717e-03   6.11e-04  
421      -1.911999e+00  -1.874634e+00  3.736485e-02   1.95e-02  
422      -1.861998e+00  -1.835799e+00  2.619905e-02   1.41e-02  
423      -1.774257e+00  -1.803804e+00  2.954770e-02   1.67e-02  
424      -1.632583e+00  -1.627383e+00  5.200657e-03   3.19e-03  
425      -1.418986e+00  -1.422559e+00  3.572834e-03   2.52e-03  
426      -1.115592e+00  -1.095719e+00  1.987245e-02   1.78e-02  
427      -7.077300e-01  -7.080980e-01  3.680461e-04   5.20e-04  
428      -1.880025e-01  -1.815606e-01  6.441897e-03   3.43e-02  
429      4.391945e-01   4.166159e-01   2.257858e-02   5.14e-02  
430      1.153427e+00   1.136586e+00   1.684009e-02   1.46e-02  
431      1.915020e+00   1.912442e+00   2.578246e-03   1.35e-03  
432      2.663708e+00   2.670329e+00   6.620770e-03   2.49e-03  
433      3.320362e+00   3.348343e+00   2.798126e-02   8.43e-03  
434      3.793820e+00   3.782276e+00   1.154484e-02   3.04e-03  
435      3.994764e+00   4.031072e+00   3.630716e-02   9.09e-03  
436      3.855848e+00   3.887362e+00   3.151411e-02   8.17e-03  
437      3.352623e+00   3.374251e+00   2.162795e-02   6.45e-03  
438      2.516825e+00   2.525503e+00   8.677794e-03   3.45e-03  
439      1.435537e+00   1.426137e+00   9.400440e-03   6.55e-03  
440      2.357089e-01   2.254692e-01   1.023968e-02   4.34e-02  
441      -9.394801e-01  -9.435698e-01  4.089736e-03   4.35e-03  
442      -1.951676e+00  -1.936698e+00  1.497820e-02   7.67e-03  
443      -2.676535e+00  -2.686565e+00  1.003058e-02   3.75e-03  
444      -2.998029e+00  -2.985214e+00  1.281406e-02   4.27e-03  
445      -2.791229e+00  -2.765062e+00  2.616730e-02   9.37e-03  
446      -1.899784e+00  -1.920844e+00  2.105962e-02   1.11e-02  
447      -1.140071e-01  1.350436e-01   2.490507e-01   2.18e+00  
448      2.846057e+00   4.311096e+00   1.465039e+00   5.15e-01  
449      4.720971e+00   5.727863e+00   1.006892e+00   2.13e-01  
450      6.780338e+00   6.132006e+00   6.483317e-01   9.56e-02  
451      -3.926546e+00  -3.084488e+00  8.420586e-01   2.14e-01  
452      -4.015391e+00  -3.965295e+00  5.009562e-02   1.25e-02  
453      -3.945640e+00  -4.477833e+00  5.321938e-01   1.35e-01  
454      -3.815583e+00  -3.952042e+00  1.364584e-01   3.58e-02  
455      -3.367935e+00  -3.388437e+00  2.050247e-02   6.09e-03  
456      -2.850778e+00  -2.848979e+00  1.798099e-03   6.31e-04  
457      -2.422398e+00  -2.397461e+00  2.493765e-02   1.03e-02  
458      -2.147641e+00  -2.144416e+00  3.225091e-03   1.50e-03  
459      -2.017389e+00  -2.038347e+00  2.095752e-02   1.04e-02  
460      -1.983261e+00  -1.968088e+00  1.517307e-02   7.65e-03  
461      -1.992208e+00  -2.009539e+00  1.733175e-02   8.70e-03  
462      -2.007238e+00  -2.013592e+00  6.354149e-03   3.17e-03  
463      -2.011480e+00  -2.006373e+00  5.107550e-03   2.54e-03  
464      -2.002494e+00  -1.989258e+00  1.323591e-02   6.61e-03  
465      -1.984702e+00  -1.977365e+00  7.336809e-03   3.70e-03  
466      -1.963830e+00  -1.942590e+00  2.123982e-02   1.08e-02  
467      -1.943930e+00  -1.948849e+00  4.919338e-03   2.53e-03  
468      -1.926252e+00  -1.944811e+00  1.855822e-02   9.63e-03  
469      -1.909044e+00  -1.946191e+00  3.714704e-02   1.95e-02  
470      -1.887622e+00  -1.863655e+00  2.396768e-02   1.27e-02  
471      -1.854400e+00  -1.866336e+00  1.193587e-02   6.44e-03  
472      -1.798790e+00  -1.836437e+00  3.764716e-02   2.09e-02  
473      -1.707113e+00  -1.714776e+00  7.663346e-03   4.49e-03  
474      -1.562782e+00  -1.556766e+00  6.016238e-03   3.85e-03  
475      -1.347166e+00  -1.325006e+00  2.215975e-02   1.64e-02  
476      -1.041566e+00  -1.053091e+00  1.152519e-02   1.11e-02  
477      -6.306515e-01  -6.271330e-01  3.518502e-03   5.58e-03  
478      -1.073573e-01  -1.310273e-01  2.366994e-02   2.20e-01  
479      5.212506e-01   5.075126e-01   1.373797e-02   2.64e-02  
480      1.228044e+00   1.227121e+00   9.230299e-04   7.52e-04  
481      1.961038e+00   1.932052e+00   2.898567e-02   1.48e-02  
482      2.641473e+00   2.646982e+00   5.509908e-03   2.09e-03  
483      3.167831e+00   3.175712e+00   7.880960e-03   2.49e-03  
484      3.429855e+00   3.433455e+00   3.600689e-03   1.05e-03  
485      3.333939e+00   3.345713e+00   1.177332e-02   3.53e-03  
486      2.833605e+00   2.805500e+00   2.810509e-02   9.92e-03  
487      1.952076e+00   1.975273e+00   2.319767e-02   1.19e-02  
488      7.854042e-01   7.771378e-01   8.266484e-03   1.05e-02  
489      -5.168328e-01  -5.380571e-01  2.122425e-02   4.11e-02  
490      -1.785667e+00  -1.831972e+00  4.630459e-02   2.59e-02  
491      -2.866127e+00  -2.890078e+00  2.395032e-02   8.36e-03  
492      -3.634739e+00  -3.640469e+00  5.729768e-03   1.58e-03  
493      -3.995826e+00  -4.014013e+00  1.818696e-02   4.55e-03  
494      -3.862199e+00  -3.854870e+00  7.329709e-03   1.90e-03  
495      -3.129894e+00  -3.126834e+00  3.060735e-03   9.78e-04  
496      -1.654736e+00  -1.658174e+00  3.438190e-03   2.08e-03  
497      7.648253e-01   1.003253e+00   2.384274e-01   3.12e-01  
498      4.396688e+00   6.263628e+00   1.866940e+00   4.25e-01  
499      6.675843e+00   7.811232e+00   1.135389e+00   1.70e-01  
500      9.100996e+00   8.091081e+00   1.009915e+00   1.11e-01  
501      -1.948522e+00  -1.470651e+00  4.778711e-01   2.45e-01  
502      -2.110453e+00  -2.065362e+00  4.509064e-02   2.14e-02  
503      -2.208925e+00  -2.412055e+00  2.031296e-01   9.20e-02  
504      -2.418361e+00  -2.492476e+00  7.411430e-02   3.06e-02  
505      -2.495419e+00  -2.515297e+00  1.987776e-02   7.97e-03  
506      -2.619274e+00  -2.601926e+00  1.734812e-02   6.62e-03  
507      -2.847423e+00  -2.827437e+00  1.998555e-02   7.02e-03  
508      -3.145509e+00  -3.132311e+00  1.319803e-02   4.20e-03  
509      -3.439478e+00  -3.415875e+00  2.360284e-02   6.86e-03  
510      -3.666446e+00  -3.650004e+00  1.644193e-02   4.48e-03  
511      -3.800395e+00  -3.849755e+00  4.935929e-02   1.30e-02  
512      -3.848866e+00  -3.858257e+00  9.390173e-03   2.44e-03  
513      -3.836472e+00  -3.809166e+00  2.730658e-02   7.12e-03  
514      -3.790344e+00  -3.786419e+00  3.924517e-03   1.04e-03  
515      -3.732250e+00  -3.764953e+00  3.270341e-02   8.76e-03  
516      -3.676101e+00  -3.684059e+00  7.958638e-03   2.16e-03  
517      -3.628347e+00  -3.631938e+00  3.590500e-03   9.90e-04  
518      -3.589407e+00  -3.648023e+00  5.861665e-02   1.63e-02  
519      -3.555057e+00  -3.568821e+00  1.376339e-02   3.87e-03  
520      -3.517399e+00  -3.499428e+00  1.797061e-02   5.11e-03  
521      -3.465330e+00  -3.494484e+00  2.915450e-02   8.41e-03  
522      -3.384725e+00  -3.387926e+00  3.200708e-03   9.46e-04  
523      -3.258587e+00  -3.240293e+00  1.829370e-02   5.61e-03  
524      -3.067488e+00  -3.079364e+00  1.187570e-02   3.87e-03  
525      -2.790678e+00  -2.789293e+00  1.385398e-03   4.96e-04  
526      -2.408291e+00  -2.404655e+00  3.636214e-03   1.51e-03  
527      -1.905171e+00  -1.917106e+00  1.193515e-02   6.26e-03  
528      -1.276667e+00  -1.278091e+00  1.423722e-03   1.12e-03  
529      -5.362184e-01  -5.263755e-01  9.842898e-03   1.84e-02  
530      2.762148e-01   2.756315e-01   5.833759e-04   2.11e-03  
531      1.086761e+00   1.094824e+00   8.063105e-03   7.42e-03  
532      1.785429e+00   1.783017e+00   2.411996e-03   1.35e-03  
533      2.236538e+00   2.250978e+00   1.443948e-02   6.46e-03  
534      2.308495e+00   2.334560e+00   2.606555e-02   1.13e-02  
535      1.917937e+00   1.895272e+00   2.266501e-02   1.18e-02  
536      1.068344e+00   1.105989e+00   3.764570e-02   3.52e-02  
537      -1.377801e-01  -1.938133e-01  5.603320e-02   4.07e-01  
538      -1.520776e+00  -1.487640e+00  3.313511e-02   2.18e-02  
539      -2.871791e+00  -2.845265e+00  2.652576e-02   9.24e-03  
540      -4.004995e+00  -4.048725e+00  4.372955e-02   1.09e-02  
541      -4.788367e+00  -4.764963e+00  2.340394e-02   4.89e-03  
542      -5.142105e+00  -5.127995e+00  1.411040e-02   2.74e-03  
543      -5.013994e+00  -5.008747e+00  5.247040e-03   1.05e-03  
544      -4.347960e+00  -4.375761e+00  2.780044e-02   6.39e-03  
545      -3.056979e+00  -3.084973e+00  2.799456e-02   9.16e-03  
546      -1.004782e+00  -1.010387e+00  5.604381e-03   5.58e-03  
547      2.003000e+00   2.349527e+00   3.465272e-01   1.73e-01  
548      6.219134e+00   8.500303e+00   2.281169e+00   3.67e-01  
549      8.845609e+00   1.013496e+01   1.289349e+00   1.46e-01  
550      1.157291e+01   1.011962e+01   1.453287e+00   1.26e-01  
551      -1.600999e+00  -1.135806e+00  4.651927e-01   2.91e-01  
552      -2.053007e+00  -1.865243e+00  1.877639e-01   9.15e-02  
553      -2.576236e+00  -2.729774e+00  1.535374e-01   5.96e-02  
554      -3.521537e+00  -3.591220e+00  6.968241e-02   1.98e-02  
555      -4.451706e+00  -4.419844e+00  3.186185e-02   7.16e-03  
556      -5.401400e+00  -5.431606e+00  3.020627e-02   5.59e-03  
557      -6.289403e+00  -6.302391e+00  1.298764e-02   2.07e-03  
558      -6.998833e+00  -7.019360e+00  2.052737e-02   2.93e-03  
559      -7.456263e+00  -7.437520e+00  1.874322e-02   2.51e-03  
560      -7.665144e+00  -7.641649e+00  2.349453e-02   3.07e-03  
561      -7.684277e+00  -7.660270e+00  2.400676e-02   3.12e-03  
562      -7.588153e+00  -7.606341e+00  1.818735e-02   2.40e-03  
563      -7.440754e+00  -7.392984e+00  4.777031e-02   6.42e-03  
564      -7.286318e+00  -7.295854e+00  9.535998e-03   1.31e-03  
565      -7.149942e+00  -7.178071e+00  2.812829e-02   3.93e-03  
566      -7.041858e+00  -6.999615e+00  4.224274e-02   6.00e-03  
567      -6.962004e+00  -6.970251e+00  8.246595e-03   1.18e-03  
568      -6.903547e+00  -6.893548e+00  9.999047e-03   1.45e-03  
569      -6.855038e+00  -6.866183e+00  1.114496e-02   1.63e-03  
570      -6.801457e+00  -6.810231e+00  8.773849e-03   1.29e-03  
571      -6.724524e+00  -6.745042e+00  2.051773e-02   3.05e-03  
572      -6.602754e+00  -6.590746e+00  1.200823e-02   1.82e-03  
573      -6.411762e+00  -6.434080e+00  2.231844e-02   3.48e-03  
574      -6.125337e+00  -6.128466e+00  3.129410e-03   5.11e-04  
575      -5.717578e+00  -5.694174e+00  2.340427e-02   4.09e-03  
576      -5.166190e+00  -5.140748e+00  2.544231e-02   4.92e-03  
577      -4.457241e+00  -4.469497e+00  1.225611e-02   2.75e-03  
578      -3.592184e+00  -3.624322e+00  3.213767e-02   8.95e-03  
579      -2.597763e+00  -2.610012e+00  1.224802e-02   4.71e-03  
580      -1.538408e+00  -1.514991e+00  2.341698e-02   1.52e-02  
581      -5.276381e-01  -5.402508e-01  1.261266e-02   2.39e-02  
582      2.719304e-01   2.631568e-01   8.773609e-03   3.23e-02  
583      6.771182e-01   6.417995e-01   3.531872e-02   5.22e-02  
584      5.453206e-01   5.510065e-01   5.685862e-03   1.04e-02  
585      -1.599866e-01  -1.793069e-01  1.932026e-02   1.21e-01  
586      -1.338637e+00  -1.348402e+00  9.764969e-03   7.29e-03  
587      -2.774353e+00  -2.780398e+00  6.044583e-03   2.18e-03  
588      -4.199402e+00  -4.183930e+00  1.547198e-02   3.68e-03  
589      -5.375829e+00  -5.354326e+00  2.150270e-02   4.00e-03  
590      -6.149701e+00  -6.141467e+00  8.234500e-03   1.34e-03  
591      -6.453058e+00  -6.432902e+00  2.015641e-02   3.12e-03  
592      -6.268685e+00  -6.300126e+00  3.144160e-02   5.02e-03  
593      -5.587157e+00  -5.580994e+00  6.163162e-03   1.10e-03  
594      -4.373332e+00  -4.373611e+00  2.790655e-04   6.38e-05  
595      -2.546283e+00  -2.536137e+00  1.014580e-02   3.98e-03  
596      2.903678e-02   3.325113e-02   4.214351e-03   1.45e-01  
597      3.541285e+00   3.984655e+00   4.433696e-01   1.25e-01  
598      8.225771e+00   1.094045e+01   2.714675e+00   3.30e-01  
599      1.112710e+01   1.248458e+01   1.357481e+00   1.22e-01  
600      1.408222e+01   1.219651e+01   1.885711e+00   1.34e-01  
601      -3.602670e+00  -2.672174e+00  9.304964e-01   2.58e-01  
602      -4.645141e+00  -4.301643e+00  3.434980e-01   7.39e-02  
603      -5.898511e+00  -6.291875e+00  3.933639e-01   6.67e-02  
604      -7.983626e+00  -8.135927e+00  1.523009e-01   1.91e-02  
605      -9.970580e+00  -9.965323e+00  5.257777e-03   5.27e-04  
606      -1.168917e+01  -1.168452e+01  4.655060e-03   3.98e-04  
607      -1.294168e+01  -1.293756e+01  4.124992e-03   3.19e-04  
608      -1.363413e+01  -1.364279e+01  8.660789e-03   6.35e-04  
609      -1.382982e+01  -1.384415e+01  1.433562e-02   1.04e-03  
610      -1.368763e+01  -1.371214e+01  2.451704e-02   1.79e-03  
611      -1.337084e+01  -1.336680e+01  4.046083e-03   3.03e-04  
612      -1.300172e+01  -1.298535e+01  1.636257e-02   1.26e-03  
613      -1.265489e+01  -1.263624e+01  1.865087e-02   1.47e-03  
614      -1.236695e+01  -1.237028e+01  3.333721e-03   2.70e-04  
615      -1.214883e+01  -1.213385e+01  1.497704e-02   1.23e-03  
616      -1.199611e+01  -1.199490e+01  1.218070e-03   1.02e-04  
617      -1.189587e+01  -1.189578e+01  8.997618e-05   7.56e-06  
618      -1.183036e+01  -1.183920e+01  8.838859e-03   7.47e-04  
619      -1.177864e+01  -1.180133e+01  2.269062e-02   1.93e-03  
620      -1.171662e+01  -1.169757e+01  1.904726e-02   1.63e-03  
621      -1.161651e+01  -1.163079e+01  1.427936e-02   1.23e-03  
622      -1.144610e+01  -1.142861e+01  1.748930e-02   1.53e-03  
623      -1.116865e+01  -1.119349e+01  2.483885e-02   2.22e-03  
624      -1.074458e+01  -1.073645e+01  8.126589e-03   7.56e-04  
625      -1.013592e+01  -1.013715e+01  1.228793e-03   1.21e-04  
626      -9.312980e+00  -9.334768e+00  2.178777e-02   2.34e-03  
627      -8.262258e+00  -8.284585e+00  2.232743e-02   2.70e-03  
628      -6.995897e+00  -6.995904e+00  7.030852e-06   1.00e-06  
629      -5.565853e+00  -5.580963e+00  1.511003e-02   2.71e-03  
630      -4.083289e+00  -4.062056e+00  2.123254e-02   5.20e-03  
631      -2.735425e+00  -2.778494e+00  4.306849e-02   1.57e-02  
632      -1.770872e+00  -1.751365e+00  1.950714e-02   1.10e-02  
633      -1.423999e+00  -1.405544e+00  1.845470e-02   1.30e-02  
634      -1.806577e+00  -1.808010e+00  1.432704e-03   7.93e-04  
635      -2.842472e+00  -2.851200e+00  8.728626e-03   3.07e-03  
636      -4.278510e+00  -4.276326e+00  2.183670e-03   5.10e-04  
637      -5.764652e+00  -5.739181e+00  2.547147e-02   4.42e-03  
638      -6.977686e+00  -6.955721e+00  2.196532e-02   3.15e-03  
639      -7.720096e+00  -7.702283e+00  1.781226e-02   2.31e-03  
640      -7.931156e+00  -7.927105e+00  4.050868e-03   5.11e-04  
641      -7.631903e+00  -7.602257e+00  2.964640e-02   3.88e-03  
642      -6.861784e+00  -6.828059e+00  3.372567e-02   4.91e-03  
643      -5.635017e+00  -5.673370e+00  3.835231e-02   6.81e-03  
644      -3.918405e+00  -3.931282e+00  1.287627e-02   3.29e-03  
645      -1.624531e+00  -1.601615e+00  2.291667e-02   1.41e-02  
646      1.385644e+00   1.358840e+00   2.680432e-02   1.93e-02  
647      5.294777e+00   5.835256e+00   5.404792e-01   1.02e-01  
648      1.031790e+01   1.341639e+01   3.098485e+00   3.00e-01  
649      1.341476e+01   1.486634e+01   1.451582e+00   1.08e-01  
650      1.652026e+01   1.426262e+01   2.257645e+00   1.37e-01  
651      -8.964439e+00  -6.812501e+00  2.151938e+00   2.40e-01  
652      -1.098765e+01  -1.027740e+01  7.102482e-01   6.46e-02  
653      -1.323869e+01  -1.428781e+01  1.049126e+00   7.92e-02  
654      -1.671171e+01  -1.706346e+01  3.517526e-01   2.10e-02  
655      -1.962318e+01  -1.964449e+01  2.130467e-02   1.09e-03  
656      -2.162036e+01  -2.159713e+01  2.322907e-02   1.07e-03  
657      -2.255054e+01  -2.254517e+01  5.366455e-03   2.38e-04  
658      -2.258237e+01  -2.261499e+01  3.261545e-02   1.44e-03  
659      -2.206596e+01  -2.205986e+01  6.092221e-03   2.76e-04  
660      -2.131866e+01  -2.135132e+01  3.266298e-02   1.53e-03  
661      -2.055070e+01  -2.053966e+01  1.104199e-02   5.37e-04  
662      -1.987430e+01  -1.987755e+01  3.245987e-03   1.63e-04  
663      -1.933398e+01  -1.934829e+01  1.431158e-02   7.40e-04  
664      -1.893438e+01  -1.891418e+01  2.020188e-02   1.07e-03  
665      -1.865982e+01  -1.862648e+01  3.333871e-02   1.79e-03  
666      -1.848595e+01  -1.847956e+01  6.393370e-03   3.46e-04  
667      -1.838542e+01  -1.841512e+01  2.970051e-02   1.62e-03  
668      -1.832977e+01  -1.831901e+01  1.076199e-02   5.87e-04  
669      -1.828925e+01  -1.827335e+01  1.589840e-02   8.69e-04  
670      -1.823136e+01  -1.821267e+01  1.868623e-02   1.02e-03  
671      -1.811874e+01  -1.811203e+01  6.709910e-03   3.70e-04  
672      -1.790688e+01  -1.791340e+01  6.514146e-03   3.64e-04  
673      -1.754234e+01  -1.755005e+01  7.710333e-03   4.40e-04  
674      -1.696323e+01  -1.695364e+01  9.591772e-03   5.65e-04  
675      -1.610536e+01  -1.609313e+01  1.222772e-02   7.59e-04  
676      -1.491720e+01  -1.494221e+01  2.501010e-02   1.68e-03  
677      -1.337678e+01  -1.334215e+01  3.462897e-02   2.59e-03  
678      -1.150917e+01  -1.152769e+01  1.852662e-02   1.61e-03  
679      -9.409576e+00  -9.420197e+00  1.062040e-02   1.13e-03  
680      -7.280917e+00  -7.266635e+00  1.428157e-02   1.96e-03  
681      -5.450391e+00  -5.444230e+00  6.161445e-03   1.13e-03  
682      -4.293234e+00  -4.282052e+00  1.118191e-02   2.60e-03  
683      -4.056444e+00  -4.059215e+00  2.770630e-03   6.83e-04  
684      -4.732870e+00  -4.749845e+00  1.697510e-02   3.59e-03  
685      -6.051225e+00  -6.018548e+00  3.267674e-02   5.40e-03  
686      -7.559370e+00  -7.586268e+00  2.689851e-02   3.56e-03  
687      -8.797300e+00  -8.792053e+00  5.247165e-03   5.96e-04  
688      -9.484158e+00  -9.452138e+00  3.201936e-02   3.38e-03  
689      -9.558506e+00  -9.594760e+00  3.625343e-02   3.79e-03  
690      -9.086294e+00  -9.077272e+00  9.022263e-03   9.93e-04  
691      -8.161364e+00  -8.174935e+00  1.357120e-02   1.66e-03  
692      -6.846830e+00  -6.852022e+00  5.192362e-03   7.58e-04  
693      -5.150940e+00  -5.177037e+00  2.609676e-02   5.07e-03  
694      -3.023508e+00  -3.018435e+00  5.072862e-03   1.68e-03  
695      -3.624125e-01  -3.784298e-01  1.601735e-02   4.42e-02  
696      2.975976e+00   2.980092e+00   4.116636e-03   1.38e-03  
697      7.165118e+00   7.778333e+00   6.132157e-01   8.56e-02  
698      1.239609e+01   1.580793e+01   3.411840e+00   2.75e-01  
699      1.560957e+01   1.712427e+01   1.514706e+00   9.70e-02  
700      1.879079e+01   1.605811e+01   2.732681e+00   1.45e-01  
701      -1.927569e+01  -1.470024e+01  4.575453e+00   2.37e-01  
702      -2.260586e+01  -2.146251e+01  1.143354e+00   5.06e-02  
703      -2.579424e+01  -2.810345e+01  2.309203e+00   8.95e-02  
704      -3.042553e+01  -3.112413e+01  6.986071e-01   2.30e-02  
705      -3.349014e+01  -3.348682e+01  3.323306e-03   9.92e-05  
706      -3.466617e+01  -3.467646e+01  1.028287e-02   2.97e-04  
707      -3.427804e+01  -3.426023e+01  1.781030e-02   5.20e-04  
708      -3.305132e+01  -3.305259e+01  1.263203e-03   3.82e-05  
709      -3.156620e+01  -3.152305e+01  4.314911e-02   1.37e-03  
710      -3.015638e+01  -3.015690e+01  5.173293e-04   1.72e-05  
711      -2.897210e+01  -2.898366e+01  1.155491e-02   3.99e-04  
712      -2.805355e+01  -2.805201e+01  1.542233e-03   5.50e-05  
713      -2.738460e+01  -2.739925e+01  1.464959e-02   5.35e-04  
714      -2.692623e+01  -2.690636e+01  1.987365e-02   7.38e-04  
715      -2.663415e+01  -2.665086e+01  1.671488e-02   6.28e-04  
716      -2.646610e+01  -2.645703e+01  9.075308e-03   3.43e-04  
717      -2.638360e+01  -2.641474e+01  3.113623e-02   1.18e-03  
718      -2.635094e+01  -2.636802e+01  1.708145e-02   6.48e-04  
719      -2.633294e+01  -2.632327e+01  9.668645e-03   3.67e-04  
720      -2.629203e+01  -2.630895e+01  1.691996e-02   6.44e-04  
721      -2.618448e+01  -2.619432e+01  9.841782e-03   3.76e-04  
722      -2.595596e+01  -2.593552e+01  2.043230e-02   7.87e-04  
723      -2.553631e+01  -2.553732e+01  1.016967e-03   3.98e-05  
724      -2.483515e+01  -2.483651e+01  1.357226e-03   5.46e-05  
725      -2.374290e+01  -2.374151e+01  1.387318e-03   5.84e-05  
726      -2.214904e+01  -2.211822e+01  3.082532e-02   1.39e-03  
727      -1.999309e+01  -1.997043e+01  2.266084e-02   1.13e-03  
728      -1.729853e+01  -1.727759e+01  2.093662e-02   1.21e-03  
729      -1.422994e+01  -1.420111e+01  2.882936e-02   2.03e-03  
730      -1.116987e+01  -1.115904e+01  1.083393e-02   9.70e-04  
731      -8.711879e+00  -8.729987e+00  1.810758e-02   2.08e-03  
732      -7.357309e+00  -7.345139e+00  1.217000e-02   1.65e-03  
733      -7.255278e+00  -7.236145e+00  1.913258e-02   2.64e-03  
734      -8.174875e+00  -8.193307e+00  1.843172e-02   2.25e-03  
735      -9.578771e+00  -9.572883e+00  5.888011e-03   6.15e-04  
736      -1.080123e+01  -1.076829e+01  3.294372e-02   3.05e-03  
737      -1.139700e+01  -1.142900e+01  3.199537e-02   2.81e-03  
738      -1.128347e+01  -1.130061e+01  1.714771e-02   1.52e-03  
739      -1.057986e+01  -1.060498e+01  2.511776e-02   2.37e-03  
740      -9.441613e+00  -9.398009e+00  4.360448e-02   4.62e-03  
741      -7.980840e+00  -7.977374e+00  3.465297e-03   4.34e-04  
742      -6.241029e+00  -6.238990e+00  2.038808e-03   3.27e-04  
743      -4.199011e+00  -4.225798e+00  2.678723e-02   6.38e-03  
744      -1.777629e+00  -1.790841e+00  1.321161e-02   7.43e-03  
745      1.139865e+00   1.139313e+00   5.515238e-04   4.84e-04  
746      4.696880e+00   4.676393e+00   2.048706e-02   4.36e-03  
747      9.052061e+00   9.722315e+00   6.702540e-01   7.40e-02  
748      1.436855e+01   1.810895e+01   3.740403e+00   2.60e-01  
749      1.762531e+01   1.908777e+01   1.462458e+00   8.30e-02  
750      2.081429e+01   1.770535e+01   3.108941e+00   1.49e-01  
751      -3.712229e+01  -2.852513e+01  8.597156e+00   2.32e-01  
752      -4.130796e+01  -3.962537e+01  1.682592e+00   4.07e-02  
753      -4.455596e+01  -4.914124e+01  4.585284e+00   1.03e-01  
754      -4.917165e+01  -5.053812e+01  1.366469e+00   2.78e-02  
755      -5.062447e+01  -5.059903e+01  2.543954e-02   5.03e-04  
756      -4.935025e+01  -4.935038e+01  1.254768e-04   2.54e-06  
757      -4.687598e+01  -4.691503e+01  3.904854e-02   8.33e-04  
758      -4.421343e+01  -4.417813e+01  3.530575e-02   7.99e-04  
759      -4.184471e+01  -4.182352e+01  2.119127e-02   5.06e-04  
760      -3.993895e+01  -3.993102e+01  7.925623e-03   1.98e-04  
761      -3.850301e+01  -3.843032e+01  7.269185e-02   1.89e-03  
762      -3.747348e+01  -3.747464e+01  1.160668e-03   3.10e-05  
763      -3.676834e+01  -3.676442e+01  3.919101e-03   1.07e-04  
764      -3.631063e+01  -3.630210e+01  8.537193e-03   2.35e-04  
765      -3.603570e+01  -3.601125e+01  2.444366e-02   6.78e-04  
766      -3.589086e+01  -3.590763e+01  1.676919e-02   4.67e-04  
767      -3.583264e+01  -3.585638e+01  2.373534e-02   6.62e-04  
768      -3.582335e+01  -3.581464e+01  8.702593e-03   2.43e-04  
769      -3.582755e+01  -3.581179e+01  1.575753e-02   4.40e-04  
770      -3.580830e+01  -3.583074e+01  2.243300e-02   6.26e-04  
771      -3.572240e+01  -3.572817e+01  5.765645e-03   1.61e-04  
772      -3.551406e+01  -3.549190e+01  2.215370e-02   6.24e-04  
773      -3.510585e+01  -3.509836e+01  7.490061e-03   2.13e-04  
774      -3.438630e+01  -3.437989e+01  6.412702e-03   1.86e-04  
775      -3.319476e+01  -3.321549e+01  2.073408e-02   6.25e-04  
776      -3.131580e+01  -3.131066e+01  5.141048e-03   1.64e-04  
777      -2.852991e+01  -2.854051e+01  1.059900e-02   3.72e-04  
778      -2.481946e+01  -2.482051e+01  1.041571e-03   4.20e-05  
779      -2.042433e+01  -2.039118e+01  3.315121e-02   1.62e-03  
780      -1.609446e+01  -1.608111e+01  1.335173e-02   8.30e-04  
781      -1.280424e+01  -1.283690e+01  3.265274e-02   2.55e-03  
782      -1.111253e+01  -1.113236e+01  1.982333e-02   1.78e-03  
783      -1.096356e+01  -1.099126e+01  2.770093e-02   2.53e-03  
784      -1.186359e+01  -1.183768e+01  2.591170e-02   2.18e-03  
785      -1.291846e+01  -1.292278e+01  4.319574e-03   3.34e-04  
786      -1.335311e+01  -1.336699e+01  1.387755e-02   1.04e-03  
787      -1.299140e+01  -1.298171e+01  9.687183e-03   7.46e-04  
788      -1.200366e+01  -1.198386e+01  1.980203e-02   1.65e-03  
789      -1.060911e+01  -1.062775e+01  1.863935e-02   1.76e-03  
790      -8.966773e+00  -8.943323e+00  2.344995e-02   2.62e-03  
791      -7.148110e+00  -7.134779e+00  1.333117e-02   1.86e-03  
792      -5.146171e+00  -5.174603e+00  2.843137e-02   5.52e-03  
793      -2.896981e+00  -2.904568e+00  7.586916e-03   2.62e-03  
794      -2.995626e-01  -2.892175e-01  1.034512e-02   3.45e-02  
795      2.769282e+00   2.752906e+00   1.637615e-02   5.91e-03  
796      6.444268e+00   6.407801e+00   3.646665e-02   5.66e-03  
797      1.086284e+01   1.156387e+01   7.010325e-01   6.45e-02  
798      1.615685e+01   2.011401e+01   3.957161e+00   2.45e-01  
799      1.939234e+01   2.089642e+01   1.504086e+00   7.76e-02  
800      2.252997e+01   1.904073e+01   3.489248e+00   1.55e-01  
801      -6.576147e+01  -5.550222e+01  1.025925e+01   1.56e-01  
802      -6.850231e+01  -7.212132e+01  3.619011e+00   5.28e-02  
803      -6.967168e+01  -8.378102e+01  1.410934e+01   2.03e-01  
804      -7.144065e+01  -7.852370e+01  7.083051e+00   9.91e-02  
805      -6.828980e+01  -7.185416e+01  3.564359e+00   5.22e-02  
806      -6.370199e+01  -6.681492e+01  3.112933e+00   4.89e-02  
807      -5.925878e+01  -6.216839e+01  2.909609e+00   4.91e-02  
808      -5.554409e+01  -5.826899e+01  2.724900e+00   4.91e-02  
809      -5.268602e+01  -5.531541e+01  2.629395e+00   4.99e-02  
810      -5.060291e+01  -5.322780e+01  2.624887e+00   5.19e-02  
811      -4.914010e+01  -5.168350e+01  2.543404e+00   5.18e-02  
812      -4.814337e+01  -5.069000e+01  2.546631e+00   5.29e-02  
813      -4.748620e+01  -5.001883e+01  2.532632e+00   5.33e-02  
814      -4.707242e+01  -4.959880e+01  2.526381e+00   5.37e-02  
815      -4.683033e+01  -4.933899e+01  2.508666e+00   5.36e-02  
816      -4.670591e+01  -4.919376e+01  2.487850e+00   5.33e-02  
817      -4.665723e+01  -4.920310e+01  2.545869e+00   5.46e-02  
818      -4.665010e+01  -4.915178e+01  2.501685e+00   5.36e-02  
819      -4.665453e+01  -4.917102e+01  2.516487e+00   5.39e-02  
820      -4.664123e+01  -4.911569e+01  2.474464e+00   5.31e-02  
821      -4.657721e+01  -4.908490e+01  2.507687e+00   5.38e-02  
822      -4.641942e+01  -4.895011e+01  2.530695e+00   5.45e-02  
823      -4.610431e+01  -4.860666e+01  2.502349e+00   5.43e-02  
824      -4.553001e+01  -4.801964e+01  2.489632e+00   5.47e-02  
825      -4.452628e+01  -4.707763e+01  2.551353e+00   5.73e-02  
826      -4.279654e+01  -4.529839e+01  2.501851e+00   5.85e-02  
827      -3.985873e+01  -4.221133e+01  2.352597e+00   5.90e-02  
828      -3.514693e+01  -3.718790e+01  2.040975e+00   5.81e-02  
829      -2.922597e+01  -3.080315e+01  1.577183e+00   5.40e-02  
830      -2.323768e+01  -2.429313e+01  1.055449e+00   4.54e-02  
831      -1.845713e+01  -1.901112e+01  5.539907e-01   3.00e-02  
832      -1.557511e+01  -1.579065e+01  2.155321e-01   1.38e-02  
833      -1.477734e+01  -1.487142e+01  9.407295e-02   6.37e-03  
834      -1.499459e+01  -1.499552e+01  9.351638e-04   6.24e-05  
835      -1.509521e+01  -1.508662e+01  8.590531e-03   5.69e-04  
836      -1.443517e+01  -1.442463e+01  1.054386e-02   7.30e-04  
837      -1.314760e+01  -1.317420e+01  2.660033e-02   2.02e-03  
838      -1.149488e+01  -1.149064e+01  4.238400e-03   3.69e-04  
839      -9.677111e+00  -9.714939e+00  3.782716e-02   3.91e-03  
840      -7.786641e+00  -7.813747e+00  2.710621e-02   3.48e-03  
841      -5.822139e+00  -5.857604e+00  3.546477e-02   6.09e-03  
842      -3.721619e+00  -3.684690e+00  3.692831e-02   9.92e-03  
843      -1.390178e+00  -1.438500e+00  4.832283e-02   3.48e-02  
844      1.283050e+00   1.293243e+00   1.019372e-02   7.94e-03  
845      4.415255e+00   4.413121e+00   2.133392e-03   4.83e-04  
846      8.123431e+00   8.123143e+00   2.879394e-04   3.54e-05  
847      1.251851e+01   1.330107e+01   7.825577e-01   6.25e-02  
848      1.769920e+01   2.181631e+01   4.117106e+00   2.33e-01  
849      2.085901e+01   2.232045e+01   1.461443e+00   7.01e-02  
850      2.389593e+01   2.011716e+01   3.778771e+00   1.58e-01  
851      -1.072976e+02  -1.126050e+02  5.307455e+00   4.95e-02  
852      -1.038564e+02  -1.345289e+02  3.067248e+01   2.95e-01  
853      -9.936428e+01  -1.449899e+02  4.562564e+01   4.59e-01  
854      -9.135367e+01  -1.140399e+02  2.268621e+01   2.48e-01  
855      -8.339425e+01  -9.865632e+01  1.526207e+01   1.83e-01  
856      -7.645918e+01  -9.044625e+01  1.398707e+01   1.83e-01  
857      -7.099362e+01  -8.432267e+01  1.332905e+01   1.88e-01  
858      -6.698260e+01  -7.989829e+01  1.291569e+01   1.93e-01  
859      -6.417435e+01  -7.685352e+01  1.267916e+01   1.98e-01  
860      -6.225880e+01  -7.472731e+01  1.246851e+01   2.00e-01  
861      -6.097067e+01  -7.332503e+01  1.235436e+01   2.03e-01  
862      -6.011487e+01  -7.246535e+01  1.235048e+01   2.05e-01  
863      -5.955551e+01  -7.181408e+01  1.225857e+01   2.06e-01  
864      -5.919832e+01  -7.140338e+01  1.220506e+01   2.06e-01  
865      -5.897673e+01  -7.116321e+01  1.218648e+01   2.07e-01  
866      -5.884263e+01  -7.104701e+01  1.220438e+01   2.07e-01  
867      -5.876069e+01  -7.090141e+01  1.214072e+01   2.07e-01  
868      -5.870467e+01  -7.080311e+01  1.209844e+01   2.06e-01  
869      -5.865498e+01  -7.071705e+01  1.206207e+01   2.06e-01  
870      -5.859661e+01  -7.062287e+01  1.202626e+01   2.05e-01  
871      -5.851680e+01  -7.048633e+01  1.196953e+01   2.05e-01  
872      -5.840141e+01  -7.037277e+01  1.197137e+01   2.05e-01  
873      -5.822854e+01  -7.023953e+01  1.201099e+01   2.06e-01  
874      -5.795645e+01  -7.004554e+01  1.208909e+01   2.09e-01  
875      -5.750087e+01  -6.976367e+01  1.226280e+01   2.13e-01  
876      -5.669282e+01  -6.928406e+01  1.259124e+01   2.22e-01  
877      -5.518216e+01  -6.769661e+01  1.251445e+01   2.27e-01  
878      -5.222379e+01  -6.391976e+01  1.169597e+01   2.24e-01  
879      -4.483394e+01  -5.434810e+01  9.514160e+00   2.12e-01  
880      -3.621913e+01  -4.302224e+01  6.803101e+00   1.88e-01  
881      -2.800764e+01  -3.188463e+01  3.876984e+00   1.38e-01  
882      -2.123653e+01  -2.289003e+01  1.653504e+00   7.79e-02  
883      -1.661376e+01  -1.687524e+01  2.614758e-01   1.57e-02  
884      -1.585348e+01  -1.595618e+01  1.027028e-01   6.48e-03  
885      -1.505741e+01  -1.510393e+01  4.651266e-02   3.09e-03  
886      -1.361168e+01  -1.358782e+01  2.385858e-02   1.75e-03  
887      -1.181003e+01  -1.177993e+01  3.009888e-02   2.55e-03  
888      -9.905298e+00  -9.904097e+00  1.201007e-03   1.21e-04  
889      -8.016715e+00  -8.026318e+00  9.603466e-03   1.20e-03  
890      -6.143941e+00  -6.141619e+00  2.321602e-03   3.78e-04  
891      -4.219177e+00  -4.248195e+00  2.901792e-02   6.88e-03  
892      -2.147140e+00  -2.130744e+00  1.639588e-02   7.64e-03  
893      1.753512e-01   1.553490e-01   2.000224e-02   1.14e-01  
894      2.851505e+00   2.887391e+00   3.588554e-02   1.26e-02  
895      5.980790e+00   5.996022e+00   1.523240e-02   2.55e-03  
896      9.655629e+00   9.613173e+00   4.245593e-02   4.40e-03  
897      1.395740e+01   1.480950e+01   8.520989e-01   6.10e-02  
898      1.895154e+01   2.317037e+01   4.218833e+00   2.23e-01  
899      2.199162e+01   2.339842e+01   1.406800e+00   6.40e-02  
900      2.488812e+01   2.087897e+01   4.009151e+00   1.61e-01  
901      -1.345242e+02  -1.232163e+02  1.130793e+01   8.41e-02  
902      -1.268616e+02  -1.435815e+02  1.671989e+01   1.32e-01  
903      -1.178227e+02  -1.500313e+02  3.220863e+01   2.73e-01  
904      -1.039282e+02  -1.126296e+02  8.701416e+00   8.37e-02  
905      -9.243653e+01  -9.500394e+01  2.567405e+00   2.78e-02  
906      -8.372873e+01  -8.626981e+01  2.541083e+00   3.03e-02  
907      -7.763746e+01  -8.040492e+01  2.767459e+00   3.56e-02  
908      -7.359159e+01  -7.657719e+01  2.985602e+00   4.06e-02  
909      -7.095103e+01  -7.408984e+01  3.138804e+00   4.42e-02  
910      -6.922496e+01  -7.246750e+01  3.242538e+00   4.68e-02  
911      -6.809099e+01  -7.143450e+01  3.343502e+00   4.91e-02  
912      -6.734560e+01  -7.069175e+01  3.346152e+00   4.97e-02  
913      -6.685797e+01  -7.022334e+01  3.365372e+00   5.03e-02  
914      -6.654077e+01  -6.993685e+01  3.396089e+00   5.10e-02  
915      -6.633343e+01  -6.967850e+01  3.345069e+00   5.04e-02  
916      -6.619303e+01  -6.954228e+01  3.349248e+00   5.06e-02  
917      -6.608921e+01  -6.940322e+01  3.314011e+00   5.01e-02  
918      -6.600136e+01  -6.931587e+01  3.314508e+00   5.02e-02  
919      -6.591706e+01  -6.916820e+01  3.251137e+00   4.93e-02  
920      -6.583114e+01  -6.908587e+01  3.254732e+00   4.94e-02  
921      -6.574477e+01  -6.895696e+01  3.212187e+00   4.89e-02  
922      -6.566397e+01  -6.892464e+01  3.260675e+00   4.97e-02  
923      -6.559580e+01  -6.885252e+01  3.256720e+00   4.96e-02  
924      -6.553897e+01  -6.892689e+01  3.387917e+00   5.17e-02  
925      -6.546099e+01  -6.905720e+01  3.596207e+00   5.49e-02  
926      -6.524506e+01  -6.933799e+01  4.092930e+00   6.27e-02  
927      -6.454512e+01  -6.869482e+01  4.149699e+00   6.43e-02  
928      -6.239870e+01  -6.594232e+01  3.543614e+00   5.68e-02  
929      -4.983371e+01  -5.372454e+01  3.890834e+00   7.81e-02  
930      -3.760994e+01  -4.109891e+01  3.488970e+00   9.28e-02  
931      -2.658578e+01  -2.863750e+01  2.051715e+00   7.72e-02  
932      -1.808285e+01  -1.872025e+01  6.374053e-01   3.52e-02  
933      -1.253309e+01  -1.215721e+01  3.758808e-01   3.00e-02  
934      -1.356036e+01  -1.359883e+01  3.847115e-02   2.84e-03  
935      -1.263465e+01  -1.264040e+01  5.756841e-03   4.56e-04  
936      -1.107578e+01  -1.110754e+01  3.175159e-02   2.87e-03  
937      -9.336952e+00  -9.352301e+00  1.534921e-02   1.64e-03  
938      -7.634275e+00  -7.641753e+00  7.477749e-03   9.79e-04  
939      -5.987980e+00  -5.993677e+00  5.697069e-03   9.51e-04  
940      -4.327807e+00  -4.291343e+00  3.646384e-02   8.43e-03  
941      -2.559356e+00  -2.571862e+00  1.250585e-02   4.89e-03  
942      -5.884385e-01  -6.088612e-01  2.042276e-02   3.47e-02  
943      1.673322e+00   1.673563e+00   2.408949e-04   1.44e-04  
944      4.307687e+00   4.315196e+00   7.509242e-03   1.74e-03  
945      7.388855e+00   7.365741e+00   2.311434e-02   3.13e-03  
946      1.098125e+01   1.098946e+01   8.201199e-03   7.47e-04  
947      1.513611e+01   1.602977e+01   8.936651e-01   5.90e-02  
948      1.988715e+01   2.420862e+01   4.321472e+00   2.17e-01  
949      2.277327e+01   2.409421e+01   1.320948e+00   5.80e-02  
950      2.549872e+01   2.128527e+01   4.213453e+00   1.65e-01  
951      -1.653922e+02  -1.204546e+02  4.493758e+01   2.72e-01  
952      -1.490483e+02  -1.339211e+02  1.512717e+01   1.01e-01  
953      -1.346804e+02  -1.362342e+02  1.553730e+00   1.15e-02  
954      -1.137977e+02  -9.749227e+01  1.630540e+01   1.43e-01  
955      -9.885003e+01  -8.046926e+01  1.838077e+01   1.86e-01  
956      -8.904832e+01  -7.287205e+01  1.617627e+01   1.82e-01  
957      -8.306153e+01  -6.829595e+01  1.476558e+01   1.78e-01  
958      -7.942400e+01  -6.560717e+01  1.381683e+01   1.74e-01  
959      -7.715393e+01  -6.392299e+01  1.323094e+01   1.71e-01  
960      -7.569674e+01  -6.278909e+01  1.290765e+01   1.71e-01  
961      -7.474384e+01  -6.206735e+01  1.267648e+01   1.70e-01  
962      -7.411432e+01  -6.160903e+01  1.250529e+01   1.69e-01  
963      -7.369453e+01  -6.127717e+01  1.241736e+01   1.68e-01  
964      -7.340854e+01  -6.102013e+01  1.238840e+01   1.69e-01  
965      -7.320356e+01  -6.088668e+01  1.231688e+01   1.68e-01  
966      -7.304259e+01  -6.075671e+01  1.228588e+01   1.68e-01  
967      -7.290069e+01  -6.056966e+01  1.233103e+01   1.69e-01  
968      -7.276326e+01  -6.046929e+01  1.229397e+01   1.69e-01  
969      -7.262555e+01  -6.037612e+01  1.224943e+01   1.69e-01  
970      -7.249308e+01  -6.020061e+01  1.229247e+01   1.70e-01  
971      -7.238275e+01  -6.012125e+01  1.226151e+01   1.69e-01  
972      -7.232449e+01  -6.007330e+01  1.225119e+01   1.69e-01  
973      -7.236267e+01  -6.012641e+01  1.223626e+01   1.69e-01  
974      -7.255481e+01  -6.033184e+01  1.222297e+01   1.68e-01  
975      -7.295858e+01  -6.085365e+01  1.210493e+01   1.66e-01  
976      -7.358009e+01  -6.166397e+01  1.191612e+01   1.62e-01  
977      -7.415406e+01  -6.200200e+01  1.215206e+01   1.64e-01  
978      -7.354657e+01  -6.075706e+01  1.278951e+01   1.74e-01  
979      -5.232998e+01  -4.671182e+01  5.618162e+00   1.07e-01  
980      -3.494079e+01  -3.354479e+01  1.396000e+00   4.00e-02  
981      -2.024110e+01  -1.989824e+01  3.428577e-01   1.69e-02  
982      -1.073438e+01  -9.926745e+00  8.076351e-01   7.52e-02  
983      -5.298024e+00  -3.786525e+00  1.511499e+00   2.85e-01  
984      -8.613046e+00  -8.500261e+00  1.127844e-01   1.31e-02  
985      -8.490257e+00  -8.467574e+00  2.268284e-02   2.67e-03  
986      -7.508163e+00  -7.492337e+00  1.582598e-02   2.11e-03  
987      -6.361947e+00  -6.363916e+00  1.969532e-03   3.10e-04  
988      -5.193104e+00  -5.201673e+00  8.569471e-03   1.65e-03  
989      -3.963280e+00  -3.954612e+00  8.668156e-03   2.19e-03  
990      -2.597708e+00  -2.588780e+00  8.927364e-03   3.44e-03  
991      -1.023481e+00  -1.013450e+00  1.003069e-02   9.80e-03  
992      8.253168e-01   8.300321e-01   4.715364e-03   5.71e-03  
993      3.008403e+00   3.006782e+00   1.621166e-03   5.39e-04  
994      5.579464e+00   5.563137e+00   1.632718e-02   2.93e-03  
995      8.584763e+00   8.590794e+00   6.030712e-03   7.02e-04  
996      1.206047e+01   1.207263e+01   1.215913e-02   1.01e-03  
997      1.602909e+01   1.689849e+01   8.694033e-01   5.42e-02  
998      2.049535e+01   2.479630e+01   4.300949e+00   2.10e-01  
999      2.320211e+01   2.444049e+01   1.238383e+00   5.34e-02  
1000     2.573407e+01   2.146101e+01   4.273063e+00   1.66e-01  
1001     -7.679234e+00  -6.151837e+00  1.527397e+00   1.99e-01  
1002     -1.389542e-01  1.809938e+00   1.948892e+00   1.40e+01  
1003     3.413286e+00   6.253380e+00   2.840094e+00   8.32e-01  
1004     -2.321055e+00  -2.069783e+00  2.512724e-01   1.08e-01  
1005     -3.653593e+00  -3.660145e+00  6.552335e-03   1.79e-03  
1006     -3.814720e+00  -3.795598e+00  1.912220e-02   5.01e-03  
1007     -3.559081e+00  -3.526471e+00  3.260967e-02   9.16e-03  
1008     -3.025423e+00  -3.038083e+00  1.266041e-02   4.18e-03  
1009     -2.222698e+00  -2.218816e+00  3.881672e-03   1.75e-03  
1010     -1.133098e+00  -1.118044e+00  1.505458e-02   1.33e-02  
1011     2.685616e-01   3.035930e-01   3.503140e-02   1.30e-01  
1012     2.010101e+00   2.025468e+00   1.536765e-02   7.65e-03  
1013     4.119377e+00   4.081819e+00   3.755752e-02   9.12e-03  
1014     6.621554e+00   6.663982e+00   4.242782e-02   6.41e-03  
1015     9.535916e+00   9.535164e+00   7.516506e-04   7.88e-05  
1016     1.287228e+01   1.286729e+01   4.987886e-03   3.87e-04  
1017     1.662716e+01   1.752207e+01   8.949122e-01   5.38e-02  
1018     2.077973e+01   2.499782e+01   4.218098e+00   2.03e-01  
1019     2.328936e+01   2.440963e+01   1.120268e+00   4.81e-02  
1020     2.561249e+01   2.126491e+01   4.347581e+00   1.70e-01  
1021     8.659660e+00   8.470792e+00   1.888687e-01   2.18e-02  
1022     1.155878e+01   1.381155e+01   2.252776e+00   1.95e-01  
1023     1.176236e+01   1.593342e+01   4.171057e+00   3.55e-01  
1024     3.752188e+00   4.243942e+00   4.917548e-01   1.31e-01  
1025     6.505081e-01   6.507689e-01   2.607772e-04   4.01e-04  
1026     -7.979801e-01  -7.900690e-01  7.911143e-03   9.91e-03  
1027     -1.381289e+00  -1.363233e+00  1.805648e-02   1.31e-02  
1028     -1.378474e+00  -1.406373e+00  2.789903e-02   2.02e-02  
1029     -9.074427e-01  -8.941388e-01  1.330386e-02   1.47e-02  
1030     -2.078613e-02  -2.468551e-02  3.899374e-03   1.88e-01  
1031     1.259318e+00   1.231592e+00   2.772552e-02   2.20e-02  
1032     2.925636e+00   2.918849e+00   6.787161e-03   2.32e-03  
1033     4.977260e+00   4.999314e+00   2.205394e-02   4.43e-03  
1034     7.413685e+00   7.411780e+00   1.905557e-03   2.57e-04  
1035     1.023002e+01   1.025217e+01   2.214865e-02   2.17e-03  
1036     1.341272e+01   1.344298e+01   3.026199e-02   2.26e-03  
1037     1.693558e+01   1.783258e+01   8.969987e-01   5.30e-02  
1038     2.075595e+01   2.487296e+01   4.117019e+00   1.98e-01  
1039     2.305702e+01   2.413430e+01   1.077278e+00   4.67e-02  
1040     2.516197e+01   2.084565e+01   4.316319e+00   1.72e-01  
1041     2.954071e+01   2.505553e+01   4.485187e+00   1.52e-01  
1042     2.295076e+01   2.528815e+01   2.337390e+00   1.02e-01  
1043     1.733265e+01   2.250180e+01   5.169154e+00   2.98e-01  
1044     7.919689e+00   8.649127e+00   7.294383e-01   9.21e-02  
1045     3.548513e+00   3.550289e+00   1.775636e-03   5.00e-04  
1046     1.206099e+00   1.188317e+00   1.778253e-02   1.47e-02  
1047     5.364434e-02   8.461939e-03   4.518240e-02   8.42e-01  
1048     -2.953040e-01  -3.037985e-01  8.494521e-03   2.88e-02  
1049     -3.510549e-02  -1.414992e-02  2.095557e-02   5.97e-01  
1050     7.306377e-01   7.772669e-01   4.662924e-02   6.38e-02  
1051     1.943706e+00   1.927239e+00   1.646719e-02   8.47e-03  
1052     3.568746e+00   3.560614e+00   8.132755e-03   2.28e-03  
1053     5.580779e+00   5.589523e+00   8.744869e-03   1.57e-03  
1054     7.957266e+00   7.964560e+00   7.293800e-03   9.17e-04  
1055     1.067237e+01   1.066278e+01   9.587511e-03   8.98e-04  
1056     1.369236e+01   1.369079e+01   1.569830e-03   1.15e-04  
1057     1.697168e+01   1.782325e+01   8.515714e-01   5.02e-02  
1058     2.044948e+01   2.442994e+01   3.980459e+00   1.95e-01  
1059     2.253559e+01   2.349730e+01   9.617100e-01   4.27e-02  
1060     2.441781e+01   2.014805e+01   4.269764e+00   1.75e-01  
1061     2.791945e+01   2.393062e+01   3.988826e+00   1.43e-01  
1062     2.258649e+01   2.491441e+01   2.327919e+00   1.03e-01  
1063     1.772806e+01   2.287530e+01   5.147241e+00   2.90e-01  
1064     9.891363e+00   1.069492e+01   8.035595e-01   8.12e-02  
1065     5.101559e+00   5.102258e+00   6.987508e-04   1.37e-04  
1066     2.329282e+00   2.342118e+00   1.283645e-02   5.51e-03  
1067     8.601299e-01   8.351890e-01   2.494092e-02   2.90e-02  
1068     3.101895e-01   3.477198e-01   3.753030e-02   1.21e-01  
1069     4.565409e-01   4.637914e-01   7.250458e-03   1.59e-02  
1070     1.165970e+00   1.185015e+00   1.904538e-02   1.63e-02  
1071     2.354493e+00   2.334093e+00   2.040017e-02   8.66e-03  
1072     3.964374e+00   3.975278e+00   1.090370e-02   2.75e-03  
1073     5.950407e+00   5.956084e+00   5.677590e-03   9.54e-04  
1074     8.271095e+00   8.260300e+00   1.079528e-02   1.31e-03  
1075     1.088248e+01   1.087258e+01   9.900168e-03   9.10e-04  
1076     1.373350e+01   1.371752e+01   1.597661e-02   1.16e-03  
1077     1.676227e+01   1.761121e+01   8.489409e-01   5.06e-02  
1078     1.989309e+01   2.368000e+01   3.786909e+00   1.90e-01  
1079     2.176159e+01   2.263518e+01   8.735906e-01   4.01e-02  
1080     2.342023e+01   1.929445e+01   4.125783e+00   1.76e-01  
1081     2.542608e+01   2.178757e+01   3.638502e+00   1.43e-01  
1082     2.110756e+01   2.317994e+01   2.072379e+00   9.82e-02  
1083     1.696616e+01   2.164224e+01   4.676075e+00   2.76e-01  
1084     1.040242e+01   1.123740e+01   8.349773e-01   8.03e-02  
1085     5.771365e+00   5.813685e+00   4.232009e-02   7.33e-03  
1086     2.850031e+00   2.889925e+00   3.989357e-02   1.40e-02  
1087     1.226718e+00   1.219056e+00   7.662620e-03   6.25e-03  
1088     5.724564e-01   5.942238e-01   2.176740e-02   3.80e-02  
1089     6.657747e-01   6.964747e-01   3.070002e-02   4.61e-02  
1090     1.358174e+00   1.359876e+00   1.702394e-03   1.25e-03  
1091     2.546901e+00   2.550987e+00   4.085735e-03   1.60e-03  
1092     4.155657e+00   4.141910e+00   1.374756e-02   3.31e-03  
1093     6.121588e+00   6.111519e+00   1.006955e-02   1.64e-03  
1094     8.386418e+00   8.370234e+00   1.618403e-02   1.93e-03  
1095     1.089021e+01   1.089833e+01   8.112088e-03   7.45e-04  
1096     1.356687e+01   1.356594e+01   9.280244e-04   6.84e-05  
1097     1.634076e+01   1.709670e+01   7.559390e-01   4.63e-02  
1098     1.912427e+01   2.270075e+01   3.576478e+00   1.87e-01  
1099     2.077520e+01   2.154097e+01   7.657740e-01   3.69e-02  
1100     2.221207e+01   1.824565e+01   3.966419e+00   1.79e-01  
1101     2.314152e+01   1.964484e+01   3.496678e+00   1.51e-01  
1102     1.950888e+01   2.121972e+01   1.710847e+00   8.77e-02  
1103     1.590066e+01   2.007470e+01   4.174040e+00   2.63e-01  
1104     1.019760e+01   1.098980e+01   7.922040e-01   7.77e-02  
1105     5.886963e+00   5.892585e+00   5.622239e-03   9.55e-04  
1106     2.996229e+00   3.021927e+00   2.569839e-02   8.58e-03  
1107     1.321219e+00   1.315124e+00   6.095575e-03   4.61e-03  
1108     6.210039e-01   5.843340e-01   3.666993e-02   5.90e-02  
1109     6.939565e-01   6.775463e-01   1.641024e-02   2.36e-02  
1110     1.387051e+00   1.387772e+00   7.211299e-04   5.20e-04  
1111     2.584390e+00   2.593279e+00   8.888474e-03   3.44e-03  
1112     4.194150e+00   4.220614e+00   2.646425e-02   6.31e-03  
1113     6.137752e+00   6.141794e+00   4.042488e-03   6.59e-04  
1114     8.341698e+00   8.334166e+00   7.532769e-03   9.03e-04  
1115     1.073165e+01   1.073473e+01   3.078992e-03   2.87e-04  
1116     1.322823e+01   1.323979e+01   1.155527e-02   8.74e-04  
1117     1.574423e+01   1.649682e+01   7.525854e-01   4.78e-02  
1118     1.818272e+01   2.151017e+01   3.327452e+00   1.83e-01  
1119     1.961783e+01   2.023737e+01   6.195378e-01   3.16e-02  
1120     2.083660e+01   1.709871e+01   3.737893e+00   1.79e-01  
1121     2.115472e+01   1.793087e+01   3.223850e+00   1.52e-01  
1122     1.797933e+01   1.945451e+01   1.475176e+00   8.20e-02  
1123     1.476300e+01   1.855512e+01   3.792127e+00   2.57e-01  
1124     9.662237e+00   1.034942e+01   6.871798e-01   7.11e-02  
1125     5.685484e+00   5.674918e+00   1.056634e-02   1.86e-03  
1126     2.916805e+00   2.937804e+00   2.099906e-02   7.20e-03  
1127     1.262389e+00   1.251090e+00   1.129864e-02   8.95e-03  
1128     5.556936e-01   5.299826e-01   2.571103e-02   4.63e-02  
1129     6.257977e-01   6.448317e-01   1.903404e-02   3.04e-02  
1130     1.324119e+00   1.321730e+00   2.388066e-03   1.80e-03  
1131     2.527318e+00   2.551684e+00   2.436601e-02   9.64e-03  
1132     4.131352e+00   4.135229e+00   3.876448e-03   9.38e-04  
1133     6.043893e+00   6.033133e+00   1.075970e-02   1.78e-03  
1134     8.177607e+00   8.235600e+00   5.799259e-02   7.09e-03  
1135     1.044502e+01   1.046231e+01   1.728966e-02   1.66e-03  
1136     1.275497e+01   1.272099e+01   3.398476e-02   2.66e-03  
1137     1.501052e+01   1.570736e+01   6.968387e-01   4.64e-02  
1138     1.710785e+01   2.012415e+01   3.016302e+00   1.76e-01  
1139     1.833005e+01   1.887313e+01   5.430845e-01   2.96e-02  
1140     1.933567e+01   1.584322e+01   3.492454e+00   1.81e-01  
1141     1.940951e+01   1.640769e+01   3.001814e+00   1.55e-01  
1142     1.655187e+01   1.788187e+01   1.330002e+00   8.04e-02  
1143     1.363301e+01   1.706330e+01   3.430283e+00   2.52e-01  
1144     8.985254e+00   9.652109e+00   6.668554e-01   7.42e-02  
1145     5.317185e+00   5.292603e+00   2.458290e-02   4.62e-03  
1146     2.712206e+00   2.701048e+00   1.115787e-02   4.11e-03  
1147     1.126191e+00   1.136255e+00   1.006447e-02   8.94e-03  
1148     4.430860e-01   4.306348e-01   1.245121e-02   2.81e-02  
1149     5.219771e-01   5.243655e-01   2.388398e-03   4.58e-03  
1150     1.224655e+00   1.163300e+00   6.135467e-02   5.01e-02  
1151     2.425714e+00   2.445244e+00   1.952987e-02   8.05e-03  
1152     4.012575e+00   3.983087e+00   2.948812e-02   7.35e-03  
1153     5.881466e+00   5.912701e+00   3.123507e-02   5.31e-03  
1154     7.932745e+00   7.949395e+00   1.664969e-02   2.10e-03  
1155     1.006707e+01   1.006762e+01   5.516305e-04   5.48e-05  
1156     1.218293e+01   1.216257e+01   2.035442e-02   1.67e-03  
1157     1.417556e+01   1.479987e+01   6.243058e-01   4.40e-02  
1158     1.593678e+01   1.871647e+01   2.779695e+00   1.74e-01  
1159     1.694976e+01   1.739127e+01   4.415079e-01   2.60e-02  
1160     1.774826e+01   1.450705e+01   3.241213e+00   1.83e-01  
1161     1.784791e+01   1.515314e+01   2.694768e+00   1.51e-01  
1162     1.522553e+01   1.648306e+01   1.257529e+00   8.26e-02  
1163     1.254314e+01   1.570005e+01   3.156913e+00   2.52e-01  
1164     8.258900e+00   8.855031e+00   5.961315e-01   7.22e-02  
1165     4.872257e+00   4.883663e+00   1.140596e-02   2.34e-03  
1166     2.447637e+00   2.459428e+00   1.179105e-02   4.82e-03  
1167     9.598700e-01   9.901651e-01   3.029509e-02   3.16e-02  
1168     3.230912e-01   3.045843e-01   1.850686e-02   5.73e-02  
1169     4.204687e-01   4.201465e-01   3.222050e-04   7.66e-04  
1170     1.126054e+00   1.096769e+00   2.928533e-02   2.60e-02  
1171     2.316310e+00   2.332494e+00   1.618343e-02   6.99e-03  
1172     3.873559e+00   3.883417e+00   9.858343e-03   2.55e-03  
1173     5.685021e+00   5.657464e+00   2.755690e-02   4.85e-03  
1174     7.640447e+00   7.671924e+00   3.147733e-02   4.12e-03  
1175     9.630086e+00   9.610165e+00   1.992154e-02   2.07e-03  
1176     1.154378e+01   1.157742e+01   3.364339e-02   2.91e-03  
1177     1.327116e+01   1.384520e+01   5.740398e-01   4.33e-02  
1178     1.470261e+01   1.721960e+01   2.516992e+00   1.71e-01  
1179     1.551098e+01   1.584424e+01   3.332607e-01   2.15e-02  
1180     1.610960e+01   1.312433e+01   2.985272e+00   1.85e-01  
1181     1.642658e+01   1.392494e+01   2.501648e+00   1.52e-01  
1182     1.399177e+01   1.513218e+01   1.140408e+00   8.15e-02  
1183     1.150723e+01   1.443497e+01   2.927732e+00   2.54e-01  
1184     7.531994e+00   8.082736e+00   5.507419e-01   7.31e-02  
1185     4.403732e+00   4.392949e+00   1.078298e-02   2.45e-03  
1186     2.164049e+00   2.185207e+00   2.115793e-02   9.78e-03  
1187     7.917219e-01   7.838062e-01   7.915694e-03   1.00e-02  
1188     2.175052e-01   2.494526e-01   3.194737e-02   1.47e-01  
1189     3.418725e-01   3.370496e-01   4.822865e-03   1.41e-02  
1190     1.050261e+00   1.029553e+00   2.070738e-02   1.97e-02  
1191     2.222937e+00   2.217823e+00   5.114211e-03   2.30e-03  
1192     3.739601e+00   3.757454e+00   1.785313e-02   4.77e-03  
1193     5.480584e+00   5.444170e+00   3.641428e-02   6.64e-03  
1194     7.326783e+00   7.368724e+00   4.194118e-02   5.72e-03  
1195     9.159817e+00   9.154464e+00   5.352618e-03   5.84e-04  
1196     1.086306e+01   1.087548e+01   1.242115e-02   1.14e-03  
1197     1.232342e+01   1.285824e+01   5.348198e-01   4.34e-02  
1198     1.343344e+01   1.562591e+01   2.192466e+00   1.63e-01  
1199     1.404311e+01   1.433402e+01   2.909109e-01   2.07e-02  
1200     1.445084e+01   1.170782e+01   2.743020e+00   1.90e-01  
1201     1.511711e+01   1.282074e+01   2.296367e+00   1.52e-01  
1202     1.284257e+01   1.392173e+01   1.079157e+00   8.40e-02  
1203     1.053159e+01   1.325659e+01   2.724996e+00   2.59e-01  
1204     6.831379e+00   7.349039e+00   5.176601e-01   7.58e-02  
1205     3.942835e+00   3.940429e+00   2.405995e-03   6.10e-04  
1206     1.886245e+00   1.911543e+00   2.529845e-02   1.34e-02  
1207     6.378037e-01   6.802693e-01   4.246560e-02   6.66e-02  
1208     1.367498e-01   1.497992e-01   1.304945e-02   9.54e-02  
1209     2.952373e-01   2.986308e-01   3.393513e-03   1.15e-02  
1210     1.007869e+00   1.013495e+00   5.626809e-03   5.58e-03  
1211     2.158844e+00   2.165132e+00   6.288355e-03   2.91e-03  
1212     3.626386e+00   3.612797e+00   1.358901e-02   3.75e-03  
1213     5.285386e+00   5.293636e+00   8.249750e-03   1.56e-03  
1214     7.009581e+00   6.992430e+00   1.715092e-02   2.45e-03  
1215     8.674155e+00   8.670839e+00   3.316766e-03   3.82e-04  
1216     1.015895e+01   1.015707e+01   1.878489e-03   1.85e-04  
1217     1.135189e+01   1.179112e+01   4.392252e-01   3.87e-02  
1218     1.215198e+01   1.406152e+01   1.909535e+00   1.57e-01  
1219     1.257095e+01   1.275711e+01   1.861581e-01   1.48e-02  
1220     1.279936e+01   1.033182e+01   2.467535e+00   1.93e-01  
1221     1.390266e+01   1.184765e+01   2.055008e+00   1.48e-01  
1222     1.177270e+01   1.277075e+01   9.980459e-01   8.48e-02  
1223     9.619590e+00   1.213237e+01   2.512777e+00   2.61e-01  
1224     6.172234e+00   6.621785e+00   4.495515e-01   7.28e-02  
1225     3.507671e+00   3.511917e+00   4.246667e-03   1.21e-03  
1226     1.628486e+00   1.632850e+00   4.364495e-03   2.68e-03  
1227     5.063060e-01   5.316870e-01   2.538094e-02   5.01e-02  
1228     8.449486e-02   7.419112e-02   1.030374e-02   1.22e-01  
1229     2.827580e-01   2.889046e-01   6.146599e-03   2.17e-02  
1230     1.002154e+00   9.968280e-01   5.326100e-03   5.31e-03  
1231     2.129559e+00   2.117158e+00   1.240125e-02   5.82e-03  
1232     3.541553e+00   3.536208e+00   5.344824e-03   1.51e-03  
1233     5.108318e+00   5.103901e+00   4.417644e-03   8.65e-04  
1234     6.698146e+00   6.687436e+00   1.070947e-02   1.60e-03  
1235     8.182610e+00   8.171250e+00   1.136035e-02   1.39e-03  
1236     9.441899e+00   9.457020e+00   1.512177e-02   1.60e-03  
1237     1.036953e+01   1.078129e+01   4.117608e-01   3.97e-02  
1238     1.087587e+01   1.253242e+01   1.656551e+00   1.52e-01  
1239     1.111525e+01   1.119296e+01   7.770722e-02   6.99e-03  
1240     1.117944e+01   8.993760e+00   2.185680e+00   1.96e-01  
1241     1.277470e+01   1.086960e+01   1.905101e+00   1.49e-01  
1242     1.077980e+01   1.173307e+01   9.532696e-01   8.84e-02  
1243     8.773580e+00   1.108814e+01   2.314557e+00   2.64e-01  
1244     5.563087e+00   5.986019e+00   4.229327e-01   7.60e-02  
1245     3.108134e+00   3.129213e+00   2.107882e-02   6.78e-03  
1246     1.398052e+00   1.429322e+00   3.126947e-02   2.24e-02  
1247     4.003822e-01   4.118847e-01   1.150245e-02   2.87e-02  
1248     6.062696e-02   -1.922672e-03  6.254963e-02   1.03e+00  
1249     3.030452e-01   2.785237e-01   2.452149e-02   8.09e-02  
1250     1.032182e+00   1.049777e+00   1.759459e-02   1.70e-02  
1251     2.135289e+00   2.168304e+00   3.301508e-02   1.55e-02  
1252     3.486122e+00   3.483499e+00   2.623104e-03   7.52e-04  
1253     4.950496e+00   4.975722e+00   2.522630e-02   5.10e-03  
1254     6.393349e+00   6.417959e+00   2.460985e-02   3.85e-03  
1255     7.686385e+00   7.688857e+00   2.472138e-03   3.22e-04  
1256     8.715005e+00   8.726049e+00   1.104343e-02   1.27e-03  
1257     9.383555e+00   9.786330e+00   4.027751e-01   4.29e-02  
1258     9.618669e+00   1.101679e+01   1.398124e+00   1.45e-01  
1259     9.693812e+00   9.700547e+00   6.735155e-03   6.95e-04  
1260     9.613277e+00   7.680796e+00   1.932481e+00   2.01e-01  
1261     1.173045e+01   1.000243e+01   1.728019e+00   1.47e-01  
1262     9.863829e+00   1.072790e+01   8.640755e-01   8.76e-02  
1263     7.995536e+00   1.012962e+01   2.134080e+00   2.67e-01  
1264     5.008328e+00   5.374784e+00   3.664564e-01   7.32e-02  
1265     2.748682e+00   2.763467e+00   1.478484e-02   5.38e-03  
1266     1.197481e+00   1.192377e+00   5.104485e-03   4.26e-03  
1267     3.199917e-01   3.212845e-01   1.292774e-03   4.04e-03  
1268     6.312397e-02   9.412724e-02   3.100327e-02   4.91e-01  
1269     3.531403e-01   3.299356e-01   2.320477e-02   6.57e-02  
1270     1.094675e+00   1.123091e+00   2.841636e-02   2.60e-02  
1271     2.172257e+00   2.186083e+00   1.382612e-02   6.36e-03  
1272     3.455178e+00   3.504361e+00   4.918356e-02   1.42e-02  
1273     4.805513e+00   4.800475e+00   5.038245e-03   1.05e-03  
1274     6.087920e+00   6.112312e+00   2.439183e-02   4.01e-03  
1275     7.179139e+00   7.166183e+00   1.295575e-02   1.80e-03  
1276     7.975429e+00   7.991974e+00   1.654515e-02   2.07e-03  
1277     8.397204e+00   8.706982e+00   3.097776e-01   3.69e-02  
1278     8.391398e+00   9.529431e+00   1.138033e+00   1.36e-01  
1279     8.322737e+00   8.268171e+00   5.456586e-02   6.56e-03  
1280     8.121788e+00   6.455421e+00   1.666367e+00   2.05e-01  
1281     1.077095e+01   9.191206e+00   1.579744e+00   1.47e-01  
1282     9.026335e+00   9.869798e+00   8.434638e-01   9.34e-02  
1283     7.287116e+00   9.285619e+00   1.998503e+00   2.74e-01  
1284     4.509417e+00   4.843992e+00   3.345749e-01   7.42e-02  
1285     2.429874e+00   2.423421e+00   6.452261e-03   2.66e-03  
1286     1.025988e+00   1.029437e+00   3.448924e-03   3.36e-03  
1287     2.631501e-01   3.005916e-01   3.744151e-02   1.42e-01  
1288     8.918980e-02   1.014469e-01   1.225706e-02   1.37e-01  
1289     4.294417e-01   4.081339e-01   2.130781e-02   4.96e-02  
1290     1.184506e+00   1.189394e+00   4.887741e-03   4.13e-03  
1291     2.232672e+00   2.252033e+00   1.936067e-02   8.67e-03  
1292     3.437537e+00   3.441874e+00   4.336249e-03   1.26e-03  
1293     4.659342e+00   4.655793e+00   3.549966e-03   7.62e-04  
1294     5.767105e+00   5.766964e+00   1.414395e-04   2.45e-05  
1295     6.648619e+00   6.684140e+00   3.552152e-02   5.34e-03  
1296     7.216732e+00   7.215487e+00   1.245316e-03   1.73e-04  
1297     7.412154e+00   7.655959e+00   2.438051e-01   3.29e-02  
1298     7.204282e+00   8.151916e+00   9.476333e-01   1.32e-01  
1299     7.017681e+00   6.914737e+00   1.029441e-01   1.47e-02  
1300     6.725090e+00   5.334174e+00   1.390916e+00   2.07e-01  
1301     9.899822e+00   8.457020e+00   1.442801e+00   1.46e-01  
1302     8.269771e+00   9.053145e+00   7.833740e-01   9.47e-02  
1303     6.649426e+00   8.456718e+00   1.807293e+00   2.72e-01  
1304     4.065350e+00   4.398480e+00   3.331301e-01   8.19e-02  
1305     2.149200e+00   2.189516e+00   4.031579e-02   1.88e-02  
1306     8.804180e-01   9.245541e-01   4.413613e-02   5.01e-02  
1307     2.267781e-01   2.150955e-01   1.168265e-02   5.15e-02  
1308     1.357009e-01   1.496082e-01   1.390734e-02   1.02e-01  
1309     5.274390e-01   5.534439e-01   2.600485e-02   4.93e-02  
1310     1.293643e+00   1.314747e+00   2.110458e-02   1.63e-02  
1311     2.303234e+00   2.316883e+00   1.364966e-02   5.93e-03  
1312     3.414584e+00   3.431927e+00   1.734372e-02   5.08e-03  
1313     4.490304e+00   4.490790e+00   4.858858e-04   1.08e-04  
1314     5.410193e+00   5.450114e+00   3.992119e-02   7.38e-03  
1315     6.079492e+00   6.115590e+00   3.609816e-02   5.94e-03  
1316     6.432234e+00   6.437685e+00   5.451868e-03   8.48e-04  
1317     6.431429e+00   6.625867e+00   1.944380e-01   3.02e-02  
1318     6.068435e+00   6.782166e+00   7.137305e-01   1.18e-01  
1319     5.794589e+00   5.689790e+00   1.047995e-01   1.81e-02  
1320     5.442276e+00   4.284304e+00   1.157972e+00   2.13e-01  
1321     9.122382e+00   7.806439e+00   1.315943e+00   1.44e-01  
1322     7.596849e+00   8.311439e+00   7.145902e-01   9.41e-02  
1323     6.082566e+00   7.744527e+00   1.661961e+00   2.73e-01  
1324     3.672644e+00   3.949282e+00   2.766385e-01   7.53e-02  
1325     1.901497e+00   1.917151e+00   1.565385e-02   8.23e-03  
1326     7.558824e-01   7.534763e-01   2.406061e-03   3.18e-03  
1327     2.070470e-01   1.824010e-01   2.464605e-02   1.19e-01  
1328     1.986140e-01   1.813914e-01   1.722257e-02   8.67e-02  
1329     6.398448e-01   6.656537e-01   2.580888e-02   4.03e-02  
1330     1.408349e+00   1.445700e+00   3.735127e-02   2.65e-02  
1331     2.362464e+00   2.356066e+00   6.398078e-03   2.71e-03  
1332     3.359039e+00   3.366116e+00   7.077322e-03   2.11e-03  
1333     4.270107e+00   4.229500e+00   4.060769e-02   9.51e-03  
1334     4.993652e+00   5.004598e+00   1.094578e-02   2.19e-03  
1335     5.457567e+00   5.455337e+00   2.230910e-03   4.09e-04  
1336     5.618997e+00   5.607866e+00   1.113132e-02   1.98e-03  
1337     5.462149e+00   5.596921e+00   1.347724e-01   2.47e-02  
1338     4.996957e+00   5.561342e+00   5.643850e-01   1.13e-01  
1339     4.669672e+00   4.511578e+00   1.580942e-01   3.39e-02  
1340     4.290449e+00   3.332787e+00   9.576624e-01   2.23e-01  
1341     8.445085e+00   7.192952e+00   1.252133e+00   1.48e-01  
1342     7.009806e+00   7.670231e+00   6.604251e-01   9.42e-02  
1343     5.584934e+00   7.133202e+00   1.548267e+00   2.77e-01  
1344     3.324987e+00   3.580930e+00   2.559431e-01   7.70e-02  
1345     1.679084e+00   1.684428e+00   5.343517e-03   3.18e-03  
1346     6.459258e-01   6.375922e-01   8.333617e-03   1.29e-02  
1347     1.986226e-01   1.742192e-01   2.440346e-02   1.23e-01  
1348     2.705234e-01   2.699417e-01   5.817788e-04   2.15e-03  
1349     7.525667e-01   7.474646e-01   5.102135e-03   6.78e-03  
1350     1.504813e+00   1.499720e+00   5.092371e-03   3.38e-03  
1351     2.377931e+00   2.377554e+00   3.777128e-04   1.59e-04  
1352     3.235265e+00   3.224204e+00   1.106109e-02   3.42e-03  
1353     3.967296e+00   3.955911e+00   1.138539e-02   2.87e-03  
1354     4.496425e+00   4.501097e+00   4.671427e-03   1.04e-03  
1355     4.775102e+00   4.803171e+00   2.806833e-02   5.88e-03  
1356     4.781710e+00   4.786880e+00   5.170107e-03   1.08e-03  
1357     4.517371e+00   4.628168e+00   1.107963e-01   2.45e-02  
1358     4.005042e+00   4.398387e+00   3.933450e-01   9.82e-02  
1359     3.658480e+00   3.515304e+00   1.431753e-01   3.91e-02  
1360     3.283174e+00   2.527206e+00   7.559681e-01   2.30e-01  
1361     7.874982e+00   6.709453e+00   1.165528e+00   1.48e-01  
1362     6.509315e+00   7.189965e+00   6.806499e-01   1.05e-01  
1363     5.152182e+00   6.621169e+00   1.468987e+00   2.85e-01  
1364     3.012585e+00   3.278723e+00   2.661375e-01   8.83e-02  
1365     1.471380e+00   1.446660e+00   2.471938e-02   1.68e-02  
1366     5.413269e-01   5.649781e-01   2.365120e-02   4.37e-02  
1367     1.915008e-01   2.174802e-01   2.597934e-02   1.36e-01  
1368     3.352913e-01   3.794721e-01   4.418081e-02   1.32e-01  
1369     8.383877e-01   8.093266e-01   2.906106e-02   3.47e-02  
1370     1.544476e+00   1.567430e+00   2.295420e-02   1.49e-02  
1371     2.305671e+00   2.309329e+00   3.657517e-03   1.59e-03  
1372     3.003281e+00   2.976461e+00   2.681963e-02   8.93e-03  
1373     3.554141e+00   3.540732e+00   1.340938e-02   3.77e-03  
1374     3.907049e+00   3.912852e+00   5.802868e-03   1.49e-03  
1375     4.036073e+00   4.034911e+00   1.161158e-03   2.88e-04  
1376     3.935255e+00   3.912846e+00   2.240857e-02   5.69e-03  
1377     3.616295e+00   3.702451e+00   8.615593e-02   2.38e-02  
1378     3.108886e+00   3.415062e+00   3.061758e-01   9.85e-02  
1379     2.774215e+00   2.667368e+00   1.068469e-01   3.85e-02  
1380     2.428733e+00   1.863911e+00   5.648217e-01   2.33e-01  
1381     7.418664e+00   6.329605e+00   1.089059e+00   1.47e-01  
1382     6.092571e+00   6.737342e+00   6.447708e-01   1.06e-01  
1383     4.775752e+00   6.127806e+00   1.352054e+00   2.83e-01  
1384     2.720839e+00   2.962193e+00   2.413539e-01   8.87e-02  
1385     1.262572e+00   1.277205e+00   1.463306e-02   1.16e-02  
1386     4.254007e-01   4.432150e-01   1.781427e-02   4.19e-02  
1387     1.636250e-01   1.598801e-01   3.744945e-03   2.29e-02  
1388     3.591718e-01   4.271060e-01   6.793414e-02   1.89e-01  
1389     8.497906e-01   8.553034e-01   5.512747e-03   6.49e-03  
1390     1.472378e+00   1.454222e+00   1.815626e-02   1.23e-02  
1391     2.095302e+00   2.084847e+00   1.045424e-02   4.99e-03  
1392     2.628258e+00   2.645886e+00   1.762794e-02   6.71e-03  
1393     3.016551e+00   2.988611e+00   2.794025e-02   9.26e-03  
1394     3.230909e+00   3.246052e+00   1.514269e-02   4.69e-03  
1395     3.259607e+00   3.280553e+00   2.094544e-02   6.43e-03  
1396     3.104822e+00   3.122646e+00   1.782409e-02   5.74e-03  
1397     2.782429e+00   2.855239e+00   7.280945e-02   2.62e-02  
1398     2.323537e+00   2.542365e+00   2.188283e-01   9.42e-02  
1399     2.025711e+00   1.963801e+00   6.190957e-02   3.06e-02  
1400     1.728711e+00   1.331844e+00   3.968667e-01   2.30e-01  
1401     7.079378e+00   6.090931e+00   9.884462e-01   1.40e-01  
1402     5.749916e+00   6.327396e+00   5.774800e-01   1.00e-01  
1403     4.440492e+00   5.729038e+00   1.288547e+00   2.90e-01  
1404     2.425897e+00   2.666822e+00   2.409247e-01   9.93e-02  
1405     1.023417e+00   1.055088e+00   3.167186e-02   3.09e-02  
1406     2.626708e-01   2.739562e-01   1.128537e-02   4.30e-02  
1407     6.810737e-02   4.253525e-02   2.557212e-02   3.75e-01  
1408     2.800246e-01   3.015030e-01   2.147836e-02   7.67e-02  
1409     7.157770e-01   7.398703e-01   2.409334e-02   3.37e-02  
1410     1.224204e+00   1.199172e+00   2.503169e-02   2.04e-02  
1411     1.703820e+00   1.738052e+00   3.423168e-02   2.01e-02  
1412     2.094821e+00   2.112471e+00   1.765004e-02   8.43e-03  
1413     2.364221e+00   2.377044e+00   1.282353e-02   5.42e-03  
1414     2.494725e+00   2.521259e+00   2.653465e-02   1.06e-02  
1415     2.479733e+00   2.483952e+00   4.218788e-03   1.70e-03  
1416     2.322931e+00   2.350904e+00   2.797269e-02   1.20e-02  
1417     2.039972e+00   2.094468e+00   5.449657e-02   2.67e-02  
1418     1.660245e+00   1.772976e+00   1.127316e-01   6.79e-02  
1419     1.415674e+00   1.372098e+00   4.357581e-02   3.08e-02  
1420     1.177367e+00   8.830884e-01   2.942786e-01   2.50e-01  
1421     6.849623e+00   5.902179e+00   9.474447e-01   1.38e-01  
1422     5.458689e+00   6.083941e+00   6.252520e-01   1.15e-01  
1423     4.117383e+00   5.427772e+00   1.310389e+00   3.18e-01  
1424     2.079110e+00   2.356992e+00   2.778823e-01   1.34e-01  
1425     6.908387e-01   7.365870e-01   4.574832e-02   6.62e-02  
1426     -2.109335e-02  1.065928e-03   2.215928e-02   1.05e+00  
1427     -1.831278e-01  -1.562439e-01  2.688387e-02   1.47e-01  
1428     1.787083e-03   2.698289e-02   2.519581e-02   1.41e+01  
1429     3.522842e-01   3.670975e-01   1.481334e-02   4.20e-02  
1430     7.472882e-01   7.529288e-01   5.640586e-03   7.55e-03  
1431     1.116888e+00   1.123806e+00   6.918354e-03   6.19e-03  
1432     1.421452e+00   1.443737e+00   2.228505e-02   1.57e-02  
1433     1.636348e+00   1.628261e+00   8.086715e-03   4.94e-03  
1434     1.745418e+00   1.752784e+00   7.365362e-03   4.22e-03  
1435     1.740562e+00   1.775968e+00   3.540610e-02   2.03e-02  
1436     1.623805e+00   1.627832e+00   4.027297e-03   2.48e-03  
1437     1.409311e+00   1.436261e+00   2.695006e-02   1.91e-02  
1438     1.124066e+00   1.179735e+00   5.566857e-02   4.95e-02  
1439     9.397489e-01   8.889674e-01   5.078149e-02   5.40e-02  
1440     7.620641e-01   5.616876e-01   2.003766e-01   2.63e-01  
1441     6.693563e+00   5.802796e+00   8.907662e-01   1.33e-01  
1442     5.164861e+00   5.888851e+00   7.239900e-01   1.40e-01  
1443     3.734897e+00   5.066297e+00   1.331400e+00   3.56e-01  
1444     1.565013e+00   1.761675e+00   1.966622e-01   1.26e-01  
1445     1.311868e-01   1.550452e-01   2.385836e-02   1.82e-01  
1446     -5.647937e-01  -5.168004e-01  4.799333e-02   8.50e-02  
1447     -7.283716e-01  -7.315193e-01  3.147732e-03   4.32e-03  
1448     -5.887492e-01  -5.952679e-01  6.518756e-03   1.11e-02  
1449     -3.041826e-01  -2.848228e-01  1.935979e-02   6.36e-02  
1450     3.322143e-02   2.462548e-02   8.595952e-03   2.59e-01  
1451     3.693842e-01   3.828536e-01   1.346938e-02   3.65e-02  
1452     6.673605e-01   6.631453e-01   4.215146e-03   6.32e-03  
1453     8.985914e-01   9.015203e-01   2.928850e-03   3.26e-03  
1454     1.042282e+00   1.045850e+00   3.567851e-03   3.42e-03  
1455     1.087765e+00   1.082974e+00   4.791665e-03   4.41e-03  
1456     1.036576e+00   1.046987e+00   1.041093e-02   1.00e-02  
1457     9.029350e-01   9.376818e-01   3.474674e-02   3.85e-02  
1458     7.124629e-01   7.609069e-01   4.844400e-02   6.80e-02  
1459     5.867190e-01   5.395032e-01   4.721579e-02   8.05e-02  
1460     4.647074e-01   3.523164e-01   1.123910e-01   2.42e-01  
1461     6.486897e+00   5.742178e+00   7.447188e-01   1.15e-01  
1462     4.704259e+00   5.589662e+00   8.854030e-01   1.88e-01  
1463     3.090820e+00   4.461763e+00   1.370943e+00   4.44e-01  
1464     6.170697e-01   8.165789e-01   1.995092e-01   3.23e-01  
1465     -9.075967e-01  -8.930110e-01  1.458571e-02   1.61e-02  
1466     -1.585209e+00  -1.572933e+00  1.227603e-02   7.74e-03  
1467     -1.725350e+00  -1.701535e+00  2.381475e-02   1.38e-02  
1468     -1.564395e+00  -1.545262e+00  1.913304e-02   1.22e-02  
1469     -1.244981e+00  -1.246222e+00  1.241370e-03   9.97e-04  
1470     -8.528963e-01  -8.204570e-01  3.243936e-02   3.80e-02  
1471     -4.473538e-01  -4.400554e-01  7.298399e-03   1.63e-02  
1472     -7.454532e-02  -7.215385e-02  2.391472e-03   3.21e-02  
1473     2.301714e-01   1.996705e-01   3.050091e-02   1.33e-01  
1474     4.441202e-01   4.640096e-01   1.988943e-02   4.48e-02  
1475     5.587555e-01   5.486527e-01   1.010284e-02   1.81e-02  
1476     5.793286e-01   5.998791e-01   2.055042e-02   3.55e-02  
1477     5.229176e-01   5.463171e-01   2.339948e-02   4.47e-02  
1478     4.153047e-01   4.730646e-01   5.775986e-02   1.39e-01  
1479     3.398340e-01   3.429941e-01   3.160080e-03   9.30e-03  
1480     2.638922e-01   2.145298e-01   4.936245e-02   1.87e-01  
1481     5.706315e+00   5.362250e+00   3.440647e-01   6.03e-02  
1482     3.514858e+00   4.609697e+00   1.094840e+00   3.11e-01  
1483     1.632363e+00   3.028696e+00   1.396332e+00   8.55e-01  
1484     -1.315296e+00  -1.160859e+00  1.544365e-01   1.17e-01  
1485     -2.807316e+00  -2.797522e+00  9.793776e-03   3.49e-03  
1486     -3.307890e+00  -3.292893e+00  1.499721e-02   4.53e-03  
1487     -3.243584e+00  -3.248473e+00  4.888703e-03   1.51e-03  
1488     -2.873138e+00  -2.841934e+00  3.120337e-02   1.09e-02  
1489     -2.348464e+00  -2.329509e+00  1.895514e-02   8.07e-03  
1490     -1.767484e+00  -1.742808e+00  2.467534e-02   1.40e-02  
1491     -1.200662e+00  -1.224094e+00  2.343283e-02   1.95e-02  
1492     -6.991153e-01  -6.882274e-01  1.088789e-02   1.56e-02  
1493     -2.955078e-01  -2.985016e-01  2.993774e-03   1.01e-02  
1494     -4.594582e-03  4.675894e-02   5.135352e-02   1.12e+01  
1495     1.746485e-01   1.894587e-01   1.481015e-02   8.48e-02  
1496     2.556902e-01   2.608103e-01   5.120090e-03   2.00e-02  
1497     2.606216e-01   2.816141e-01   2.099255e-02   8.05e-02  
1498     2.162491e-01   2.084489e-01   7.800146e-03   3.61e-02  
1499     1.789286e-01   1.458830e-01   3.304563e-02   1.85e-01  
1500     1.373010e-01   7.190829e-02   6.539271e-02   4.76e-01  
1501     1.829449e+00   2.388695e+00   5.592465e-01   3.06e-01  
1502     -4.379353e-01  7.326616e-01   1.170597e+00   2.67e+00  
1503     -2.213669e+00  -1.321516e+00  8.921532e-01   4.03e-01  
1504     -5.003832e+00  -5.051916e+00  4.808346e-02   9.61e-03  
1505     -5.870611e+00  -5.840961e+00  2.965086e-02   5.05e-03  
1506     -5.742770e+00  -5.711821e+00  3.094864e-02   5.39e-03  
1507     -5.122695e+00  -5.155780e+00  3.308539e-02   6.46e-03  
1508     -4.284627e+00  -4.259764e+00  2.486258e-02   5.80e-03  
1509     -3.384727e+00  -3.343373e+00  4.135332e-02   1.22e-02  
1510     -2.519939e+00  -2.534862e+00  1.492251e-02   5.92e-03  
1511     -1.752566e+00  -1.749278e+00  3.287787e-03   1.88e-03  
1512     -1.118181e+00  -1.104780e+00  1.340175e-02   1.20e-02  
1513     -6.300375e-01  -6.266182e-01  3.419251e-03   5.43e-03  
1514     -2.839795e-01  -2.685483e-01  1.543119e-02   5.43e-02  
1515     -6.365528e-02  -4.712456e-02  1.653072e-02   2.60e-01  
1516     5.474637e-02   4.003596e-02   1.471041e-02   2.69e-01  
1517     9.851334e-02   7.961535e-02   1.889799e-02   1.92e-01  
1518     9.508854e-02   7.210838e-02   2.298016e-02   2.42e-01  
1519     8.284358e-02   7.599920e-02   6.844380e-03   8.26e-02  
1520     6.389850e-02   4.738467e-02   1.651383e-02   2.58e-01  
1521     -7.664013e+00  -6.820648e+00  8.433652e-01   1.10e-01  
1522     -8.947538e+00  -9.742786e+00  7.952475e-01   8.89e-02  
1523     -9.609491e+00  -1.187188e+01  2.262387e+00   2.35e-01  
1524     -1.053736e+01  -1.185909e+01  1.321731e+00   1.25e-01  
1525     -9.818957e+00  -1.047643e+01  6.574761e-01   6.70e-02  
1526     -8.455752e+00  -8.923646e+00  4.678936e-01   5.53e-02  
1527     -6.917655e+00  -7.235321e+00  3.176663e-01   4.59e-02  
1528     -5.425050e+00  -5.594962e+00  1.699125e-01   3.13e-02  
1529     -4.080331e+00  -4.211370e+00  1.310389e-01   3.21e-02  
1530     -2.933711e+00  -3.016938e+00  8.322688e-02   2.84e-02  
1531     -2.003848e+00  -2.060873e+00  5.702544e-02   2.85e-02  
1532     -1.286582e+00  -1.263952e+00  2.262995e-02   1.76e-02  
1533     -7.622721e-01  -7.518101e-01  1.046198e-02   1.37e-02  
1534     -4.023676e-01  -3.727764e-01  2.959114e-02   7.35e-02  
1535     -1.745002e-01  -1.609842e-01  1.351599e-02   7.75e-02  
1536     -4.604599e-02  -1.365333e-02  3.239265e-02   7.03e-01  
1537     1.343805e-02   5.578113e-02   4.234308e-02   3.15e+00  
1538     3.047615e-02   5.265429e-02   2.217813e-02   7.28e-01  
1539     3.167140e-02   7.848030e-02   4.680890e-02   1.48e+00  
1540     2.559328e-02   -1.258013e-02  3.817341e-02   1.49e+00  
1541     -1.997436e+01  -2.176844e+01  1.794078e+00   8.98e-02  
1542     -1.950338e+01  -2.630002e+01  6.796643e+00   3.48e-01  
1543     -1.836189e+01  -2.793436e+01  9.572471e+00   5.21e-01  
1544     -1.662444e+01  -2.181052e+01  5.186085e+00   3.12e-01  
1545     -1.355532e+01  -1.639690e+01  2.841581e+00   2.10e-01  
1546     -1.057919e+01  -1.248524e+01  1.906050e+00   1.80e-01  
1547     -8.021199e+00  -9.250189e+00  1.228990e+00   1.53e-01  
1548     -5.911680e+00  -6.674711e+00  7.630304e-01   1.29e-01  
1549     -4.223098e+00  -4.694351e+00  4.712535e-01   1.12e-01  
1550     -2.912433e+00  -3.180689e+00  2.682556e-01   9.21e-02  
1551     -1.928202e+00  -2.106768e+00  1.785661e-01   9.26e-02  
1552     -1.215365e+00  -1.297636e+00  8.227107e-02   6.77e-02  
1553     -7.200728e-01  -7.657472e-01  4.567443e-02   6.34e-02  
1554     -3.929021e-01  -4.129961e-01  2.009398e-02   5.11e-02  
1555     -1.904720e-01  -2.095640e-01  1.909199e-02   1.00e-01  
1556     -7.602642e-02  -7.831841e-02  2.291986e-03   3.01e-02  
1557     -1.952370e-02  -5.989932e-03  1.353376e-02   6.93e-01  
1558     2.478455e-03   8.169081e-03   5.690626e-03   2.30e+00  
1559     8.482834e-03   7.192102e-02   6.343819e-02   7.48e+00  
1560     8.205026e-03   -2.818888e-02  3.639390e-02   4.44e+00  
1561     -2.912016e+01  -2.690558e+01  2.214578e+00   7.60e-02  
1562     -2.711848e+01  -3.117850e+01  4.060019e+00   1.50e-01  
1563     -2.451987e+01  -3.197910e+01  7.459230e+00   3.04e-01  
1564     -2.077409e+01  -2.340457e+01  2.630483e+00   1.27e-01  
1565     -1.605043e+01  -1.673696e+01  6.865309e-01   4.28e-02  
1566     -1.194685e+01  -1.217289e+01  2.260346e-01   1.89e-02  
1567     -8.666003e+00  -8.668660e+00  2.656721e-03   3.07e-04  
1568     -6.130302e+00  -6.030694e+00  9.960838e-02   1.62e-02  
1569     -4.221187e+00  -4.087351e+00  1.338355e-01   3.17e-02  
1570     -2.819983e+00  -2.701840e+00  1.181431e-01   4.19e-02  
1571     -1.818457e+00  -1.738965e+00  7.949210e-02   4.37e-02  
1572     -1.123471e+00  -1.053721e+00  6.975003e-02   6.21e-02  
1573     -6.579755e-01  -6.513110e-01  6.664524e-03   1.01e-02  
1574     -3.597667e-01  -3.603473e-01  5.805114e-04   1.61e-03  
1575     -1.794744e-01  -1.708177e-01  8.656743e-03   4.82e-02  
1576     -7.862742e-02  -6.905611e-02  9.571310e-03   1.22e-01  
1577     -2.804367e-02  -3.878085e-02  1.073719e-02   3.83e-01  
1578     -6.508819e-03  -3.385503e-02  2.734621e-02   4.20e+00  
1579     4.560501e-04   9.136784e-03   8.680734e-03   1.90e+01  
1580     2.091519e-03   -1.030821e-02  1.239973e-02   5.93e+00  
1581     -3.887764e+01  -2.769150e+01  1.118614e+01   2.88e-01  
1582     -3.529984e+01  -3.145196e+01  3.847875e+00   1.09e-01  
1583     -3.098885e+01  -3.150252e+01  5.136782e-01   1.66e-02  
1584     -2.461430e+01  -2.171298e+01  2.901325e+00   1.18e-01  
1585     -1.803820e+01  -1.474559e+01  3.292604e+00   1.83e-01  
1586     -1.277947e+01  -1.025913e+01  2.520345e+00   1.97e-01  
1587     -8.852564e+00  -7.021737e+00  1.830826e+00   2.07e-01  
1588     -6.007083e+00  -4.674666e+00  1.332417e+00   2.22e-01  
1589     -3.987123e+00  -3.074952e+00  9.121703e-01   2.29e-01  
1590     -2.578822e+00  -1.980494e+00  5.983285e-01   2.32e-01  
1591     -1.615929e+00  -1.216495e+00  3.994347e-01   2.47e-01  
1592     -9.733380e-01  -7.235485e-01  2.497895e-01   2.57e-01  
1593     -5.578767e-01  -4.137219e-01  1.441548e-01   2.58e-01  
1594     -3.002359e-01  -1.919907e-01  1.082452e-01   3.61e-01  
1595     -1.489859e-01  -1.325625e-01  1.642345e-02   1.10e-01  
1596     -6.639530e-02  -1.964690e-02  4.674840e-02   7.04e-01  
1597     -2.547665e-02  -1.827357e-02  7.203087e-03   2.83e-01  
1598     -7.766033e-03  1.681474e-02   2.458077e-02   3.17e+00  
1599     -1.804222e-03  -4.531103e-03  2.726880e-03   1.51e+00  
1600     5.708240e-05   -2.847810e-02  2.853518e-02   5.00e+02  

